CISP;mes;vano;municipio_isp;cod_isp
1;1;2003;Rio de Janeiro;3304557
4;1;2003;Rio de Janeiro;3304557
5;1;2003;Rio de Janeiro;3304557
6;1;2003;Rio de Janeiro;3304557
7;1;2003;Rio de Janeiro;3304557
9;1;2003;Rio de Janeiro;3304557
10;1;2003;Rio de Janeiro;3304557
12;1;2003;Rio de Janeiro;3304557
13;1;2003;Rio de Janeiro;3304557
14;1;2003;Rio de Janeiro;3304557
15;1;2003;Rio de Janeiro;3304557
16;1;2003;Rio de Janeiro;3304557
17;1;2003;Rio de Janeiro;3304557
18;1;2003;Rio de Janeiro;3304557
19;1;2003;Rio de Janeiro;3304557
20;1;2003;Rio de Janeiro;3304557
21;1;2003;Rio de Janeiro;3304557
22;1;2003;Rio de Janeiro;3304557
23;1;2003;Rio de Janeiro;3304557
24;1;2003;Rio de Janeiro;3304557
25;1;2003;Rio de Janeiro;3304557
26;1;2003;Rio de Janeiro;3304557
27;1;2003;Rio de Janeiro;3304557
28;1;2003;Rio de Janeiro;3304557
29;1;2003;Rio de Janeiro;3304557
30;1;2003;Rio de Janeiro;3304557
31;1;2003;Rio de Janeiro;3304557
32;1;2003;Rio de Janeiro;3304557
33;1;2003;Rio de Janeiro;3304557
34;1;2003;Rio de Janeiro;3304557
35;1;2003;Rio de Janeiro;3304557
36;1;2003;Rio de Janeiro;3304557
37;1;2003;Rio de Janeiro;3304557
38;1;2003;Rio de Janeiro;3304557
39;1;2003;Rio de Janeiro;3304557
40;1;2003;Rio de Janeiro;3304557
41;1;2003;Rio de Janeiro;3304557
44;1;2003;Rio de Janeiro;3304557
48;1;2003;Seropédica;3305554
50;1;2003;Itaguaí;3302007
51;1;2003;Paracambi;3303609
52;1;2003;Nova Iguaçu;3303500
53;1;2003;Mesquita;3302858
54;1;2003;Belford Roxo;3300456
55;1;2003;"Queimados;Japeri";9999981
56;1;2003;Nova Iguaçu;3303500
57;1;2003;Nilópolis;3303203
58;1;2003;Nova Iguaçu;3303500
59;1;2003;Duque de Caxias;3301702
60;1;2003;Duque de Caxias;3301702
61;1;2003;Duque de Caxias;3301702
62;1;2003;Duque de Caxias;3301702
64;1;2003;São João de Meriti;3305109
65;1;2003;"Magé;Guapimirim";9999982
66;1;2003;Magé;3302502
71;1;2003;"Itaboraí;Tanguá";9999983
72;1;2003;São Gonçalo;3304904
73;1;2003;São Gonçalo;3304904
74;1;2003;São Gonçalo;3304904
75;1;2003;São Gonçalo;3304904
76;1;2003;Niterói;3303302
77;1;2003;Niterói;3303302
78;1;2003;Niterói;3303302
79;1;2003;Niterói;3303302
81;1;2003;Niterói;3303302
82;1;2003;Maricá;3302700
88;1;2003;Barra do Pirai;3300308
89;1;2003;Resende;3304201
90;1;2003;Barra Mansa;3300407
91;1;2003;Valença;3306107
92;1;2003;Rio das Flores;3304508
93;1;2003;Volta Redonda;3306305
94;1;2003;"Piraí;Pinheiral";9999988
95;1;2003;Vassouras;3306206
96;1;2003;"Miguel Pereira;Paty dos Alferes";9999999
97;1;2003;Mendes;3302809
98;1;2003;Engenheiro Paulo de Frontin;3301801
99;1;2003;Itatiaia;3302254
100;1;2003;"Porto Real;Quatis";9999992
104;1;2003;São José do Vale do Rio Preto;3305158
105;1;2003;Petrópolis;3303906
106;1;2003;Petrópolis;3303906
107;1;2003;Paraíba do Sul;3303708
108;1;2003;"Comendador Levy Gasparian;Areal;Três Rios";9999991
109;1;2003;Sapucaia;3305406
110;1;2003;Teresópolis;3305802
111;1;2003;Sumidouro;3305703
112;1;2003;Carmo;3301207
118;1;2003;Araruama;3300209
119;1;2003;Rio Bonito;3304300
120;1;2003;Silva Jardim;3305604
121;1;2003;Casimiro de Abreu;3301306
122;1;2003;Conceição de Macabú;3301405
123;1;2003;"Macaé;Quissamã;Carapebus";9999984
124;1;2003;Saquarema;3305505
125;1;2003;São Pedro da Aldeia;3305208
126;1;2003;"Cabo Frio;Arraial do Cabo";9999985
127;1;2003;Armação dos Búzios;3300233
128;1;2003;Rio das Ostras;3304524
129;1;2003;Iguaba Grande;3301876
134;1;2003;Campos dos Goytacazes;3301009
135;1;2003;Itaocara;3302106
136;1;2003;"Santo Antônio de Pádua;Aperibé";9999993
137;1;2003;Miracema;3303005
138;1;2003;Laje do Muriaé;3302304
139;1;2003;Porciúncula;3304102
140;1;2003;"Natividade;Varre-Sai";9999997
141;1;2003;São Fidélis;3304805
142;1;2003;Cambuci;3300902
143;1;2003;"Itaperuna;São José de Ubá;Cardoso Moreira;Italva";9999986
144;1;2003;Bom Jesus de Itabapoana;3300605
145;1;2003;São João da Barra;3305000
146;1;2003;"Campos dos Goytacazes;São Francisco de Itabapoana";9999987
151;1;2003;Nova Friburgo;3303401
152;1;2003;Duas Barras;3301603
153;1;2003;Cantagalo;3301108
154;1;2003;"Cordeiro;Macuco";9999998
155;1;2003;São Sebastião do Alto;3305307
156;1;2003;Santa Maria Madalena;3304607
157;1;2003;Trajano de Morais;3305901
158;1;2003;Bom Jardim;3300506
159;1;2003;Cachoeiras de Macacu;3300803
165;1;2003;Mangaratiba;3302601
166;1;2003;Angra dos Reis;3300100
167;1;2003;Paraty;3303807
168;1;2003;Rio Claro;3304409
1;2;2003;Rio de Janeiro;3304557
4;2;2003;Rio de Janeiro;3304557
5;2;2003;Rio de Janeiro;3304557
6;2;2003;Rio de Janeiro;3304557
7;2;2003;Rio de Janeiro;3304557
9;2;2003;Rio de Janeiro;3304557
10;2;2003;Rio de Janeiro;3304557
12;2;2003;Rio de Janeiro;3304557
13;2;2003;Rio de Janeiro;3304557
14;2;2003;Rio de Janeiro;3304557
15;2;2003;Rio de Janeiro;3304557
16;2;2003;Rio de Janeiro;3304557
17;2;2003;Rio de Janeiro;3304557
18;2;2003;Rio de Janeiro;3304557
19;2;2003;Rio de Janeiro;3304557
20;2;2003;Rio de Janeiro;3304557
21;2;2003;Rio de Janeiro;3304557
22;2;2003;Rio de Janeiro;3304557
23;2;2003;Rio de Janeiro;3304557
24;2;2003;Rio de Janeiro;3304557
25;2;2003;Rio de Janeiro;3304557
26;2;2003;Rio de Janeiro;3304557
27;2;2003;Rio de Janeiro;3304557
28;2;2003;Rio de Janeiro;3304557
29;2;2003;Rio de Janeiro;3304557
30;2;2003;Rio de Janeiro;3304557
31;2;2003;Rio de Janeiro;3304557
32;2;2003;Rio de Janeiro;3304557
33;2;2003;Rio de Janeiro;3304557
34;2;2003;Rio de Janeiro;3304557
35;2;2003;Rio de Janeiro;3304557
36;2;2003;Rio de Janeiro;3304557
37;2;2003;Rio de Janeiro;3304557
38;2;2003;Rio de Janeiro;3304557
39;2;2003;Rio de Janeiro;3304557
40;2;2003;Rio de Janeiro;3304557
41;2;2003;Rio de Janeiro;3304557
44;2;2003;Rio de Janeiro;3304557
48;2;2003;Seropédica;3305554
50;2;2003;Itaguaí;3302007
51;2;2003;Paracambi;3303609
52;2;2003;Nova Iguaçu;3303500
53;2;2003;Mesquita;3302858
54;2;2003;Belford Roxo;3300456
55;2;2003;"Queimados;Japeri";9999981
56;2;2003;Nova Iguaçu;3303500
57;2;2003;Nilópolis;3303203
58;2;2003;Nova Iguaçu;3303500
59;2;2003;Duque de Caxias;3301702
60;2;2003;Duque de Caxias;3301702
61;2;2003;Duque de Caxias;3301702
62;2;2003;Duque de Caxias;3301702
64;2;2003;São João de Meriti;3305109
65;2;2003;"Magé;Guapimirim";9999982
66;2;2003;Magé;3302502
71;2;2003;"Itaboraí;Tanguá";9999983
72;2;2003;São Gonçalo;3304904
73;2;2003;São Gonçalo;3304904
74;2;2003;São Gonçalo;3304904
75;2;2003;São Gonçalo;3304904
76;2;2003;Niterói;3303302
77;2;2003;Niterói;3303302
78;2;2003;Niterói;3303302
79;2;2003;Niterói;3303302
81;2;2003;Niterói;3303302
82;2;2003;Maricá;3302700
88;2;2003;Barra do Pirai;3300308
89;2;2003;Resende;3304201
90;2;2003;Barra Mansa;3300407
91;2;2003;Valença;3306107
92;2;2003;Rio das Flores;3304508
93;2;2003;Volta Redonda;3306305
94;2;2003;"Piraí;Pinheiral";9999988
95;2;2003;Vassouras;3306206
96;2;2003;"Miguel Pereira;Paty dos Alferes";9999999
97;2;2003;Mendes;3302809
98;2;2003;Engenheiro Paulo de Frontin;3301801
99;2;2003;Itatiaia;3302254
100;2;2003;"Porto Real;Quatis";9999992
104;2;2003;São José do Vale do Rio Preto;3305158
105;2;2003;Petrópolis;3303906
106;2;2003;Petrópolis;3303906
107;2;2003;Paraíba do Sul;3303708
108;2;2003;"Comendador Levy Gasparian;Areal;Três Rios";9999991
109;2;2003;Sapucaia;3305406
110;2;2003;Teresópolis;3305802
111;2;2003;Sumidouro;3305703
112;2;2003;Carmo;3301207
118;2;2003;Araruama;3300209
119;2;2003;Rio Bonito;3304300
120;2;2003;Silva Jardim;3305604
121;2;2003;Casimiro de Abreu;3301306
122;2;2003;Conceição de Macabú;3301405
123;2;2003;"Macaé;Quissamã;Carapebus";9999984
124;2;2003;Saquarema;3305505
125;2;2003;São Pedro da Aldeia;3305208
126;2;2003;"Cabo Frio;Arraial do Cabo";9999985
127;2;2003;Armação dos Búzios;3300233
128;2;2003;Rio das Ostras;3304524
129;2;2003;Iguaba Grande;3301876
134;2;2003;Campos dos Goytacazes;3301009
135;2;2003;Itaocara;3302106
136;2;2003;"Santo Antônio de Pádua;Aperibé";9999993
137;2;2003;Miracema;3303005
138;2;2003;Laje do Muriaé;3302304
139;2;2003;Porciúncula;3304102
140;2;2003;"Natividade;Varre-Sai";9999997
141;2;2003;São Fidélis;3304805
142;2;2003;Cambuci;3300902
143;2;2003;"Itaperuna;São José de Ubá;Cardoso Moreira;Italva";9999986
144;2;2003;Bom Jesus de Itabapoana;3300605
145;2;2003;São João da Barra;3305000
146;2;2003;"Campos dos Goytacazes;São Francisco de Itabapoana";9999987
151;2;2003;Nova Friburgo;3303401
152;2;2003;Duas Barras;3301603
153;2;2003;Cantagalo;3301108
154;2;2003;"Cordeiro;Macuco";9999998
155;2;2003;São Sebastião do Alto;3305307
156;2;2003;Santa Maria Madalena;3304607
157;2;2003;Trajano de Morais;3305901
158;2;2003;Bom Jardim;3300506
159;2;2003;Cachoeiras de Macacu;3300803
165;2;2003;Mangaratiba;3302601
166;2;2003;Angra dos Reis;3300100
167;2;2003;Paraty;3303807
168;2;2003;Rio Claro;3304409
1;3;2003;Rio de Janeiro;3304557
4;3;2003;Rio de Janeiro;3304557
5;3;2003;Rio de Janeiro;3304557
6;3;2003;Rio de Janeiro;3304557
7;3;2003;Rio de Janeiro;3304557
9;3;2003;Rio de Janeiro;3304557
10;3;2003;Rio de Janeiro;3304557
12;3;2003;Rio de Janeiro;3304557
13;3;2003;Rio de Janeiro;3304557
14;3;2003;Rio de Janeiro;3304557
15;3;2003;Rio de Janeiro;3304557
16;3;2003;Rio de Janeiro;3304557
17;3;2003;Rio de Janeiro;3304557
18;3;2003;Rio de Janeiro;3304557
19;3;2003;Rio de Janeiro;3304557
20;3;2003;Rio de Janeiro;3304557
21;3;2003;Rio de Janeiro;3304557
22;3;2003;Rio de Janeiro;3304557
23;3;2003;Rio de Janeiro;3304557
24;3;2003;Rio de Janeiro;3304557
25;3;2003;Rio de Janeiro;3304557
26;3;2003;Rio de Janeiro;3304557
27;3;2003;Rio de Janeiro;3304557
28;3;2003;Rio de Janeiro;3304557
29;3;2003;Rio de Janeiro;3304557
30;3;2003;Rio de Janeiro;3304557
31;3;2003;Rio de Janeiro;3304557
32;3;2003;Rio de Janeiro;3304557
33;3;2003;Rio de Janeiro;3304557
34;3;2003;Rio de Janeiro;3304557
35;3;2003;Rio de Janeiro;3304557
36;3;2003;Rio de Janeiro;3304557
37;3;2003;Rio de Janeiro;3304557
38;3;2003;Rio de Janeiro;3304557
39;3;2003;Rio de Janeiro;3304557
40;3;2003;Rio de Janeiro;3304557
41;3;2003;Rio de Janeiro;3304557
44;3;2003;Rio de Janeiro;3304557
48;3;2003;Seropédica;3305554
50;3;2003;Itaguaí;3302007
51;3;2003;Paracambi;3303609
52;3;2003;Nova Iguaçu;3303500
53;3;2003;Mesquita;3302858
54;3;2003;Belford Roxo;3300456
55;3;2003;"Queimados;Japeri";9999981
56;3;2003;Nova Iguaçu;3303500
57;3;2003;Nilópolis;3303203
58;3;2003;Nova Iguaçu;3303500
59;3;2003;Duque de Caxias;3301702
60;3;2003;Duque de Caxias;3301702
61;3;2003;Duque de Caxias;3301702
62;3;2003;Duque de Caxias;3301702
64;3;2003;São João de Meriti;3305109
65;3;2003;"Magé;Guapimirim";9999982
66;3;2003;Magé;3302502
71;3;2003;"Itaboraí;Tanguá";9999983
72;3;2003;São Gonçalo;3304904
73;3;2003;São Gonçalo;3304904
74;3;2003;São Gonçalo;3304904
75;3;2003;São Gonçalo;3304904
76;3;2003;Niterói;3303302
77;3;2003;Niterói;3303302
78;3;2003;Niterói;3303302
79;3;2003;Niterói;3303302
81;3;2003;Niterói;3303302
82;3;2003;Maricá;3302700
88;3;2003;Barra do Pirai;3300308
89;3;2003;Resende;3304201
90;3;2003;Barra Mansa;3300407
91;3;2003;Valença;3306107
92;3;2003;Rio das Flores;3304508
93;3;2003;Volta Redonda;3306305
94;3;2003;"Piraí;Pinheiral";9999988
95;3;2003;Vassouras;3306206
96;3;2003;"Miguel Pereira;Paty dos Alferes";9999999
97;3;2003;Mendes;3302809
98;3;2003;Engenheiro Paulo de Frontin;3301801
99;3;2003;Itatiaia;3302254
100;3;2003;"Porto Real;Quatis";9999992
104;3;2003;São José do Vale do Rio Preto;3305158
105;3;2003;Petrópolis;3303906
106;3;2003;Petrópolis;3303906
107;3;2003;Paraíba do Sul;3303708
108;3;2003;"Comendador Levy Gasparian;Areal;Três Rios";9999991
109;3;2003;Sapucaia;3305406
110;3;2003;Teresópolis;3305802
111;3;2003;Sumidouro;3305703
112;3;2003;Carmo;3301207
118;3;2003;Araruama;3300209
119;3;2003;Rio Bonito;3304300
120;3;2003;Silva Jardim;3305604
121;3;2003;Casimiro de Abreu;3301306
122;3;2003;Conceição de Macabú;3301405
123;3;2003;"Macaé;Quissamã;Carapebus";9999984
124;3;2003;Saquarema;3305505
125;3;2003;São Pedro da Aldeia;3305208
126;3;2003;"Cabo Frio;Arraial do Cabo";9999985
127;3;2003;Armação dos Búzios;3300233
128;3;2003;Rio das Ostras;3304524
129;3;2003;Iguaba Grande;3301876
134;3;2003;Campos dos Goytacazes;3301009
135;3;2003;Itaocara;3302106
136;3;2003;"Santo Antônio de Pádua;Aperibé";9999993
137;3;2003;Miracema;3303005
138;3;2003;Laje do Muriaé;3302304
139;3;2003;Porciúncula;3304102
140;3;2003;"Natividade;Varre-Sai";9999997
141;3;2003;São Fidélis;3304805
142;3;2003;Cambuci;3300902
143;3;2003;"Itaperuna;São José de Ubá;Cardoso Moreira;Italva";9999986
144;3;2003;Bom Jesus de Itabapoana;3300605
145;3;2003;São João da Barra;3305000
146;3;2003;"Campos dos Goytacazes;São Francisco de Itabapoana";9999987
151;3;2003;Nova Friburgo;3303401
152;3;2003;Duas Barras;3301603
153;3;2003;Cantagalo;3301108
154;3;2003;"Cordeiro;Macuco";9999998
155;3;2003;São Sebastião do Alto;3305307
156;3;2003;Santa Maria Madalena;3304607
157;3;2003;Trajano de Morais;3305901
158;3;2003;Bom Jardim;3300506
159;3;2003;Cachoeiras de Macacu;3300803
165;3;2003;Mangaratiba;3302601
166;3;2003;Angra dos Reis;3300100
167;3;2003;Paraty;3303807
168;3;2003;Rio Claro;3304409
1;4;2003;Rio de Janeiro;3304557
4;4;2003;Rio de Janeiro;3304557
5;4;2003;Rio de Janeiro;3304557
6;4;2003;Rio de Janeiro;3304557
7;4;2003;Rio de Janeiro;3304557
9;4;2003;Rio de Janeiro;3304557
10;4;2003;Rio de Janeiro;3304557
12;4;2003;Rio de Janeiro;3304557
13;4;2003;Rio de Janeiro;3304557
14;4;2003;Rio de Janeiro;3304557
15;4;2003;Rio de Janeiro;3304557
16;4;2003;Rio de Janeiro;3304557
17;4;2003;Rio de Janeiro;3304557
18;4;2003;Rio de Janeiro;3304557
19;4;2003;Rio de Janeiro;3304557
20;4;2003;Rio de Janeiro;3304557
21;4;2003;Rio de Janeiro;3304557
22;4;2003;Rio de Janeiro;3304557
23;4;2003;Rio de Janeiro;3304557
24;4;2003;Rio de Janeiro;3304557
25;4;2003;Rio de Janeiro;3304557
26;4;2003;Rio de Janeiro;3304557
27;4;2003;Rio de Janeiro;3304557
28;4;2003;Rio de Janeiro;3304557
29;4;2003;Rio de Janeiro;3304557
30;4;2003;Rio de Janeiro;3304557
31;4;2003;Rio de Janeiro;3304557
32;4;2003;Rio de Janeiro;3304557
33;4;2003;Rio de Janeiro;3304557
34;4;2003;Rio de Janeiro;3304557
35;4;2003;Rio de Janeiro;3304557
36;4;2003;Rio de Janeiro;3304557
37;4;2003;Rio de Janeiro;3304557
38;4;2003;Rio de Janeiro;3304557
39;4;2003;Rio de Janeiro;3304557
40;4;2003;Rio de Janeiro;3304557
41;4;2003;Rio de Janeiro;3304557
43;4;2003;Rio de Janeiro;3304557
44;4;2003;Rio de Janeiro;3304557
48;4;2003;Seropédica;3305554
50;4;2003;Itaguaí;3302007
51;4;2003;Paracambi;3303609
52;4;2003;Nova Iguaçu;3303500
53;4;2003;Mesquita;3302858
54;4;2003;Belford Roxo;3300456
55;4;2003;"Queimados;Japeri";9999981
56;4;2003;Nova Iguaçu;3303500
57;4;2003;Nilópolis;3303203
58;4;2003;Nova Iguaçu;3303500
59;4;2003;Duque de Caxias;3301702
60;4;2003;Duque de Caxias;3301702
61;4;2003;Duque de Caxias;3301702
62;4;2003;Duque de Caxias;3301702
64;4;2003;São João de Meriti;3305109
65;4;2003;"Magé;Guapimirim";9999982
66;4;2003;Magé;3302502
71;4;2003;"Itaboraí;Tanguá";9999983
72;4;2003;São Gonçalo;3304904
73;4;2003;São Gonçalo;3304904
74;4;2003;São Gonçalo;3304904
75;4;2003;São Gonçalo;3304904
76;4;2003;Niterói;3303302
77;4;2003;Niterói;3303302
78;4;2003;Niterói;3303302
79;4;2003;Niterói;3303302
81;4;2003;Niterói;3303302
82;4;2003;Maricá;3302700
88;4;2003;Barra do Pirai;3300308
89;4;2003;Resende;3304201
90;4;2003;Barra Mansa;3300407
91;4;2003;Valença;3306107
92;4;2003;Rio das Flores;3304508
93;4;2003;Volta Redonda;3306305
94;4;2003;"Piraí;Pinheiral";9999988
95;4;2003;Vassouras;3306206
96;4;2003;"Miguel Pereira;Paty dos Alferes";9999999
97;4;2003;Mendes;3302809
98;4;2003;Engenheiro Paulo de Frontin;3301801
99;4;2003;Itatiaia;3302254
100;4;2003;"Porto Real;Quatis";9999992
104;4;2003;São José do Vale do Rio Preto;3305158
105;4;2003;Petrópolis;3303906
106;4;2003;Petrópolis;3303906
107;4;2003;Paraíba do Sul;3303708
108;4;2003;"Comendador Levy Gasparian;Areal;Três Rios";9999991
109;4;2003;Sapucaia;3305406
110;4;2003;Teresópolis;3305802
111;4;2003;Sumidouro;3305703
112;4;2003;Carmo;3301207
118;4;2003;Araruama;3300209
119;4;2003;Rio Bonito;3304300
120;4;2003;Silva Jardim;3305604
121;4;2003;Casimiro de Abreu;3301306
122;4;2003;Conceição de Macabú;3301405
123;4;2003;"Macaé;Quissamã;Carapebus";9999984
124;4;2003;Saquarema;3305505
125;4;2003;São Pedro da Aldeia;3305208
126;4;2003;"Cabo Frio;Arraial do Cabo";9999985
127;4;2003;Armação dos Búzios;3300233
128;4;2003;Rio das Ostras;3304524
129;4;2003;Iguaba Grande;3301876
134;4;2003;Campos dos Goytacazes;3301009
135;4;2003;Itaocara;3302106
136;4;2003;"Santo Antônio de Pádua;Aperibé";9999993
137;4;2003;Miracema;3303005
138;4;2003;Laje do Muriaé;3302304
139;4;2003;Porciúncula;3304102
140;4;2003;"Natividade;Varre-Sai";9999997
141;4;2003;São Fidélis;3304805
142;4;2003;Cambuci;3300902
143;4;2003;"Itaperuna;São José de Ubá;Cardoso Moreira;Italva";9999986
144;4;2003;Bom Jesus de Itabapoana;3300605
145;4;2003;São João da Barra;3305000
146;4;2003;"Campos dos Goytacazes;São Francisco de Itabapoana";9999987
151;4;2003;Nova Friburgo;3303401
152;4;2003;Duas Barras;3301603
153;4;2003;Cantagalo;3301108
154;4;2003;"Cordeiro;Macuco";9999998
155;4;2003;São Sebastião do Alto;3305307
156;4;2003;Santa Maria Madalena;3304607
157;4;2003;Trajano de Morais;3305901
158;4;2003;Bom Jardim;3300506
159;4;2003;Cachoeiras de Macacu;3300803
165;4;2003;Mangaratiba;3302601
166;4;2003;Angra dos Reis;3300100
167;4;2003;Paraty;3303807
168;4;2003;Rio Claro;3304409
1;5;2003;Rio de Janeiro;3304557
4;5;2003;Rio de Janeiro;3304557
5;5;2003;Rio de Janeiro;3304557
6;5;2003;Rio de Janeiro;3304557
7;5;2003;Rio de Janeiro;3304557
9;5;2003;Rio de Janeiro;3304557
10;5;2003;Rio de Janeiro;3304557
12;5;2003;Rio de Janeiro;3304557
13;5;2003;Rio de Janeiro;3304557
14;5;2003;Rio de Janeiro;3304557
15;5;2003;Rio de Janeiro;3304557
16;5;2003;Rio de Janeiro;3304557
17;5;2003;Rio de Janeiro;3304557
18;5;2003;Rio de Janeiro;3304557
19;5;2003;Rio de Janeiro;3304557
20;5;2003;Rio de Janeiro;3304557
21;5;2003;Rio de Janeiro;3304557
22;5;2003;Rio de Janeiro;3304557
23;5;2003;Rio de Janeiro;3304557
24;5;2003;Rio de Janeiro;3304557
25;5;2003;Rio de Janeiro;3304557
26;5;2003;Rio de Janeiro;3304557
27;5;2003;Rio de Janeiro;3304557
28;5;2003;Rio de Janeiro;3304557
29;5;2003;Rio de Janeiro;3304557
30;5;2003;Rio de Janeiro;3304557
31;5;2003;Rio de Janeiro;3304557
32;5;2003;Rio de Janeiro;3304557
33;5;2003;Rio de Janeiro;3304557
34;5;2003;Rio de Janeiro;3304557
35;5;2003;Rio de Janeiro;3304557
36;5;2003;Rio de Janeiro;3304557
37;5;2003;Rio de Janeiro;3304557
38;5;2003;Rio de Janeiro;3304557
39;5;2003;Rio de Janeiro;3304557
40;5;2003;Rio de Janeiro;3304557
41;5;2003;Rio de Janeiro;3304557
43;5;2003;Rio de Janeiro;3304557
44;5;2003;Rio de Janeiro;3304557
48;5;2003;Seropédica;3305554
50;5;2003;Itaguaí;3302007
51;5;2003;Paracambi;3303609
52;5;2003;Nova Iguaçu;3303500
53;5;2003;Mesquita;3302858
54;5;2003;Belford Roxo;3300456
55;5;2003;"Queimados;Japeri";9999981
56;5;2003;Nova Iguaçu;3303500
57;5;2003;Nilópolis;3303203
58;5;2003;Nova Iguaçu;3303500
59;5;2003;Duque de Caxias;3301702
60;5;2003;Duque de Caxias;3301702
61;5;2003;Duque de Caxias;3301702
62;5;2003;Duque de Caxias;3301702
64;5;2003;São João de Meriti;3305109
65;5;2003;"Magé;Guapimirim";9999982
66;5;2003;Magé;3302502
71;5;2003;"Itaboraí;Tanguá";9999983
72;5;2003;São Gonçalo;3304904
73;5;2003;São Gonçalo;3304904
74;5;2003;São Gonçalo;3304904
75;5;2003;São Gonçalo;3304904
76;5;2003;Niterói;3303302
77;5;2003;Niterói;3303302
78;5;2003;Niterói;3303302
79;5;2003;Niterói;3303302
81;5;2003;Niterói;3303302
82;5;2003;Maricá;3302700
88;5;2003;Barra do Pirai;3300308
89;5;2003;Resende;3304201
90;5;2003;Barra Mansa;3300407
91;5;2003;Valença;3306107
92;5;2003;Rio das Flores;3304508
93;5;2003;Volta Redonda;3306305
94;5;2003;"Piraí;Pinheiral";9999988
95;5;2003;Vassouras;3306206
96;5;2003;"Miguel Pereira;Paty dos Alferes";9999999
97;5;2003;Mendes;3302809
98;5;2003;Engenheiro Paulo de Frontin;3301801
99;5;2003;Itatiaia;3302254
100;5;2003;"Porto Real;Quatis";9999992
104;5;2003;São José do Vale do Rio Preto;3305158
105;5;2003;Petrópolis;3303906
106;5;2003;Petrópolis;3303906
107;5;2003;Paraíba do Sul;3303708
108;5;2003;"Comendador Levy Gasparian;Areal;Três Rios";9999991
109;5;2003;Sapucaia;3305406
110;5;2003;Teresópolis;3305802
111;5;2003;Sumidouro;3305703
112;5;2003;Carmo;3301207
118;5;2003;Araruama;3300209
119;5;2003;Rio Bonito;3304300
120;5;2003;Silva Jardim;3305604
121;5;2003;Casimiro de Abreu;3301306
122;5;2003;Conceição de Macabú;3301405
123;5;2003;"Macaé;Quissamã;Carapebus";9999984
124;5;2003;Saquarema;3305505
125;5;2003;São Pedro da Aldeia;3305208
126;5;2003;"Cabo Frio;Arraial do Cabo";9999985
127;5;2003;Armação dos Búzios;3300233
128;5;2003;Rio das Ostras;3304524
129;5;2003;Iguaba Grande;3301876
134;5;2003;Campos dos Goytacazes;3301009
135;5;2003;Itaocara;3302106
136;5;2003;"Santo Antônio de Pádua;Aperibé";9999993
137;5;2003;Miracema;3303005
138;5;2003;Laje do Muriaé;3302304
139;5;2003;Porciúncula;3304102
140;5;2003;"Natividade;Varre-Sai";9999997
141;5;2003;São Fidélis;3304805
142;5;2003;Cambuci;3300902
143;5;2003;"Itaperuna;São José de Ubá;Cardoso Moreira;Italva";9999986
144;5;2003;Bom Jesus de Itabapoana;3300605
145;5;2003;São João da Barra;3305000
146;5;2003;"Campos dos Goytacazes;São Francisco de Itabapoana";9999987
151;5;2003;Nova Friburgo;3303401
152;5;2003;Duas Barras;3301603
153;5;2003;Cantagalo;3301108
154;5;2003;"Cordeiro;Macuco";9999998
155;5;2003;São Sebastião do Alto;3305307
156;5;2003;Santa Maria Madalena;3304607
157;5;2003;Trajano de Morais;3305901
158;5;2003;Bom Jardim;3300506
159;5;2003;Cachoeiras de Macacu;3300803
165;5;2003;Mangaratiba;3302601
166;5;2003;Angra dos Reis;3300100
167;5;2003;Paraty;3303807
168;5;2003;Rio Claro;3304409
1;6;2003;Rio de Janeiro;3304557
4;6;2003;Rio de Janeiro;3304557
5;6;2003;Rio de Janeiro;3304557
6;6;2003;Rio de Janeiro;3304557
7;6;2003;Rio de Janeiro;3304557
9;6;2003;Rio de Janeiro;3304557
10;6;2003;Rio de Janeiro;3304557
12;6;2003;Rio de Janeiro;3304557
13;6;2003;Rio de Janeiro;3304557
14;6;2003;Rio de Janeiro;3304557
15;6;2003;Rio de Janeiro;3304557
16;6;2003;Rio de Janeiro;3304557
17;6;2003;Rio de Janeiro;3304557
18;6;2003;Rio de Janeiro;3304557
19;6;2003;Rio de Janeiro;3304557
20;6;2003;Rio de Janeiro;3304557
21;6;2003;Rio de Janeiro;3304557
22;6;2003;Rio de Janeiro;3304557
23;6;2003;Rio de Janeiro;3304557
24;6;2003;Rio de Janeiro;3304557
25;6;2003;Rio de Janeiro;3304557
26;6;2003;Rio de Janeiro;3304557
27;6;2003;Rio de Janeiro;3304557
28;6;2003;Rio de Janeiro;3304557
29;6;2003;Rio de Janeiro;3304557
30;6;2003;Rio de Janeiro;3304557
31;6;2003;Rio de Janeiro;3304557
32;6;2003;Rio de Janeiro;3304557
33;6;2003;Rio de Janeiro;3304557
34;6;2003;Rio de Janeiro;3304557
35;6;2003;Rio de Janeiro;3304557
36;6;2003;Rio de Janeiro;3304557
37;6;2003;Rio de Janeiro;3304557
38;6;2003;Rio de Janeiro;3304557
39;6;2003;Rio de Janeiro;3304557
40;6;2003;Rio de Janeiro;3304557
41;6;2003;Rio de Janeiro;3304557
43;6;2003;Rio de Janeiro;3304557
44;6;2003;Rio de Janeiro;3304557
48;6;2003;Seropédica;3305554
50;6;2003;Itaguaí;3302007
51;6;2003;Paracambi;3303609
52;6;2003;Nova Iguaçu;3303500
53;6;2003;Mesquita;3302858
54;6;2003;Belford Roxo;3300456
55;6;2003;"Queimados;Japeri";9999981
56;6;2003;Nova Iguaçu;3303500
57;6;2003;Nilópolis;3303203
58;6;2003;Nova Iguaçu;3303500
59;6;2003;Duque de Caxias;3301702
60;6;2003;Duque de Caxias;3301702
61;6;2003;Duque de Caxias;3301702
62;6;2003;Duque de Caxias;3301702
64;6;2003;São João de Meriti;3305109
65;6;2003;"Magé;Guapimirim";9999982
66;6;2003;Magé;3302502
71;6;2003;"Itaboraí;Tanguá";9999983
72;6;2003;São Gonçalo;3304904
73;6;2003;São Gonçalo;3304904
74;6;2003;São Gonçalo;3304904
75;6;2003;São Gonçalo;3304904
76;6;2003;Niterói;3303302
77;6;2003;Niterói;3303302
78;6;2003;Niterói;3303302
79;6;2003;Niterói;3303302
81;6;2003;Niterói;3303302
82;6;2003;Maricá;3302700
88;6;2003;Barra do Pirai;3300308
89;6;2003;Resende;3304201
90;6;2003;Barra Mansa;3300407
91;6;2003;Valença;3306107
92;6;2003;Rio das Flores;3304508
93;6;2003;Volta Redonda;3306305
94;6;2003;"Piraí;Pinheiral";9999988
95;6;2003;Vassouras;3306206
96;6;2003;"Miguel Pereira;Paty dos Alferes";9999999
97;6;2003;Mendes;3302809
98;6;2003;Engenheiro Paulo de Frontin;3301801
99;6;2003;Itatiaia;3302254
100;6;2003;"Porto Real;Quatis";9999992
104;6;2003;São José do Vale do Rio Preto;3305158
105;6;2003;Petrópolis;3303906
106;6;2003;Petrópolis;3303906
107;6;2003;Paraíba do Sul;3303708
108;6;2003;"Comendador Levy Gasparian;Areal;Três Rios";9999991
109;6;2003;Sapucaia;3305406
110;6;2003;Teresópolis;3305802
111;6;2003;Sumidouro;3305703
112;6;2003;Carmo;3301207
118;6;2003;Araruama;3300209
119;6;2003;Rio Bonito;3304300
120;6;2003;Silva Jardim;3305604
121;6;2003;Casimiro de Abreu;3301306
122;6;2003;Conceição de Macabú;3301405
123;6;2003;"Macaé;Quissamã;Carapebus";9999984
124;6;2003;Saquarema;3305505
125;6;2003;São Pedro da Aldeia;3305208
126;6;2003;"Cabo Frio;Arraial do Cabo";9999985
127;6;2003;Armação dos Búzios;3300233
128;6;2003;Rio das Ostras;3304524
129;6;2003;Iguaba Grande;3301876
134;6;2003;Campos dos Goytacazes;3301009
135;6;2003;Itaocara;3302106
136;6;2003;"Santo Antônio de Pádua;Aperibé";9999993
137;6;2003;Miracema;3303005
138;6;2003;Laje do Muriaé;3302304
139;6;2003;Porciúncula;3304102
140;6;2003;"Natividade;Varre-Sai";9999997
141;6;2003;São Fidélis;3304805
142;6;2003;Cambuci;3300902
143;6;2003;"Itaperuna;São José de Ubá;Cardoso Moreira;Italva";9999986
144;6;2003;Bom Jesus de Itabapoana;3300605
145;6;2003;São João da Barra;3305000
146;6;2003;"Campos dos Goytacazes;São Francisco de Itabapoana";9999987
151;6;2003;Nova Friburgo;3303401
152;6;2003;Duas Barras;3301603
153;6;2003;Cantagalo;3301108
154;6;2003;"Cordeiro;Macuco";9999998
155;6;2003;São Sebastião do Alto;3305307
156;6;2003;Santa Maria Madalena;3304607
157;6;2003;Trajano de Morais;3305901
158;6;2003;Bom Jardim;3300506
159;6;2003;Cachoeiras de Macacu;3300803
165;6;2003;Mangaratiba;3302601
166;6;2003;Angra dos Reis;3300100
167;6;2003;Paraty;3303807
168;6;2003;Rio Claro;3304409
1;7;2003;Rio de Janeiro;3304557
4;7;2003;Rio de Janeiro;3304557
5;7;2003;Rio de Janeiro;3304557
6;7;2003;Rio de Janeiro;3304557
7;7;2003;Rio de Janeiro;3304557
9;7;2003;Rio de Janeiro;3304557
10;7;2003;Rio de Janeiro;3304557
12;7;2003;Rio de Janeiro;3304557
13;7;2003;Rio de Janeiro;3304557
14;7;2003;Rio de Janeiro;3304557
15;7;2003;Rio de Janeiro;3304557
16;7;2003;Rio de Janeiro;3304557
17;7;2003;Rio de Janeiro;3304557
18;7;2003;Rio de Janeiro;3304557
19;7;2003;Rio de Janeiro;3304557
20;7;2003;Rio de Janeiro;3304557
21;7;2003;Rio de Janeiro;3304557
22;7;2003;Rio de Janeiro;3304557
23;7;2003;Rio de Janeiro;3304557
24;7;2003;Rio de Janeiro;3304557
25;7;2003;Rio de Janeiro;3304557
26;7;2003;Rio de Janeiro;3304557
27;7;2003;Rio de Janeiro;3304557
28;7;2003;Rio de Janeiro;3304557
29;7;2003;Rio de Janeiro;3304557
30;7;2003;Rio de Janeiro;3304557
31;7;2003;Rio de Janeiro;3304557
32;7;2003;Rio de Janeiro;3304557
33;7;2003;Rio de Janeiro;3304557
34;7;2003;Rio de Janeiro;3304557
35;7;2003;Rio de Janeiro;3304557
36;7;2003;Rio de Janeiro;3304557
37;7;2003;Rio de Janeiro;3304557
38;7;2003;Rio de Janeiro;3304557
39;7;2003;Rio de Janeiro;3304557
40;7;2003;Rio de Janeiro;3304557
41;7;2003;Rio de Janeiro;3304557
43;7;2003;Rio de Janeiro;3304557
44;7;2003;Rio de Janeiro;3304557
48;7;2003;Seropédica;3305554
50;7;2003;Itaguaí;3302007
51;7;2003;Paracambi;3303609
52;7;2003;Nova Iguaçu;3303500
53;7;2003;Mesquita;3302858
54;7;2003;Belford Roxo;3300456
55;7;2003;"Queimados;Japeri";9999981
56;7;2003;Nova Iguaçu;3303500
57;7;2003;Nilópolis;3303203
58;7;2003;Nova Iguaçu;3303500
59;7;2003;Duque de Caxias;3301702
60;7;2003;Duque de Caxias;3301702
61;7;2003;Duque de Caxias;3301702
62;7;2003;Duque de Caxias;3301702
64;7;2003;São João de Meriti;3305109
65;7;2003;"Magé;Guapimirim";9999982
66;7;2003;Magé;3302502
71;7;2003;"Itaboraí;Tanguá";9999983
72;7;2003;São Gonçalo;3304904
73;7;2003;São Gonçalo;3304904
74;7;2003;São Gonçalo;3304904
75;7;2003;São Gonçalo;3304904
76;7;2003;Niterói;3303302
77;7;2003;Niterói;3303302
78;7;2003;Niterói;3303302
79;7;2003;Niterói;3303302
81;7;2003;Niterói;3303302
82;7;2003;Maricá;3302700
88;7;2003;Barra do Pirai;3300308
89;7;2003;Resende;3304201
90;7;2003;Barra Mansa;3300407
91;7;2003;Valença;3306107
92;7;2003;Rio das Flores;3304508
93;7;2003;Volta Redonda;3306305
94;7;2003;"Piraí;Pinheiral";9999988
95;7;2003;Vassouras;3306206
96;7;2003;"Miguel Pereira;Paty dos Alferes";9999999
97;7;2003;Mendes;3302809
98;7;2003;Engenheiro Paulo de Frontin;3301801
99;7;2003;Itatiaia;3302254
100;7;2003;"Porto Real;Quatis";9999992
104;7;2003;São José do Vale do Rio Preto;3305158
105;7;2003;Petrópolis;3303906
106;7;2003;Petrópolis;3303906
107;7;2003;Paraíba do Sul;3303708
108;7;2003;"Comendador Levy Gasparian;Areal;Três Rios";9999991
109;7;2003;Sapucaia;3305406
110;7;2003;Teresópolis;3305802
111;7;2003;Sumidouro;3305703
112;7;2003;Carmo;3301207
118;7;2003;Araruama;3300209
119;7;2003;Rio Bonito;3304300
120;7;2003;Silva Jardim;3305604
121;7;2003;Casimiro de Abreu;3301306
122;7;2003;Conceição de Macabú;3301405
123;7;2003;"Macaé;Quissamã;Carapebus";9999984
124;7;2003;Saquarema;3305505
125;7;2003;São Pedro da Aldeia;3305208
126;7;2003;"Cabo Frio;Arraial do Cabo";9999985
127;7;2003;Armação dos Búzios;3300233
128;7;2003;Rio das Ostras;3304524
129;7;2003;Iguaba Grande;3301876
134;7;2003;Campos dos Goytacazes;3301009
135;7;2003;Itaocara;3302106
136;7;2003;"Santo Antônio de Pádua;Aperibé";9999993
137;7;2003;Miracema;3303005
138;7;2003;Laje do Muriaé;3302304
139;7;2003;Porciúncula;3304102
140;7;2003;"Natividade;Varre-Sai";9999997
141;7;2003;São Fidélis;3304805
142;7;2003;Cambuci;3300902
143;7;2003;"Itaperuna;São José de Ubá;Cardoso Moreira;Italva";9999986
144;7;2003;Bom Jesus de Itabapoana;3300605
145;7;2003;São João da Barra;3305000
146;7;2003;"Campos dos Goytacazes;São Francisco de Itabapoana";9999987
151;7;2003;Nova Friburgo;3303401
152;7;2003;Duas Barras;3301603
153;7;2003;Cantagalo;3301108
154;7;2003;"Cordeiro;Macuco";9999998
155;7;2003;São Sebastião do Alto;3305307
156;7;2003;Santa Maria Madalena;3304607
157;7;2003;Trajano de Morais;3305901
158;7;2003;Bom Jardim;3300506
159;7;2003;Cachoeiras de Macacu;3300803
165;7;2003;Mangaratiba;3302601
166;7;2003;Angra dos Reis;3300100
167;7;2003;Paraty;3303807
168;7;2003;Rio Claro;3304409
1;8;2003;Rio de Janeiro;3304557
4;8;2003;Rio de Janeiro;3304557
5;8;2003;Rio de Janeiro;3304557
6;8;2003;Rio de Janeiro;3304557
7;8;2003;Rio de Janeiro;3304557
9;8;2003;Rio de Janeiro;3304557
10;8;2003;Rio de Janeiro;3304557
12;8;2003;Rio de Janeiro;3304557
13;8;2003;Rio de Janeiro;3304557
14;8;2003;Rio de Janeiro;3304557
15;8;2003;Rio de Janeiro;3304557
16;8;2003;Rio de Janeiro;3304557
17;8;2003;Rio de Janeiro;3304557
18;8;2003;Rio de Janeiro;3304557
19;8;2003;Rio de Janeiro;3304557
20;8;2003;Rio de Janeiro;3304557
21;8;2003;Rio de Janeiro;3304557
22;8;2003;Rio de Janeiro;3304557
23;8;2003;Rio de Janeiro;3304557
24;8;2003;Rio de Janeiro;3304557
25;8;2003;Rio de Janeiro;3304557
26;8;2003;Rio de Janeiro;3304557
27;8;2003;Rio de Janeiro;3304557
28;8;2003;Rio de Janeiro;3304557
29;8;2003;Rio de Janeiro;3304557
30;8;2003;Rio de Janeiro;3304557
31;8;2003;Rio de Janeiro;3304557
32;8;2003;Rio de Janeiro;3304557
33;8;2003;Rio de Janeiro;3304557
34;8;2003;Rio de Janeiro;3304557
35;8;2003;Rio de Janeiro;3304557
36;8;2003;Rio de Janeiro;3304557
37;8;2003;Rio de Janeiro;3304557
38;8;2003;Rio de Janeiro;3304557
39;8;2003;Rio de Janeiro;3304557
40;8;2003;Rio de Janeiro;3304557
41;8;2003;Rio de Janeiro;3304557
43;8;2003;Rio de Janeiro;3304557
44;8;2003;Rio de Janeiro;3304557
48;8;2003;Seropédica;3305554
50;8;2003;Itaguaí;3302007
51;8;2003;Paracambi;3303609
52;8;2003;Nova Iguaçu;3303500
53;8;2003;Mesquita;3302858
54;8;2003;Belford Roxo;3300456
55;8;2003;"Queimados;Japeri";9999981
56;8;2003;Nova Iguaçu;3303500
57;8;2003;Nilópolis;3303203
58;8;2003;Nova Iguaçu;3303500
59;8;2003;Duque de Caxias;3301702
60;8;2003;Duque de Caxias;3301702
61;8;2003;Duque de Caxias;3301702
62;8;2003;Duque de Caxias;3301702
64;8;2003;São João de Meriti;3305109
65;8;2003;"Magé;Guapimirim";9999982
66;8;2003;Magé;3302502
71;8;2003;"Itaboraí;Tanguá";9999983
72;8;2003;São Gonçalo;3304904
73;8;2003;São Gonçalo;3304904
74;8;2003;São Gonçalo;3304904
75;8;2003;São Gonçalo;3304904
76;8;2003;Niterói;3303302
77;8;2003;Niterói;3303302
78;8;2003;Niterói;3303302
79;8;2003;Niterói;3303302
81;8;2003;Niterói;3303302
82;8;2003;Maricá;3302700
88;8;2003;Barra do Pirai;3300308
89;8;2003;Resende;3304201
90;8;2003;Barra Mansa;3300407
91;8;2003;Valença;3306107
92;8;2003;Rio das Flores;3304508
93;8;2003;Volta Redonda;3306305
94;8;2003;"Piraí;Pinheiral";9999988
95;8;2003;Vassouras;3306206
96;8;2003;"Miguel Pereira;Paty dos Alferes";9999999
97;8;2003;Mendes;3302809
98;8;2003;Engenheiro Paulo de Frontin;3301801
99;8;2003;Itatiaia;3302254
100;8;2003;"Porto Real;Quatis";9999992
104;8;2003;São José do Vale do Rio Preto;3305158
105;8;2003;Petrópolis;3303906
106;8;2003;Petrópolis;3303906
107;8;2003;Paraíba do Sul;3303708
108;8;2003;"Comendador Levy Gasparian;Areal;Três Rios";9999991
109;8;2003;Sapucaia;3305406
110;8;2003;Teresópolis;3305802
111;8;2003;Sumidouro;3305703
112;8;2003;Carmo;3301207
118;8;2003;Araruama;3300209
119;8;2003;Rio Bonito;3304300
120;8;2003;Silva Jardim;3305604
121;8;2003;Casimiro de Abreu;3301306
122;8;2003;Conceição de Macabú;3301405
123;8;2003;"Macaé;Quissamã;Carapebus";9999984
124;8;2003;Saquarema;3305505
125;8;2003;São Pedro da Aldeia;3305208
126;8;2003;"Cabo Frio;Arraial do Cabo";9999985
127;8;2003;Armação dos Búzios;3300233
128;8;2003;Rio das Ostras;3304524
129;8;2003;Iguaba Grande;3301876
134;8;2003;Campos dos Goytacazes;3301009
135;8;2003;Itaocara;3302106
136;8;2003;"Santo Antônio de Pádua;Aperibé";9999993
137;8;2003;Miracema;3303005
138;8;2003;Laje do Muriaé;3302304
139;8;2003;Porciúncula;3304102
140;8;2003;"Natividade;Varre-Sai";9999997
141;8;2003;São Fidélis;3304805
142;8;2003;Cambuci;3300902
143;8;2003;"Itaperuna;São José de Ubá;Cardoso Moreira;Italva";9999986
144;8;2003;Bom Jesus de Itabapoana;3300605
145;8;2003;São João da Barra;3305000
146;8;2003;Campos dos Goytacazes;3301009
147;8;2003;São Francisco de Itabapoana;3304755
151;8;2003;Nova Friburgo;3303401
152;8;2003;Duas Barras;3301603
153;8;2003;Cantagalo;3301108
154;8;2003;"Cordeiro;Macuco";9999998
155;8;2003;São Sebastião do Alto;3305307
156;8;2003;Santa Maria Madalena;3304607
157;8;2003;Trajano de Morais;3305901
158;8;2003;Bom Jardim;3300506
159;8;2003;Cachoeiras de Macacu;3300803
165;8;2003;Mangaratiba;3302601
166;8;2003;Angra dos Reis;3300100
167;8;2003;Paraty;3303807
168;8;2003;Rio Claro;3304409
1;9;2003;Rio de Janeiro;3304557
4;9;2003;Rio de Janeiro;3304557
5;9;2003;Rio de Janeiro;3304557
6;9;2003;Rio de Janeiro;3304557
7;9;2003;Rio de Janeiro;3304557
9;9;2003;Rio de Janeiro;3304557
10;9;2003;Rio de Janeiro;3304557
12;9;2003;Rio de Janeiro;3304557
13;9;2003;Rio de Janeiro;3304557
14;9;2003;Rio de Janeiro;3304557
15;9;2003;Rio de Janeiro;3304557
16;9;2003;Rio de Janeiro;3304557
17;9;2003;Rio de Janeiro;3304557
18;9;2003;Rio de Janeiro;3304557
19;9;2003;Rio de Janeiro;3304557
20;9;2003;Rio de Janeiro;3304557
21;9;2003;Rio de Janeiro;3304557
22;9;2003;Rio de Janeiro;3304557
23;9;2003;Rio de Janeiro;3304557
24;9;2003;Rio de Janeiro;3304557
25;9;2003;Rio de Janeiro;3304557
26;9;2003;Rio de Janeiro;3304557
27;9;2003;Rio de Janeiro;3304557
28;9;2003;Rio de Janeiro;3304557
29;9;2003;Rio de Janeiro;3304557
30;9;2003;Rio de Janeiro;3304557
31;9;2003;Rio de Janeiro;3304557
32;9;2003;Rio de Janeiro;3304557
33;9;2003;Rio de Janeiro;3304557
34;9;2003;Rio de Janeiro;3304557
35;9;2003;Rio de Janeiro;3304557
36;9;2003;Rio de Janeiro;3304557
37;9;2003;Rio de Janeiro;3304557
38;9;2003;Rio de Janeiro;3304557
39;9;2003;Rio de Janeiro;3304557
40;9;2003;Rio de Janeiro;3304557
41;9;2003;Rio de Janeiro;3304557
43;9;2003;Rio de Janeiro;3304557
44;9;2003;Rio de Janeiro;3304557
48;9;2003;Seropédica;3305554
50;9;2003;Itaguaí;3302007
51;9;2003;Paracambi;3303609
52;9;2003;Nova Iguaçu;3303500
53;9;2003;Mesquita;3302858
54;9;2003;Belford Roxo;3300456
55;9;2003;"Queimados;Japeri";9999981
56;9;2003;Nova Iguaçu;3303500
57;9;2003;Nilópolis;3303203
58;9;2003;Nova Iguaçu;3303500
59;9;2003;Duque de Caxias;3301702
60;9;2003;Duque de Caxias;3301702
61;9;2003;Duque de Caxias;3301702
62;9;2003;Duque de Caxias;3301702
64;9;2003;São João de Meriti;3305109
65;9;2003;"Magé;Guapimirim";9999982
66;9;2003;Magé;3302502
71;9;2003;"Itaboraí;Tanguá";9999983
72;9;2003;São Gonçalo;3304904
73;9;2003;São Gonçalo;3304904
74;9;2003;São Gonçalo;3304904
75;9;2003;São Gonçalo;3304904
76;9;2003;Niterói;3303302
77;9;2003;Niterói;3303302
78;9;2003;Niterói;3303302
79;9;2003;Niterói;3303302
81;9;2003;Niterói;3303302
82;9;2003;Maricá;3302700
88;9;2003;Barra do Pirai;3300308
89;9;2003;Resende;3304201
90;9;2003;Barra Mansa;3300407
91;9;2003;Valença;3306107
92;9;2003;Rio das Flores;3304508
93;9;2003;Volta Redonda;3306305
94;9;2003;"Piraí;Pinheiral";9999988
95;9;2003;Vassouras;3306206
96;9;2003;"Miguel Pereira;Paty dos Alferes";9999999
97;9;2003;Mendes;3302809
98;9;2003;Engenheiro Paulo de Frontin;3301801
99;9;2003;Itatiaia;3302254
100;9;2003;"Porto Real;Quatis";9999992
104;9;2003;São José do Vale do Rio Preto;3305158
105;9;2003;Petrópolis;3303906
106;9;2003;Petrópolis;3303906
107;9;2003;Paraíba do Sul;3303708
108;9;2003;"Comendador Levy Gasparian;Areal;Três Rios";9999991
109;9;2003;Sapucaia;3305406
110;9;2003;Teresópolis;3305802
111;9;2003;Sumidouro;3305703
112;9;2003;Carmo;3301207
118;9;2003;Araruama;3300209
119;9;2003;Rio Bonito;3304300
120;9;2003;Silva Jardim;3305604
121;9;2003;Casimiro de Abreu;3301306
122;9;2003;Conceição de Macabú;3301405
123;9;2003;"Macaé;Quissamã;Carapebus";9999984
124;9;2003;Saquarema;3305505
125;9;2003;São Pedro da Aldeia;3305208
126;9;2003;"Cabo Frio;Arraial do Cabo";9999985
127;9;2003;Armação dos Búzios;3300233
128;9;2003;Rio das Ostras;3304524
129;9;2003;Iguaba Grande;3301876
134;9;2003;Campos dos Goytacazes;3301009
135;9;2003;Itaocara;3302106
136;9;2003;"Santo Antônio de Pádua;Aperibé";9999993
137;9;2003;Miracema;3303005
138;9;2003;Laje do Muriaé;3302304
139;9;2003;Porciúncula;3304102
140;9;2003;"Natividade;Varre-Sai";9999997
141;9;2003;São Fidélis;3304805
142;9;2003;Cambuci;3300902
143;9;2003;"Itaperuna;São José de Ubá;Cardoso Moreira;Italva";9999986
144;9;2003;Bom Jesus de Itabapoana;3300605
145;9;2003;São João da Barra;3305000
146;9;2003;Campos dos Goytacazes;3301009
147;9;2003;São Francisco de Itabapoana;3304755
151;9;2003;Nova Friburgo;3303401
152;9;2003;Duas Barras;3301603
153;9;2003;Cantagalo;3301108
154;9;2003;"Cordeiro;Macuco";9999998
155;9;2003;São Sebastião do Alto;3305307
156;9;2003;Santa Maria Madalena;3304607
157;9;2003;Trajano de Morais;3305901
158;9;2003;Bom Jardim;3300506
159;9;2003;Cachoeiras de Macacu;3300803
165;9;2003;Mangaratiba;3302601
166;9;2003;Angra dos Reis;3300100
167;9;2003;Paraty;3303807
168;9;2003;Rio Claro;3304409
1;10;2003;Rio de Janeiro;3304557
4;10;2003;Rio de Janeiro;3304557
5;10;2003;Rio de Janeiro;3304557
6;10;2003;Rio de Janeiro;3304557
7;10;2003;Rio de Janeiro;3304557
9;10;2003;Rio de Janeiro;3304557
10;10;2003;Rio de Janeiro;3304557
12;10;2003;Rio de Janeiro;3304557
13;10;2003;Rio de Janeiro;3304557
14;10;2003;Rio de Janeiro;3304557
15;10;2003;Rio de Janeiro;3304557
16;10;2003;Rio de Janeiro;3304557
17;10;2003;Rio de Janeiro;3304557
18;10;2003;Rio de Janeiro;3304557
19;10;2003;Rio de Janeiro;3304557
20;10;2003;Rio de Janeiro;3304557
21;10;2003;Rio de Janeiro;3304557
22;10;2003;Rio de Janeiro;3304557
23;10;2003;Rio de Janeiro;3304557
24;10;2003;Rio de Janeiro;3304557
25;10;2003;Rio de Janeiro;3304557
26;10;2003;Rio de Janeiro;3304557
27;10;2003;Rio de Janeiro;3304557
28;10;2003;Rio de Janeiro;3304557
29;10;2003;Rio de Janeiro;3304557
30;10;2003;Rio de Janeiro;3304557
31;10;2003;Rio de Janeiro;3304557
32;10;2003;Rio de Janeiro;3304557
33;10;2003;Rio de Janeiro;3304557
34;10;2003;Rio de Janeiro;3304557
35;10;2003;Rio de Janeiro;3304557
36;10;2003;Rio de Janeiro;3304557
37;10;2003;Rio de Janeiro;3304557
38;10;2003;Rio de Janeiro;3304557
39;10;2003;Rio de Janeiro;3304557
40;10;2003;Rio de Janeiro;3304557
41;10;2003;Rio de Janeiro;3304557
43;10;2003;Rio de Janeiro;3304557
44;10;2003;Rio de Janeiro;3304557
48;10;2003;Seropédica;3305554
50;10;2003;Itaguaí;3302007
51;10;2003;Paracambi;3303609
52;10;2003;Nova Iguaçu;3303500
53;10;2003;Mesquita;3302858
54;10;2003;Belford Roxo;3300456
55;10;2003;"Queimados;Japeri";9999981
56;10;2003;Nova Iguaçu;3303500
57;10;2003;Nilópolis;3303203
58;10;2003;Nova Iguaçu;3303500
59;10;2003;Duque de Caxias;3301702
60;10;2003;Duque de Caxias;3301702
61;10;2003;Duque de Caxias;3301702
62;10;2003;Duque de Caxias;3301702
64;10;2003;São João de Meriti;3305109
65;10;2003;"Magé;Guapimirim";9999982
66;10;2003;Magé;3302502
71;10;2003;"Itaboraí;Tanguá";9999983
72;10;2003;São Gonçalo;3304904
73;10;2003;São Gonçalo;3304904
74;10;2003;São Gonçalo;3304904
75;10;2003;São Gonçalo;3304904
76;10;2003;Niterói;3303302
77;10;2003;Niterói;3303302
78;10;2003;Niterói;3303302
79;10;2003;Niterói;3303302
81;10;2003;Niterói;3303302
82;10;2003;Maricá;3302700
88;10;2003;Barra do Pirai;3300308
89;10;2003;Resende;3304201
90;10;2003;Barra Mansa;3300407
91;10;2003;Valença;3306107
92;10;2003;Rio das Flores;3304508
93;10;2003;Volta Redonda;3306305
94;10;2003;"Piraí;Pinheiral";9999988
95;10;2003;Vassouras;3306206
96;10;2003;"Miguel Pereira;Paty dos Alferes";9999999
97;10;2003;Mendes;3302809
98;10;2003;Engenheiro Paulo de Frontin;3301801
99;10;2003;Itatiaia;3302254
100;10;2003;"Porto Real;Quatis";9999992
104;10;2003;São José do Vale do Rio Preto;3305158
105;10;2003;Petrópolis;3303906
106;10;2003;Petrópolis;3303906
107;10;2003;Paraíba do Sul;3303708
108;10;2003;"Comendador Levy Gasparian;Areal;Três Rios";9999991
109;10;2003;Sapucaia;3305406
110;10;2003;Teresópolis;3305802
111;10;2003;Sumidouro;3305703
112;10;2003;Carmo;3301207
118;10;2003;Araruama;3300209
119;10;2003;Rio Bonito;3304300
120;10;2003;Silva Jardim;3305604
121;10;2003;Casimiro de Abreu;3301306
122;10;2003;Conceição de Macabú;3301405
123;10;2003;"Macaé;Quissamã;Carapebus";9999984
124;10;2003;Saquarema;3305505
125;10;2003;São Pedro da Aldeia;3305208
126;10;2003;"Cabo Frio;Arraial do Cabo";9999985
127;10;2003;Armação dos Búzios;3300233
128;10;2003;Rio das Ostras;3304524
129;10;2003;Iguaba Grande;3301876
134;10;2003;Campos dos Goytacazes;3301009
135;10;2003;Itaocara;3302106
136;10;2003;"Santo Antônio de Pádua;Aperibé";9999993
137;10;2003;Miracema;3303005
138;10;2003;Laje do Muriaé;3302304
139;10;2003;Porciúncula;3304102
140;10;2003;"Natividade;Varre-Sai";9999997
141;10;2003;São Fidélis;3304805
142;10;2003;Cambuci;3300902
143;10;2003;"Itaperuna;São José de Ubá;Cardoso Moreira;Italva";9999986
144;10;2003;Bom Jesus de Itabapoana;3300605
145;10;2003;São João da Barra;3305000
146;10;2003;Campos dos Goytacazes;3301009
147;10;2003;São Francisco de Itabapoana;3304755
151;10;2003;Nova Friburgo;3303401
152;10;2003;Duas Barras;3301603
153;10;2003;Cantagalo;3301108
154;10;2003;"Cordeiro;Macuco";9999998
155;10;2003;São Sebastião do Alto;3305307
156;10;2003;Santa Maria Madalena;3304607
157;10;2003;Trajano de Morais;3305901
158;10;2003;Bom Jardim;3300506
159;10;2003;Cachoeiras de Macacu;3300803
165;10;2003;Mangaratiba;3302601
166;10;2003;Angra dos Reis;3300100
167;10;2003;Paraty;3303807
168;10;2003;Rio Claro;3304409
1;11;2003;Rio de Janeiro;3304557
4;11;2003;Rio de Janeiro;3304557
5;11;2003;Rio de Janeiro;3304557
6;11;2003;Rio de Janeiro;3304557
7;11;2003;Rio de Janeiro;3304557
9;11;2003;Rio de Janeiro;3304557
10;11;2003;Rio de Janeiro;3304557
12;11;2003;Rio de Janeiro;3304557
13;11;2003;Rio de Janeiro;3304557
14;11;2003;Rio de Janeiro;3304557
15;11;2003;Rio de Janeiro;3304557
16;11;2003;Rio de Janeiro;3304557
17;11;2003;Rio de Janeiro;3304557
18;11;2003;Rio de Janeiro;3304557
19;11;2003;Rio de Janeiro;3304557
20;11;2003;Rio de Janeiro;3304557
21;11;2003;Rio de Janeiro;3304557
22;11;2003;Rio de Janeiro;3304557
23;11;2003;Rio de Janeiro;3304557
24;11;2003;Rio de Janeiro;3304557
25;11;2003;Rio de Janeiro;3304557
26;11;2003;Rio de Janeiro;3304557
27;11;2003;Rio de Janeiro;3304557
28;11;2003;Rio de Janeiro;3304557
29;11;2003;Rio de Janeiro;3304557
30;11;2003;Rio de Janeiro;3304557
31;11;2003;Rio de Janeiro;3304557
32;11;2003;Rio de Janeiro;3304557
33;11;2003;Rio de Janeiro;3304557
34;11;2003;Rio de Janeiro;3304557
35;11;2003;Rio de Janeiro;3304557
36;11;2003;Rio de Janeiro;3304557
37;11;2003;Rio de Janeiro;3304557
38;11;2003;Rio de Janeiro;3304557
39;11;2003;Rio de Janeiro;3304557
40;11;2003;Rio de Janeiro;3304557
41;11;2003;Rio de Janeiro;3304557
43;11;2003;Rio de Janeiro;3304557
44;11;2003;Rio de Janeiro;3304557
48;11;2003;Seropédica;3305554
50;11;2003;Itaguaí;3302007
51;11;2003;Paracambi;3303609
52;11;2003;Nova Iguaçu;3303500
53;11;2003;Mesquita;3302858
54;11;2003;Belford Roxo;3300456
55;11;2003;"Queimados;Japeri";9999981
56;11;2003;Nova Iguaçu;3303500
57;11;2003;Nilópolis;3303203
58;11;2003;Nova Iguaçu;3303500
59;11;2003;Duque de Caxias;3301702
60;11;2003;Duque de Caxias;3301702
61;11;2003;Duque de Caxias;3301702
62;11;2003;Duque de Caxias;3301702
64;11;2003;São João de Meriti;3305109
65;11;2003;"Magé;Guapimirim";9999982
66;11;2003;Magé;3302502
71;11;2003;"Itaboraí;Tanguá";9999983
72;11;2003;São Gonçalo;3304904
73;11;2003;São Gonçalo;3304904
74;11;2003;São Gonçalo;3304904
75;11;2003;São Gonçalo;3304904
76;11;2003;Niterói;3303302
77;11;2003;Niterói;3303302
78;11;2003;Niterói;3303302
79;11;2003;Niterói;3303302
81;11;2003;Niterói;3303302
82;11;2003;Maricá;3302700
88;11;2003;Barra do Pirai;3300308
89;11;2003;Resende;3304201
90;11;2003;Barra Mansa;3300407
91;11;2003;Valença;3306107
92;11;2003;Rio das Flores;3304508
93;11;2003;Volta Redonda;3306305
94;11;2003;"Piraí;Pinheiral";9999988
95;11;2003;Vassouras;3306206
96;11;2003;"Miguel Pereira;Paty dos Alferes";9999999
97;11;2003;Mendes;3302809
98;11;2003;Engenheiro Paulo de Frontin;3301801
99;11;2003;Itatiaia;3302254
100;11;2003;"Porto Real;Quatis";9999992
104;11;2003;São José do Vale do Rio Preto;3305158
105;11;2003;Petrópolis;3303906
106;11;2003;Petrópolis;3303906
107;11;2003;Paraíba do Sul;3303708
108;11;2003;"Comendador Levy Gasparian;Areal;Três Rios";9999991
109;11;2003;Sapucaia;3305406
110;11;2003;Teresópolis;3305802
111;11;2003;Sumidouro;3305703
112;11;2003;Carmo;3301207
118;11;2003;Araruama;3300209
119;11;2003;Rio Bonito;3304300
120;11;2003;Silva Jardim;3305604
121;11;2003;Casimiro de Abreu;3301306
122;11;2003;Conceição de Macabú;3301405
123;11;2003;"Macaé;Quissamã;Carapebus";9999984
124;11;2003;Saquarema;3305505
125;11;2003;São Pedro da Aldeia;3305208
126;11;2003;"Cabo Frio;Arraial do Cabo";9999985
127;11;2003;Armação dos Búzios;3300233
128;11;2003;Rio das Ostras;3304524
129;11;2003;Iguaba Grande;3301876
134;11;2003;Campos dos Goytacazes;3301009
135;11;2003;Itaocara;3302106
136;11;2003;"Santo Antônio de Pádua;Aperibé";9999993
137;11;2003;Miracema;3303005
138;11;2003;Laje do Muriaé;3302304
139;11;2003;Porciúncula;3304102
140;11;2003;"Natividade;Varre-Sai";9999997
141;11;2003;São Fidélis;3304805
142;11;2003;Cambuci;3300902
143;11;2003;"Itaperuna;São José de Ubá;Cardoso Moreira;Italva";9999986
144;11;2003;Bom Jesus de Itabapoana;3300605
145;11;2003;São João da Barra;3305000
146;11;2003;Campos dos Goytacazes;3301009
147;11;2003;São Francisco de Itabapoana;3304755
151;11;2003;Nova Friburgo;3303401
152;11;2003;Duas Barras;3301603
153;11;2003;Cantagalo;3301108
154;11;2003;"Cordeiro;Macuco";9999998
155;11;2003;São Sebastião do Alto;3305307
156;11;2003;Santa Maria Madalena;3304607
157;11;2003;Trajano de Morais;3305901
158;11;2003;Bom Jardim;3300506
159;11;2003;Cachoeiras de Macacu;3300803
165;11;2003;Mangaratiba;3302601
166;11;2003;Angra dos Reis;3300100
167;11;2003;Paraty;3303807
168;11;2003;Rio Claro;3304409
1;12;2003;Rio de Janeiro;3304557
4;12;2003;Rio de Janeiro;3304557
5;12;2003;Rio de Janeiro;3304557
6;12;2003;Rio de Janeiro;3304557
7;12;2003;Rio de Janeiro;3304557
9;12;2003;Rio de Janeiro;3304557
10;12;2003;Rio de Janeiro;3304557
12;12;2003;Rio de Janeiro;3304557
13;12;2003;Rio de Janeiro;3304557
14;12;2003;Rio de Janeiro;3304557
15;12;2003;Rio de Janeiro;3304557
16;12;2003;Rio de Janeiro;3304557
17;12;2003;Rio de Janeiro;3304557
18;12;2003;Rio de Janeiro;3304557
19;12;2003;Rio de Janeiro;3304557
20;12;2003;Rio de Janeiro;3304557
21;12;2003;Rio de Janeiro;3304557
22;12;2003;Rio de Janeiro;3304557
23;12;2003;Rio de Janeiro;3304557
24;12;2003;Rio de Janeiro;3304557
25;12;2003;Rio de Janeiro;3304557
26;12;2003;Rio de Janeiro;3304557
27;12;2003;Rio de Janeiro;3304557
28;12;2003;Rio de Janeiro;3304557
29;12;2003;Rio de Janeiro;3304557
30;12;2003;Rio de Janeiro;3304557
31;12;2003;Rio de Janeiro;3304557
32;12;2003;Rio de Janeiro;3304557
33;12;2003;Rio de Janeiro;3304557
34;12;2003;Rio de Janeiro;3304557
35;12;2003;Rio de Janeiro;3304557
36;12;2003;Rio de Janeiro;3304557
37;12;2003;Rio de Janeiro;3304557
38;12;2003;Rio de Janeiro;3304557
39;12;2003;Rio de Janeiro;3304557
40;12;2003;Rio de Janeiro;3304557
41;12;2003;Rio de Janeiro;3304557
43;12;2003;Rio de Janeiro;3304557
44;12;2003;Rio de Janeiro;3304557
48;12;2003;Seropédica;3305554
50;12;2003;Itaguaí;3302007
51;12;2003;Paracambi;3303609
52;12;2003;Nova Iguaçu;3303500
53;12;2003;Mesquita;3302858
54;12;2003;Belford Roxo;3300456
55;12;2003;"Queimados;Japeri";9999981
56;12;2003;Nova Iguaçu;3303500
57;12;2003;Nilópolis;3303203
58;12;2003;Nova Iguaçu;3303500
59;12;2003;Duque de Caxias;3301702
60;12;2003;Duque de Caxias;3301702
61;12;2003;Duque de Caxias;3301702
62;12;2003;Duque de Caxias;3301702
64;12;2003;São João de Meriti;3305109
65;12;2003;"Magé;Guapimirim";9999982
66;12;2003;Magé;3302502
71;12;2003;"Itaboraí;Tanguá";9999983
72;12;2003;São Gonçalo;3304904
73;12;2003;São Gonçalo;3304904
74;12;2003;São Gonçalo;3304904
75;12;2003;São Gonçalo;3304904
76;12;2003;Niterói;3303302
77;12;2003;Niterói;3303302
78;12;2003;Niterói;3303302
79;12;2003;Niterói;3303302
81;12;2003;Niterói;3303302
82;12;2003;Maricá;3302700
88;12;2003;Barra do Pirai;3300308
89;12;2003;Resende;3304201
90;12;2003;Barra Mansa;3300407
91;12;2003;Valença;3306107
92;12;2003;Rio das Flores;3304508
93;12;2003;Volta Redonda;3306305
94;12;2003;"Piraí;Pinheiral";9999988
95;12;2003;Vassouras;3306206
96;12;2003;"Miguel Pereira;Paty dos Alferes";9999999
97;12;2003;Mendes;3302809
98;12;2003;Engenheiro Paulo de Frontin;3301801
99;12;2003;Itatiaia;3302254
100;12;2003;"Porto Real;Quatis";9999992
104;12;2003;São José do Vale do Rio Preto;3305158
105;12;2003;Petrópolis;3303906
106;12;2003;Petrópolis;3303906
107;12;2003;Paraíba do Sul;3303708
108;12;2003;"Comendador Levy Gasparian;Areal;Três Rios";9999991
109;12;2003;Sapucaia;3305406
110;12;2003;Teresópolis;3305802
111;12;2003;Sumidouro;3305703
112;12;2003;Carmo;3301207
118;12;2003;Araruama;3300209
119;12;2003;Rio Bonito;3304300
120;12;2003;Silva Jardim;3305604
121;12;2003;Casimiro de Abreu;3301306
122;12;2003;Conceição de Macabú;3301405
123;12;2003;"Macaé;Quissamã;Carapebus";9999984
124;12;2003;Saquarema;3305505
125;12;2003;São Pedro da Aldeia;3305208
126;12;2003;"Cabo Frio;Arraial do Cabo";9999985
127;12;2003;Armação dos Búzios;3300233
128;12;2003;Rio das Ostras;3304524
129;12;2003;Iguaba Grande;3301876
134;12;2003;Campos dos Goytacazes;3301009
135;12;2003;Itaocara;3302106
136;12;2003;"Santo Antônio de Pádua;Aperibé";9999993
137;12;2003;Miracema;3303005
138;12;2003;Laje do Muriaé;3302304
139;12;2003;Porciúncula;3304102
140;12;2003;"Natividade;Varre-Sai";9999997
141;12;2003;São Fidélis;3304805
142;12;2003;Cambuci;3300902
143;12;2003;"Itaperuna;São José de Ubá;Cardoso Moreira;Italva";9999986
144;12;2003;Bom Jesus de Itabapoana;3300605
145;12;2003;São João da Barra;3305000
146;12;2003;Campos dos Goytacazes;3301009
147;12;2003;São Francisco de Itabapoana;3304755
151;12;2003;Nova Friburgo;3303401
152;12;2003;Duas Barras;3301603
153;12;2003;Cantagalo;3301108
154;12;2003;"Cordeiro;Macuco";9999998
155;12;2003;São Sebastião do Alto;3305307
156;12;2003;Santa Maria Madalena;3304607
157;12;2003;Trajano de Morais;3305901
158;12;2003;Bom Jardim;3300506
159;12;2003;Cachoeiras de Macacu;3300803
165;12;2003;Mangaratiba;3302601
166;12;2003;Angra dos Reis;3300100
167;12;2003;Paraty;3303807
168;12;2003;Rio Claro;3304409
1;1;2004;Rio de Janeiro;3304557
4;1;2004;Rio de Janeiro;3304557
5;1;2004;Rio de Janeiro;3304557
6;1;2004;Rio de Janeiro;3304557
7;1;2004;Rio de Janeiro;3304557
9;1;2004;Rio de Janeiro;3304557
10;1;2004;Rio de Janeiro;3304557
12;1;2004;Rio de Janeiro;3304557
13;1;2004;Rio de Janeiro;3304557
14;1;2004;Rio de Janeiro;3304557
15;1;2004;Rio de Janeiro;3304557
16;1;2004;Rio de Janeiro;3304557
17;1;2004;Rio de Janeiro;3304557
18;1;2004;Rio de Janeiro;3304557
19;1;2004;Rio de Janeiro;3304557
20;1;2004;Rio de Janeiro;3304557
21;1;2004;Rio de Janeiro;3304557
22;1;2004;Rio de Janeiro;3304557
23;1;2004;Rio de Janeiro;3304557
24;1;2004;Rio de Janeiro;3304557
25;1;2004;Rio de Janeiro;3304557
26;1;2004;Rio de Janeiro;3304557
27;1;2004;Rio de Janeiro;3304557
28;1;2004;Rio de Janeiro;3304557
29;1;2004;Rio de Janeiro;3304557
30;1;2004;Rio de Janeiro;3304557
31;1;2004;Rio de Janeiro;3304557
32;1;2004;Rio de Janeiro;3304557
33;1;2004;Rio de Janeiro;3304557
34;1;2004;Rio de Janeiro;3304557
35;1;2004;Rio de Janeiro;3304557
36;1;2004;Rio de Janeiro;3304557
37;1;2004;Rio de Janeiro;3304557
38;1;2004;Rio de Janeiro;3304557
39;1;2004;Rio de Janeiro;3304557
40;1;2004;Rio de Janeiro;3304557
41;1;2004;Rio de Janeiro;3304557
43;1;2004;Rio de Janeiro;3304557
44;1;2004;Rio de Janeiro;3304557
48;1;2004;Seropédica;3305554
50;1;2004;Itaguaí;3302007
51;1;2004;Paracambi;3303609
52;1;2004;Nova Iguaçu;3303500
53;1;2004;Mesquita;3302858
54;1;2004;Belford Roxo;3300456
55;1;2004;Queimados;3304144
56;1;2004;Nova Iguaçu;3303500
57;1;2004;Nilópolis;3303203
58;1;2004;Nova Iguaçu;3303500
59;1;2004;Duque de Caxias;3301702
60;1;2004;Duque de Caxias;3301702
61;1;2004;Duque de Caxias;3301702
62;1;2004;Duque de Caxias;3301702
63;1;2004;Japeri;3302270
64;1;2004;São João de Meriti;3305109
65;1;2004;"Magé;Guapimirim";9999982
66;1;2004;Magé;3302502
71;1;2004;"Itaboraí;Tanguá";9999983
72;1;2004;São Gonçalo;3304904
73;1;2004;São Gonçalo;3304904
74;1;2004;São Gonçalo;3304904
75;1;2004;São Gonçalo;3304904
76;1;2004;Niterói;3303302
77;1;2004;Niterói;3303302
78;1;2004;Niterói;3303302
79;1;2004;Niterói;3303302
81;1;2004;Niterói;3303302
82;1;2004;Maricá;3302700
88;1;2004;Barra do Pirai;3300308
89;1;2004;Resende;3304201
90;1;2004;Barra Mansa;3300407
91;1;2004;Valença;3306107
92;1;2004;Rio das Flores;3304508
93;1;2004;Volta Redonda;3306305
94;1;2004;Piraí;3304003
95;1;2004;Vassouras;3306206
96;1;2004;"Miguel Pereira;Paty dos Alferes";9999999
97;1;2004;Mendes;3302809
98;1;2004;Engenheiro Paulo de Frontin;3301801
99;1;2004;Itatiaia;3302254
100;1;2004;"Porto Real;Quatis";9999992
101;1;2004;Pinheiral;3303955
104;1;2004;São José do Vale do Rio Preto;3305158
105;1;2004;Petrópolis;3303906
106;1;2004;Petrópolis;3303906
107;1;2004;Paraíba do Sul;3303708
108;1;2004;"Comendador Levy Gasparian;Areal;Três Rios";9999991
109;1;2004;Sapucaia;3305406
110;1;2004;Teresópolis;3305802
111;1;2004;Sumidouro;3305703
112;1;2004;Carmo;3301207
118;1;2004;Araruama;3300209
119;1;2004;Rio Bonito;3304300
120;1;2004;Silva Jardim;3305604
121;1;2004;Casimiro de Abreu;3301306
122;1;2004;Conceição de Macabú;3301405
123;1;2004;"Macaé;Quissamã;Carapebus";9999984
124;1;2004;Saquarema;3305505
125;1;2004;São Pedro da Aldeia;3305208
126;1;2004;"Cabo Frio;Arraial do Cabo";9999985
127;1;2004;Armação dos Búzios;3300233
128;1;2004;Rio das Ostras;3304524
129;1;2004;Iguaba Grande;3301876
134;1;2004;Campos dos Goytacazes;3301009
135;1;2004;Itaocara;3302106
136;1;2004;"Santo Antônio de Pádua;Aperibé";9999993
137;1;2004;Miracema;3303005
138;1;2004;Laje do Muriaé;3302304
139;1;2004;Porciúncula;3304102
140;1;2004;"Natividade;Varre-Sai";9999997
141;1;2004;São Fidélis;3304805
142;1;2004;Cambuci;3300902
143;1;2004;"Itaperuna;São José de Ubá;Cardoso Moreira;Italva";9999986
144;1;2004;Bom Jesus de Itabapoana;3300605
145;1;2004;São João da Barra;3305000
146;1;2004;Campos dos Goytacazes;3301009
147;1;2004;São Francisco de Itabapoana;3304755
151;1;2004;Nova Friburgo;3303401
152;1;2004;Duas Barras;3301603
153;1;2004;Cantagalo;3301108
154;1;2004;"Cordeiro;Macuco";9999998
155;1;2004;São Sebastião do Alto;3305307
156;1;2004;Santa Maria Madalena;3304607
157;1;2004;Trajano de Morais;3305901
158;1;2004;Bom Jardim;3300506
159;1;2004;Cachoeiras de Macacu;3300803
165;1;2004;Mangaratiba;3302601
166;1;2004;Angra dos Reis;3300100
167;1;2004;Paraty;3303807
168;1;2004;Rio Claro;3304409
1;2;2004;Rio de Janeiro;3304557
4;2;2004;Rio de Janeiro;3304557
5;2;2004;Rio de Janeiro;3304557
6;2;2004;Rio de Janeiro;3304557
7;2;2004;Rio de Janeiro;3304557
9;2;2004;Rio de Janeiro;3304557
10;2;2004;Rio de Janeiro;3304557
12;2;2004;Rio de Janeiro;3304557
13;2;2004;Rio de Janeiro;3304557
14;2;2004;Rio de Janeiro;3304557
15;2;2004;Rio de Janeiro;3304557
16;2;2004;Rio de Janeiro;3304557
17;2;2004;Rio de Janeiro;3304557
18;2;2004;Rio de Janeiro;3304557
19;2;2004;Rio de Janeiro;3304557
20;2;2004;Rio de Janeiro;3304557
21;2;2004;Rio de Janeiro;3304557
22;2;2004;Rio de Janeiro;3304557
23;2;2004;Rio de Janeiro;3304557
24;2;2004;Rio de Janeiro;3304557
25;2;2004;Rio de Janeiro;3304557
26;2;2004;Rio de Janeiro;3304557
27;2;2004;Rio de Janeiro;3304557
28;2;2004;Rio de Janeiro;3304557
29;2;2004;Rio de Janeiro;3304557
30;2;2004;Rio de Janeiro;3304557
31;2;2004;Rio de Janeiro;3304557
32;2;2004;Rio de Janeiro;3304557
33;2;2004;Rio de Janeiro;3304557
34;2;2004;Rio de Janeiro;3304557
35;2;2004;Rio de Janeiro;3304557
36;2;2004;Rio de Janeiro;3304557
37;2;2004;Rio de Janeiro;3304557
38;2;2004;Rio de Janeiro;3304557
39;2;2004;Rio de Janeiro;3304557
40;2;2004;Rio de Janeiro;3304557
41;2;2004;Rio de Janeiro;3304557
43;2;2004;Rio de Janeiro;3304557
44;2;2004;Rio de Janeiro;3304557
48;2;2004;Seropédica;3305554
50;2;2004;Itaguaí;3302007
51;2;2004;Paracambi;3303609
52;2;2004;Nova Iguaçu;3303500
53;2;2004;Mesquita;3302858
54;2;2004;Belford Roxo;3300456
55;2;2004;Queimados;3304144
56;2;2004;Nova Iguaçu;3303500
57;2;2004;Nilópolis;3303203
58;2;2004;Nova Iguaçu;3303500
59;2;2004;Duque de Caxias;3301702
60;2;2004;Duque de Caxias;3301702
61;2;2004;Duque de Caxias;3301702
62;2;2004;Duque de Caxias;3301702
63;2;2004;Japeri;3302270
64;2;2004;São João de Meriti;3305109
65;2;2004;"Magé;Guapimirim";9999982
66;2;2004;Magé;3302502
71;2;2004;"Itaboraí;Tanguá";9999983
72;2;2004;São Gonçalo;3304904
73;2;2004;São Gonçalo;3304904
74;2;2004;São Gonçalo;3304904
75;2;2004;São Gonçalo;3304904
76;2;2004;Niterói;3303302
77;2;2004;Niterói;3303302
78;2;2004;Niterói;3303302
79;2;2004;Niterói;3303302
81;2;2004;Niterói;3303302
82;2;2004;Maricá;3302700
88;2;2004;Barra do Pirai;3300308
89;2;2004;Resende;3304201
90;2;2004;Barra Mansa;3300407
91;2;2004;Valença;3306107
92;2;2004;Rio das Flores;3304508
93;2;2004;Volta Redonda;3306305
94;2;2004;Piraí;3304003
95;2;2004;Vassouras;3306206
96;2;2004;"Miguel Pereira;Paty dos Alferes";9999999
97;2;2004;Mendes;3302809
98;2;2004;Engenheiro Paulo de Frontin;3301801
99;2;2004;Itatiaia;3302254
100;2;2004;"Porto Real;Quatis";9999992
101;2;2004;Pinheiral;3303955
104;2;2004;São José do Vale do Rio Preto;3305158
105;2;2004;Petrópolis;3303906
106;2;2004;Petrópolis;3303906
107;2;2004;Paraíba do Sul;3303708
108;2;2004;"Comendador Levy Gasparian;Areal;Três Rios";9999991
109;2;2004;Sapucaia;3305406
110;2;2004;Teresópolis;3305802
111;2;2004;Sumidouro;3305703
112;2;2004;Carmo;3301207
118;2;2004;Araruama;3300209
119;2;2004;Rio Bonito;3304300
120;2;2004;Silva Jardim;3305604
121;2;2004;Casimiro de Abreu;3301306
122;2;2004;Conceição de Macabú;3301405
123;2;2004;"Macaé;Quissamã;Carapebus";9999984
124;2;2004;Saquarema;3305505
125;2;2004;São Pedro da Aldeia;3305208
126;2;2004;"Cabo Frio;Arraial do Cabo";9999985
127;2;2004;Armação dos Búzios;3300233
128;2;2004;Rio das Ostras;3304524
129;2;2004;Iguaba Grande;3301876
134;2;2004;Campos dos Goytacazes;3301009
135;2;2004;Itaocara;3302106
136;2;2004;"Santo Antônio de Pádua;Aperibé";9999993
137;2;2004;Miracema;3303005
138;2;2004;Laje do Muriaé;3302304
139;2;2004;Porciúncula;3304102
140;2;2004;"Natividade;Varre-Sai";9999997
141;2;2004;São Fidélis;3304805
142;2;2004;Cambuci;3300902
143;2;2004;"Itaperuna;São José de Ubá;Cardoso Moreira;Italva";9999986
144;2;2004;Bom Jesus de Itabapoana;3300605
145;2;2004;São João da Barra;3305000
146;2;2004;Campos dos Goytacazes;3301009
147;2;2004;São Francisco de Itabapoana;3304755
151;2;2004;Nova Friburgo;3303401
152;2;2004;Duas Barras;3301603
153;2;2004;Cantagalo;3301108
154;2;2004;"Cordeiro;Macuco";9999998
155;2;2004;São Sebastião do Alto;3305307
156;2;2004;Santa Maria Madalena;3304607
157;2;2004;Trajano de Morais;3305901
158;2;2004;Bom Jardim;3300506
159;2;2004;Cachoeiras de Macacu;3300803
165;2;2004;Mangaratiba;3302601
166;2;2004;Angra dos Reis;3300100
167;2;2004;Paraty;3303807
168;2;2004;Rio Claro;3304409
1;3;2004;Rio de Janeiro;3304557
4;3;2004;Rio de Janeiro;3304557
5;3;2004;Rio de Janeiro;3304557
6;3;2004;Rio de Janeiro;3304557
7;3;2004;Rio de Janeiro;3304557
9;3;2004;Rio de Janeiro;3304557
10;3;2004;Rio de Janeiro;3304557
12;3;2004;Rio de Janeiro;3304557
13;3;2004;Rio de Janeiro;3304557
14;3;2004;Rio de Janeiro;3304557
15;3;2004;Rio de Janeiro;3304557
16;3;2004;Rio de Janeiro;3304557
17;3;2004;Rio de Janeiro;3304557
18;3;2004;Rio de Janeiro;3304557
19;3;2004;Rio de Janeiro;3304557
20;3;2004;Rio de Janeiro;3304557
21;3;2004;Rio de Janeiro;3304557
22;3;2004;Rio de Janeiro;3304557
23;3;2004;Rio de Janeiro;3304557
24;3;2004;Rio de Janeiro;3304557
25;3;2004;Rio de Janeiro;3304557
26;3;2004;Rio de Janeiro;3304557
27;3;2004;Rio de Janeiro;3304557
28;3;2004;Rio de Janeiro;3304557
29;3;2004;Rio de Janeiro;3304557
30;3;2004;Rio de Janeiro;3304557
31;3;2004;Rio de Janeiro;3304557
32;3;2004;Rio de Janeiro;3304557
33;3;2004;Rio de Janeiro;3304557
34;3;2004;Rio de Janeiro;3304557
35;3;2004;Rio de Janeiro;3304557
36;3;2004;Rio de Janeiro;3304557
37;3;2004;Rio de Janeiro;3304557
38;3;2004;Rio de Janeiro;3304557
39;3;2004;Rio de Janeiro;3304557
40;3;2004;Rio de Janeiro;3304557
41;3;2004;Rio de Janeiro;3304557
43;3;2004;Rio de Janeiro;3304557
44;3;2004;Rio de Janeiro;3304557
48;3;2004;Seropédica;3305554
50;3;2004;Itaguaí;3302007
51;3;2004;Paracambi;3303609
52;3;2004;Nova Iguaçu;3303500
53;3;2004;Mesquita;3302858
54;3;2004;Belford Roxo;3300456
55;3;2004;Queimados;3304144
56;3;2004;Nova Iguaçu;3303500
57;3;2004;Nilópolis;3303203
58;3;2004;Nova Iguaçu;3303500
59;3;2004;Duque de Caxias;3301702
60;3;2004;Duque de Caxias;3301702
61;3;2004;Duque de Caxias;3301702
62;3;2004;Duque de Caxias;3301702
63;3;2004;Japeri;3302270
64;3;2004;São João de Meriti;3305109
65;3;2004;"Magé;Guapimirim";9999982
66;3;2004;Magé;3302502
71;3;2004;"Itaboraí;Tanguá";9999983
72;3;2004;São Gonçalo;3304904
73;3;2004;São Gonçalo;3304904
74;3;2004;São Gonçalo;3304904
75;3;2004;São Gonçalo;3304904
76;3;2004;Niterói;3303302
77;3;2004;Niterói;3303302
78;3;2004;Niterói;3303302
79;3;2004;Niterói;3303302
81;3;2004;Niterói;3303302
82;3;2004;Maricá;3302700
88;3;2004;Barra do Pirai;3300308
89;3;2004;Resende;3304201
90;3;2004;Barra Mansa;3300407
91;3;2004;Valença;3306107
92;3;2004;Rio das Flores;3304508
93;3;2004;Volta Redonda;3306305
94;3;2004;Piraí;3304003
95;3;2004;Vassouras;3306206
96;3;2004;"Miguel Pereira;Paty dos Alferes";9999999
97;3;2004;Mendes;3302809
98;3;2004;Engenheiro Paulo de Frontin;3301801
99;3;2004;Itatiaia;3302254
100;3;2004;"Porto Real;Quatis";9999992
101;3;2004;Pinheiral;3303955
104;3;2004;São José do Vale do Rio Preto;3305158
105;3;2004;Petrópolis;3303906
106;3;2004;Petrópolis;3303906
107;3;2004;Paraíba do Sul;3303708
108;3;2004;"Comendador Levy Gasparian;Areal;Três Rios";9999991
109;3;2004;Sapucaia;3305406
110;3;2004;Teresópolis;3305802
111;3;2004;Sumidouro;3305703
112;3;2004;Carmo;3301207
118;3;2004;Araruama;3300209
119;3;2004;Rio Bonito;3304300
120;3;2004;Silva Jardim;3305604
121;3;2004;Casimiro de Abreu;3301306
122;3;2004;Conceição de Macabú;3301405
123;3;2004;"Macaé;Quissamã;Carapebus";9999984
124;3;2004;Saquarema;3305505
125;3;2004;São Pedro da Aldeia;3305208
126;3;2004;"Cabo Frio;Arraial do Cabo";9999985
127;3;2004;Armação dos Búzios;3300233
128;3;2004;Rio das Ostras;3304524
129;3;2004;Iguaba Grande;3301876
134;3;2004;Campos dos Goytacazes;3301009
135;3;2004;Itaocara;3302106
136;3;2004;"Santo Antônio de Pádua;Aperibé";9999993
137;3;2004;Miracema;3303005
138;3;2004;Laje do Muriaé;3302304
139;3;2004;Porciúncula;3304102
140;3;2004;"Natividade;Varre-Sai";9999997
141;3;2004;São Fidélis;3304805
142;3;2004;Cambuci;3300902
143;3;2004;"Itaperuna;São José de Ubá;Cardoso Moreira;Italva";9999986
144;3;2004;Bom Jesus de Itabapoana;3300605
145;3;2004;São João da Barra;3305000
146;3;2004;Campos dos Goytacazes;3301009
147;3;2004;São Francisco de Itabapoana;3304755
151;3;2004;Nova Friburgo;3303401
152;3;2004;Duas Barras;3301603
153;3;2004;Cantagalo;3301108
154;3;2004;"Cordeiro;Macuco";9999998
155;3;2004;São Sebastião do Alto;3305307
156;3;2004;Santa Maria Madalena;3304607
157;3;2004;Trajano de Morais;3305901
158;3;2004;Bom Jardim;3300506
159;3;2004;Cachoeiras de Macacu;3300803
165;3;2004;Mangaratiba;3302601
166;3;2004;Angra dos Reis;3300100
167;3;2004;Paraty;3303807
168;3;2004;Rio Claro;3304409
1;4;2004;Rio de Janeiro;3304557
4;4;2004;Rio de Janeiro;3304557
5;4;2004;Rio de Janeiro;3304557
6;4;2004;Rio de Janeiro;3304557
7;4;2004;Rio de Janeiro;3304557
9;4;2004;Rio de Janeiro;3304557
10;4;2004;Rio de Janeiro;3304557
12;4;2004;Rio de Janeiro;3304557
13;4;2004;Rio de Janeiro;3304557
14;4;2004;Rio de Janeiro;3304557
15;4;2004;Rio de Janeiro;3304557
16;4;2004;Rio de Janeiro;3304557
17;4;2004;Rio de Janeiro;3304557
18;4;2004;Rio de Janeiro;3304557
19;4;2004;Rio de Janeiro;3304557
20;4;2004;Rio de Janeiro;3304557
21;4;2004;Rio de Janeiro;3304557
22;4;2004;Rio de Janeiro;3304557
23;4;2004;Rio de Janeiro;3304557
24;4;2004;Rio de Janeiro;3304557
25;4;2004;Rio de Janeiro;3304557
26;4;2004;Rio de Janeiro;3304557
27;4;2004;Rio de Janeiro;3304557
28;4;2004;Rio de Janeiro;3304557
29;4;2004;Rio de Janeiro;3304557
30;4;2004;Rio de Janeiro;3304557
31;4;2004;Rio de Janeiro;3304557
32;4;2004;Rio de Janeiro;3304557
33;4;2004;Rio de Janeiro;3304557
34;4;2004;Rio de Janeiro;3304557
35;4;2004;Rio de Janeiro;3304557
36;4;2004;Rio de Janeiro;3304557
37;4;2004;Rio de Janeiro;3304557
38;4;2004;Rio de Janeiro;3304557
39;4;2004;Rio de Janeiro;3304557
40;4;2004;Rio de Janeiro;3304557
41;4;2004;Rio de Janeiro;3304557
43;4;2004;Rio de Janeiro;3304557
44;4;2004;Rio de Janeiro;3304557
48;4;2004;Seropédica;3305554
50;4;2004;Itaguaí;3302007
51;4;2004;Paracambi;3303609
52;4;2004;Nova Iguaçu;3303500
53;4;2004;Mesquita;3302858
54;4;2004;Belford Roxo;3300456
55;4;2004;Queimados;3304144
56;4;2004;Nova Iguaçu;3303500
57;4;2004;Nilópolis;3303203
58;4;2004;Nova Iguaçu;3303500
59;4;2004;Duque de Caxias;3301702
60;4;2004;Duque de Caxias;3301702
61;4;2004;Duque de Caxias;3301702
62;4;2004;Duque de Caxias;3301702
63;4;2004;Japeri;3302270
64;4;2004;São João de Meriti;3305109
65;4;2004;"Magé;Guapimirim";9999982
66;4;2004;Magé;3302502
71;4;2004;"Itaboraí;Tanguá";9999983
72;4;2004;São Gonçalo;3304904
73;4;2004;São Gonçalo;3304904
74;4;2004;São Gonçalo;3304904
75;4;2004;São Gonçalo;3304904
76;4;2004;Niterói;3303302
77;4;2004;Niterói;3303302
78;4;2004;Niterói;3303302
79;4;2004;Niterói;3303302
81;4;2004;Niterói;3303302
82;4;2004;Maricá;3302700
88;4;2004;Barra do Pirai;3300308
89;4;2004;Resende;3304201
90;4;2004;Barra Mansa;3300407
91;4;2004;Valença;3306107
92;4;2004;Rio das Flores;3304508
93;4;2004;Volta Redonda;3306305
94;4;2004;Piraí;3304003
95;4;2004;Vassouras;3306206
96;4;2004;"Miguel Pereira;Paty dos Alferes";9999999
97;4;2004;Mendes;3302809
98;4;2004;Engenheiro Paulo de Frontin;3301801
99;4;2004;Itatiaia;3302254
100;4;2004;"Porto Real;Quatis";9999992
101;4;2004;Pinheiral;3303955
104;4;2004;São José do Vale do Rio Preto;3305158
105;4;2004;Petrópolis;3303906
106;4;2004;Petrópolis;3303906
107;4;2004;Paraíba do Sul;3303708
108;4;2004;"Comendador Levy Gasparian;Areal;Três Rios";9999991
109;4;2004;Sapucaia;3305406
110;4;2004;Teresópolis;3305802
111;4;2004;Sumidouro;3305703
112;4;2004;Carmo;3301207
118;4;2004;Araruama;3300209
119;4;2004;Rio Bonito;3304300
120;4;2004;Silva Jardim;3305604
121;4;2004;Casimiro de Abreu;3301306
122;4;2004;Conceição de Macabú;3301405
123;4;2004;"Macaé;Quissamã;Carapebus";9999984
124;4;2004;Saquarema;3305505
125;4;2004;São Pedro da Aldeia;3305208
126;4;2004;"Cabo Frio;Arraial do Cabo";9999985
127;4;2004;Armação dos Búzios;3300233
128;4;2004;Rio das Ostras;3304524
129;4;2004;Iguaba Grande;3301876
134;4;2004;Campos dos Goytacazes;3301009
135;4;2004;Itaocara;3302106
136;4;2004;"Santo Antônio de Pádua;Aperibé";9999993
137;4;2004;Miracema;3303005
138;4;2004;Laje do Muriaé;3302304
139;4;2004;Porciúncula;3304102
140;4;2004;"Natividade;Varre-Sai";9999997
141;4;2004;São Fidélis;3304805
142;4;2004;Cambuci;3300902
143;4;2004;"Itaperuna;São José de Ubá;Cardoso Moreira;Italva";9999986
144;4;2004;Bom Jesus de Itabapoana;3300605
145;4;2004;São João da Barra;3305000
146;4;2004;Campos dos Goytacazes;3301009
147;4;2004;São Francisco de Itabapoana;3304755
151;4;2004;Nova Friburgo;3303401
152;4;2004;Duas Barras;3301603
153;4;2004;Cantagalo;3301108
154;4;2004;"Cordeiro;Macuco";9999998
155;4;2004;São Sebastião do Alto;3305307
156;4;2004;Santa Maria Madalena;3304607
157;4;2004;Trajano de Morais;3305901
158;4;2004;Bom Jardim;3300506
159;4;2004;Cachoeiras de Macacu;3300803
165;4;2004;Mangaratiba;3302601
166;4;2004;Angra dos Reis;3300100
167;4;2004;Paraty;3303807
168;4;2004;Rio Claro;3304409
1;5;2004;Rio de Janeiro;3304557
4;5;2004;Rio de Janeiro;3304557
5;5;2004;Rio de Janeiro;3304557
6;5;2004;Rio de Janeiro;3304557
7;5;2004;Rio de Janeiro;3304557
9;5;2004;Rio de Janeiro;3304557
10;5;2004;Rio de Janeiro;3304557
12;5;2004;Rio de Janeiro;3304557
13;5;2004;Rio de Janeiro;3304557
14;5;2004;Rio de Janeiro;3304557
15;5;2004;Rio de Janeiro;3304557
16;5;2004;Rio de Janeiro;3304557
17;5;2004;Rio de Janeiro;3304557
18;5;2004;Rio de Janeiro;3304557
19;5;2004;Rio de Janeiro;3304557
20;5;2004;Rio de Janeiro;3304557
21;5;2004;Rio de Janeiro;3304557
22;5;2004;Rio de Janeiro;3304557
23;5;2004;Rio de Janeiro;3304557
24;5;2004;Rio de Janeiro;3304557
25;5;2004;Rio de Janeiro;3304557
26;5;2004;Rio de Janeiro;3304557
27;5;2004;Rio de Janeiro;3304557
28;5;2004;Rio de Janeiro;3304557
29;5;2004;Rio de Janeiro;3304557
30;5;2004;Rio de Janeiro;3304557
31;5;2004;Rio de Janeiro;3304557
32;5;2004;Rio de Janeiro;3304557
33;5;2004;Rio de Janeiro;3304557
34;5;2004;Rio de Janeiro;3304557
35;5;2004;Rio de Janeiro;3304557
36;5;2004;Rio de Janeiro;3304557
37;5;2004;Rio de Janeiro;3304557
38;5;2004;Rio de Janeiro;3304557
39;5;2004;Rio de Janeiro;3304557
40;5;2004;Rio de Janeiro;3304557
41;5;2004;Rio de Janeiro;3304557
43;5;2004;Rio de Janeiro;3304557
44;5;2004;Rio de Janeiro;3304557
48;5;2004;Seropédica;3305554
50;5;2004;Itaguaí;3302007
51;5;2004;Paracambi;3303609
52;5;2004;Nova Iguaçu;3303500
53;5;2004;Mesquita;3302858
54;5;2004;Belford Roxo;3300456
55;5;2004;Queimados;3304144
56;5;2004;Nova Iguaçu;3303500
57;5;2004;Nilópolis;3303203
58;5;2004;Nova Iguaçu;3303500
59;5;2004;Duque de Caxias;3301702
60;5;2004;Duque de Caxias;3301702
61;5;2004;Duque de Caxias;3301702
62;5;2004;Duque de Caxias;3301702
63;5;2004;Japeri;3302270
64;5;2004;São João de Meriti;3305109
65;5;2004;"Magé;Guapimirim";9999982
66;5;2004;Magé;3302502
71;5;2004;"Itaboraí;Tanguá";9999983
72;5;2004;São Gonçalo;3304904
73;5;2004;São Gonçalo;3304904
74;5;2004;São Gonçalo;3304904
75;5;2004;São Gonçalo;3304904
76;5;2004;Niterói;3303302
77;5;2004;Niterói;3303302
78;5;2004;Niterói;3303302
79;5;2004;Niterói;3303302
81;5;2004;Niterói;3303302
82;5;2004;Maricá;3302700
88;5;2004;Barra do Pirai;3300308
89;5;2004;Resende;3304201
90;5;2004;Barra Mansa;3300407
91;5;2004;Valença;3306107
92;5;2004;Rio das Flores;3304508
93;5;2004;Volta Redonda;3306305
94;5;2004;Piraí;3304003
95;5;2004;Vassouras;3306206
96;5;2004;"Miguel Pereira;Paty dos Alferes";9999999
97;5;2004;Mendes;3302809
98;5;2004;Engenheiro Paulo de Frontin;3301801
99;5;2004;Itatiaia;3302254
100;5;2004;"Porto Real;Quatis";9999992
101;5;2004;Pinheiral;3303955
104;5;2004;São José do Vale do Rio Preto;3305158
105;5;2004;Petrópolis;3303906
106;5;2004;Petrópolis;3303906
107;5;2004;Paraíba do Sul;3303708
108;5;2004;"Comendador Levy Gasparian;Areal;Três Rios";9999991
109;5;2004;Sapucaia;3305406
110;5;2004;Teresópolis;3305802
111;5;2004;Sumidouro;3305703
112;5;2004;Carmo;3301207
118;5;2004;Araruama;3300209
119;5;2004;Rio Bonito;3304300
120;5;2004;Silva Jardim;3305604
121;5;2004;Casimiro de Abreu;3301306
122;5;2004;Conceição de Macabú;3301405
123;5;2004;"Macaé;Quissamã;Carapebus";9999984
124;5;2004;Saquarema;3305505
125;5;2004;São Pedro da Aldeia;3305208
126;5;2004;"Cabo Frio;Arraial do Cabo";9999985
127;5;2004;Armação dos Búzios;3300233
128;5;2004;Rio das Ostras;3304524
129;5;2004;Iguaba Grande;3301876
134;5;2004;Campos dos Goytacazes;3301009
135;5;2004;Itaocara;3302106
136;5;2004;"Santo Antônio de Pádua;Aperibé";9999993
137;5;2004;Miracema;3303005
138;5;2004;Laje do Muriaé;3302304
139;5;2004;Porciúncula;3304102
140;5;2004;"Natividade;Varre-Sai";9999997
141;5;2004;São Fidélis;3304805
142;5;2004;Cambuci;3300902
143;5;2004;"Itaperuna;São José de Ubá;Cardoso Moreira;Italva";9999986
144;5;2004;Bom Jesus de Itabapoana;3300605
145;5;2004;São João da Barra;3305000
146;5;2004;Campos dos Goytacazes;3301009
147;5;2004;São Francisco de Itabapoana;3304755
151;5;2004;Nova Friburgo;3303401
152;5;2004;Duas Barras;3301603
153;5;2004;Cantagalo;3301108
154;5;2004;"Cordeiro;Macuco";9999998
155;5;2004;São Sebastião do Alto;3305307
156;5;2004;Santa Maria Madalena;3304607
157;5;2004;Trajano de Morais;3305901
158;5;2004;Bom Jardim;3300506
159;5;2004;Cachoeiras de Macacu;3300803
165;5;2004;Mangaratiba;3302601
166;5;2004;Angra dos Reis;3300100
167;5;2004;Paraty;3303807
168;5;2004;Rio Claro;3304409
1;6;2004;Rio de Janeiro;3304557
4;6;2004;Rio de Janeiro;3304557
5;6;2004;Rio de Janeiro;3304557
6;6;2004;Rio de Janeiro;3304557
7;6;2004;Rio de Janeiro;3304557
9;6;2004;Rio de Janeiro;3304557
10;6;2004;Rio de Janeiro;3304557
12;6;2004;Rio de Janeiro;3304557
13;6;2004;Rio de Janeiro;3304557
14;6;2004;Rio de Janeiro;3304557
15;6;2004;Rio de Janeiro;3304557
16;6;2004;Rio de Janeiro;3304557
17;6;2004;Rio de Janeiro;3304557
18;6;2004;Rio de Janeiro;3304557
19;6;2004;Rio de Janeiro;3304557
20;6;2004;Rio de Janeiro;3304557
21;6;2004;Rio de Janeiro;3304557
22;6;2004;Rio de Janeiro;3304557
23;6;2004;Rio de Janeiro;3304557
24;6;2004;Rio de Janeiro;3304557
25;6;2004;Rio de Janeiro;3304557
26;6;2004;Rio de Janeiro;3304557
27;6;2004;Rio de Janeiro;3304557
28;6;2004;Rio de Janeiro;3304557
29;6;2004;Rio de Janeiro;3304557
30;6;2004;Rio de Janeiro;3304557
31;6;2004;Rio de Janeiro;3304557
32;6;2004;Rio de Janeiro;3304557
33;6;2004;Rio de Janeiro;3304557
34;6;2004;Rio de Janeiro;3304557
35;6;2004;Rio de Janeiro;3304557
36;6;2004;Rio de Janeiro;3304557
37;6;2004;Rio de Janeiro;3304557
38;6;2004;Rio de Janeiro;3304557
39;6;2004;Rio de Janeiro;3304557
40;6;2004;Rio de Janeiro;3304557
41;6;2004;Rio de Janeiro;3304557
43;6;2004;Rio de Janeiro;3304557
44;6;2004;Rio de Janeiro;3304557
48;6;2004;Seropédica;3305554
50;6;2004;Itaguaí;3302007
51;6;2004;Paracambi;3303609
52;6;2004;Nova Iguaçu;3303500
53;6;2004;Mesquita;3302858
54;6;2004;Belford Roxo;3300456
55;6;2004;Queimados;3304144
56;6;2004;Nova Iguaçu;3303500
57;6;2004;Nilópolis;3303203
58;6;2004;Nova Iguaçu;3303500
59;6;2004;Duque de Caxias;3301702
60;6;2004;Duque de Caxias;3301702
61;6;2004;Duque de Caxias;3301702
62;6;2004;Duque de Caxias;3301702
63;6;2004;Japeri;3302270
64;6;2004;São João de Meriti;3305109
65;6;2004;"Magé;Guapimirim";9999982
66;6;2004;Magé;3302502
71;6;2004;"Itaboraí;Tanguá";9999983
72;6;2004;São Gonçalo;3304904
73;6;2004;São Gonçalo;3304904
74;6;2004;São Gonçalo;3304904
75;6;2004;São Gonçalo;3304904
76;6;2004;Niterói;3303302
77;6;2004;Niterói;3303302
78;6;2004;Niterói;3303302
79;6;2004;Niterói;3303302
81;6;2004;Niterói;3303302
82;6;2004;Maricá;3302700
88;6;2004;Barra do Pirai;3300308
89;6;2004;Resende;3304201
90;6;2004;Barra Mansa;3300407
91;6;2004;Valença;3306107
92;6;2004;Rio das Flores;3304508
93;6;2004;Volta Redonda;3306305
94;6;2004;Piraí;3304003
95;6;2004;Vassouras;3306206
96;6;2004;"Miguel Pereira;Paty dos Alferes";9999999
97;6;2004;Mendes;3302809
98;6;2004;Engenheiro Paulo de Frontin;3301801
99;6;2004;Itatiaia;3302254
100;6;2004;"Porto Real;Quatis";9999992
101;6;2004;Pinheiral;3303955
104;6;2004;São José do Vale do Rio Preto;3305158
105;6;2004;Petrópolis;3303906
106;6;2004;Petrópolis;3303906
107;6;2004;Paraíba do Sul;3303708
108;6;2004;"Comendador Levy Gasparian;Areal;Três Rios";9999991
109;6;2004;Sapucaia;3305406
110;6;2004;Teresópolis;3305802
111;6;2004;Sumidouro;3305703
112;6;2004;Carmo;3301207
118;6;2004;Araruama;3300209
119;6;2004;Rio Bonito;3304300
120;6;2004;Silva Jardim;3305604
121;6;2004;Casimiro de Abreu;3301306
122;6;2004;Conceição de Macabú;3301405
123;6;2004;"Macaé;Quissamã;Carapebus";9999984
124;6;2004;Saquarema;3305505
125;6;2004;São Pedro da Aldeia;3305208
126;6;2004;"Cabo Frio;Arraial do Cabo";9999985
127;6;2004;Armação dos Búzios;3300233
128;6;2004;Rio das Ostras;3304524
129;6;2004;Iguaba Grande;3301876
134;6;2004;Campos dos Goytacazes;3301009
135;6;2004;Itaocara;3302106
136;6;2004;"Santo Antônio de Pádua;Aperibé";9999993
137;6;2004;Miracema;3303005
138;6;2004;Laje do Muriaé;3302304
139;6;2004;Porciúncula;3304102
140;6;2004;"Natividade;Varre-Sai";9999997
141;6;2004;São Fidélis;3304805
142;6;2004;Cambuci;3300902
143;6;2004;"Itaperuna;São José de Ubá;Cardoso Moreira;Italva";9999986
144;6;2004;Bom Jesus de Itabapoana;3300605
145;6;2004;São João da Barra;3305000
146;6;2004;Campos dos Goytacazes;3301009
147;6;2004;São Francisco de Itabapoana;3304755
151;6;2004;Nova Friburgo;3303401
152;6;2004;Duas Barras;3301603
153;6;2004;Cantagalo;3301108
154;6;2004;"Cordeiro;Macuco";9999998
155;6;2004;São Sebastião do Alto;3305307
156;6;2004;Santa Maria Madalena;3304607
157;6;2004;Trajano de Morais;3305901
158;6;2004;Bom Jardim;3300506
159;6;2004;Cachoeiras de Macacu;3300803
165;6;2004;Mangaratiba;3302601
166;6;2004;Angra dos Reis;3300100
167;6;2004;Paraty;3303807
168;6;2004;Rio Claro;3304409
1;7;2004;Rio de Janeiro;3304557
4;7;2004;Rio de Janeiro;3304557
5;7;2004;Rio de Janeiro;3304557
6;7;2004;Rio de Janeiro;3304557
7;7;2004;Rio de Janeiro;3304557
9;7;2004;Rio de Janeiro;3304557
10;7;2004;Rio de Janeiro;3304557
12;7;2004;Rio de Janeiro;3304557
13;7;2004;Rio de Janeiro;3304557
14;7;2004;Rio de Janeiro;3304557
15;7;2004;Rio de Janeiro;3304557
16;7;2004;Rio de Janeiro;3304557
17;7;2004;Rio de Janeiro;3304557
18;7;2004;Rio de Janeiro;3304557
19;7;2004;Rio de Janeiro;3304557
20;7;2004;Rio de Janeiro;3304557
21;7;2004;Rio de Janeiro;3304557
22;7;2004;Rio de Janeiro;3304557
23;7;2004;Rio de Janeiro;3304557
24;7;2004;Rio de Janeiro;3304557
25;7;2004;Rio de Janeiro;3304557
26;7;2004;Rio de Janeiro;3304557
27;7;2004;Rio de Janeiro;3304557
28;7;2004;Rio de Janeiro;3304557
29;7;2004;Rio de Janeiro;3304557
30;7;2004;Rio de Janeiro;3304557
31;7;2004;Rio de Janeiro;3304557
32;7;2004;Rio de Janeiro;3304557
33;7;2004;Rio de Janeiro;3304557
34;7;2004;Rio de Janeiro;3304557
35;7;2004;Rio de Janeiro;3304557
36;7;2004;Rio de Janeiro;3304557
37;7;2004;Rio de Janeiro;3304557
38;7;2004;Rio de Janeiro;3304557
39;7;2004;Rio de Janeiro;3304557
40;7;2004;Rio de Janeiro;3304557
41;7;2004;Rio de Janeiro;3304557
43;7;2004;Rio de Janeiro;3304557
44;7;2004;Rio de Janeiro;3304557
48;7;2004;Seropédica;3305554
50;7;2004;Itaguaí;3302007
51;7;2004;Paracambi;3303609
52;7;2004;Nova Iguaçu;3303500
53;7;2004;Mesquita;3302858
54;7;2004;Belford Roxo;3300456
55;7;2004;Queimados;3304144
56;7;2004;Nova Iguaçu;3303500
57;7;2004;Nilópolis;3303203
58;7;2004;Nova Iguaçu;3303500
59;7;2004;Duque de Caxias;3301702
60;7;2004;Duque de Caxias;3301702
61;7;2004;Duque de Caxias;3301702
62;7;2004;Duque de Caxias;3301702
63;7;2004;Japeri;3302270
64;7;2004;São João de Meriti;3305109
65;7;2004;"Magé;Guapimirim";9999982
66;7;2004;Magé;3302502
71;7;2004;"Itaboraí;Tanguá";9999983
72;7;2004;São Gonçalo;3304904
73;7;2004;São Gonçalo;3304904
74;7;2004;São Gonçalo;3304904
75;7;2004;São Gonçalo;3304904
76;7;2004;Niterói;3303302
77;7;2004;Niterói;3303302
78;7;2004;Niterói;3303302
79;7;2004;Niterói;3303302
81;7;2004;Niterói;3303302
82;7;2004;Maricá;3302700
88;7;2004;Barra do Pirai;3300308
89;7;2004;Resende;3304201
90;7;2004;Barra Mansa;3300407
91;7;2004;Valença;3306107
92;7;2004;Rio das Flores;3304508
93;7;2004;Volta Redonda;3306305
94;7;2004;Piraí;3304003
95;7;2004;Vassouras;3306206
96;7;2004;"Miguel Pereira;Paty dos Alferes";9999999
97;7;2004;Mendes;3302809
98;7;2004;Engenheiro Paulo de Frontin;3301801
99;7;2004;Itatiaia;3302254
100;7;2004;"Porto Real;Quatis";9999992
101;7;2004;Pinheiral;3303955
104;7;2004;São José do Vale do Rio Preto;3305158
105;7;2004;Petrópolis;3303906
106;7;2004;Petrópolis;3303906
107;7;2004;Paraíba do Sul;3303708
108;7;2004;"Comendador Levy Gasparian;Areal;Três Rios";9999991
109;7;2004;Sapucaia;3305406
110;7;2004;Teresópolis;3305802
111;7;2004;Sumidouro;3305703
112;7;2004;Carmo;3301207
118;7;2004;Araruama;3300209
119;7;2004;Rio Bonito;3304300
120;7;2004;Silva Jardim;3305604
121;7;2004;Casimiro de Abreu;3301306
122;7;2004;Conceição de Macabú;3301405
123;7;2004;"Macaé;Quissamã;Carapebus";9999984
124;7;2004;Saquarema;3305505
125;7;2004;São Pedro da Aldeia;3305208
126;7;2004;"Cabo Frio;Arraial do Cabo";9999985
127;7;2004;Armação dos Búzios;3300233
128;7;2004;Rio das Ostras;3304524
129;7;2004;Iguaba Grande;3301876
134;7;2004;Campos dos Goytacazes;3301009
135;7;2004;Itaocara;3302106
136;7;2004;"Santo Antônio de Pádua;Aperibé";9999993
137;7;2004;Miracema;3303005
138;7;2004;Laje do Muriaé;3302304
139;7;2004;Porciúncula;3304102
140;7;2004;"Natividade;Varre-Sai";9999997
141;7;2004;São Fidélis;3304805
142;7;2004;Cambuci;3300902
143;7;2004;"Itaperuna;São José de Ubá;Cardoso Moreira;Italva";9999986
144;7;2004;Bom Jesus de Itabapoana;3300605
145;7;2004;São João da Barra;3305000
146;7;2004;Campos dos Goytacazes;3301009
147;7;2004;São Francisco de Itabapoana;3304755
151;7;2004;Nova Friburgo;3303401
152;7;2004;Duas Barras;3301603
153;7;2004;Cantagalo;3301108
154;7;2004;"Cordeiro;Macuco";9999998
155;7;2004;São Sebastião do Alto;3305307
156;7;2004;Santa Maria Madalena;3304607
157;7;2004;Trajano de Morais;3305901
158;7;2004;Bom Jardim;3300506
159;7;2004;Cachoeiras de Macacu;3300803
165;7;2004;Mangaratiba;3302601
166;7;2004;Angra dos Reis;3300100
167;7;2004;Paraty;3303807
168;7;2004;Rio Claro;3304409
1;8;2004;Rio de Janeiro;3304557
4;8;2004;Rio de Janeiro;3304557
5;8;2004;Rio de Janeiro;3304557
6;8;2004;Rio de Janeiro;3304557
7;8;2004;Rio de Janeiro;3304557
9;8;2004;Rio de Janeiro;3304557
10;8;2004;Rio de Janeiro;3304557
12;8;2004;Rio de Janeiro;3304557
13;8;2004;Rio de Janeiro;3304557
14;8;2004;Rio de Janeiro;3304557
15;8;2004;Rio de Janeiro;3304557
16;8;2004;Rio de Janeiro;3304557
17;8;2004;Rio de Janeiro;3304557
18;8;2004;Rio de Janeiro;3304557
19;8;2004;Rio de Janeiro;3304557
20;8;2004;Rio de Janeiro;3304557
21;8;2004;Rio de Janeiro;3304557
22;8;2004;Rio de Janeiro;3304557
23;8;2004;Rio de Janeiro;3304557
24;8;2004;Rio de Janeiro;3304557
25;8;2004;Rio de Janeiro;3304557
26;8;2004;Rio de Janeiro;3304557
27;8;2004;Rio de Janeiro;3304557
28;8;2004;Rio de Janeiro;3304557
29;8;2004;Rio de Janeiro;3304557
30;8;2004;Rio de Janeiro;3304557
31;8;2004;Rio de Janeiro;3304557
32;8;2004;Rio de Janeiro;3304557
33;8;2004;Rio de Janeiro;3304557
34;8;2004;Rio de Janeiro;3304557
35;8;2004;Rio de Janeiro;3304557
36;8;2004;Rio de Janeiro;3304557
37;8;2004;Rio de Janeiro;3304557
38;8;2004;Rio de Janeiro;3304557
39;8;2004;Rio de Janeiro;3304557
40;8;2004;Rio de Janeiro;3304557
41;8;2004;Rio de Janeiro;3304557
43;8;2004;Rio de Janeiro;3304557
44;8;2004;Rio de Janeiro;3304557
48;8;2004;Seropédica;3305554
50;8;2004;Itaguaí;3302007
51;8;2004;Paracambi;3303609
52;8;2004;Nova Iguaçu;3303500
53;8;2004;Mesquita;3302858
54;8;2004;Belford Roxo;3300456
55;8;2004;Queimados;3304144
56;8;2004;Nova Iguaçu;3303500
57;8;2004;Nilópolis;3303203
58;8;2004;Nova Iguaçu;3303500
59;8;2004;Duque de Caxias;3301702
60;8;2004;Duque de Caxias;3301702
61;8;2004;Duque de Caxias;3301702
62;8;2004;Duque de Caxias;3301702
63;8;2004;Japeri;3302270
64;8;2004;São João de Meriti;3305109
65;8;2004;"Magé;Guapimirim";9999982
66;8;2004;Magé;3302502
71;8;2004;"Itaboraí;Tanguá";9999983
72;8;2004;São Gonçalo;3304904
73;8;2004;São Gonçalo;3304904
74;8;2004;São Gonçalo;3304904
75;8;2004;São Gonçalo;3304904
76;8;2004;Niterói;3303302
77;8;2004;Niterói;3303302
78;8;2004;Niterói;3303302
79;8;2004;Niterói;3303302
81;8;2004;Niterói;3303302
82;8;2004;Maricá;3302700
88;8;2004;Barra do Pirai;3300308
89;8;2004;Resende;3304201
90;8;2004;Barra Mansa;3300407
91;8;2004;Valença;3306107
92;8;2004;Rio das Flores;3304508
93;8;2004;Volta Redonda;3306305
94;8;2004;Piraí;3304003
95;8;2004;Vassouras;3306206
96;8;2004;"Miguel Pereira;Paty dos Alferes";9999999
97;8;2004;Mendes;3302809
98;8;2004;Engenheiro Paulo de Frontin;3301801
99;8;2004;Itatiaia;3302254
100;8;2004;"Porto Real;Quatis";9999992
101;8;2004;Pinheiral;3303955
104;8;2004;São José do Vale do Rio Preto;3305158
105;8;2004;Petrópolis;3303906
106;8;2004;Petrópolis;3303906
107;8;2004;Paraíba do Sul;3303708
108;8;2004;"Comendador Levy Gasparian;Areal;Três Rios";9999991
109;8;2004;Sapucaia;3305406
110;8;2004;Teresópolis;3305802
111;8;2004;Sumidouro;3305703
112;8;2004;Carmo;3301207
118;8;2004;Araruama;3300209
119;8;2004;Rio Bonito;3304300
120;8;2004;Silva Jardim;3305604
121;8;2004;Casimiro de Abreu;3301306
122;8;2004;Conceição de Macabú;3301405
123;8;2004;"Macaé;Quissamã;Carapebus";9999984
124;8;2004;Saquarema;3305505
125;8;2004;São Pedro da Aldeia;3305208
126;8;2004;"Cabo Frio;Arraial do Cabo";9999985
127;8;2004;Armação dos Búzios;3300233
128;8;2004;Rio das Ostras;3304524
129;8;2004;Iguaba Grande;3301876
134;8;2004;Campos dos Goytacazes;3301009
135;8;2004;Itaocara;3302106
136;8;2004;"Santo Antônio de Pádua;Aperibé";9999993
137;8;2004;Miracema;3303005
138;8;2004;Laje do Muriaé;3302304
139;8;2004;Porciúncula;3304102
140;8;2004;"Natividade;Varre-Sai";9999997
141;8;2004;São Fidélis;3304805
142;8;2004;Cambuci;3300902
143;8;2004;"Itaperuna;São José de Ubá;Cardoso Moreira;Italva";9999986
144;8;2004;Bom Jesus de Itabapoana;3300605
145;8;2004;São João da Barra;3305000
146;8;2004;Campos dos Goytacazes;3301009
147;8;2004;São Francisco de Itabapoana;3304755
151;8;2004;Nova Friburgo;3303401
152;8;2004;Duas Barras;3301603
153;8;2004;Cantagalo;3301108
154;8;2004;"Cordeiro;Macuco";9999998
155;8;2004;São Sebastião do Alto;3305307
156;8;2004;Santa Maria Madalena;3304607
157;8;2004;Trajano de Morais;3305901
158;8;2004;Bom Jardim;3300506
159;8;2004;Cachoeiras de Macacu;3300803
165;8;2004;Mangaratiba;3302601
166;8;2004;Angra dos Reis;3300100
167;8;2004;Paraty;3303807
168;8;2004;Rio Claro;3304409
1;9;2004;Rio de Janeiro;3304557
4;9;2004;Rio de Janeiro;3304557
5;9;2004;Rio de Janeiro;3304557
6;9;2004;Rio de Janeiro;3304557
7;9;2004;Rio de Janeiro;3304557
9;9;2004;Rio de Janeiro;3304557
10;9;2004;Rio de Janeiro;3304557
12;9;2004;Rio de Janeiro;3304557
13;9;2004;Rio de Janeiro;3304557
14;9;2004;Rio de Janeiro;3304557
15;9;2004;Rio de Janeiro;3304557
16;9;2004;Rio de Janeiro;3304557
17;9;2004;Rio de Janeiro;3304557
18;9;2004;Rio de Janeiro;3304557
19;9;2004;Rio de Janeiro;3304557
20;9;2004;Rio de Janeiro;3304557
21;9;2004;Rio de Janeiro;3304557
22;9;2004;Rio de Janeiro;3304557
23;9;2004;Rio de Janeiro;3304557
24;9;2004;Rio de Janeiro;3304557
25;9;2004;Rio de Janeiro;3304557
26;9;2004;Rio de Janeiro;3304557
27;9;2004;Rio de Janeiro;3304557
28;9;2004;Rio de Janeiro;3304557
29;9;2004;Rio de Janeiro;3304557
30;9;2004;Rio de Janeiro;3304557
31;9;2004;Rio de Janeiro;3304557
32;9;2004;Rio de Janeiro;3304557
33;9;2004;Rio de Janeiro;3304557
34;9;2004;Rio de Janeiro;3304557
35;9;2004;Rio de Janeiro;3304557
36;9;2004;Rio de Janeiro;3304557
37;9;2004;Rio de Janeiro;3304557
38;9;2004;Rio de Janeiro;3304557
39;9;2004;Rio de Janeiro;3304557
40;9;2004;Rio de Janeiro;3304557
41;9;2004;Rio de Janeiro;3304557
43;9;2004;Rio de Janeiro;3304557
44;9;2004;Rio de Janeiro;3304557
48;9;2004;Seropédica;3305554
50;9;2004;Itaguaí;3302007
51;9;2004;Paracambi;3303609
52;9;2004;Nova Iguaçu;3303500
53;9;2004;Mesquita;3302858
54;9;2004;Belford Roxo;3300456
55;9;2004;Queimados;3304144
56;9;2004;Nova Iguaçu;3303500
57;9;2004;Nilópolis;3303203
58;9;2004;Nova Iguaçu;3303500
59;9;2004;Duque de Caxias;3301702
60;9;2004;Duque de Caxias;3301702
61;9;2004;Duque de Caxias;3301702
62;9;2004;Duque de Caxias;3301702
63;9;2004;Japeri;3302270
64;9;2004;São João de Meriti;3305109
65;9;2004;"Magé;Guapimirim";9999982
66;9;2004;Magé;3302502
71;9;2004;"Itaboraí;Tanguá";9999983
72;9;2004;São Gonçalo;3304904
73;9;2004;São Gonçalo;3304904
74;9;2004;São Gonçalo;3304904
75;9;2004;São Gonçalo;3304904
76;9;2004;Niterói;3303302
77;9;2004;Niterói;3303302
78;9;2004;Niterói;3303302
79;9;2004;Niterói;3303302
81;9;2004;Niterói;3303302
82;9;2004;Maricá;3302700
88;9;2004;Barra do Pirai;3300308
89;9;2004;Resende;3304201
90;9;2004;Barra Mansa;3300407
91;9;2004;Valença;3306107
92;9;2004;Rio das Flores;3304508
93;9;2004;Volta Redonda;3306305
94;9;2004;Piraí;3304003
95;9;2004;Vassouras;3306206
96;9;2004;"Miguel Pereira;Paty dos Alferes";9999999
97;9;2004;Mendes;3302809
98;9;2004;Engenheiro Paulo de Frontin;3301801
99;9;2004;Itatiaia;3302254
100;9;2004;"Porto Real;Quatis";9999992
101;9;2004;Pinheiral;3303955
104;9;2004;São José do Vale do Rio Preto;3305158
105;9;2004;Petrópolis;3303906
106;9;2004;Petrópolis;3303906
107;9;2004;Paraíba do Sul;3303708
108;9;2004;"Comendador Levy Gasparian;Areal;Três Rios";9999991
109;9;2004;Sapucaia;3305406
110;9;2004;Teresópolis;3305802
111;9;2004;Sumidouro;3305703
112;9;2004;Carmo;3301207
118;9;2004;Araruama;3300209
119;9;2004;Rio Bonito;3304300
120;9;2004;Silva Jardim;3305604
121;9;2004;Casimiro de Abreu;3301306
122;9;2004;Conceição de Macabú;3301405
123;9;2004;"Macaé;Quissamã;Carapebus";9999984
124;9;2004;Saquarema;3305505
125;9;2004;São Pedro da Aldeia;3305208
126;9;2004;"Cabo Frio;Arraial do Cabo";9999985
127;9;2004;Armação dos Búzios;3300233
128;9;2004;Rio das Ostras;3304524
129;9;2004;Iguaba Grande;3301876
134;9;2004;Campos dos Goytacazes;3301009
135;9;2004;Itaocara;3302106
136;9;2004;"Santo Antônio de Pádua;Aperibé";9999993
137;9;2004;Miracema;3303005
138;9;2004;Laje do Muriaé;3302304
139;9;2004;Porciúncula;3304102
140;9;2004;"Natividade;Varre-Sai";9999997
141;9;2004;São Fidélis;3304805
142;9;2004;Cambuci;3300902
143;9;2004;"Itaperuna;São José de Ubá;Cardoso Moreira;Italva";9999986
144;9;2004;Bom Jesus de Itabapoana;3300605
145;9;2004;São João da Barra;3305000
146;9;2004;Campos dos Goytacazes;3301009
147;9;2004;São Francisco de Itabapoana;3304755
151;9;2004;Nova Friburgo;3303401
152;9;2004;Duas Barras;3301603
153;9;2004;Cantagalo;3301108
154;9;2004;"Cordeiro;Macuco";9999998
155;9;2004;São Sebastião do Alto;3305307
156;9;2004;Santa Maria Madalena;3304607
157;9;2004;Trajano de Morais;3305901
158;9;2004;Bom Jardim;3300506
159;9;2004;Cachoeiras de Macacu;3300803
165;9;2004;Mangaratiba;3302601
166;9;2004;Angra dos Reis;3300100
167;9;2004;Paraty;3303807
168;9;2004;Rio Claro;3304409
1;10;2004;Rio de Janeiro;3304557
4;10;2004;Rio de Janeiro;3304557
5;10;2004;Rio de Janeiro;3304557
6;10;2004;Rio de Janeiro;3304557
7;10;2004;Rio de Janeiro;3304557
9;10;2004;Rio de Janeiro;3304557
10;10;2004;Rio de Janeiro;3304557
12;10;2004;Rio de Janeiro;3304557
13;10;2004;Rio de Janeiro;3304557
14;10;2004;Rio de Janeiro;3304557
15;10;2004;Rio de Janeiro;3304557
16;10;2004;Rio de Janeiro;3304557
17;10;2004;Rio de Janeiro;3304557
18;10;2004;Rio de Janeiro;3304557
19;10;2004;Rio de Janeiro;3304557
20;10;2004;Rio de Janeiro;3304557
21;10;2004;Rio de Janeiro;3304557
22;10;2004;Rio de Janeiro;3304557
23;10;2004;Rio de Janeiro;3304557
24;10;2004;Rio de Janeiro;3304557
25;10;2004;Rio de Janeiro;3304557
26;10;2004;Rio de Janeiro;3304557
27;10;2004;Rio de Janeiro;3304557
28;10;2004;Rio de Janeiro;3304557
29;10;2004;Rio de Janeiro;3304557
30;10;2004;Rio de Janeiro;3304557
31;10;2004;Rio de Janeiro;3304557
32;10;2004;Rio de Janeiro;3304557
33;10;2004;Rio de Janeiro;3304557
34;10;2004;Rio de Janeiro;3304557
35;10;2004;Rio de Janeiro;3304557
36;10;2004;Rio de Janeiro;3304557
37;10;2004;Rio de Janeiro;3304557
38;10;2004;Rio de Janeiro;3304557
39;10;2004;Rio de Janeiro;3304557
40;10;2004;Rio de Janeiro;3304557
41;10;2004;Rio de Janeiro;3304557
43;10;2004;Rio de Janeiro;3304557
44;10;2004;Rio de Janeiro;3304557
48;10;2004;Seropédica;3305554
50;10;2004;Itaguaí;3302007
51;10;2004;Paracambi;3303609
52;10;2004;Nova Iguaçu;3303500
53;10;2004;Mesquita;3302858
54;10;2004;Belford Roxo;3300456
55;10;2004;Queimados;3304144
56;10;2004;Nova Iguaçu;3303500
57;10;2004;Nilópolis;3303203
58;10;2004;Nova Iguaçu;3303500
59;10;2004;Duque de Caxias;3301702
60;10;2004;Duque de Caxias;3301702
61;10;2004;Duque de Caxias;3301702
62;10;2004;Duque de Caxias;3301702
63;10;2004;Japeri;3302270
64;10;2004;São João de Meriti;3305109
65;10;2004;"Magé;Guapimirim";9999982
66;10;2004;Magé;3302502
71;10;2004;"Itaboraí;Tanguá";9999983
72;10;2004;São Gonçalo;3304904
73;10;2004;São Gonçalo;3304904
74;10;2004;São Gonçalo;3304904
75;10;2004;São Gonçalo;3304904
76;10;2004;Niterói;3303302
77;10;2004;Niterói;3303302
78;10;2004;Niterói;3303302
79;10;2004;Niterói;3303302
81;10;2004;Niterói;3303302
82;10;2004;Maricá;3302700
88;10;2004;Barra do Pirai;3300308
89;10;2004;Resende;3304201
90;10;2004;Barra Mansa;3300407
91;10;2004;Valença;3306107
92;10;2004;Rio das Flores;3304508
93;10;2004;Volta Redonda;3306305
94;10;2004;Piraí;3304003
95;10;2004;Vassouras;3306206
96;10;2004;"Miguel Pereira;Paty dos Alferes";9999999
97;10;2004;Mendes;3302809
98;10;2004;Engenheiro Paulo de Frontin;3301801
99;10;2004;Itatiaia;3302254
100;10;2004;"Porto Real;Quatis";9999992
101;10;2004;Pinheiral;3303955
104;10;2004;São José do Vale do Rio Preto;3305158
105;10;2004;Petrópolis;3303906
106;10;2004;Petrópolis;3303906
107;10;2004;Paraíba do Sul;3303708
108;10;2004;"Comendador Levy Gasparian;Areal;Três Rios";9999991
109;10;2004;Sapucaia;3305406
110;10;2004;Teresópolis;3305802
111;10;2004;Sumidouro;3305703
112;10;2004;Carmo;3301207
118;10;2004;Araruama;3300209
119;10;2004;Rio Bonito;3304300
120;10;2004;Silva Jardim;3305604
121;10;2004;Casimiro de Abreu;3301306
122;10;2004;Conceição de Macabú;3301405
123;10;2004;"Macaé;Quissamã;Carapebus";9999984
124;10;2004;Saquarema;3305505
125;10;2004;São Pedro da Aldeia;3305208
126;10;2004;"Cabo Frio;Arraial do Cabo";9999985
127;10;2004;Armação dos Búzios;3300233
128;10;2004;Rio das Ostras;3304524
129;10;2004;Iguaba Grande;3301876
134;10;2004;Campos dos Goytacazes;3301009
135;10;2004;Itaocara;3302106
136;10;2004;"Santo Antônio de Pádua;Aperibé";9999993
137;10;2004;Miracema;3303005
138;10;2004;Laje do Muriaé;3302304
139;10;2004;Porciúncula;3304102
140;10;2004;"Natividade;Varre-Sai";9999997
141;10;2004;São Fidélis;3304805
142;10;2004;Cambuci;3300902
143;10;2004;"Itaperuna;São José de Ubá;Cardoso Moreira;Italva";9999986
144;10;2004;Bom Jesus de Itabapoana;3300605
145;10;2004;São João da Barra;3305000
146;10;2004;Campos dos Goytacazes;3301009
147;10;2004;São Francisco de Itabapoana;3304755
151;10;2004;Nova Friburgo;3303401
152;10;2004;Duas Barras;3301603
153;10;2004;Cantagalo;3301108
154;10;2004;"Cordeiro;Macuco";9999998
155;10;2004;São Sebastião do Alto;3305307
156;10;2004;Santa Maria Madalena;3304607
157;10;2004;Trajano de Morais;3305901
158;10;2004;Bom Jardim;3300506
159;10;2004;Cachoeiras de Macacu;3300803
165;10;2004;Mangaratiba;3302601
166;10;2004;Angra dos Reis;3300100
167;10;2004;Paraty;3303807
168;10;2004;Rio Claro;3304409
1;11;2004;Rio de Janeiro;3304557
4;11;2004;Rio de Janeiro;3304557
5;11;2004;Rio de Janeiro;3304557
6;11;2004;Rio de Janeiro;3304557
7;11;2004;Rio de Janeiro;3304557
9;11;2004;Rio de Janeiro;3304557
10;11;2004;Rio de Janeiro;3304557
12;11;2004;Rio de Janeiro;3304557
13;11;2004;Rio de Janeiro;3304557
14;11;2004;Rio de Janeiro;3304557
15;11;2004;Rio de Janeiro;3304557
16;11;2004;Rio de Janeiro;3304557
17;11;2004;Rio de Janeiro;3304557
18;11;2004;Rio de Janeiro;3304557
19;11;2004;Rio de Janeiro;3304557
20;11;2004;Rio de Janeiro;3304557
21;11;2004;Rio de Janeiro;3304557
22;11;2004;Rio de Janeiro;3304557
23;11;2004;Rio de Janeiro;3304557
24;11;2004;Rio de Janeiro;3304557
25;11;2004;Rio de Janeiro;3304557
26;11;2004;Rio de Janeiro;3304557
27;11;2004;Rio de Janeiro;3304557
28;11;2004;Rio de Janeiro;3304557
29;11;2004;Rio de Janeiro;3304557
30;11;2004;Rio de Janeiro;3304557
31;11;2004;Rio de Janeiro;3304557
32;11;2004;Rio de Janeiro;3304557
33;11;2004;Rio de Janeiro;3304557
34;11;2004;Rio de Janeiro;3304557
35;11;2004;Rio de Janeiro;3304557
36;11;2004;Rio de Janeiro;3304557
37;11;2004;Rio de Janeiro;3304557
38;11;2004;Rio de Janeiro;3304557
39;11;2004;Rio de Janeiro;3304557
40;11;2004;Rio de Janeiro;3304557
41;11;2004;Rio de Janeiro;3304557
43;11;2004;Rio de Janeiro;3304557
44;11;2004;Rio de Janeiro;3304557
48;11;2004;Seropédica;3305554
50;11;2004;Itaguaí;3302007
51;11;2004;Paracambi;3303609
52;11;2004;Nova Iguaçu;3303500
53;11;2004;Mesquita;3302858
54;11;2004;Belford Roxo;3300456
55;11;2004;Queimados;3304144
56;11;2004;Nova Iguaçu;3303500
57;11;2004;Nilópolis;3303203
58;11;2004;Nova Iguaçu;3303500
59;11;2004;Duque de Caxias;3301702
60;11;2004;Duque de Caxias;3301702
61;11;2004;Duque de Caxias;3301702
62;11;2004;Duque de Caxias;3301702
63;11;2004;Japeri;3302270
64;11;2004;São João de Meriti;3305109
65;11;2004;"Magé;Guapimirim";9999982
66;11;2004;Magé;3302502
71;11;2004;"Itaboraí;Tanguá";9999983
72;11;2004;São Gonçalo;3304904
73;11;2004;São Gonçalo;3304904
74;11;2004;São Gonçalo;3304904
75;11;2004;São Gonçalo;3304904
76;11;2004;Niterói;3303302
77;11;2004;Niterói;3303302
78;11;2004;Niterói;3303302
79;11;2004;Niterói;3303302
81;11;2004;Niterói;3303302
82;11;2004;Maricá;3302700
88;11;2004;Barra do Pirai;3300308
89;11;2004;Resende;3304201
90;11;2004;Barra Mansa;3300407
91;11;2004;Valença;3306107
92;11;2004;Rio das Flores;3304508
93;11;2004;Volta Redonda;3306305
94;11;2004;Piraí;3304003
95;11;2004;Vassouras;3306206
96;11;2004;"Miguel Pereira;Paty dos Alferes";9999999
97;11;2004;Mendes;3302809
98;11;2004;Engenheiro Paulo de Frontin;3301801
99;11;2004;Itatiaia;3302254
100;11;2004;"Porto Real;Quatis";9999992
101;11;2004;Pinheiral;3303955
104;11;2004;São José do Vale do Rio Preto;3305158
105;11;2004;Petrópolis;3303906
106;11;2004;Petrópolis;3303906
107;11;2004;Paraíba do Sul;3303708
108;11;2004;"Comendador Levy Gasparian;Areal;Três Rios";9999991
109;11;2004;Sapucaia;3305406
110;11;2004;Teresópolis;3305802
111;11;2004;Sumidouro;3305703
112;11;2004;Carmo;3301207
118;11;2004;Araruama;3300209
119;11;2004;Rio Bonito;3304300
120;11;2004;Silva Jardim;3305604
121;11;2004;Casimiro de Abreu;3301306
122;11;2004;Conceição de Macabú;3301405
123;11;2004;"Macaé;Quissamã;Carapebus";9999984
124;11;2004;Saquarema;3305505
125;11;2004;São Pedro da Aldeia;3305208
126;11;2004;"Cabo Frio;Arraial do Cabo";9999985
127;11;2004;Armação dos Búzios;3300233
128;11;2004;Rio das Ostras;3304524
129;11;2004;Iguaba Grande;3301876
134;11;2004;Campos dos Goytacazes;3301009
135;11;2004;Itaocara;3302106
136;11;2004;"Santo Antônio de Pádua;Aperibé";9999993
137;11;2004;Miracema;3303005
138;11;2004;Laje do Muriaé;3302304
139;11;2004;Porciúncula;3304102
140;11;2004;"Natividade;Varre-Sai";9999997
141;11;2004;São Fidélis;3304805
142;11;2004;Cambuci;3300902
143;11;2004;"Itaperuna;São José de Ubá;Cardoso Moreira;Italva";9999986
144;11;2004;Bom Jesus de Itabapoana;3300605
145;11;2004;São João da Barra;3305000
146;11;2004;Campos dos Goytacazes;3301009
147;11;2004;São Francisco de Itabapoana;3304755
151;11;2004;Nova Friburgo;3303401
152;11;2004;Duas Barras;3301603
153;11;2004;Cantagalo;3301108
154;11;2004;"Cordeiro;Macuco";9999998
155;11;2004;São Sebastião do Alto;3305307
156;11;2004;Santa Maria Madalena;3304607
157;11;2004;Trajano de Morais;3305901
158;11;2004;Bom Jardim;3300506
159;11;2004;Cachoeiras de Macacu;3300803
165;11;2004;Mangaratiba;3302601
166;11;2004;Angra dos Reis;3300100
167;11;2004;Paraty;3303807
168;11;2004;Rio Claro;3304409
1;12;2004;Rio de Janeiro;3304557
4;12;2004;Rio de Janeiro;3304557
5;12;2004;Rio de Janeiro;3304557
6;12;2004;Rio de Janeiro;3304557
7;12;2004;Rio de Janeiro;3304557
9;12;2004;Rio de Janeiro;3304557
10;12;2004;Rio de Janeiro;3304557
12;12;2004;Rio de Janeiro;3304557
13;12;2004;Rio de Janeiro;3304557
14;12;2004;Rio de Janeiro;3304557
15;12;2004;Rio de Janeiro;3304557
16;12;2004;Rio de Janeiro;3304557
17;12;2004;Rio de Janeiro;3304557
18;12;2004;Rio de Janeiro;3304557
19;12;2004;Rio de Janeiro;3304557
20;12;2004;Rio de Janeiro;3304557
21;12;2004;Rio de Janeiro;3304557
22;12;2004;Rio de Janeiro;3304557
23;12;2004;Rio de Janeiro;3304557
24;12;2004;Rio de Janeiro;3304557
25;12;2004;Rio de Janeiro;3304557
26;12;2004;Rio de Janeiro;3304557
27;12;2004;Rio de Janeiro;3304557
28;12;2004;Rio de Janeiro;3304557
29;12;2004;Rio de Janeiro;3304557
30;12;2004;Rio de Janeiro;3304557
31;12;2004;Rio de Janeiro;3304557
32;12;2004;Rio de Janeiro;3304557
33;12;2004;Rio de Janeiro;3304557
34;12;2004;Rio de Janeiro;3304557
35;12;2004;Rio de Janeiro;3304557
36;12;2004;Rio de Janeiro;3304557
37;12;2004;Rio de Janeiro;3304557
38;12;2004;Rio de Janeiro;3304557
39;12;2004;Rio de Janeiro;3304557
40;12;2004;Rio de Janeiro;3304557
41;12;2004;Rio de Janeiro;3304557
43;12;2004;Rio de Janeiro;3304557
44;12;2004;Rio de Janeiro;3304557
48;12;2004;Seropédica;3305554
50;12;2004;Itaguaí;3302007
51;12;2004;Paracambi;3303609
52;12;2004;Nova Iguaçu;3303500
53;12;2004;Mesquita;3302858
54;12;2004;Belford Roxo;3300456
55;12;2004;Queimados;3304144
56;12;2004;Nova Iguaçu;3303500
57;12;2004;Nilópolis;3303203
58;12;2004;Nova Iguaçu;3303500
59;12;2004;Duque de Caxias;3301702
60;12;2004;Duque de Caxias;3301702
61;12;2004;Duque de Caxias;3301702
62;12;2004;Duque de Caxias;3301702
63;12;2004;Japeri;3302270
64;12;2004;São João de Meriti;3305109
65;12;2004;"Magé;Guapimirim";9999982
66;12;2004;Magé;3302502
71;12;2004;"Itaboraí;Tanguá";9999983
72;12;2004;São Gonçalo;3304904
73;12;2004;São Gonçalo;3304904
74;12;2004;São Gonçalo;3304904
75;12;2004;São Gonçalo;3304904
76;12;2004;Niterói;3303302
77;12;2004;Niterói;3303302
78;12;2004;Niterói;3303302
79;12;2004;Niterói;3303302
81;12;2004;Niterói;3303302
82;12;2004;Maricá;3302700
88;12;2004;Barra do Pirai;3300308
89;12;2004;Resende;3304201
90;12;2004;Barra Mansa;3300407
91;12;2004;Valença;3306107
92;12;2004;Rio das Flores;3304508
93;12;2004;Volta Redonda;3306305
94;12;2004;Piraí;3304003
95;12;2004;Vassouras;3306206
96;12;2004;"Miguel Pereira;Paty dos Alferes";9999999
97;12;2004;Mendes;3302809
98;12;2004;Engenheiro Paulo de Frontin;3301801
99;12;2004;Itatiaia;3302254
100;12;2004;"Porto Real;Quatis";9999992
101;12;2004;Pinheiral;3303955
104;12;2004;São José do Vale do Rio Preto;3305158
105;12;2004;Petrópolis;3303906
106;12;2004;Petrópolis;3303906
107;12;2004;Paraíba do Sul;3303708
108;12;2004;"Comendador Levy Gasparian;Areal;Três Rios";9999991
109;12;2004;Sapucaia;3305406
110;12;2004;Teresópolis;3305802
111;12;2004;Sumidouro;3305703
112;12;2004;Carmo;3301207
118;12;2004;Araruama;3300209
119;12;2004;Rio Bonito;3304300
120;12;2004;Silva Jardim;3305604
121;12;2004;Casimiro de Abreu;3301306
122;12;2004;Conceição de Macabú;3301405
123;12;2004;"Macaé;Quissamã;Carapebus";9999984
124;12;2004;Saquarema;3305505
125;12;2004;São Pedro da Aldeia;3305208
126;12;2004;"Cabo Frio;Arraial do Cabo";9999985
127;12;2004;Armação dos Búzios;3300233
128;12;2004;Rio das Ostras;3304524
129;12;2004;Iguaba Grande;3301876
134;12;2004;Campos dos Goytacazes;3301009
135;12;2004;Itaocara;3302106
136;12;2004;"Santo Antônio de Pádua;Aperibé";9999993
137;12;2004;Miracema;3303005
138;12;2004;Laje do Muriaé;3302304
139;12;2004;Porciúncula;3304102
140;12;2004;"Natividade;Varre-Sai";9999997
141;12;2004;São Fidélis;3304805
142;12;2004;Cambuci;3300902
143;12;2004;"Itaperuna;São José de Ubá;Cardoso Moreira;Italva";9999986
144;12;2004;Bom Jesus de Itabapoana;3300605
145;12;2004;São João da Barra;3305000
146;12;2004;Campos dos Goytacazes;3301009
147;12;2004;São Francisco de Itabapoana;3304755
151;12;2004;Nova Friburgo;3303401
152;12;2004;Duas Barras;3301603
153;12;2004;Cantagalo;3301108
154;12;2004;"Cordeiro;Macuco";9999998
155;12;2004;São Sebastião do Alto;3305307
156;12;2004;Santa Maria Madalena;3304607
157;12;2004;Trajano de Morais;3305901
158;12;2004;Bom Jardim;3300506
159;12;2004;Cachoeiras de Macacu;3300803
165;12;2004;Mangaratiba;3302601
166;12;2004;Angra dos Reis;3300100
167;12;2004;Paraty;3303807
168;12;2004;Rio Claro;3304409
1;1;2005;Rio de Janeiro;3304557
4;1;2005;Rio de Janeiro;3304557
5;1;2005;Rio de Janeiro;3304557
6;1;2005;Rio de Janeiro;3304557
7;1;2005;Rio de Janeiro;3304557
9;1;2005;Rio de Janeiro;3304557
10;1;2005;Rio de Janeiro;3304557
12;1;2005;Rio de Janeiro;3304557
13;1;2005;Rio de Janeiro;3304557
14;1;2005;Rio de Janeiro;3304557
15;1;2005;Rio de Janeiro;3304557
16;1;2005;Rio de Janeiro;3304557
17;1;2005;Rio de Janeiro;3304557
18;1;2005;Rio de Janeiro;3304557
19;1;2005;Rio de Janeiro;3304557
20;1;2005;Rio de Janeiro;3304557
21;1;2005;Rio de Janeiro;3304557
22;1;2005;Rio de Janeiro;3304557
23;1;2005;Rio de Janeiro;3304557
24;1;2005;Rio de Janeiro;3304557
25;1;2005;Rio de Janeiro;3304557
26;1;2005;Rio de Janeiro;3304557
27;1;2005;Rio de Janeiro;3304557
28;1;2005;Rio de Janeiro;3304557
29;1;2005;Rio de Janeiro;3304557
30;1;2005;Rio de Janeiro;3304557
31;1;2005;Rio de Janeiro;3304557
32;1;2005;Rio de Janeiro;3304557
33;1;2005;Rio de Janeiro;3304557
34;1;2005;Rio de Janeiro;3304557
35;1;2005;Rio de Janeiro;3304557
36;1;2005;Rio de Janeiro;3304557
37;1;2005;Rio de Janeiro;3304557
38;1;2005;Rio de Janeiro;3304557
39;1;2005;Rio de Janeiro;3304557
40;1;2005;Rio de Janeiro;3304557
41;1;2005;Rio de Janeiro;3304557
43;1;2005;Rio de Janeiro;3304557
44;1;2005;Rio de Janeiro;3304557
48;1;2005;Seropédica;3305554
50;1;2005;Itaguaí;3302007
51;1;2005;Paracambi;3303609
52;1;2005;Nova Iguaçu;3303500
53;1;2005;Mesquita;3302858
54;1;2005;Belford Roxo;3300456
55;1;2005;Queimados;3304144
56;1;2005;Nova Iguaçu;3303500
57;1;2005;Nilópolis;3303203
58;1;2005;Nova Iguaçu;3303500
59;1;2005;Duque de Caxias;3301702
60;1;2005;Duque de Caxias;3301702
61;1;2005;Duque de Caxias;3301702
62;1;2005;Duque de Caxias;3301702
63;1;2005;Japeri;3302270
64;1;2005;São João de Meriti;3305109
65;1;2005;"Magé;Guapimirim";9999982
66;1;2005;Magé;3302502
71;1;2005;"Itaboraí;Tanguá";9999983
72;1;2005;São Gonçalo;3304904
73;1;2005;São Gonçalo;3304904
74;1;2005;São Gonçalo;3304904
75;1;2005;São Gonçalo;3304904
76;1;2005;Niterói;3303302
77;1;2005;Niterói;3303302
78;1;2005;Niterói;3303302
79;1;2005;Niterói;3303302
81;1;2005;Niterói;3303302
82;1;2005;Maricá;3302700
88;1;2005;Barra do Pirai;3300308
89;1;2005;Resende;3304201
90;1;2005;Barra Mansa;3300407
91;1;2005;Valença;3306107
92;1;2005;Rio das Flores;3304508
93;1;2005;Volta Redonda;3306305
94;1;2005;Piraí;3304003
95;1;2005;Vassouras;3306206
96;1;2005;"Miguel Pereira;Paty dos Alferes";9999999
97;1;2005;Mendes;3302809
98;1;2005;Engenheiro Paulo de Frontin;3301801
99;1;2005;Itatiaia;3302254
100;1;2005;"Porto Real;Quatis";9999992
101;1;2005;Pinheiral;3303955
104;1;2005;São José do Vale do Rio Preto;3305158
105;1;2005;Petrópolis;3303906
106;1;2005;Petrópolis;3303906
107;1;2005;Paraíba do Sul;3303708
108;1;2005;"Comendador Levy Gasparian;Areal;Três Rios";9999991
109;1;2005;Sapucaia;3305406
110;1;2005;Teresópolis;3305802
111;1;2005;Sumidouro;3305703
112;1;2005;Carmo;3301207
118;1;2005;Araruama;3300209
119;1;2005;Rio Bonito;3304300
120;1;2005;Silva Jardim;3305604
121;1;2005;Casimiro de Abreu;3301306
122;1;2005;Conceição de Macabú;3301405
123;1;2005;"Macaé;Quissamã;Carapebus";9999984
124;1;2005;Saquarema;3305505
125;1;2005;São Pedro da Aldeia;3305208
126;1;2005;"Cabo Frio;Arraial do Cabo";9999985
127;1;2005;Armação dos Búzios;3300233
128;1;2005;Rio das Ostras;3304524
129;1;2005;Iguaba Grande;3301876
134;1;2005;Campos dos Goytacazes;3301009
135;1;2005;Itaocara;3302106
136;1;2005;"Santo Antônio de Pádua;Aperibé";9999993
137;1;2005;Miracema;3303005
138;1;2005;Laje do Muriaé;3302304
139;1;2005;Porciúncula;3304102
140;1;2005;"Natividade;Varre-Sai";9999997
141;1;2005;São Fidélis;3304805
142;1;2005;Cambuci;3300902
143;1;2005;"Itaperuna;São José de Ubá;Cardoso Moreira;Italva";9999986
144;1;2005;Bom Jesus de Itabapoana;3300605
145;1;2005;São João da Barra;3305000
146;1;2005;Campos dos Goytacazes;3301009
147;1;2005;São Francisco de Itabapoana;3304755
151;1;2005;Nova Friburgo;3303401
152;1;2005;Duas Barras;3301603
153;1;2005;Cantagalo;3301108
154;1;2005;"Cordeiro;Macuco";9999998
155;1;2005;São Sebastião do Alto;3305307
156;1;2005;Santa Maria Madalena;3304607
157;1;2005;Trajano de Morais;3305901
158;1;2005;Bom Jardim;3300506
159;1;2005;Cachoeiras de Macacu;3300803
165;1;2005;Mangaratiba;3302601
166;1;2005;Angra dos Reis;3300100
167;1;2005;Paraty;3303807
168;1;2005;Rio Claro;3304409
1;2;2005;Rio de Janeiro;3304557
4;2;2005;Rio de Janeiro;3304557
5;2;2005;Rio de Janeiro;3304557
6;2;2005;Rio de Janeiro;3304557
7;2;2005;Rio de Janeiro;3304557
9;2;2005;Rio de Janeiro;3304557
10;2;2005;Rio de Janeiro;3304557
12;2;2005;Rio de Janeiro;3304557
13;2;2005;Rio de Janeiro;3304557
14;2;2005;Rio de Janeiro;3304557
15;2;2005;Rio de Janeiro;3304557
16;2;2005;Rio de Janeiro;3304557
17;2;2005;Rio de Janeiro;3304557
18;2;2005;Rio de Janeiro;3304557
19;2;2005;Rio de Janeiro;3304557
20;2;2005;Rio de Janeiro;3304557
21;2;2005;Rio de Janeiro;3304557
22;2;2005;Rio de Janeiro;3304557
23;2;2005;Rio de Janeiro;3304557
24;2;2005;Rio de Janeiro;3304557
25;2;2005;Rio de Janeiro;3304557
26;2;2005;Rio de Janeiro;3304557
27;2;2005;Rio de Janeiro;3304557
28;2;2005;Rio de Janeiro;3304557
29;2;2005;Rio de Janeiro;3304557
30;2;2005;Rio de Janeiro;3304557
31;2;2005;Rio de Janeiro;3304557
32;2;2005;Rio de Janeiro;3304557
33;2;2005;Rio de Janeiro;3304557
34;2;2005;Rio de Janeiro;3304557
35;2;2005;Rio de Janeiro;3304557
36;2;2005;Rio de Janeiro;3304557
37;2;2005;Rio de Janeiro;3304557
38;2;2005;Rio de Janeiro;3304557
39;2;2005;Rio de Janeiro;3304557
40;2;2005;Rio de Janeiro;3304557
41;2;2005;Rio de Janeiro;3304557
43;2;2005;Rio de Janeiro;3304557
44;2;2005;Rio de Janeiro;3304557
48;2;2005;Seropédica;3305554
50;2;2005;Itaguaí;3302007
51;2;2005;Paracambi;3303609
52;2;2005;Nova Iguaçu;3303500
53;2;2005;Mesquita;3302858
54;2;2005;Belford Roxo;3300456
55;2;2005;Queimados;3304144
56;2;2005;Nova Iguaçu;3303500
57;2;2005;Nilópolis;3303203
58;2;2005;Nova Iguaçu;3303500
59;2;2005;Duque de Caxias;3301702
60;2;2005;Duque de Caxias;3301702
61;2;2005;Duque de Caxias;3301702
62;2;2005;Duque de Caxias;3301702
63;2;2005;Japeri;3302270
64;2;2005;São João de Meriti;3305109
65;2;2005;"Magé;Guapimirim";9999982
66;2;2005;Magé;3302502
71;2;2005;"Itaboraí;Tanguá";9999983
72;2;2005;São Gonçalo;3304904
73;2;2005;São Gonçalo;3304904
74;2;2005;São Gonçalo;3304904
75;2;2005;São Gonçalo;3304904
76;2;2005;Niterói;3303302
77;2;2005;Niterói;3303302
78;2;2005;Niterói;3303302
79;2;2005;Niterói;3303302
81;2;2005;Niterói;3303302
82;2;2005;Maricá;3302700
88;2;2005;Barra do Pirai;3300308
89;2;2005;Resende;3304201
90;2;2005;Barra Mansa;3300407
91;2;2005;Valença;3306107
92;2;2005;Rio das Flores;3304508
93;2;2005;Volta Redonda;3306305
94;2;2005;Piraí;3304003
95;2;2005;Vassouras;3306206
96;2;2005;"Miguel Pereira;Paty dos Alferes";9999999
97;2;2005;Mendes;3302809
98;2;2005;Engenheiro Paulo de Frontin;3301801
99;2;2005;Itatiaia;3302254
100;2;2005;"Porto Real;Quatis";9999992
101;2;2005;Pinheiral;3303955
104;2;2005;São José do Vale do Rio Preto;3305158
105;2;2005;Petrópolis;3303906
106;2;2005;Petrópolis;3303906
107;2;2005;Paraíba do Sul;3303708
108;2;2005;"Comendador Levy Gasparian;Areal;Três Rios";9999991
109;2;2005;Sapucaia;3305406
110;2;2005;Teresópolis;3305802
111;2;2005;Sumidouro;3305703
112;2;2005;Carmo;3301207
118;2;2005;Araruama;3300209
119;2;2005;Rio Bonito;3304300
120;2;2005;Silva Jardim;3305604
121;2;2005;Casimiro de Abreu;3301306
122;2;2005;Conceição de Macabú;3301405
123;2;2005;"Macaé;Quissamã;Carapebus";9999984
124;2;2005;Saquarema;3305505
125;2;2005;São Pedro da Aldeia;3305208
126;2;2005;"Cabo Frio;Arraial do Cabo";9999985
127;2;2005;Armação dos Búzios;3300233
128;2;2005;Rio das Ostras;3304524
129;2;2005;Iguaba Grande;3301876
134;2;2005;Campos dos Goytacazes;3301009
135;2;2005;Itaocara;3302106
136;2;2005;"Santo Antônio de Pádua;Aperibé";9999993
137;2;2005;Miracema;3303005
138;2;2005;Laje do Muriaé;3302304
139;2;2005;Porciúncula;3304102
140;2;2005;"Natividade;Varre-Sai";9999997
141;2;2005;São Fidélis;3304805
142;2;2005;Cambuci;3300902
143;2;2005;"Itaperuna;São José de Ubá;Cardoso Moreira;Italva";9999986
144;2;2005;Bom Jesus de Itabapoana;3300605
145;2;2005;São João da Barra;3305000
146;2;2005;Campos dos Goytacazes;3301009
147;2;2005;São Francisco de Itabapoana;3304755
151;2;2005;Nova Friburgo;3303401
152;2;2005;Duas Barras;3301603
153;2;2005;Cantagalo;3301108
154;2;2005;"Cordeiro;Macuco";9999998
155;2;2005;São Sebastião do Alto;3305307
156;2;2005;Santa Maria Madalena;3304607
157;2;2005;Trajano de Morais;3305901
158;2;2005;Bom Jardim;3300506
159;2;2005;Cachoeiras de Macacu;3300803
165;2;2005;Mangaratiba;3302601
166;2;2005;Angra dos Reis;3300100
167;2;2005;Paraty;3303807
168;2;2005;Rio Claro;3304409
1;3;2005;Rio de Janeiro;3304557
4;3;2005;Rio de Janeiro;3304557
5;3;2005;Rio de Janeiro;3304557
6;3;2005;Rio de Janeiro;3304557
7;3;2005;Rio de Janeiro;3304557
9;3;2005;Rio de Janeiro;3304557
10;3;2005;Rio de Janeiro;3304557
12;3;2005;Rio de Janeiro;3304557
13;3;2005;Rio de Janeiro;3304557
14;3;2005;Rio de Janeiro;3304557
15;3;2005;Rio de Janeiro;3304557
16;3;2005;Rio de Janeiro;3304557
17;3;2005;Rio de Janeiro;3304557
18;3;2005;Rio de Janeiro;3304557
19;3;2005;Rio de Janeiro;3304557
20;3;2005;Rio de Janeiro;3304557
21;3;2005;Rio de Janeiro;3304557
22;3;2005;Rio de Janeiro;3304557
23;3;2005;Rio de Janeiro;3304557
24;3;2005;Rio de Janeiro;3304557
25;3;2005;Rio de Janeiro;3304557
26;3;2005;Rio de Janeiro;3304557
27;3;2005;Rio de Janeiro;3304557
28;3;2005;Rio de Janeiro;3304557
29;3;2005;Rio de Janeiro;3304557
30;3;2005;Rio de Janeiro;3304557
31;3;2005;Rio de Janeiro;3304557
32;3;2005;Rio de Janeiro;3304557
33;3;2005;Rio de Janeiro;3304557
34;3;2005;Rio de Janeiro;3304557
35;3;2005;Rio de Janeiro;3304557
36;3;2005;Rio de Janeiro;3304557
37;3;2005;Rio de Janeiro;3304557
38;3;2005;Rio de Janeiro;3304557
39;3;2005;Rio de Janeiro;3304557
40;3;2005;Rio de Janeiro;3304557
41;3;2005;Rio de Janeiro;3304557
43;3;2005;Rio de Janeiro;3304557
44;3;2005;Rio de Janeiro;3304557
48;3;2005;Seropédica;3305554
50;3;2005;Itaguaí;3302007
51;3;2005;Paracambi;3303609
52;3;2005;Nova Iguaçu;3303500
53;3;2005;Mesquita;3302858
54;3;2005;Belford Roxo;3300456
55;3;2005;Queimados;3304144
56;3;2005;Nova Iguaçu;3303500
57;3;2005;Nilópolis;3303203
58;3;2005;Nova Iguaçu;3303500
59;3;2005;Duque de Caxias;3301702
60;3;2005;Duque de Caxias;3301702
61;3;2005;Duque de Caxias;3301702
62;3;2005;Duque de Caxias;3301702
63;3;2005;Japeri;3302270
64;3;2005;São João de Meriti;3305109
65;3;2005;"Magé;Guapimirim";9999982
66;3;2005;Magé;3302502
71;3;2005;"Itaboraí;Tanguá";9999983
72;3;2005;São Gonçalo;3304904
73;3;2005;São Gonçalo;3304904
74;3;2005;São Gonçalo;3304904
75;3;2005;São Gonçalo;3304904
76;3;2005;Niterói;3303302
77;3;2005;Niterói;3303302
78;3;2005;Niterói;3303302
79;3;2005;Niterói;3303302
81;3;2005;Niterói;3303302
82;3;2005;Maricá;3302700
88;3;2005;Barra do Pirai;3300308
89;3;2005;Resende;3304201
90;3;2005;Barra Mansa;3300407
91;3;2005;Valença;3306107
92;3;2005;Rio das Flores;3304508
93;3;2005;Volta Redonda;3306305
94;3;2005;Piraí;3304003
95;3;2005;Vassouras;3306206
96;3;2005;"Miguel Pereira;Paty dos Alferes";9999999
97;3;2005;Mendes;3302809
98;3;2005;Engenheiro Paulo de Frontin;3301801
99;3;2005;Itatiaia;3302254
100;3;2005;"Porto Real;Quatis";9999992
101;3;2005;Pinheiral;3303955
104;3;2005;São José do Vale do Rio Preto;3305158
105;3;2005;Petrópolis;3303906
106;3;2005;Petrópolis;3303906
107;3;2005;Paraíba do Sul;3303708
108;3;2005;"Comendador Levy Gasparian;Areal;Três Rios";9999991
109;3;2005;Sapucaia;3305406
110;3;2005;Teresópolis;3305802
111;3;2005;Sumidouro;3305703
112;3;2005;Carmo;3301207
118;3;2005;Araruama;3300209
119;3;2005;Rio Bonito;3304300
120;3;2005;Silva Jardim;3305604
121;3;2005;Casimiro de Abreu;3301306
122;3;2005;Conceição de Macabú;3301405
123;3;2005;"Macaé;Quissamã;Carapebus";9999984
124;3;2005;Saquarema;3305505
125;3;2005;São Pedro da Aldeia;3305208
126;3;2005;"Cabo Frio;Arraial do Cabo";9999985
127;3;2005;Armação dos Búzios;3300233
128;3;2005;Rio das Ostras;3304524
129;3;2005;Iguaba Grande;3301876
134;3;2005;Campos dos Goytacazes;3301009
135;3;2005;Itaocara;3302106
136;3;2005;"Santo Antônio de Pádua;Aperibé";9999993
137;3;2005;Miracema;3303005
138;3;2005;Laje do Muriaé;3302304
139;3;2005;Porciúncula;3304102
140;3;2005;"Natividade;Varre-Sai";9999997
141;3;2005;São Fidélis;3304805
142;3;2005;Cambuci;3300902
143;3;2005;"Itaperuna;São José de Ubá;Cardoso Moreira;Italva";9999986
144;3;2005;Bom Jesus de Itabapoana;3300605
145;3;2005;São João da Barra;3305000
146;3;2005;Campos dos Goytacazes;3301009
147;3;2005;São Francisco de Itabapoana;3304755
151;3;2005;Nova Friburgo;3303401
152;3;2005;Duas Barras;3301603
153;3;2005;Cantagalo;3301108
154;3;2005;"Cordeiro;Macuco";9999998
155;3;2005;São Sebastião do Alto;3305307
156;3;2005;Santa Maria Madalena;3304607
157;3;2005;Trajano de Morais;3305901
158;3;2005;Bom Jardim;3300506
159;3;2005;Cachoeiras de Macacu;3300803
165;3;2005;Mangaratiba;3302601
166;3;2005;Angra dos Reis;3300100
167;3;2005;Paraty;3303807
168;3;2005;Rio Claro;3304409
1;4;2005;Rio de Janeiro;3304557
4;4;2005;Rio de Janeiro;3304557
5;4;2005;Rio de Janeiro;3304557
6;4;2005;Rio de Janeiro;3304557
7;4;2005;Rio de Janeiro;3304557
9;4;2005;Rio de Janeiro;3304557
10;4;2005;Rio de Janeiro;3304557
12;4;2005;Rio de Janeiro;3304557
13;4;2005;Rio de Janeiro;3304557
14;4;2005;Rio de Janeiro;3304557
15;4;2005;Rio de Janeiro;3304557
16;4;2005;Rio de Janeiro;3304557
17;4;2005;Rio de Janeiro;3304557
18;4;2005;Rio de Janeiro;3304557
19;4;2005;Rio de Janeiro;3304557
20;4;2005;Rio de Janeiro;3304557
21;4;2005;Rio de Janeiro;3304557
22;4;2005;Rio de Janeiro;3304557
23;4;2005;Rio de Janeiro;3304557
24;4;2005;Rio de Janeiro;3304557
25;4;2005;Rio de Janeiro;3304557
26;4;2005;Rio de Janeiro;3304557
27;4;2005;Rio de Janeiro;3304557
28;4;2005;Rio de Janeiro;3304557
29;4;2005;Rio de Janeiro;3304557
30;4;2005;Rio de Janeiro;3304557
31;4;2005;Rio de Janeiro;3304557
32;4;2005;Rio de Janeiro;3304557
33;4;2005;Rio de Janeiro;3304557
34;4;2005;Rio de Janeiro;3304557
35;4;2005;Rio de Janeiro;3304557
36;4;2005;Rio de Janeiro;3304557
37;4;2005;Rio de Janeiro;3304557
38;4;2005;Rio de Janeiro;3304557
39;4;2005;Rio de Janeiro;3304557
40;4;2005;Rio de Janeiro;3304557
41;4;2005;Rio de Janeiro;3304557
43;4;2005;Rio de Janeiro;3304557
44;4;2005;Rio de Janeiro;3304557
48;4;2005;Seropédica;3305554
50;4;2005;Itaguaí;3302007
51;4;2005;Paracambi;3303609
52;4;2005;Nova Iguaçu;3303500
53;4;2005;Mesquita;3302858
54;4;2005;Belford Roxo;3300456
55;4;2005;Queimados;3304144
56;4;2005;Nova Iguaçu;3303500
57;4;2005;Nilópolis;3303203
58;4;2005;Nova Iguaçu;3303500
59;4;2005;Duque de Caxias;3301702
60;4;2005;Duque de Caxias;3301702
61;4;2005;Duque de Caxias;3301702
62;4;2005;Duque de Caxias;3301702
63;4;2005;Japeri;3302270
64;4;2005;São João de Meriti;3305109
65;4;2005;"Magé;Guapimirim";9999982
66;4;2005;Magé;3302502
71;4;2005;"Itaboraí;Tanguá";9999983
72;4;2005;São Gonçalo;3304904
73;4;2005;São Gonçalo;3304904
74;4;2005;São Gonçalo;3304904
75;4;2005;São Gonçalo;3304904
76;4;2005;Niterói;3303302
77;4;2005;Niterói;3303302
78;4;2005;Niterói;3303302
79;4;2005;Niterói;3303302
81;4;2005;Niterói;3303302
82;4;2005;Maricá;3302700
88;4;2005;Barra do Pirai;3300308
89;4;2005;Resende;3304201
90;4;2005;Barra Mansa;3300407
91;4;2005;Valença;3306107
92;4;2005;Rio das Flores;3304508
93;4;2005;Volta Redonda;3306305
94;4;2005;Piraí;3304003
95;4;2005;Vassouras;3306206
96;4;2005;"Miguel Pereira;Paty dos Alferes";9999999
97;4;2005;Mendes;3302809
98;4;2005;Engenheiro Paulo de Frontin;3301801
99;4;2005;Itatiaia;3302254
100;4;2005;"Porto Real;Quatis";9999992
101;4;2005;Pinheiral;3303955
104;4;2005;São José do Vale do Rio Preto;3305158
105;4;2005;Petrópolis;3303906
106;4;2005;Petrópolis;3303906
107;4;2005;Paraíba do Sul;3303708
108;4;2005;"Comendador Levy Gasparian;Areal;Três Rios";9999991
109;4;2005;Sapucaia;3305406
110;4;2005;Teresópolis;3305802
111;4;2005;Sumidouro;3305703
112;4;2005;Carmo;3301207
118;4;2005;Araruama;3300209
119;4;2005;Rio Bonito;3304300
120;4;2005;Silva Jardim;3305604
121;4;2005;Casimiro de Abreu;3301306
122;4;2005;Conceição de Macabú;3301405
123;4;2005;"Macaé;Quissamã;Carapebus";9999984
124;4;2005;Saquarema;3305505
125;4;2005;São Pedro da Aldeia;3305208
126;4;2005;"Cabo Frio;Arraial do Cabo";9999985
127;4;2005;Armação dos Búzios;3300233
128;4;2005;Rio das Ostras;3304524
129;4;2005;Iguaba Grande;3301876
134;4;2005;Campos dos Goytacazes;3301009
135;4;2005;Itaocara;3302106
136;4;2005;"Santo Antônio de Pádua;Aperibé";9999993
137;4;2005;Miracema;3303005
138;4;2005;Laje do Muriaé;3302304
139;4;2005;Porciúncula;3304102
140;4;2005;"Natividade;Varre-Sai";9999997
141;4;2005;São Fidélis;3304805
142;4;2005;Cambuci;3300902
143;4;2005;"Itaperuna;São José de Ubá;Cardoso Moreira;Italva";9999986
144;4;2005;Bom Jesus de Itabapoana;3300605
145;4;2005;São João da Barra;3305000
146;4;2005;Campos dos Goytacazes;3301009
147;4;2005;São Francisco de Itabapoana;3304755
151;4;2005;Nova Friburgo;3303401
152;4;2005;Duas Barras;3301603
153;4;2005;Cantagalo;3301108
154;4;2005;"Cordeiro;Macuco";9999998
155;4;2005;São Sebastião do Alto;3305307
156;4;2005;Santa Maria Madalena;3304607
157;4;2005;Trajano de Morais;3305901
158;4;2005;Bom Jardim;3300506
159;4;2005;Cachoeiras de Macacu;3300803
165;4;2005;Mangaratiba;3302601
166;4;2005;Angra dos Reis;3300100
167;4;2005;Paraty;3303807
168;4;2005;Rio Claro;3304409
1;5;2005;Rio de Janeiro;3304557
4;5;2005;Rio de Janeiro;3304557
5;5;2005;Rio de Janeiro;3304557
6;5;2005;Rio de Janeiro;3304557
7;5;2005;Rio de Janeiro;3304557
9;5;2005;Rio de Janeiro;3304557
10;5;2005;Rio de Janeiro;3304557
12;5;2005;Rio de Janeiro;3304557
13;5;2005;Rio de Janeiro;3304557
14;5;2005;Rio de Janeiro;3304557
15;5;2005;Rio de Janeiro;3304557
16;5;2005;Rio de Janeiro;3304557
17;5;2005;Rio de Janeiro;3304557
18;5;2005;Rio de Janeiro;3304557
19;5;2005;Rio de Janeiro;3304557
20;5;2005;Rio de Janeiro;3304557
21;5;2005;Rio de Janeiro;3304557
22;5;2005;Rio de Janeiro;3304557
23;5;2005;Rio de Janeiro;3304557
24;5;2005;Rio de Janeiro;3304557
25;5;2005;Rio de Janeiro;3304557
26;5;2005;Rio de Janeiro;3304557
27;5;2005;Rio de Janeiro;3304557
28;5;2005;Rio de Janeiro;3304557
29;5;2005;Rio de Janeiro;3304557
30;5;2005;Rio de Janeiro;3304557
31;5;2005;Rio de Janeiro;3304557
32;5;2005;Rio de Janeiro;3304557
33;5;2005;Rio de Janeiro;3304557
34;5;2005;Rio de Janeiro;3304557
35;5;2005;Rio de Janeiro;3304557
36;5;2005;Rio de Janeiro;3304557
37;5;2005;Rio de Janeiro;3304557
38;5;2005;Rio de Janeiro;3304557
39;5;2005;Rio de Janeiro;3304557
40;5;2005;Rio de Janeiro;3304557
41;5;2005;Rio de Janeiro;3304557
43;5;2005;Rio de Janeiro;3304557
44;5;2005;Rio de Janeiro;3304557
48;5;2005;Seropédica;3305554
50;5;2005;Itaguaí;3302007
51;5;2005;Paracambi;3303609
52;5;2005;Nova Iguaçu;3303500
53;5;2005;Mesquita;3302858
54;5;2005;Belford Roxo;3300456
55;5;2005;Queimados;3304144
56;5;2005;Nova Iguaçu;3303500
57;5;2005;Nilópolis;3303203
58;5;2005;Nova Iguaçu;3303500
59;5;2005;Duque de Caxias;3301702
60;5;2005;Duque de Caxias;3301702
61;5;2005;Duque de Caxias;3301702
62;5;2005;Duque de Caxias;3301702
63;5;2005;Japeri;3302270
64;5;2005;São João de Meriti;3305109
65;5;2005;"Magé;Guapimirim";9999982
66;5;2005;Magé;3302502
71;5;2005;"Itaboraí;Tanguá";9999983
72;5;2005;São Gonçalo;3304904
73;5;2005;São Gonçalo;3304904
74;5;2005;São Gonçalo;3304904
75;5;2005;São Gonçalo;3304904
76;5;2005;Niterói;3303302
77;5;2005;Niterói;3303302
78;5;2005;Niterói;3303302
79;5;2005;Niterói;3303302
81;5;2005;Niterói;3303302
82;5;2005;Maricá;3302700
88;5;2005;Barra do Pirai;3300308
89;5;2005;Resende;3304201
90;5;2005;Barra Mansa;3300407
91;5;2005;Valença;3306107
92;5;2005;Rio das Flores;3304508
93;5;2005;Volta Redonda;3306305
94;5;2005;Piraí;3304003
95;5;2005;Vassouras;3306206
96;5;2005;"Miguel Pereira;Paty dos Alferes";9999999
97;5;2005;Mendes;3302809
98;5;2005;Engenheiro Paulo de Frontin;3301801
99;5;2005;Itatiaia;3302254
100;5;2005;"Porto Real;Quatis";9999992
101;5;2005;Pinheiral;3303955
104;5;2005;São José do Vale do Rio Preto;3305158
105;5;2005;Petrópolis;3303906
106;5;2005;Petrópolis;3303906
107;5;2005;Paraíba do Sul;3303708
108;5;2005;"Comendador Levy Gasparian;Areal;Três Rios";9999991
109;5;2005;Sapucaia;3305406
110;5;2005;Teresópolis;3305802
111;5;2005;Sumidouro;3305703
112;5;2005;Carmo;3301207
118;5;2005;Araruama;3300209
119;5;2005;Rio Bonito;3304300
120;5;2005;Silva Jardim;3305604
121;5;2005;Casimiro de Abreu;3301306
122;5;2005;Conceição de Macabú;3301405
123;5;2005;"Macaé;Quissamã;Carapebus";9999984
124;5;2005;Saquarema;3305505
125;5;2005;São Pedro da Aldeia;3305208
126;5;2005;"Cabo Frio;Arraial do Cabo";9999985
127;5;2005;Armação dos Búzios;3300233
128;5;2005;Rio das Ostras;3304524
129;5;2005;Iguaba Grande;3301876
134;5;2005;Campos dos Goytacazes;3301009
135;5;2005;Itaocara;3302106
136;5;2005;"Santo Antônio de Pádua;Aperibé";9999993
137;5;2005;Miracema;3303005
138;5;2005;Laje do Muriaé;3302304
139;5;2005;Porciúncula;3304102
140;5;2005;"Natividade;Varre-Sai";9999997
141;5;2005;São Fidélis;3304805
142;5;2005;Cambuci;3300902
143;5;2005;"Itaperuna;São José de Ubá;Cardoso Moreira;Italva";9999986
144;5;2005;Bom Jesus de Itabapoana;3300605
145;5;2005;São João da Barra;3305000
146;5;2005;Campos dos Goytacazes;3301009
147;5;2005;São Francisco de Itabapoana;3304755
151;5;2005;Nova Friburgo;3303401
152;5;2005;Duas Barras;3301603
153;5;2005;Cantagalo;3301108
154;5;2005;"Cordeiro;Macuco";9999998
155;5;2005;São Sebastião do Alto;3305307
156;5;2005;Santa Maria Madalena;3304607
157;5;2005;Trajano de Morais;3305901
158;5;2005;Bom Jardim;3300506
159;5;2005;Cachoeiras de Macacu;3300803
165;5;2005;Mangaratiba;3302601
166;5;2005;Angra dos Reis;3300100
167;5;2005;Paraty;3303807
168;5;2005;Rio Claro;3304409
1;6;2005;Rio de Janeiro;3304557
4;6;2005;Rio de Janeiro;3304557
5;6;2005;Rio de Janeiro;3304557
6;6;2005;Rio de Janeiro;3304557
7;6;2005;Rio de Janeiro;3304557
9;6;2005;Rio de Janeiro;3304557
10;6;2005;Rio de Janeiro;3304557
12;6;2005;Rio de Janeiro;3304557
13;6;2005;Rio de Janeiro;3304557
14;6;2005;Rio de Janeiro;3304557
15;6;2005;Rio de Janeiro;3304557
16;6;2005;Rio de Janeiro;3304557
17;6;2005;Rio de Janeiro;3304557
18;6;2005;Rio de Janeiro;3304557
19;6;2005;Rio de Janeiro;3304557
20;6;2005;Rio de Janeiro;3304557
21;6;2005;Rio de Janeiro;3304557
22;6;2005;Rio de Janeiro;3304557
23;6;2005;Rio de Janeiro;3304557
24;6;2005;Rio de Janeiro;3304557
25;6;2005;Rio de Janeiro;3304557
26;6;2005;Rio de Janeiro;3304557
27;6;2005;Rio de Janeiro;3304557
28;6;2005;Rio de Janeiro;3304557
29;6;2005;Rio de Janeiro;3304557
30;6;2005;Rio de Janeiro;3304557
31;6;2005;Rio de Janeiro;3304557
32;6;2005;Rio de Janeiro;3304557
33;6;2005;Rio de Janeiro;3304557
34;6;2005;Rio de Janeiro;3304557
35;6;2005;Rio de Janeiro;3304557
36;6;2005;Rio de Janeiro;3304557
37;6;2005;Rio de Janeiro;3304557
38;6;2005;Rio de Janeiro;3304557
39;6;2005;Rio de Janeiro;3304557
40;6;2005;Rio de Janeiro;3304557
41;6;2005;Rio de Janeiro;3304557
43;6;2005;Rio de Janeiro;3304557
44;6;2005;Rio de Janeiro;3304557
48;6;2005;Seropédica;3305554
50;6;2005;Itaguaí;3302007
51;6;2005;Paracambi;3303609
52;6;2005;Nova Iguaçu;3303500
53;6;2005;Mesquita;3302858
54;6;2005;Belford Roxo;3300456
55;6;2005;Queimados;3304144
56;6;2005;Nova Iguaçu;3303500
57;6;2005;Nilópolis;3303203
58;6;2005;Nova Iguaçu;3303500
59;6;2005;Duque de Caxias;3301702
60;6;2005;Duque de Caxias;3301702
61;6;2005;Duque de Caxias;3301702
62;6;2005;Duque de Caxias;3301702
63;6;2005;Japeri;3302270
64;6;2005;São João de Meriti;3305109
65;6;2005;"Magé;Guapimirim";9999982
66;6;2005;Magé;3302502
71;6;2005;"Itaboraí;Tanguá";9999983
72;6;2005;São Gonçalo;3304904
73;6;2005;São Gonçalo;3304904
74;6;2005;São Gonçalo;3304904
75;6;2005;São Gonçalo;3304904
76;6;2005;Niterói;3303302
77;6;2005;Niterói;3303302
78;6;2005;Niterói;3303302
79;6;2005;Niterói;3303302
81;6;2005;Niterói;3303302
82;6;2005;Maricá;3302700
88;6;2005;Barra do Pirai;3300308
89;6;2005;Resende;3304201
90;6;2005;Barra Mansa;3300407
91;6;2005;Valença;3306107
92;6;2005;Rio das Flores;3304508
93;6;2005;Volta Redonda;3306305
94;6;2005;Piraí;3304003
95;6;2005;Vassouras;3306206
96;6;2005;"Miguel Pereira;Paty dos Alferes";9999999
97;6;2005;Mendes;3302809
98;6;2005;Engenheiro Paulo de Frontin;3301801
99;6;2005;Itatiaia;3302254
100;6;2005;"Porto Real;Quatis";9999992
101;6;2005;Pinheiral;3303955
104;6;2005;São José do Vale do Rio Preto;3305158
105;6;2005;Petrópolis;3303906
106;6;2005;Petrópolis;3303906
107;6;2005;Paraíba do Sul;3303708
108;6;2005;"Comendador Levy Gasparian;Areal;Três Rios";9999991
109;6;2005;Sapucaia;3305406
110;6;2005;Teresópolis;3305802
111;6;2005;Sumidouro;3305703
112;6;2005;Carmo;3301207
118;6;2005;Araruama;3300209
119;6;2005;Rio Bonito;3304300
120;6;2005;Silva Jardim;3305604
121;6;2005;Casimiro de Abreu;3301306
122;6;2005;Conceição de Macabú;3301405
123;6;2005;"Macaé;Quissamã;Carapebus";9999984
124;6;2005;Saquarema;3305505
125;6;2005;São Pedro da Aldeia;3305208
126;6;2005;"Cabo Frio;Arraial do Cabo";9999985
127;6;2005;Armação dos Búzios;3300233
128;6;2005;Rio das Ostras;3304524
129;6;2005;Iguaba Grande;3301876
134;6;2005;Campos dos Goytacazes;3301009
135;6;2005;Itaocara;3302106
136;6;2005;"Santo Antônio de Pádua;Aperibé";9999993
137;6;2005;Miracema;3303005
138;6;2005;Laje do Muriaé;3302304
139;6;2005;Porciúncula;3304102
140;6;2005;"Natividade;Varre-Sai";9999997
141;6;2005;São Fidélis;3304805
142;6;2005;Cambuci;3300902
143;6;2005;"Itaperuna;São José de Ubá;Cardoso Moreira;Italva";9999986
144;6;2005;Bom Jesus de Itabapoana;3300605
145;6;2005;São João da Barra;3305000
146;6;2005;Campos dos Goytacazes;3301009
147;6;2005;São Francisco de Itabapoana;3304755
151;6;2005;Nova Friburgo;3303401
152;6;2005;Duas Barras;3301603
153;6;2005;Cantagalo;3301108
154;6;2005;"Cordeiro;Macuco";9999998
155;6;2005;São Sebastião do Alto;3305307
156;6;2005;Santa Maria Madalena;3304607
157;6;2005;Trajano de Morais;3305901
158;6;2005;Bom Jardim;3300506
159;6;2005;Cachoeiras de Macacu;3300803
165;6;2005;Mangaratiba;3302601
166;6;2005;Angra dos Reis;3300100
167;6;2005;Paraty;3303807
168;6;2005;Rio Claro;3304409
1;7;2005;Rio de Janeiro;3304557
4;7;2005;Rio de Janeiro;3304557
5;7;2005;Rio de Janeiro;3304557
6;7;2005;Rio de Janeiro;3304557
7;7;2005;Rio de Janeiro;3304557
9;7;2005;Rio de Janeiro;3304557
10;7;2005;Rio de Janeiro;3304557
12;7;2005;Rio de Janeiro;3304557
13;7;2005;Rio de Janeiro;3304557
14;7;2005;Rio de Janeiro;3304557
15;7;2005;Rio de Janeiro;3304557
16;7;2005;Rio de Janeiro;3304557
17;7;2005;Rio de Janeiro;3304557
18;7;2005;Rio de Janeiro;3304557
19;7;2005;Rio de Janeiro;3304557
20;7;2005;Rio de Janeiro;3304557
21;7;2005;Rio de Janeiro;3304557
22;7;2005;Rio de Janeiro;3304557
23;7;2005;Rio de Janeiro;3304557
24;7;2005;Rio de Janeiro;3304557
25;7;2005;Rio de Janeiro;3304557
26;7;2005;Rio de Janeiro;3304557
27;7;2005;Rio de Janeiro;3304557
28;7;2005;Rio de Janeiro;3304557
29;7;2005;Rio de Janeiro;3304557
30;7;2005;Rio de Janeiro;3304557
31;7;2005;Rio de Janeiro;3304557
32;7;2005;Rio de Janeiro;3304557
33;7;2005;Rio de Janeiro;3304557
34;7;2005;Rio de Janeiro;3304557
35;7;2005;Rio de Janeiro;3304557
36;7;2005;Rio de Janeiro;3304557
37;7;2005;Rio de Janeiro;3304557
38;7;2005;Rio de Janeiro;3304557
39;7;2005;Rio de Janeiro;3304557
40;7;2005;Rio de Janeiro;3304557
41;7;2005;Rio de Janeiro;3304557
43;7;2005;Rio de Janeiro;3304557
44;7;2005;Rio de Janeiro;3304557
48;7;2005;Seropédica;3305554
50;7;2005;Itaguaí;3302007
51;7;2005;Paracambi;3303609
52;7;2005;Nova Iguaçu;3303500
53;7;2005;Mesquita;3302858
54;7;2005;Belford Roxo;3300456
55;7;2005;Queimados;3304144
56;7;2005;Nova Iguaçu;3303500
57;7;2005;Nilópolis;3303203
58;7;2005;Nova Iguaçu;3303500
59;7;2005;Duque de Caxias;3301702
60;7;2005;Duque de Caxias;3301702
61;7;2005;Duque de Caxias;3301702
62;7;2005;Duque de Caxias;3301702
63;7;2005;Japeri;3302270
64;7;2005;São João de Meriti;3305109
65;7;2005;"Magé;Guapimirim";9999982
66;7;2005;Magé;3302502
71;7;2005;"Itaboraí;Tanguá";9999983
72;7;2005;São Gonçalo;3304904
73;7;2005;São Gonçalo;3304904
74;7;2005;São Gonçalo;3304904
75;7;2005;São Gonçalo;3304904
76;7;2005;Niterói;3303302
77;7;2005;Niterói;3303302
78;7;2005;Niterói;3303302
79;7;2005;Niterói;3303302
81;7;2005;Niterói;3303302
82;7;2005;Maricá;3302700
88;7;2005;Barra do Pirai;3300308
89;7;2005;Resende;3304201
90;7;2005;Barra Mansa;3300407
91;7;2005;Valença;3306107
92;7;2005;Rio das Flores;3304508
93;7;2005;Volta Redonda;3306305
94;7;2005;Piraí;3304003
95;7;2005;Vassouras;3306206
96;7;2005;"Miguel Pereira;Paty dos Alferes";9999999
97;7;2005;Mendes;3302809
98;7;2005;Engenheiro Paulo de Frontin;3301801
99;7;2005;Itatiaia;3302254
100;7;2005;"Porto Real;Quatis";9999992
101;7;2005;Pinheiral;3303955
104;7;2005;São José do Vale do Rio Preto;3305158
105;7;2005;Petrópolis;3303906
106;7;2005;Petrópolis;3303906
107;7;2005;Paraíba do Sul;3303708
108;7;2005;"Comendador Levy Gasparian;Areal;Três Rios";9999991
109;7;2005;Sapucaia;3305406
110;7;2005;Teresópolis;3305802
111;7;2005;Sumidouro;3305703
112;7;2005;Carmo;3301207
118;7;2005;Araruama;3300209
119;7;2005;Rio Bonito;3304300
120;7;2005;Silva Jardim;3305604
121;7;2005;Casimiro de Abreu;3301306
122;7;2005;Conceição de Macabú;3301405
123;7;2005;"Macaé;Quissamã;Carapebus";9999984
124;7;2005;Saquarema;3305505
125;7;2005;São Pedro da Aldeia;3305208
126;7;2005;"Cabo Frio;Arraial do Cabo";9999985
127;7;2005;Armação dos Búzios;3300233
128;7;2005;Rio das Ostras;3304524
129;7;2005;Iguaba Grande;3301876
134;7;2005;Campos dos Goytacazes;3301009
135;7;2005;Itaocara;3302106
136;7;2005;"Santo Antônio de Pádua;Aperibé";9999993
137;7;2005;Miracema;3303005
138;7;2005;Laje do Muriaé;3302304
139;7;2005;Porciúncula;3304102
140;7;2005;"Natividade;Varre-Sai";9999997
141;7;2005;São Fidélis;3304805
142;7;2005;Cambuci;3300902
143;7;2005;"Itaperuna;São José de Ubá;Cardoso Moreira;Italva";9999986
144;7;2005;Bom Jesus de Itabapoana;3300605
145;7;2005;São João da Barra;3305000
146;7;2005;Campos dos Goytacazes;3301009
147;7;2005;São Francisco de Itabapoana;3304755
151;7;2005;Nova Friburgo;3303401
152;7;2005;Duas Barras;3301603
153;7;2005;Cantagalo;3301108
154;7;2005;"Cordeiro;Macuco";9999998
155;7;2005;São Sebastião do Alto;3305307
156;7;2005;Santa Maria Madalena;3304607
157;7;2005;Trajano de Morais;3305901
158;7;2005;Bom Jardim;3300506
159;7;2005;Cachoeiras de Macacu;3300803
165;7;2005;Mangaratiba;3302601
166;7;2005;Angra dos Reis;3300100
167;7;2005;Paraty;3303807
168;7;2005;Rio Claro;3304409
1;8;2005;Rio de Janeiro;3304557
4;8;2005;Rio de Janeiro;3304557
5;8;2005;Rio de Janeiro;3304557
6;8;2005;Rio de Janeiro;3304557
7;8;2005;Rio de Janeiro;3304557
9;8;2005;Rio de Janeiro;3304557
10;8;2005;Rio de Janeiro;3304557
12;8;2005;Rio de Janeiro;3304557
13;8;2005;Rio de Janeiro;3304557
14;8;2005;Rio de Janeiro;3304557
15;8;2005;Rio de Janeiro;3304557
16;8;2005;Rio de Janeiro;3304557
17;8;2005;Rio de Janeiro;3304557
18;8;2005;Rio de Janeiro;3304557
19;8;2005;Rio de Janeiro;3304557
20;8;2005;Rio de Janeiro;3304557
21;8;2005;Rio de Janeiro;3304557
22;8;2005;Rio de Janeiro;3304557
23;8;2005;Rio de Janeiro;3304557
24;8;2005;Rio de Janeiro;3304557
25;8;2005;Rio de Janeiro;3304557
26;8;2005;Rio de Janeiro;3304557
27;8;2005;Rio de Janeiro;3304557
28;8;2005;Rio de Janeiro;3304557
29;8;2005;Rio de Janeiro;3304557
30;8;2005;Rio de Janeiro;3304557
31;8;2005;Rio de Janeiro;3304557
32;8;2005;Rio de Janeiro;3304557
33;8;2005;Rio de Janeiro;3304557
34;8;2005;Rio de Janeiro;3304557
35;8;2005;Rio de Janeiro;3304557
36;8;2005;Rio de Janeiro;3304557
37;8;2005;Rio de Janeiro;3304557
38;8;2005;Rio de Janeiro;3304557
39;8;2005;Rio de Janeiro;3304557
40;8;2005;Rio de Janeiro;3304557
41;8;2005;Rio de Janeiro;3304557
43;8;2005;Rio de Janeiro;3304557
44;8;2005;Rio de Janeiro;3304557
48;8;2005;Seropédica;3305554
50;8;2005;Itaguaí;3302007
51;8;2005;Paracambi;3303609
52;8;2005;Nova Iguaçu;3303500
53;8;2005;Mesquita;3302858
54;8;2005;Belford Roxo;3300456
55;8;2005;Queimados;3304144
56;8;2005;Nova Iguaçu;3303500
57;8;2005;Nilópolis;3303203
58;8;2005;Nova Iguaçu;3303500
59;8;2005;Duque de Caxias;3301702
60;8;2005;Duque de Caxias;3301702
61;8;2005;Duque de Caxias;3301702
62;8;2005;Duque de Caxias;3301702
63;8;2005;Japeri;3302270
64;8;2005;São João de Meriti;3305109
65;8;2005;"Magé;Guapimirim";9999982
66;8;2005;Magé;3302502
71;8;2005;"Itaboraí;Tanguá";9999983
72;8;2005;São Gonçalo;3304904
73;8;2005;São Gonçalo;3304904
74;8;2005;São Gonçalo;3304904
75;8;2005;São Gonçalo;3304904
76;8;2005;Niterói;3303302
77;8;2005;Niterói;3303302
78;8;2005;Niterói;3303302
79;8;2005;Niterói;3303302
81;8;2005;Niterói;3303302
82;8;2005;Maricá;3302700
88;8;2005;Barra do Pirai;3300308
89;8;2005;Resende;3304201
90;8;2005;Barra Mansa;3300407
91;8;2005;Valença;3306107
92;8;2005;Rio das Flores;3304508
93;8;2005;Volta Redonda;3306305
94;8;2005;Piraí;3304003
95;8;2005;Vassouras;3306206
96;8;2005;"Miguel Pereira;Paty dos Alferes";9999999
97;8;2005;Mendes;3302809
98;8;2005;Engenheiro Paulo de Frontin;3301801
99;8;2005;Itatiaia;3302254
100;8;2005;"Porto Real;Quatis";9999992
101;8;2005;Pinheiral;3303955
104;8;2005;São José do Vale do Rio Preto;3305158
105;8;2005;Petrópolis;3303906
106;8;2005;Petrópolis;3303906
107;8;2005;Paraíba do Sul;3303708
108;8;2005;"Comendador Levy Gasparian;Areal;Três Rios";9999991
109;8;2005;Sapucaia;3305406
110;8;2005;Teresópolis;3305802
111;8;2005;Sumidouro;3305703
112;8;2005;Carmo;3301207
118;8;2005;Araruama;3300209
119;8;2005;Rio Bonito;3304300
120;8;2005;Silva Jardim;3305604
121;8;2005;Casimiro de Abreu;3301306
122;8;2005;Conceição de Macabú;3301405
123;8;2005;"Macaé;Quissamã;Carapebus";9999984
124;8;2005;Saquarema;3305505
125;8;2005;São Pedro da Aldeia;3305208
126;8;2005;"Cabo Frio;Arraial do Cabo";9999985
127;8;2005;Armação dos Búzios;3300233
128;8;2005;Rio das Ostras;3304524
129;8;2005;Iguaba Grande;3301876
134;8;2005;Campos dos Goytacazes;3301009
135;8;2005;Itaocara;3302106
136;8;2005;"Santo Antônio de Pádua;Aperibé";9999993
137;8;2005;Miracema;3303005
138;8;2005;Laje do Muriaé;3302304
139;8;2005;Porciúncula;3304102
140;8;2005;"Natividade;Varre-Sai";9999997
141;8;2005;São Fidélis;3304805
142;8;2005;Cambuci;3300902
143;8;2005;"Itaperuna;São José de Ubá;Cardoso Moreira;Italva";9999986
144;8;2005;Bom Jesus de Itabapoana;3300605
145;8;2005;São João da Barra;3305000
146;8;2005;Campos dos Goytacazes;3301009
147;8;2005;São Francisco de Itabapoana;3304755
151;8;2005;Nova Friburgo;3303401
152;8;2005;Duas Barras;3301603
153;8;2005;Cantagalo;3301108
154;8;2005;"Cordeiro;Macuco";9999998
155;8;2005;São Sebastião do Alto;3305307
156;8;2005;Santa Maria Madalena;3304607
157;8;2005;Trajano de Morais;3305901
158;8;2005;Bom Jardim;3300506
159;8;2005;Cachoeiras de Macacu;3300803
165;8;2005;Mangaratiba;3302601
166;8;2005;Angra dos Reis;3300100
167;8;2005;Paraty;3303807
168;8;2005;Rio Claro;3304409
1;9;2005;Rio de Janeiro;3304557
4;9;2005;Rio de Janeiro;3304557
5;9;2005;Rio de Janeiro;3304557
6;9;2005;Rio de Janeiro;3304557
7;9;2005;Rio de Janeiro;3304557
9;9;2005;Rio de Janeiro;3304557
10;9;2005;Rio de Janeiro;3304557
12;9;2005;Rio de Janeiro;3304557
13;9;2005;Rio de Janeiro;3304557
14;9;2005;Rio de Janeiro;3304557
15;9;2005;Rio de Janeiro;3304557
16;9;2005;Rio de Janeiro;3304557
17;9;2005;Rio de Janeiro;3304557
18;9;2005;Rio de Janeiro;3304557
19;9;2005;Rio de Janeiro;3304557
20;9;2005;Rio de Janeiro;3304557
21;9;2005;Rio de Janeiro;3304557
22;9;2005;Rio de Janeiro;3304557
23;9;2005;Rio de Janeiro;3304557
24;9;2005;Rio de Janeiro;3304557
25;9;2005;Rio de Janeiro;3304557
26;9;2005;Rio de Janeiro;3304557
27;9;2005;Rio de Janeiro;3304557
28;9;2005;Rio de Janeiro;3304557
29;9;2005;Rio de Janeiro;3304557
30;9;2005;Rio de Janeiro;3304557
31;9;2005;Rio de Janeiro;3304557
32;9;2005;Rio de Janeiro;3304557
33;9;2005;Rio de Janeiro;3304557
34;9;2005;Rio de Janeiro;3304557
35;9;2005;Rio de Janeiro;3304557
36;9;2005;Rio de Janeiro;3304557
37;9;2005;Rio de Janeiro;3304557
38;9;2005;Rio de Janeiro;3304557
39;9;2005;Rio de Janeiro;3304557
40;9;2005;Rio de Janeiro;3304557
41;9;2005;Rio de Janeiro;3304557
43;9;2005;Rio de Janeiro;3304557
44;9;2005;Rio de Janeiro;3304557
48;9;2005;Seropédica;3305554
50;9;2005;Itaguaí;3302007
51;9;2005;Paracambi;3303609
52;9;2005;Nova Iguaçu;3303500
53;9;2005;Mesquita;3302858
54;9;2005;Belford Roxo;3300456
55;9;2005;Queimados;3304144
56;9;2005;Nova Iguaçu;3303500
57;9;2005;Nilópolis;3303203
58;9;2005;Nova Iguaçu;3303500
59;9;2005;Duque de Caxias;3301702
60;9;2005;Duque de Caxias;3301702
61;9;2005;Duque de Caxias;3301702
62;9;2005;Duque de Caxias;3301702
63;9;2005;Japeri;3302270
64;9;2005;São João de Meriti;3305109
65;9;2005;"Magé;Guapimirim";9999982
66;9;2005;Magé;3302502
71;9;2005;"Itaboraí;Tanguá";9999983
72;9;2005;São Gonçalo;3304904
73;9;2005;São Gonçalo;3304904
74;9;2005;São Gonçalo;3304904
75;9;2005;São Gonçalo;3304904
76;9;2005;Niterói;3303302
77;9;2005;Niterói;3303302
78;9;2005;Niterói;3303302
79;9;2005;Niterói;3303302
81;9;2005;Niterói;3303302
82;9;2005;Maricá;3302700
88;9;2005;Barra do Pirai;3300308
89;9;2005;Resende;3304201
90;9;2005;Barra Mansa;3300407
91;9;2005;Valença;3306107
92;9;2005;Rio das Flores;3304508
93;9;2005;Volta Redonda;3306305
94;9;2005;Piraí;3304003
95;9;2005;Vassouras;3306206
96;9;2005;"Miguel Pereira;Paty dos Alferes";9999999
97;9;2005;Mendes;3302809
98;9;2005;Engenheiro Paulo de Frontin;3301801
99;9;2005;Itatiaia;3302254
100;9;2005;"Porto Real;Quatis";9999992
101;9;2005;Pinheiral;3303955
104;9;2005;São José do Vale do Rio Preto;3305158
105;9;2005;Petrópolis;3303906
106;9;2005;Petrópolis;3303906
107;9;2005;Paraíba do Sul;3303708
108;9;2005;"Comendador Levy Gasparian;Areal;Três Rios";9999991
109;9;2005;Sapucaia;3305406
110;9;2005;Teresópolis;3305802
111;9;2005;Sumidouro;3305703
112;9;2005;Carmo;3301207
118;9;2005;Araruama;3300209
119;9;2005;Rio Bonito;3304300
120;9;2005;Silva Jardim;3305604
121;9;2005;Casimiro de Abreu;3301306
122;9;2005;Conceição de Macabú;3301405
123;9;2005;"Macaé;Quissamã;Carapebus";9999984
124;9;2005;Saquarema;3305505
125;9;2005;São Pedro da Aldeia;3305208
126;9;2005;"Cabo Frio;Arraial do Cabo";9999985
127;9;2005;Armação dos Búzios;3300233
128;9;2005;Rio das Ostras;3304524
129;9;2005;Iguaba Grande;3301876
134;9;2005;Campos dos Goytacazes;3301009
135;9;2005;Itaocara;3302106
136;9;2005;"Santo Antônio de Pádua;Aperibé";9999993
137;9;2005;Miracema;3303005
138;9;2005;Laje do Muriaé;3302304
139;9;2005;Porciúncula;3304102
140;9;2005;"Natividade;Varre-Sai";9999997
141;9;2005;São Fidélis;3304805
142;9;2005;Cambuci;3300902
143;9;2005;"Itaperuna;São José de Ubá;Cardoso Moreira;Italva";9999986
144;9;2005;Bom Jesus de Itabapoana;3300605
145;9;2005;São João da Barra;3305000
146;9;2005;Campos dos Goytacazes;3301009
147;9;2005;São Francisco de Itabapoana;3304755
151;9;2005;Nova Friburgo;3303401
152;9;2005;Duas Barras;3301603
153;9;2005;Cantagalo;3301108
154;9;2005;"Cordeiro;Macuco";9999998
155;9;2005;São Sebastião do Alto;3305307
156;9;2005;Santa Maria Madalena;3304607
157;9;2005;Trajano de Morais;3305901
158;9;2005;Bom Jardim;3300506
159;9;2005;Cachoeiras de Macacu;3300803
165;9;2005;Mangaratiba;3302601
166;9;2005;Angra dos Reis;3300100
167;9;2005;Paraty;3303807
168;9;2005;Rio Claro;3304409
1;10;2005;Rio de Janeiro;3304557
4;10;2005;Rio de Janeiro;3304557
5;10;2005;Rio de Janeiro;3304557
6;10;2005;Rio de Janeiro;3304557
7;10;2005;Rio de Janeiro;3304557
9;10;2005;Rio de Janeiro;3304557
10;10;2005;Rio de Janeiro;3304557
12;10;2005;Rio de Janeiro;3304557
13;10;2005;Rio de Janeiro;3304557
14;10;2005;Rio de Janeiro;3304557
15;10;2005;Rio de Janeiro;3304557
16;10;2005;Rio de Janeiro;3304557
17;10;2005;Rio de Janeiro;3304557
18;10;2005;Rio de Janeiro;3304557
19;10;2005;Rio de Janeiro;3304557
20;10;2005;Rio de Janeiro;3304557
21;10;2005;Rio de Janeiro;3304557
22;10;2005;Rio de Janeiro;3304557
23;10;2005;Rio de Janeiro;3304557
24;10;2005;Rio de Janeiro;3304557
25;10;2005;Rio de Janeiro;3304557
26;10;2005;Rio de Janeiro;3304557
27;10;2005;Rio de Janeiro;3304557
28;10;2005;Rio de Janeiro;3304557
29;10;2005;Rio de Janeiro;3304557
30;10;2005;Rio de Janeiro;3304557
31;10;2005;Rio de Janeiro;3304557
32;10;2005;Rio de Janeiro;3304557
33;10;2005;Rio de Janeiro;3304557
34;10;2005;Rio de Janeiro;3304557
35;10;2005;Rio de Janeiro;3304557
36;10;2005;Rio de Janeiro;3304557
37;10;2005;Rio de Janeiro;3304557
38;10;2005;Rio de Janeiro;3304557
39;10;2005;Rio de Janeiro;3304557
40;10;2005;Rio de Janeiro;3304557
41;10;2005;Rio de Janeiro;3304557
43;10;2005;Rio de Janeiro;3304557
44;10;2005;Rio de Janeiro;3304557
48;10;2005;Seropédica;3305554
50;10;2005;Itaguaí;3302007
51;10;2005;Paracambi;3303609
52;10;2005;Nova Iguaçu;3303500
53;10;2005;Mesquita;3302858
54;10;2005;Belford Roxo;3300456
55;10;2005;Queimados;3304144
56;10;2005;Nova Iguaçu;3303500
57;10;2005;Nilópolis;3303203
58;10;2005;Nova Iguaçu;3303500
59;10;2005;Duque de Caxias;3301702
60;10;2005;Duque de Caxias;3301702
61;10;2005;Duque de Caxias;3301702
62;10;2005;Duque de Caxias;3301702
63;10;2005;Japeri;3302270
64;10;2005;São João de Meriti;3305109
65;10;2005;"Magé;Guapimirim";9999982
66;10;2005;Magé;3302502
71;10;2005;"Itaboraí;Tanguá";9999983
72;10;2005;São Gonçalo;3304904
73;10;2005;São Gonçalo;3304904
74;10;2005;São Gonçalo;3304904
75;10;2005;São Gonçalo;3304904
76;10;2005;Niterói;3303302
77;10;2005;Niterói;3303302
78;10;2005;Niterói;3303302
79;10;2005;Niterói;3303302
81;10;2005;Niterói;3303302
82;10;2005;Maricá;3302700
88;10;2005;Barra do Pirai;3300308
89;10;2005;Resende;3304201
90;10;2005;Barra Mansa;3300407
91;10;2005;Valença;3306107
92;10;2005;Rio das Flores;3304508
93;10;2005;Volta Redonda;3306305
94;10;2005;Piraí;3304003
95;10;2005;Vassouras;3306206
96;10;2005;"Miguel Pereira;Paty dos Alferes";9999999
97;10;2005;Mendes;3302809
98;10;2005;Engenheiro Paulo de Frontin;3301801
99;10;2005;Itatiaia;3302254
100;10;2005;"Porto Real;Quatis";9999992
101;10;2005;Pinheiral;3303955
104;10;2005;São José do Vale do Rio Preto;3305158
105;10;2005;Petrópolis;3303906
106;10;2005;Petrópolis;3303906
107;10;2005;Paraíba do Sul;3303708
108;10;2005;"Comendador Levy Gasparian;Areal;Três Rios";9999991
109;10;2005;Sapucaia;3305406
110;10;2005;Teresópolis;3305802
111;10;2005;Sumidouro;3305703
112;10;2005;Carmo;3301207
118;10;2005;Araruama;3300209
119;10;2005;Rio Bonito;3304300
120;10;2005;Silva Jardim;3305604
121;10;2005;Casimiro de Abreu;3301306
122;10;2005;Conceição de Macabú;3301405
123;10;2005;"Macaé;Quissamã;Carapebus";9999984
124;10;2005;Saquarema;3305505
125;10;2005;São Pedro da Aldeia;3305208
126;10;2005;"Cabo Frio;Arraial do Cabo";9999985
127;10;2005;Armação dos Búzios;3300233
128;10;2005;Rio das Ostras;3304524
129;10;2005;Iguaba Grande;3301876
134;10;2005;Campos dos Goytacazes;3301009
135;10;2005;Itaocara;3302106
136;10;2005;"Santo Antônio de Pádua;Aperibé";9999993
137;10;2005;Miracema;3303005
138;10;2005;Laje do Muriaé;3302304
139;10;2005;Porciúncula;3304102
140;10;2005;"Natividade;Varre-Sai";9999997
141;10;2005;São Fidélis;3304805
142;10;2005;Cambuci;3300902
143;10;2005;"Itaperuna;São José de Ubá;Cardoso Moreira;Italva";9999986
144;10;2005;Bom Jesus de Itabapoana;3300605
145;10;2005;São João da Barra;3305000
146;10;2005;Campos dos Goytacazes;3301009
147;10;2005;São Francisco de Itabapoana;3304755
151;10;2005;Nova Friburgo;3303401
152;10;2005;Duas Barras;3301603
153;10;2005;Cantagalo;3301108
154;10;2005;"Cordeiro;Macuco";9999998
155;10;2005;São Sebastião do Alto;3305307
156;10;2005;Santa Maria Madalena;3304607
157;10;2005;Trajano de Morais;3305901
158;10;2005;Bom Jardim;3300506
159;10;2005;Cachoeiras de Macacu;3300803
165;10;2005;Mangaratiba;3302601
166;10;2005;Angra dos Reis;3300100
167;10;2005;Paraty;3303807
168;10;2005;Rio Claro;3304409
1;11;2005;Rio de Janeiro;3304557
4;11;2005;Rio de Janeiro;3304557
5;11;2005;Rio de Janeiro;3304557
6;11;2005;Rio de Janeiro;3304557
7;11;2005;Rio de Janeiro;3304557
9;11;2005;Rio de Janeiro;3304557
10;11;2005;Rio de Janeiro;3304557
12;11;2005;Rio de Janeiro;3304557
13;11;2005;Rio de Janeiro;3304557
14;11;2005;Rio de Janeiro;3304557
15;11;2005;Rio de Janeiro;3304557
16;11;2005;Rio de Janeiro;3304557
17;11;2005;Rio de Janeiro;3304557
18;11;2005;Rio de Janeiro;3304557
19;11;2005;Rio de Janeiro;3304557
20;11;2005;Rio de Janeiro;3304557
21;11;2005;Rio de Janeiro;3304557
22;11;2005;Rio de Janeiro;3304557
23;11;2005;Rio de Janeiro;3304557
24;11;2005;Rio de Janeiro;3304557
25;11;2005;Rio de Janeiro;3304557
26;11;2005;Rio de Janeiro;3304557
27;11;2005;Rio de Janeiro;3304557
28;11;2005;Rio de Janeiro;3304557
29;11;2005;Rio de Janeiro;3304557
30;11;2005;Rio de Janeiro;3304557
31;11;2005;Rio de Janeiro;3304557
32;11;2005;Rio de Janeiro;3304557
33;11;2005;Rio de Janeiro;3304557
34;11;2005;Rio de Janeiro;3304557
35;11;2005;Rio de Janeiro;3304557
36;11;2005;Rio de Janeiro;3304557
37;11;2005;Rio de Janeiro;3304557
38;11;2005;Rio de Janeiro;3304557
39;11;2005;Rio de Janeiro;3304557
40;11;2005;Rio de Janeiro;3304557
41;11;2005;Rio de Janeiro;3304557
43;11;2005;Rio de Janeiro;3304557
44;11;2005;Rio de Janeiro;3304557
48;11;2005;Seropédica;3305554
50;11;2005;Itaguaí;3302007
51;11;2005;Paracambi;3303609
52;11;2005;Nova Iguaçu;3303500
53;11;2005;Mesquita;3302858
54;11;2005;Belford Roxo;3300456
55;11;2005;Queimados;3304144
56;11;2005;Nova Iguaçu;3303500
57;11;2005;Nilópolis;3303203
58;11;2005;Nova Iguaçu;3303500
59;11;2005;Duque de Caxias;3301702
60;11;2005;Duque de Caxias;3301702
61;11;2005;Duque de Caxias;3301702
62;11;2005;Duque de Caxias;3301702
63;11;2005;Japeri;3302270
64;11;2005;São João de Meriti;3305109
65;11;2005;"Magé;Guapimirim";9999982
66;11;2005;Magé;3302502
71;11;2005;"Itaboraí;Tanguá";9999983
72;11;2005;São Gonçalo;3304904
73;11;2005;São Gonçalo;3304904
74;11;2005;São Gonçalo;3304904
75;11;2005;São Gonçalo;3304904
76;11;2005;Niterói;3303302
77;11;2005;Niterói;3303302
78;11;2005;Niterói;3303302
79;11;2005;Niterói;3303302
81;11;2005;Niterói;3303302
82;11;2005;Maricá;3302700
88;11;2005;Barra do Pirai;3300308
89;11;2005;Resende;3304201
90;11;2005;Barra Mansa;3300407
91;11;2005;Valença;3306107
92;11;2005;Rio das Flores;3304508
93;11;2005;Volta Redonda;3306305
94;11;2005;Piraí;3304003
95;11;2005;Vassouras;3306206
96;11;2005;"Miguel Pereira;Paty dos Alferes";9999999
97;11;2005;Mendes;3302809
98;11;2005;Engenheiro Paulo de Frontin;3301801
99;11;2005;Itatiaia;3302254
100;11;2005;"Porto Real;Quatis";9999992
101;11;2005;Pinheiral;3303955
104;11;2005;São José do Vale do Rio Preto;3305158
105;11;2005;Petrópolis;3303906
106;11;2005;Petrópolis;3303906
107;11;2005;Paraíba do Sul;3303708
108;11;2005;"Comendador Levy Gasparian;Areal;Três Rios";9999991
109;11;2005;Sapucaia;3305406
110;11;2005;Teresópolis;3305802
111;11;2005;Sumidouro;3305703
112;11;2005;Carmo;3301207
118;11;2005;Araruama;3300209
119;11;2005;Rio Bonito;3304300
120;11;2005;Silva Jardim;3305604
121;11;2005;Casimiro de Abreu;3301306
122;11;2005;Conceição de Macabú;3301405
123;11;2005;"Macaé;Quissamã;Carapebus";9999984
124;11;2005;Saquarema;3305505
125;11;2005;São Pedro da Aldeia;3305208
126;11;2005;"Cabo Frio;Arraial do Cabo";9999985
127;11;2005;Armação dos Búzios;3300233
128;11;2005;Rio das Ostras;3304524
129;11;2005;Iguaba Grande;3301876
134;11;2005;Campos dos Goytacazes;3301009
135;11;2005;Itaocara;3302106
136;11;2005;"Santo Antônio de Pádua;Aperibé";9999993
137;11;2005;Miracema;3303005
138;11;2005;Laje do Muriaé;3302304
139;11;2005;Porciúncula;3304102
140;11;2005;"Natividade;Varre-Sai";9999997
141;11;2005;São Fidélis;3304805
142;11;2005;Cambuci;3300902
143;11;2005;"Itaperuna;São José de Ubá;Cardoso Moreira;Italva";9999986
144;11;2005;Bom Jesus de Itabapoana;3300605
145;11;2005;São João da Barra;3305000
146;11;2005;Campos dos Goytacazes;3301009
147;11;2005;São Francisco de Itabapoana;3304755
151;11;2005;Nova Friburgo;3303401
152;11;2005;Duas Barras;3301603
153;11;2005;Cantagalo;3301108
154;11;2005;"Cordeiro;Macuco";9999998
155;11;2005;São Sebastião do Alto;3305307
156;11;2005;Santa Maria Madalena;3304607
157;11;2005;Trajano de Morais;3305901
158;11;2005;Bom Jardim;3300506
159;11;2005;Cachoeiras de Macacu;3300803
165;11;2005;Mangaratiba;3302601
166;11;2005;Angra dos Reis;3300100
167;11;2005;Paraty;3303807
168;11;2005;Rio Claro;3304409
1;12;2005;Rio de Janeiro;3304557
4;12;2005;Rio de Janeiro;3304557
5;12;2005;Rio de Janeiro;3304557
6;12;2005;Rio de Janeiro;3304557
7;12;2005;Rio de Janeiro;3304557
9;12;2005;Rio de Janeiro;3304557
10;12;2005;Rio de Janeiro;3304557
12;12;2005;Rio de Janeiro;3304557
13;12;2005;Rio de Janeiro;3304557
14;12;2005;Rio de Janeiro;3304557
15;12;2005;Rio de Janeiro;3304557
16;12;2005;Rio de Janeiro;3304557
17;12;2005;Rio de Janeiro;3304557
18;12;2005;Rio de Janeiro;3304557
19;12;2005;Rio de Janeiro;3304557
20;12;2005;Rio de Janeiro;3304557
21;12;2005;Rio de Janeiro;3304557
22;12;2005;Rio de Janeiro;3304557
23;12;2005;Rio de Janeiro;3304557
24;12;2005;Rio de Janeiro;3304557
25;12;2005;Rio de Janeiro;3304557
26;12;2005;Rio de Janeiro;3304557
27;12;2005;Rio de Janeiro;3304557
28;12;2005;Rio de Janeiro;3304557
29;12;2005;Rio de Janeiro;3304557
30;12;2005;Rio de Janeiro;3304557
31;12;2005;Rio de Janeiro;3304557
32;12;2005;Rio de Janeiro;3304557
33;12;2005;Rio de Janeiro;3304557
34;12;2005;Rio de Janeiro;3304557
35;12;2005;Rio de Janeiro;3304557
36;12;2005;Rio de Janeiro;3304557
37;12;2005;Rio de Janeiro;3304557
38;12;2005;Rio de Janeiro;3304557
39;12;2005;Rio de Janeiro;3304557
40;12;2005;Rio de Janeiro;3304557
41;12;2005;Rio de Janeiro;3304557
43;12;2005;Rio de Janeiro;3304557
44;12;2005;Rio de Janeiro;3304557
48;12;2005;Seropédica;3305554
50;12;2005;Itaguaí;3302007
51;12;2005;Paracambi;3303609
52;12;2005;Nova Iguaçu;3303500
53;12;2005;Mesquita;3302858
54;12;2005;Belford Roxo;3300456
55;12;2005;Queimados;3304144
56;12;2005;Nova Iguaçu;3303500
57;12;2005;Nilópolis;3303203
58;12;2005;Nova Iguaçu;3303500
59;12;2005;Duque de Caxias;3301702
60;12;2005;Duque de Caxias;3301702
61;12;2005;Duque de Caxias;3301702
62;12;2005;Duque de Caxias;3301702
63;12;2005;Japeri;3302270
64;12;2005;São João de Meriti;3305109
65;12;2005;"Magé;Guapimirim";9999982
66;12;2005;Magé;3302502
71;12;2005;"Itaboraí;Tanguá";9999983
72;12;2005;São Gonçalo;3304904
73;12;2005;São Gonçalo;3304904
74;12;2005;São Gonçalo;3304904
75;12;2005;São Gonçalo;3304904
76;12;2005;Niterói;3303302
77;12;2005;Niterói;3303302
78;12;2005;Niterói;3303302
79;12;2005;Niterói;3303302
81;12;2005;Niterói;3303302
82;12;2005;Maricá;3302700
88;12;2005;Barra do Pirai;3300308
89;12;2005;Resende;3304201
90;12;2005;Barra Mansa;3300407
91;12;2005;Valença;3306107
92;12;2005;Rio das Flores;3304508
93;12;2005;Volta Redonda;3306305
94;12;2005;Piraí;3304003
95;12;2005;Vassouras;3306206
96;12;2005;"Miguel Pereira;Paty dos Alferes";9999999
97;12;2005;Mendes;3302809
98;12;2005;Engenheiro Paulo de Frontin;3301801
99;12;2005;Itatiaia;3302254
100;12;2005;"Porto Real;Quatis";9999992
101;12;2005;Pinheiral;3303955
104;12;2005;São José do Vale do Rio Preto;3305158
105;12;2005;Petrópolis;3303906
106;12;2005;Petrópolis;3303906
107;12;2005;Paraíba do Sul;3303708
108;12;2005;"Comendador Levy Gasparian;Areal;Três Rios";9999991
109;12;2005;Sapucaia;3305406
110;12;2005;Teresópolis;3305802
111;12;2005;Sumidouro;3305703
112;12;2005;Carmo;3301207
118;12;2005;Araruama;3300209
119;12;2005;Rio Bonito;3304300
120;12;2005;Silva Jardim;3305604
121;12;2005;Casimiro de Abreu;3301306
122;12;2005;Conceição de Macabú;3301405
123;12;2005;"Macaé;Quissamã;Carapebus";9999984
124;12;2005;Saquarema;3305505
125;12;2005;São Pedro da Aldeia;3305208
126;12;2005;"Cabo Frio;Arraial do Cabo";9999985
127;12;2005;Armação dos Búzios;3300233
128;12;2005;Rio das Ostras;3304524
129;12;2005;Iguaba Grande;3301876
134;12;2005;Campos dos Goytacazes;3301009
135;12;2005;Itaocara;3302106
136;12;2005;"Santo Antônio de Pádua;Aperibé";9999993
137;12;2005;Miracema;3303005
138;12;2005;Laje do Muriaé;3302304
139;12;2005;Porciúncula;3304102
140;12;2005;"Natividade;Varre-Sai";9999997
141;12;2005;São Fidélis;3304805
142;12;2005;Cambuci;3300902
143;12;2005;"Itaperuna;São José de Ubá;Cardoso Moreira;Italva";9999986
144;12;2005;Bom Jesus de Itabapoana;3300605
145;12;2005;São João da Barra;3305000
146;12;2005;Campos dos Goytacazes;3301009
147;12;2005;São Francisco de Itabapoana;3304755
151;12;2005;Nova Friburgo;3303401
152;12;2005;Duas Barras;3301603
153;12;2005;Cantagalo;3301108
154;12;2005;"Cordeiro;Macuco";9999998
155;12;2005;São Sebastião do Alto;3305307
156;12;2005;Santa Maria Madalena;3304607
157;12;2005;Trajano de Morais;3305901
158;12;2005;Bom Jardim;3300506
159;12;2005;Cachoeiras de Macacu;3300803
165;12;2005;Mangaratiba;3302601
166;12;2005;Angra dos Reis;3300100
167;12;2005;Paraty;3303807
168;12;2005;Rio Claro;3304409
1;1;2006;Rio de Janeiro;3304557
4;1;2006;Rio de Janeiro;3304557
5;1;2006;Rio de Janeiro;3304557
6;1;2006;Rio de Janeiro;3304557
7;1;2006;Rio de Janeiro;3304557
9;1;2006;Rio de Janeiro;3304557
10;1;2006;Rio de Janeiro;3304557
12;1;2006;Rio de Janeiro;3304557
13;1;2006;Rio de Janeiro;3304557
14;1;2006;Rio de Janeiro;3304557
15;1;2006;Rio de Janeiro;3304557
16;1;2006;Rio de Janeiro;3304557
17;1;2006;Rio de Janeiro;3304557
18;1;2006;Rio de Janeiro;3304557
19;1;2006;Rio de Janeiro;3304557
20;1;2006;Rio de Janeiro;3304557
21;1;2006;Rio de Janeiro;3304557
22;1;2006;Rio de Janeiro;3304557
23;1;2006;Rio de Janeiro;3304557
24;1;2006;Rio de Janeiro;3304557
25;1;2006;Rio de Janeiro;3304557
26;1;2006;Rio de Janeiro;3304557
27;1;2006;Rio de Janeiro;3304557
28;1;2006;Rio de Janeiro;3304557
29;1;2006;Rio de Janeiro;3304557
30;1;2006;Rio de Janeiro;3304557
31;1;2006;Rio de Janeiro;3304557
32;1;2006;Rio de Janeiro;3304557
33;1;2006;Rio de Janeiro;3304557
34;1;2006;Rio de Janeiro;3304557
35;1;2006;Rio de Janeiro;3304557
36;1;2006;Rio de Janeiro;3304557
37;1;2006;Rio de Janeiro;3304557
38;1;2006;Rio de Janeiro;3304557
39;1;2006;Rio de Janeiro;3304557
40;1;2006;Rio de Janeiro;3304557
41;1;2006;Rio de Janeiro;3304557
43;1;2006;Rio de Janeiro;3304557
44;1;2006;Rio de Janeiro;3304557
48;1;2006;Seropédica;3305554
50;1;2006;Itaguaí;3302007
51;1;2006;Paracambi;3303609
52;1;2006;Nova Iguaçu;3303500
53;1;2006;Mesquita;3302858
54;1;2006;Belford Roxo;3300456
55;1;2006;Queimados;3304144
56;1;2006;Nova Iguaçu;3303500
57;1;2006;Nilópolis;3303203
58;1;2006;Nova Iguaçu;3303500
59;1;2006;Duque de Caxias;3301702
60;1;2006;Duque de Caxias;3301702
61;1;2006;Duque de Caxias;3301702
62;1;2006;Duque de Caxias;3301702
63;1;2006;Japeri;3302270
64;1;2006;São João de Meriti;3305109
65;1;2006;"Magé;Guapimirim";9999982
66;1;2006;Magé;3302502
71;1;2006;"Itaboraí;Tanguá";9999983
72;1;2006;São Gonçalo;3304904
73;1;2006;São Gonçalo;3304904
74;1;2006;São Gonçalo;3304904
75;1;2006;São Gonçalo;3304904
76;1;2006;Niterói;3303302
77;1;2006;Niterói;3303302
78;1;2006;Niterói;3303302
79;1;2006;Niterói;3303302
81;1;2006;Niterói;3303302
82;1;2006;Maricá;3302700
88;1;2006;Barra do Pirai;3300308
89;1;2006;Resende;3304201
90;1;2006;Barra Mansa;3300407
91;1;2006;Valença;3306107
92;1;2006;Rio das Flores;3304508
93;1;2006;Volta Redonda;3306305
94;1;2006;Piraí;3304003
95;1;2006;Vassouras;3306206
96;1;2006;"Miguel Pereira;Paty dos Alferes";9999999
97;1;2006;Mendes;3302809
98;1;2006;Engenheiro Paulo de Frontin;3301801
99;1;2006;Itatiaia;3302254
100;1;2006;"Porto Real;Quatis";9999992
101;1;2006;Pinheiral;3303955
104;1;2006;São José do Vale do Rio Preto;3305158
105;1;2006;Petrópolis;3303906
106;1;2006;Petrópolis;3303906
107;1;2006;Paraíba do Sul;3303708
108;1;2006;"Comendador Levy Gasparian;Areal;Três Rios";9999991
109;1;2006;Sapucaia;3305406
110;1;2006;Teresópolis;3305802
111;1;2006;Sumidouro;3305703
112;1;2006;Carmo;3301207
118;1;2006;Araruama;3300209
119;1;2006;Rio Bonito;3304300
120;1;2006;Silva Jardim;3305604
121;1;2006;Casimiro de Abreu;3301306
122;1;2006;Conceição de Macabú;3301405
123;1;2006;"Macaé;Quissamã;Carapebus";9999984
124;1;2006;Saquarema;3305505
125;1;2006;São Pedro da Aldeia;3305208
126;1;2006;"Cabo Frio;Arraial do Cabo";9999985
127;1;2006;Armação dos Búzios;3300233
128;1;2006;Rio das Ostras;3304524
129;1;2006;Iguaba Grande;3301876
134;1;2006;Campos dos Goytacazes;3301009
135;1;2006;Itaocara;3302106
136;1;2006;"Santo Antônio de Pádua;Aperibé";9999993
137;1;2006;Miracema;3303005
138;1;2006;Laje do Muriaé;3302304
139;1;2006;Porciúncula;3304102
140;1;2006;"Natividade;Varre-Sai";9999997
141;1;2006;São Fidélis;3304805
142;1;2006;Cambuci;3300902
143;1;2006;"Itaperuna;São José de Ubá;Cardoso Moreira;Italva";9999986
144;1;2006;Bom Jesus de Itabapoana;3300605
145;1;2006;São João da Barra;3305000
146;1;2006;Campos dos Goytacazes;3301009
147;1;2006;São Francisco de Itabapoana;3304755
151;1;2006;Nova Friburgo;3303401
152;1;2006;Duas Barras;3301603
153;1;2006;Cantagalo;3301108
154;1;2006;"Cordeiro;Macuco";9999998
155;1;2006;São Sebastião do Alto;3305307
156;1;2006;Santa Maria Madalena;3304607
157;1;2006;Trajano de Morais;3305901
158;1;2006;Bom Jardim;3300506
159;1;2006;Cachoeiras de Macacu;3300803
165;1;2006;Mangaratiba;3302601
166;1;2006;Angra dos Reis;3300100
167;1;2006;Paraty;3303807
168;1;2006;Rio Claro;3304409
1;2;2006;Rio de Janeiro;3304557
4;2;2006;Rio de Janeiro;3304557
5;2;2006;Rio de Janeiro;3304557
6;2;2006;Rio de Janeiro;3304557
7;2;2006;Rio de Janeiro;3304557
9;2;2006;Rio de Janeiro;3304557
10;2;2006;Rio de Janeiro;3304557
12;2;2006;Rio de Janeiro;3304557
13;2;2006;Rio de Janeiro;3304557
14;2;2006;Rio de Janeiro;3304557
15;2;2006;Rio de Janeiro;3304557
16;2;2006;Rio de Janeiro;3304557
17;2;2006;Rio de Janeiro;3304557
18;2;2006;Rio de Janeiro;3304557
19;2;2006;Rio de Janeiro;3304557
20;2;2006;Rio de Janeiro;3304557
21;2;2006;Rio de Janeiro;3304557
22;2;2006;Rio de Janeiro;3304557
23;2;2006;Rio de Janeiro;3304557
24;2;2006;Rio de Janeiro;3304557
25;2;2006;Rio de Janeiro;3304557
26;2;2006;Rio de Janeiro;3304557
27;2;2006;Rio de Janeiro;3304557
28;2;2006;Rio de Janeiro;3304557
29;2;2006;Rio de Janeiro;3304557
30;2;2006;Rio de Janeiro;3304557
31;2;2006;Rio de Janeiro;3304557
32;2;2006;Rio de Janeiro;3304557
33;2;2006;Rio de Janeiro;3304557
34;2;2006;Rio de Janeiro;3304557
35;2;2006;Rio de Janeiro;3304557
36;2;2006;Rio de Janeiro;3304557
37;2;2006;Rio de Janeiro;3304557
38;2;2006;Rio de Janeiro;3304557
39;2;2006;Rio de Janeiro;3304557
40;2;2006;Rio de Janeiro;3304557
41;2;2006;Rio de Janeiro;3304557
43;2;2006;Rio de Janeiro;3304557
44;2;2006;Rio de Janeiro;3304557
48;2;2006;Seropédica;3305554
50;2;2006;Itaguaí;3302007
51;2;2006;Paracambi;3303609
52;2;2006;Nova Iguaçu;3303500
53;2;2006;Mesquita;3302858
54;2;2006;Belford Roxo;3300456
55;2;2006;Queimados;3304144
56;2;2006;Nova Iguaçu;3303500
57;2;2006;Nilópolis;3303203
58;2;2006;Nova Iguaçu;3303500
59;2;2006;Duque de Caxias;3301702
60;2;2006;Duque de Caxias;3301702
61;2;2006;Duque de Caxias;3301702
62;2;2006;Duque de Caxias;3301702
63;2;2006;Japeri;3302270
64;2;2006;São João de Meriti;3305109
65;2;2006;"Magé;Guapimirim";9999982
66;2;2006;Magé;3302502
71;2;2006;"Itaboraí;Tanguá";9999983
72;2;2006;São Gonçalo;3304904
73;2;2006;São Gonçalo;3304904
74;2;2006;São Gonçalo;3304904
75;2;2006;São Gonçalo;3304904
76;2;2006;Niterói;3303302
77;2;2006;Niterói;3303302
78;2;2006;Niterói;3303302
79;2;2006;Niterói;3303302
81;2;2006;Niterói;3303302
82;2;2006;Maricá;3302700
88;2;2006;Barra do Pirai;3300308
89;2;2006;Resende;3304201
90;2;2006;Barra Mansa;3300407
91;2;2006;Valença;3306107
92;2;2006;Rio das Flores;3304508
93;2;2006;Volta Redonda;3306305
94;2;2006;Piraí;3304003
95;2;2006;Vassouras;3306206
96;2;2006;"Miguel Pereira;Paty dos Alferes";9999999
97;2;2006;Mendes;3302809
98;2;2006;Engenheiro Paulo de Frontin;3301801
99;2;2006;Itatiaia;3302254
100;2;2006;"Porto Real;Quatis";9999992
101;2;2006;Pinheiral;3303955
104;2;2006;São José do Vale do Rio Preto;3305158
105;2;2006;Petrópolis;3303906
106;2;2006;Petrópolis;3303906
107;2;2006;Paraíba do Sul;3303708
108;2;2006;"Comendador Levy Gasparian;Areal;Três Rios";9999991
109;2;2006;Sapucaia;3305406
110;2;2006;Teresópolis;3305802
111;2;2006;Sumidouro;3305703
112;2;2006;Carmo;3301207
118;2;2006;Araruama;3300209
119;2;2006;Rio Bonito;3304300
120;2;2006;Silva Jardim;3305604
121;2;2006;Casimiro de Abreu;3301306
122;2;2006;Conceição de Macabú;3301405
123;2;2006;"Macaé;Quissamã;Carapebus";9999984
124;2;2006;Saquarema;3305505
125;2;2006;São Pedro da Aldeia;3305208
126;2;2006;"Cabo Frio;Arraial do Cabo";9999985
127;2;2006;Armação dos Búzios;3300233
128;2;2006;Rio das Ostras;3304524
129;2;2006;Iguaba Grande;3301876
134;2;2006;Campos dos Goytacazes;3301009
135;2;2006;Itaocara;3302106
136;2;2006;"Santo Antônio de Pádua;Aperibé";9999993
137;2;2006;Miracema;3303005
138;2;2006;Laje do Muriaé;3302304
139;2;2006;Porciúncula;3304102
140;2;2006;"Natividade;Varre-Sai";9999997
141;2;2006;São Fidélis;3304805
142;2;2006;Cambuci;3300902
143;2;2006;"Itaperuna;São José de Ubá;Cardoso Moreira;Italva";9999986
144;2;2006;Bom Jesus de Itabapoana;3300605
145;2;2006;São João da Barra;3305000
146;2;2006;Campos dos Goytacazes;3301009
147;2;2006;São Francisco de Itabapoana;3304755
151;2;2006;Nova Friburgo;3303401
152;2;2006;Duas Barras;3301603
153;2;2006;Cantagalo;3301108
154;2;2006;"Cordeiro;Macuco";9999998
155;2;2006;São Sebastião do Alto;3305307
156;2;2006;Santa Maria Madalena;3304607
157;2;2006;Trajano de Morais;3305901
158;2;2006;Bom Jardim;3300506
159;2;2006;Cachoeiras de Macacu;3300803
165;2;2006;Mangaratiba;3302601
166;2;2006;Angra dos Reis;3300100
167;2;2006;Paraty;3303807
168;2;2006;Rio Claro;3304409
1;3;2006;Rio de Janeiro;3304557
4;3;2006;Rio de Janeiro;3304557
5;3;2006;Rio de Janeiro;3304557
6;3;2006;Rio de Janeiro;3304557
7;3;2006;Rio de Janeiro;3304557
9;3;2006;Rio de Janeiro;3304557
10;3;2006;Rio de Janeiro;3304557
12;3;2006;Rio de Janeiro;3304557
13;3;2006;Rio de Janeiro;3304557
14;3;2006;Rio de Janeiro;3304557
15;3;2006;Rio de Janeiro;3304557
16;3;2006;Rio de Janeiro;3304557
17;3;2006;Rio de Janeiro;3304557
18;3;2006;Rio de Janeiro;3304557
19;3;2006;Rio de Janeiro;3304557
20;3;2006;Rio de Janeiro;3304557
21;3;2006;Rio de Janeiro;3304557
22;3;2006;Rio de Janeiro;3304557
23;3;2006;Rio de Janeiro;3304557
24;3;2006;Rio de Janeiro;3304557
25;3;2006;Rio de Janeiro;3304557
26;3;2006;Rio de Janeiro;3304557
27;3;2006;Rio de Janeiro;3304557
28;3;2006;Rio de Janeiro;3304557
29;3;2006;Rio de Janeiro;3304557
30;3;2006;Rio de Janeiro;3304557
31;3;2006;Rio de Janeiro;3304557
32;3;2006;Rio de Janeiro;3304557
33;3;2006;Rio de Janeiro;3304557
34;3;2006;Rio de Janeiro;3304557
35;3;2006;Rio de Janeiro;3304557
36;3;2006;Rio de Janeiro;3304557
37;3;2006;Rio de Janeiro;3304557
38;3;2006;Rio de Janeiro;3304557
39;3;2006;Rio de Janeiro;3304557
40;3;2006;Rio de Janeiro;3304557
41;3;2006;Rio de Janeiro;3304557
43;3;2006;Rio de Janeiro;3304557
44;3;2006;Rio de Janeiro;3304557
48;3;2006;Seropédica;3305554
50;3;2006;Itaguaí;3302007
51;3;2006;Paracambi;3303609
52;3;2006;Nova Iguaçu;3303500
53;3;2006;Mesquita;3302858
54;3;2006;Belford Roxo;3300456
55;3;2006;Queimados;3304144
56;3;2006;Nova Iguaçu;3303500
57;3;2006;Nilópolis;3303203
58;3;2006;Nova Iguaçu;3303500
59;3;2006;Duque de Caxias;3301702
60;3;2006;Duque de Caxias;3301702
61;3;2006;Duque de Caxias;3301702
62;3;2006;Duque de Caxias;3301702
63;3;2006;Japeri;3302270
64;3;2006;São João de Meriti;3305109
65;3;2006;"Magé;Guapimirim";9999982
66;3;2006;Magé;3302502
71;3;2006;"Itaboraí;Tanguá";9999983
72;3;2006;São Gonçalo;3304904
73;3;2006;São Gonçalo;3304904
74;3;2006;São Gonçalo;3304904
75;3;2006;São Gonçalo;3304904
76;3;2006;Niterói;3303302
77;3;2006;Niterói;3303302
78;3;2006;Niterói;3303302
79;3;2006;Niterói;3303302
81;3;2006;Niterói;3303302
82;3;2006;Maricá;3302700
88;3;2006;Barra do Pirai;3300308
89;3;2006;Resende;3304201
90;3;2006;Barra Mansa;3300407
91;3;2006;Valença;3306107
92;3;2006;Rio das Flores;3304508
93;3;2006;Volta Redonda;3306305
94;3;2006;Piraí;3304003
95;3;2006;Vassouras;3306206
96;3;2006;"Miguel Pereira;Paty dos Alferes";9999999
97;3;2006;Mendes;3302809
98;3;2006;Engenheiro Paulo de Frontin;3301801
99;3;2006;Itatiaia;3302254
100;3;2006;"Porto Real;Quatis";9999992
101;3;2006;Pinheiral;3303955
104;3;2006;São José do Vale do Rio Preto;3305158
105;3;2006;Petrópolis;3303906
106;3;2006;Petrópolis;3303906
107;3;2006;Paraíba do Sul;3303708
108;3;2006;"Comendador Levy Gasparian;Areal;Três Rios";9999991
109;3;2006;Sapucaia;3305406
110;3;2006;Teresópolis;3305802
111;3;2006;Sumidouro;3305703
112;3;2006;Carmo;3301207
118;3;2006;Araruama;3300209
119;3;2006;Rio Bonito;3304300
120;3;2006;Silva Jardim;3305604
121;3;2006;Casimiro de Abreu;3301306
122;3;2006;Conceição de Macabú;3301405
123;3;2006;"Macaé;Quissamã;Carapebus";9999984
124;3;2006;Saquarema;3305505
125;3;2006;São Pedro da Aldeia;3305208
126;3;2006;"Cabo Frio;Arraial do Cabo";9999985
127;3;2006;Armação dos Búzios;3300233
128;3;2006;Rio das Ostras;3304524
129;3;2006;Iguaba Grande;3301876
134;3;2006;Campos dos Goytacazes;3301009
135;3;2006;Itaocara;3302106
136;3;2006;"Santo Antônio de Pádua;Aperibé";9999993
137;3;2006;Miracema;3303005
138;3;2006;Laje do Muriaé;3302304
139;3;2006;Porciúncula;3304102
140;3;2006;"Natividade;Varre-Sai";9999997
141;3;2006;São Fidélis;3304805
142;3;2006;Cambuci;3300902
143;3;2006;"Itaperuna;São José de Ubá;Cardoso Moreira;Italva";9999986
144;3;2006;Bom Jesus de Itabapoana;3300605
145;3;2006;São João da Barra;3305000
146;3;2006;Campos dos Goytacazes;3301009
147;3;2006;São Francisco de Itabapoana;3304755
151;3;2006;Nova Friburgo;3303401
152;3;2006;Duas Barras;3301603
153;3;2006;Cantagalo;3301108
154;3;2006;"Cordeiro;Macuco";9999998
155;3;2006;São Sebastião do Alto;3305307
156;3;2006;Santa Maria Madalena;3304607
157;3;2006;Trajano de Morais;3305901
158;3;2006;Bom Jardim;3300506
159;3;2006;Cachoeiras de Macacu;3300803
165;3;2006;Mangaratiba;3302601
166;3;2006;Angra dos Reis;3300100
167;3;2006;Paraty;3303807
168;3;2006;Rio Claro;3304409
1;4;2006;Rio de Janeiro;3304557
4;4;2006;Rio de Janeiro;3304557
5;4;2006;Rio de Janeiro;3304557
6;4;2006;Rio de Janeiro;3304557
7;4;2006;Rio de Janeiro;3304557
9;4;2006;Rio de Janeiro;3304557
10;4;2006;Rio de Janeiro;3304557
12;4;2006;Rio de Janeiro;3304557
13;4;2006;Rio de Janeiro;3304557
14;4;2006;Rio de Janeiro;3304557
15;4;2006;Rio de Janeiro;3304557
16;4;2006;Rio de Janeiro;3304557
17;4;2006;Rio de Janeiro;3304557
18;4;2006;Rio de Janeiro;3304557
19;4;2006;Rio de Janeiro;3304557
20;4;2006;Rio de Janeiro;3304557
21;4;2006;Rio de Janeiro;3304557
22;4;2006;Rio de Janeiro;3304557
23;4;2006;Rio de Janeiro;3304557
24;4;2006;Rio de Janeiro;3304557
25;4;2006;Rio de Janeiro;3304557
26;4;2006;Rio de Janeiro;3304557
27;4;2006;Rio de Janeiro;3304557
28;4;2006;Rio de Janeiro;3304557
29;4;2006;Rio de Janeiro;3304557
30;4;2006;Rio de Janeiro;3304557
31;4;2006;Rio de Janeiro;3304557
32;4;2006;Rio de Janeiro;3304557
33;4;2006;Rio de Janeiro;3304557
34;4;2006;Rio de Janeiro;3304557
35;4;2006;Rio de Janeiro;3304557
36;4;2006;Rio de Janeiro;3304557
37;4;2006;Rio de Janeiro;3304557
38;4;2006;Rio de Janeiro;3304557
39;4;2006;Rio de Janeiro;3304557
40;4;2006;Rio de Janeiro;3304557
41;4;2006;Rio de Janeiro;3304557
43;4;2006;Rio de Janeiro;3304557
44;4;2006;Rio de Janeiro;3304557
48;4;2006;Seropédica;3305554
50;4;2006;Itaguaí;3302007
51;4;2006;Paracambi;3303609
52;4;2006;Nova Iguaçu;3303500
53;4;2006;Mesquita;3302858
54;4;2006;Belford Roxo;3300456
55;4;2006;Queimados;3304144
56;4;2006;Nova Iguaçu;3303500
57;4;2006;Nilópolis;3303203
58;4;2006;Nova Iguaçu;3303500
59;4;2006;Duque de Caxias;3301702
60;4;2006;Duque de Caxias;3301702
61;4;2006;Duque de Caxias;3301702
62;4;2006;Duque de Caxias;3301702
63;4;2006;Japeri;3302270
64;4;2006;São João de Meriti;3305109
65;4;2006;"Magé;Guapimirim";9999982
66;4;2006;Magé;3302502
71;4;2006;"Itaboraí;Tanguá";9999983
72;4;2006;São Gonçalo;3304904
73;4;2006;São Gonçalo;3304904
74;4;2006;São Gonçalo;3304904
75;4;2006;São Gonçalo;3304904
76;4;2006;Niterói;3303302
77;4;2006;Niterói;3303302
78;4;2006;Niterói;3303302
79;4;2006;Niterói;3303302
81;4;2006;Niterói;3303302
82;4;2006;Maricá;3302700
88;4;2006;Barra do Pirai;3300308
89;4;2006;Resende;3304201
90;4;2006;Barra Mansa;3300407
91;4;2006;Valença;3306107
92;4;2006;Rio das Flores;3304508
93;4;2006;Volta Redonda;3306305
94;4;2006;Piraí;3304003
95;4;2006;Vassouras;3306206
96;4;2006;"Miguel Pereira;Paty dos Alferes";9999999
97;4;2006;Mendes;3302809
98;4;2006;Engenheiro Paulo de Frontin;3301801
99;4;2006;Itatiaia;3302254
100;4;2006;"Porto Real;Quatis";9999992
101;4;2006;Pinheiral;3303955
104;4;2006;São José do Vale do Rio Preto;3305158
105;4;2006;Petrópolis;3303906
106;4;2006;Petrópolis;3303906
107;4;2006;Paraíba do Sul;3303708
108;4;2006;"Comendador Levy Gasparian;Areal;Três Rios";9999991
109;4;2006;Sapucaia;3305406
110;4;2006;Teresópolis;3305802
111;4;2006;Sumidouro;3305703
112;4;2006;Carmo;3301207
118;4;2006;Araruama;3300209
119;4;2006;Rio Bonito;3304300
120;4;2006;Silva Jardim;3305604
121;4;2006;Casimiro de Abreu;3301306
122;4;2006;Conceição de Macabú;3301405
123;4;2006;"Macaé;Quissamã;Carapebus";9999984
124;4;2006;Saquarema;3305505
125;4;2006;São Pedro da Aldeia;3305208
126;4;2006;"Cabo Frio;Arraial do Cabo";9999985
127;4;2006;Armação dos Búzios;3300233
128;4;2006;Rio das Ostras;3304524
129;4;2006;Iguaba Grande;3301876
134;4;2006;Campos dos Goytacazes;3301009
135;4;2006;Itaocara;3302106
136;4;2006;"Santo Antônio de Pádua;Aperibé";9999993
137;4;2006;Miracema;3303005
138;4;2006;Laje do Muriaé;3302304
139;4;2006;Porciúncula;3304102
140;4;2006;"Natividade;Varre-Sai";9999997
141;4;2006;São Fidélis;3304805
142;4;2006;Cambuci;3300902
143;4;2006;"Itaperuna;São José de Ubá;Cardoso Moreira;Italva";9999986
144;4;2006;Bom Jesus de Itabapoana;3300605
145;4;2006;São João da Barra;3305000
146;4;2006;Campos dos Goytacazes;3301009
147;4;2006;São Francisco de Itabapoana;3304755
151;4;2006;Nova Friburgo;3303401
152;4;2006;Duas Barras;3301603
153;4;2006;Cantagalo;3301108
154;4;2006;"Cordeiro;Macuco";9999998
155;4;2006;São Sebastião do Alto;3305307
156;4;2006;Santa Maria Madalena;3304607
157;4;2006;Trajano de Morais;3305901
158;4;2006;Bom Jardim;3300506
159;4;2006;Cachoeiras de Macacu;3300803
165;4;2006;Mangaratiba;3302601
166;4;2006;Angra dos Reis;3300100
167;4;2006;Paraty;3303807
168;4;2006;Rio Claro;3304409
1;5;2006;Rio de Janeiro;3304557
4;5;2006;Rio de Janeiro;3304557
5;5;2006;Rio de Janeiro;3304557
6;5;2006;Rio de Janeiro;3304557
7;5;2006;Rio de Janeiro;3304557
9;5;2006;Rio de Janeiro;3304557
10;5;2006;Rio de Janeiro;3304557
12;5;2006;Rio de Janeiro;3304557
13;5;2006;Rio de Janeiro;3304557
14;5;2006;Rio de Janeiro;3304557
15;5;2006;Rio de Janeiro;3304557
16;5;2006;Rio de Janeiro;3304557
17;5;2006;Rio de Janeiro;3304557
18;5;2006;Rio de Janeiro;3304557
19;5;2006;Rio de Janeiro;3304557
20;5;2006;Rio de Janeiro;3304557
21;5;2006;Rio de Janeiro;3304557
22;5;2006;Rio de Janeiro;3304557
23;5;2006;Rio de Janeiro;3304557
24;5;2006;Rio de Janeiro;3304557
25;5;2006;Rio de Janeiro;3304557
26;5;2006;Rio de Janeiro;3304557
27;5;2006;Rio de Janeiro;3304557
28;5;2006;Rio de Janeiro;3304557
29;5;2006;Rio de Janeiro;3304557
30;5;2006;Rio de Janeiro;3304557
31;5;2006;Rio de Janeiro;3304557
32;5;2006;Rio de Janeiro;3304557
33;5;2006;Rio de Janeiro;3304557
34;5;2006;Rio de Janeiro;3304557
35;5;2006;Rio de Janeiro;3304557
36;5;2006;Rio de Janeiro;3304557
37;5;2006;Rio de Janeiro;3304557
38;5;2006;Rio de Janeiro;3304557
39;5;2006;Rio de Janeiro;3304557
40;5;2006;Rio de Janeiro;3304557
41;5;2006;Rio de Janeiro;3304557
43;5;2006;Rio de Janeiro;3304557
44;5;2006;Rio de Janeiro;3304557
48;5;2006;Seropédica;3305554
50;5;2006;Itaguaí;3302007
51;5;2006;Paracambi;3303609
52;5;2006;Nova Iguaçu;3303500
53;5;2006;Mesquita;3302858
54;5;2006;Belford Roxo;3300456
55;5;2006;Queimados;3304144
56;5;2006;Nova Iguaçu;3303500
57;5;2006;Nilópolis;3303203
58;5;2006;Nova Iguaçu;3303500
59;5;2006;Duque de Caxias;3301702
60;5;2006;Duque de Caxias;3301702
61;5;2006;Duque de Caxias;3301702
62;5;2006;Duque de Caxias;3301702
63;5;2006;Japeri;3302270
64;5;2006;São João de Meriti;3305109
65;5;2006;"Magé;Guapimirim";9999982
66;5;2006;Magé;3302502
71;5;2006;"Itaboraí;Tanguá";9999983
72;5;2006;São Gonçalo;3304904
73;5;2006;São Gonçalo;3304904
74;5;2006;São Gonçalo;3304904
75;5;2006;São Gonçalo;3304904
76;5;2006;Niterói;3303302
77;5;2006;Niterói;3303302
78;5;2006;Niterói;3303302
79;5;2006;Niterói;3303302
81;5;2006;Niterói;3303302
82;5;2006;Maricá;3302700
88;5;2006;Barra do Pirai;3300308
89;5;2006;Resende;3304201
90;5;2006;Barra Mansa;3300407
91;5;2006;Valença;3306107
92;5;2006;Rio das Flores;3304508
93;5;2006;Volta Redonda;3306305
94;5;2006;Piraí;3304003
95;5;2006;Vassouras;3306206
96;5;2006;"Miguel Pereira;Paty dos Alferes";9999999
97;5;2006;Mendes;3302809
98;5;2006;Engenheiro Paulo de Frontin;3301801
99;5;2006;Itatiaia;3302254
100;5;2006;"Porto Real;Quatis";9999992
101;5;2006;Pinheiral;3303955
104;5;2006;São José do Vale do Rio Preto;3305158
105;5;2006;Petrópolis;3303906
106;5;2006;Petrópolis;3303906
107;5;2006;Paraíba do Sul;3303708
108;5;2006;"Comendador Levy Gasparian;Areal;Três Rios";9999991
109;5;2006;Sapucaia;3305406
110;5;2006;Teresópolis;3305802
111;5;2006;Sumidouro;3305703
112;5;2006;Carmo;3301207
118;5;2006;Araruama;3300209
119;5;2006;Rio Bonito;3304300
120;5;2006;Silva Jardim;3305604
121;5;2006;Casimiro de Abreu;3301306
122;5;2006;Conceição de Macabú;3301405
123;5;2006;"Macaé;Quissamã;Carapebus";9999984
124;5;2006;Saquarema;3305505
125;5;2006;São Pedro da Aldeia;3305208
126;5;2006;"Cabo Frio;Arraial do Cabo";9999985
127;5;2006;Armação dos Búzios;3300233
128;5;2006;Rio das Ostras;3304524
129;5;2006;Iguaba Grande;3301876
134;5;2006;Campos dos Goytacazes;3301009
135;5;2006;Itaocara;3302106
136;5;2006;"Santo Antônio de Pádua;Aperibé";9999993
137;5;2006;Miracema;3303005
138;5;2006;Laje do Muriaé;3302304
139;5;2006;Porciúncula;3304102
140;5;2006;"Natividade;Varre-Sai";9999997
141;5;2006;São Fidélis;3304805
142;5;2006;Cambuci;3300902
143;5;2006;"Itaperuna;São José de Ubá;Cardoso Moreira;Italva";9999986
144;5;2006;Bom Jesus de Itabapoana;3300605
145;5;2006;São João da Barra;3305000
146;5;2006;Campos dos Goytacazes;3301009
147;5;2006;São Francisco de Itabapoana;3304755
151;5;2006;Nova Friburgo;3303401
152;5;2006;Duas Barras;3301603
153;5;2006;Cantagalo;3301108
154;5;2006;"Cordeiro;Macuco";9999998
155;5;2006;São Sebastião do Alto;3305307
156;5;2006;Santa Maria Madalena;3304607
157;5;2006;Trajano de Morais;3305901
158;5;2006;Bom Jardim;3300506
159;5;2006;Cachoeiras de Macacu;3300803
165;5;2006;Mangaratiba;3302601
166;5;2006;Angra dos Reis;3300100
167;5;2006;Paraty;3303807
168;5;2006;Rio Claro;3304409
1;6;2006;Rio de Janeiro;3304557
4;6;2006;Rio de Janeiro;3304557
5;6;2006;Rio de Janeiro;3304557
6;6;2006;Rio de Janeiro;3304557
7;6;2006;Rio de Janeiro;3304557
9;6;2006;Rio de Janeiro;3304557
10;6;2006;Rio de Janeiro;3304557
12;6;2006;Rio de Janeiro;3304557
13;6;2006;Rio de Janeiro;3304557
14;6;2006;Rio de Janeiro;3304557
15;6;2006;Rio de Janeiro;3304557
16;6;2006;Rio de Janeiro;3304557
17;6;2006;Rio de Janeiro;3304557
18;6;2006;Rio de Janeiro;3304557
19;6;2006;Rio de Janeiro;3304557
20;6;2006;Rio de Janeiro;3304557
21;6;2006;Rio de Janeiro;3304557
22;6;2006;Rio de Janeiro;3304557
23;6;2006;Rio de Janeiro;3304557
24;6;2006;Rio de Janeiro;3304557
25;6;2006;Rio de Janeiro;3304557
26;6;2006;Rio de Janeiro;3304557
27;6;2006;Rio de Janeiro;3304557
28;6;2006;Rio de Janeiro;3304557
29;6;2006;Rio de Janeiro;3304557
30;6;2006;Rio de Janeiro;3304557
31;6;2006;Rio de Janeiro;3304557
32;6;2006;Rio de Janeiro;3304557
33;6;2006;Rio de Janeiro;3304557
34;6;2006;Rio de Janeiro;3304557
35;6;2006;Rio de Janeiro;3304557
36;6;2006;Rio de Janeiro;3304557
37;6;2006;Rio de Janeiro;3304557
38;6;2006;Rio de Janeiro;3304557
39;6;2006;Rio de Janeiro;3304557
40;6;2006;Rio de Janeiro;3304557
41;6;2006;Rio de Janeiro;3304557
43;6;2006;Rio de Janeiro;3304557
44;6;2006;Rio de Janeiro;3304557
48;6;2006;Seropédica;3305554
50;6;2006;Itaguaí;3302007
51;6;2006;Paracambi;3303609
52;6;2006;Nova Iguaçu;3303500
53;6;2006;Mesquita;3302858
54;6;2006;Belford Roxo;3300456
55;6;2006;Queimados;3304144
56;6;2006;Nova Iguaçu;3303500
57;6;2006;Nilópolis;3303203
58;6;2006;Nova Iguaçu;3303500
59;6;2006;Duque de Caxias;3301702
60;6;2006;Duque de Caxias;3301702
61;6;2006;Duque de Caxias;3301702
62;6;2006;Duque de Caxias;3301702
63;6;2006;Japeri;3302270
64;6;2006;São João de Meriti;3305109
65;6;2006;"Magé;Guapimirim";9999982
66;6;2006;Magé;3302502
71;6;2006;"Itaboraí;Tanguá";9999983
72;6;2006;São Gonçalo;3304904
73;6;2006;São Gonçalo;3304904
74;6;2006;São Gonçalo;3304904
75;6;2006;São Gonçalo;3304904
76;6;2006;Niterói;3303302
77;6;2006;Niterói;3303302
78;6;2006;Niterói;3303302
79;6;2006;Niterói;3303302
81;6;2006;Niterói;3303302
82;6;2006;Maricá;3302700
88;6;2006;Barra do Pirai;3300308
89;6;2006;Resende;3304201
90;6;2006;Barra Mansa;3300407
91;6;2006;Valença;3306107
92;6;2006;Rio das Flores;3304508
93;6;2006;Volta Redonda;3306305
94;6;2006;Piraí;3304003
95;6;2006;Vassouras;3306206
96;6;2006;"Miguel Pereira;Paty dos Alferes";9999999
97;6;2006;Mendes;3302809
98;6;2006;Engenheiro Paulo de Frontin;3301801
99;6;2006;Itatiaia;3302254
100;6;2006;"Porto Real;Quatis";9999992
101;6;2006;Pinheiral;3303955
104;6;2006;São José do Vale do Rio Preto;3305158
105;6;2006;Petrópolis;3303906
106;6;2006;Petrópolis;3303906
107;6;2006;Paraíba do Sul;3303708
108;6;2006;"Comendador Levy Gasparian;Areal;Três Rios";9999991
109;6;2006;Sapucaia;3305406
110;6;2006;Teresópolis;3305802
111;6;2006;Sumidouro;3305703
112;6;2006;Carmo;3301207
118;6;2006;Araruama;3300209
119;6;2006;Rio Bonito;3304300
120;6;2006;Silva Jardim;3305604
121;6;2006;Casimiro de Abreu;3301306
122;6;2006;Conceição de Macabú;3301405
123;6;2006;"Macaé;Quissamã;Carapebus";9999984
124;6;2006;Saquarema;3305505
125;6;2006;São Pedro da Aldeia;3305208
126;6;2006;"Cabo Frio;Arraial do Cabo";9999985
127;6;2006;Armação dos Búzios;3300233
128;6;2006;Rio das Ostras;3304524
129;6;2006;Iguaba Grande;3301876
134;6;2006;Campos dos Goytacazes;3301009
135;6;2006;Itaocara;3302106
136;6;2006;"Santo Antônio de Pádua;Aperibé";9999993
137;6;2006;Miracema;3303005
138;6;2006;Laje do Muriaé;3302304
139;6;2006;Porciúncula;3304102
140;6;2006;"Natividade;Varre-Sai";9999997
141;6;2006;São Fidélis;3304805
142;6;2006;Cambuci;3300902
143;6;2006;"Itaperuna;São José de Ubá;Cardoso Moreira;Italva";9999986
144;6;2006;Bom Jesus de Itabapoana;3300605
145;6;2006;São João da Barra;3305000
146;6;2006;Campos dos Goytacazes;3301009
147;6;2006;São Francisco de Itabapoana;3304755
151;6;2006;Nova Friburgo;3303401
152;6;2006;Duas Barras;3301603
153;6;2006;Cantagalo;3301108
154;6;2006;"Cordeiro;Macuco";9999998
155;6;2006;São Sebastião do Alto;3305307
156;6;2006;Santa Maria Madalena;3304607
157;6;2006;Trajano de Morais;3305901
158;6;2006;Bom Jardim;3300506
159;6;2006;Cachoeiras de Macacu;3300803
165;6;2006;Mangaratiba;3302601
166;6;2006;Angra dos Reis;3300100
167;6;2006;Paraty;3303807
168;6;2006;Rio Claro;3304409
1;7;2006;Rio de Janeiro;3304557
4;7;2006;Rio de Janeiro;3304557
5;7;2006;Rio de Janeiro;3304557
6;7;2006;Rio de Janeiro;3304557
7;7;2006;Rio de Janeiro;3304557
9;7;2006;Rio de Janeiro;3304557
10;7;2006;Rio de Janeiro;3304557
12;7;2006;Rio de Janeiro;3304557
13;7;2006;Rio de Janeiro;3304557
14;7;2006;Rio de Janeiro;3304557
15;7;2006;Rio de Janeiro;3304557
16;7;2006;Rio de Janeiro;3304557
17;7;2006;Rio de Janeiro;3304557
18;7;2006;Rio de Janeiro;3304557
19;7;2006;Rio de Janeiro;3304557
20;7;2006;Rio de Janeiro;3304557
21;7;2006;Rio de Janeiro;3304557
22;7;2006;Rio de Janeiro;3304557
23;7;2006;Rio de Janeiro;3304557
24;7;2006;Rio de Janeiro;3304557
25;7;2006;Rio de Janeiro;3304557
26;7;2006;Rio de Janeiro;3304557
27;7;2006;Rio de Janeiro;3304557
28;7;2006;Rio de Janeiro;3304557
29;7;2006;Rio de Janeiro;3304557
30;7;2006;Rio de Janeiro;3304557
31;7;2006;Rio de Janeiro;3304557
32;7;2006;Rio de Janeiro;3304557
33;7;2006;Rio de Janeiro;3304557
34;7;2006;Rio de Janeiro;3304557
35;7;2006;Rio de Janeiro;3304557
36;7;2006;Rio de Janeiro;3304557
37;7;2006;Rio de Janeiro;3304557
38;7;2006;Rio de Janeiro;3304557
39;7;2006;Rio de Janeiro;3304557
40;7;2006;Rio de Janeiro;3304557
41;7;2006;Rio de Janeiro;3304557
43;7;2006;Rio de Janeiro;3304557
44;7;2006;Rio de Janeiro;3304557
48;7;2006;Seropédica;3305554
50;7;2006;Itaguaí;3302007
51;7;2006;Paracambi;3303609
52;7;2006;Nova Iguaçu;3303500
53;7;2006;Mesquita;3302858
54;7;2006;Belford Roxo;3300456
55;7;2006;Queimados;3304144
56;7;2006;Nova Iguaçu;3303500
57;7;2006;Nilópolis;3303203
58;7;2006;Nova Iguaçu;3303500
59;7;2006;Duque de Caxias;3301702
60;7;2006;Duque de Caxias;3301702
61;7;2006;Duque de Caxias;3301702
62;7;2006;Duque de Caxias;3301702
63;7;2006;Japeri;3302270
64;7;2006;São João de Meriti;3305109
65;7;2006;"Magé;Guapimirim";9999982
66;7;2006;Magé;3302502
71;7;2006;"Itaboraí;Tanguá";9999983
72;7;2006;São Gonçalo;3304904
73;7;2006;São Gonçalo;3304904
74;7;2006;São Gonçalo;3304904
75;7;2006;São Gonçalo;3304904
76;7;2006;Niterói;3303302
77;7;2006;Niterói;3303302
78;7;2006;Niterói;3303302
79;7;2006;Niterói;3303302
81;7;2006;Niterói;3303302
82;7;2006;Maricá;3302700
88;7;2006;Barra do Pirai;3300308
89;7;2006;Resende;3304201
90;7;2006;Barra Mansa;3300407
91;7;2006;Valença;3306107
92;7;2006;Rio das Flores;3304508
93;7;2006;Volta Redonda;3306305
94;7;2006;Piraí;3304003
95;7;2006;Vassouras;3306206
96;7;2006;"Miguel Pereira;Paty dos Alferes";9999999
97;7;2006;Mendes;3302809
98;7;2006;Engenheiro Paulo de Frontin;3301801
99;7;2006;Itatiaia;3302254
100;7;2006;"Porto Real;Quatis";9999992
101;7;2006;Pinheiral;3303955
104;7;2006;São José do Vale do Rio Preto;3305158
105;7;2006;Petrópolis;3303906
106;7;2006;Petrópolis;3303906
107;7;2006;Paraíba do Sul;3303708
108;7;2006;"Comendador Levy Gasparian;Areal;Três Rios";9999991
109;7;2006;Sapucaia;3305406
110;7;2006;Teresópolis;3305802
111;7;2006;Sumidouro;3305703
112;7;2006;Carmo;3301207
118;7;2006;Araruama;3300209
119;7;2006;Rio Bonito;3304300
120;7;2006;Silva Jardim;3305604
121;7;2006;Casimiro de Abreu;3301306
122;7;2006;Conceição de Macabú;3301405
123;7;2006;"Macaé;Quissamã;Carapebus";9999984
124;7;2006;Saquarema;3305505
125;7;2006;São Pedro da Aldeia;3305208
126;7;2006;"Cabo Frio;Arraial do Cabo";9999985
127;7;2006;Armação dos Búzios;3300233
128;7;2006;Rio das Ostras;3304524
129;7;2006;Iguaba Grande;3301876
134;7;2006;Campos dos Goytacazes;3301009
135;7;2006;Itaocara;3302106
136;7;2006;"Santo Antônio de Pádua;Aperibé";9999993
137;7;2006;Miracema;3303005
138;7;2006;Laje do Muriaé;3302304
139;7;2006;Porciúncula;3304102
140;7;2006;"Natividade;Varre-Sai";9999997
141;7;2006;São Fidélis;3304805
142;7;2006;Cambuci;3300902
143;7;2006;"Itaperuna;São José de Ubá;Cardoso Moreira;Italva";9999986
144;7;2006;Bom Jesus de Itabapoana;3300605
145;7;2006;São João da Barra;3305000
146;7;2006;Campos dos Goytacazes;3301009
147;7;2006;São Francisco de Itabapoana;3304755
151;7;2006;Nova Friburgo;3303401
152;7;2006;Duas Barras;3301603
153;7;2006;Cantagalo;3301108
154;7;2006;"Cordeiro;Macuco";9999998
155;7;2006;São Sebastião do Alto;3305307
156;7;2006;Santa Maria Madalena;3304607
157;7;2006;Trajano de Morais;3305901
158;7;2006;Bom Jardim;3300506
159;7;2006;Cachoeiras de Macacu;3300803
165;7;2006;Mangaratiba;3302601
166;7;2006;Angra dos Reis;3300100
167;7;2006;Paraty;3303807
168;7;2006;Rio Claro;3304409
1;8;2006;Rio de Janeiro;3304557
4;8;2006;Rio de Janeiro;3304557
5;8;2006;Rio de Janeiro;3304557
6;8;2006;Rio de Janeiro;3304557
7;8;2006;Rio de Janeiro;3304557
9;8;2006;Rio de Janeiro;3304557
10;8;2006;Rio de Janeiro;3304557
12;8;2006;Rio de Janeiro;3304557
13;8;2006;Rio de Janeiro;3304557
14;8;2006;Rio de Janeiro;3304557
15;8;2006;Rio de Janeiro;3304557
16;8;2006;Rio de Janeiro;3304557
17;8;2006;Rio de Janeiro;3304557
18;8;2006;Rio de Janeiro;3304557
19;8;2006;Rio de Janeiro;3304557
20;8;2006;Rio de Janeiro;3304557
21;8;2006;Rio de Janeiro;3304557
22;8;2006;Rio de Janeiro;3304557
23;8;2006;Rio de Janeiro;3304557
24;8;2006;Rio de Janeiro;3304557
25;8;2006;Rio de Janeiro;3304557
26;8;2006;Rio de Janeiro;3304557
27;8;2006;Rio de Janeiro;3304557
28;8;2006;Rio de Janeiro;3304557
29;8;2006;Rio de Janeiro;3304557
30;8;2006;Rio de Janeiro;3304557
31;8;2006;Rio de Janeiro;3304557
32;8;2006;Rio de Janeiro;3304557
33;8;2006;Rio de Janeiro;3304557
34;8;2006;Rio de Janeiro;3304557
35;8;2006;Rio de Janeiro;3304557
36;8;2006;Rio de Janeiro;3304557
37;8;2006;Rio de Janeiro;3304557
38;8;2006;Rio de Janeiro;3304557
39;8;2006;Rio de Janeiro;3304557
40;8;2006;Rio de Janeiro;3304557
41;8;2006;Rio de Janeiro;3304557
43;8;2006;Rio de Janeiro;3304557
44;8;2006;Rio de Janeiro;3304557
48;8;2006;Seropédica;3305554
50;8;2006;Itaguaí;3302007
51;8;2006;Paracambi;3303609
52;8;2006;Nova Iguaçu;3303500
53;8;2006;Mesquita;3302858
54;8;2006;Belford Roxo;3300456
55;8;2006;Queimados;3304144
56;8;2006;Nova Iguaçu;3303500
57;8;2006;Nilópolis;3303203
58;8;2006;Nova Iguaçu;3303500
59;8;2006;Duque de Caxias;3301702
60;8;2006;Duque de Caxias;3301702
61;8;2006;Duque de Caxias;3301702
62;8;2006;Duque de Caxias;3301702
63;8;2006;Japeri;3302270
64;8;2006;São João de Meriti;3305109
65;8;2006;"Magé;Guapimirim";9999982
66;8;2006;Magé;3302502
71;8;2006;"Itaboraí;Tanguá";9999983
72;8;2006;São Gonçalo;3304904
73;8;2006;São Gonçalo;3304904
74;8;2006;São Gonçalo;3304904
75;8;2006;São Gonçalo;3304904
76;8;2006;Niterói;3303302
77;8;2006;Niterói;3303302
78;8;2006;Niterói;3303302
79;8;2006;Niterói;3303302
81;8;2006;Niterói;3303302
82;8;2006;Maricá;3302700
88;8;2006;Barra do Pirai;3300308
89;8;2006;Resende;3304201
90;8;2006;Barra Mansa;3300407
91;8;2006;Valença;3306107
92;8;2006;Rio das Flores;3304508
93;8;2006;Volta Redonda;3306305
94;8;2006;Piraí;3304003
95;8;2006;Vassouras;3306206
96;8;2006;"Miguel Pereira;Paty dos Alferes";9999999
97;8;2006;Mendes;3302809
98;8;2006;Engenheiro Paulo de Frontin;3301801
99;8;2006;Itatiaia;3302254
100;8;2006;"Porto Real;Quatis";9999992
101;8;2006;Pinheiral;3303955
104;8;2006;São José do Vale do Rio Preto;3305158
105;8;2006;Petrópolis;3303906
106;8;2006;Petrópolis;3303906
107;8;2006;Paraíba do Sul;3303708
108;8;2006;"Comendador Levy Gasparian;Areal;Três Rios";9999991
109;8;2006;Sapucaia;3305406
110;8;2006;Teresópolis;3305802
111;8;2006;Sumidouro;3305703
112;8;2006;Carmo;3301207
118;8;2006;Araruama;3300209
119;8;2006;Rio Bonito;3304300
120;8;2006;Silva Jardim;3305604
121;8;2006;Casimiro de Abreu;3301306
122;8;2006;Conceição de Macabú;3301405
123;8;2006;"Macaé;Quissamã;Carapebus";9999984
124;8;2006;Saquarema;3305505
125;8;2006;São Pedro da Aldeia;3305208
126;8;2006;"Cabo Frio;Arraial do Cabo";9999985
127;8;2006;Armação dos Búzios;3300233
128;8;2006;Rio das Ostras;3304524
129;8;2006;Iguaba Grande;3301876
134;8;2006;Campos dos Goytacazes;3301009
135;8;2006;Itaocara;3302106
136;8;2006;"Santo Antônio de Pádua;Aperibé";9999993
137;8;2006;Miracema;3303005
138;8;2006;Laje do Muriaé;3302304
139;8;2006;Porciúncula;3304102
140;8;2006;"Natividade;Varre-Sai";9999997
141;8;2006;São Fidélis;3304805
142;8;2006;Cambuci;3300902
143;8;2006;"Itaperuna;São José de Ubá;Cardoso Moreira;Italva";9999986
144;8;2006;Bom Jesus de Itabapoana;3300605
145;8;2006;São João da Barra;3305000
146;8;2006;Campos dos Goytacazes;3301009
147;8;2006;São Francisco de Itabapoana;3304755
151;8;2006;Nova Friburgo;3303401
152;8;2006;Duas Barras;3301603
153;8;2006;Cantagalo;3301108
154;8;2006;"Cordeiro;Macuco";9999998
155;8;2006;São Sebastião do Alto;3305307
156;8;2006;Santa Maria Madalena;3304607
157;8;2006;Trajano de Morais;3305901
158;8;2006;Bom Jardim;3300506
159;8;2006;Cachoeiras de Macacu;3300803
165;8;2006;Mangaratiba;3302601
166;8;2006;Angra dos Reis;3300100
167;8;2006;Paraty;3303807
168;8;2006;Rio Claro;3304409
1;9;2006;Rio de Janeiro;3304557
4;9;2006;Rio de Janeiro;3304557
5;9;2006;Rio de Janeiro;3304557
6;9;2006;Rio de Janeiro;3304557
7;9;2006;Rio de Janeiro;3304557
9;9;2006;Rio de Janeiro;3304557
10;9;2006;Rio de Janeiro;3304557
12;9;2006;Rio de Janeiro;3304557
13;9;2006;Rio de Janeiro;3304557
14;9;2006;Rio de Janeiro;3304557
15;9;2006;Rio de Janeiro;3304557
16;9;2006;Rio de Janeiro;3304557
17;9;2006;Rio de Janeiro;3304557
18;9;2006;Rio de Janeiro;3304557
19;9;2006;Rio de Janeiro;3304557
20;9;2006;Rio de Janeiro;3304557
21;9;2006;Rio de Janeiro;3304557
22;9;2006;Rio de Janeiro;3304557
23;9;2006;Rio de Janeiro;3304557
24;9;2006;Rio de Janeiro;3304557
25;9;2006;Rio de Janeiro;3304557
26;9;2006;Rio de Janeiro;3304557
27;9;2006;Rio de Janeiro;3304557
28;9;2006;Rio de Janeiro;3304557
29;9;2006;Rio de Janeiro;3304557
30;9;2006;Rio de Janeiro;3304557
31;9;2006;Rio de Janeiro;3304557
32;9;2006;Rio de Janeiro;3304557
33;9;2006;Rio de Janeiro;3304557
34;9;2006;Rio de Janeiro;3304557
35;9;2006;Rio de Janeiro;3304557
36;9;2006;Rio de Janeiro;3304557
37;9;2006;Rio de Janeiro;3304557
38;9;2006;Rio de Janeiro;3304557
39;9;2006;Rio de Janeiro;3304557
40;9;2006;Rio de Janeiro;3304557
41;9;2006;Rio de Janeiro;3304557
43;9;2006;Rio de Janeiro;3304557
44;9;2006;Rio de Janeiro;3304557
48;9;2006;Seropédica;3305554
50;9;2006;Itaguaí;3302007
51;9;2006;Paracambi;3303609
52;9;2006;Nova Iguaçu;3303500
53;9;2006;Mesquita;3302858
54;9;2006;Belford Roxo;3300456
55;9;2006;Queimados;3304144
56;9;2006;Nova Iguaçu;3303500
57;9;2006;Nilópolis;3303203
58;9;2006;Nova Iguaçu;3303500
59;9;2006;Duque de Caxias;3301702
60;9;2006;Duque de Caxias;3301702
61;9;2006;Duque de Caxias;3301702
62;9;2006;Duque de Caxias;3301702
63;9;2006;Japeri;3302270
64;9;2006;São João de Meriti;3305109
65;9;2006;"Magé;Guapimirim";9999982
66;9;2006;Magé;3302502
71;9;2006;"Itaboraí;Tanguá";9999983
72;9;2006;São Gonçalo;3304904
73;9;2006;São Gonçalo;3304904
74;9;2006;São Gonçalo;3304904
75;9;2006;São Gonçalo;3304904
76;9;2006;Niterói;3303302
77;9;2006;Niterói;3303302
78;9;2006;Niterói;3303302
79;9;2006;Niterói;3303302
81;9;2006;Niterói;3303302
82;9;2006;Maricá;3302700
88;9;2006;Barra do Pirai;3300308
89;9;2006;Resende;3304201
90;9;2006;Barra Mansa;3300407
91;9;2006;Valença;3306107
92;9;2006;Rio das Flores;3304508
93;9;2006;Volta Redonda;3306305
94;9;2006;Piraí;3304003
95;9;2006;Vassouras;3306206
96;9;2006;"Miguel Pereira;Paty dos Alferes";9999999
97;9;2006;Mendes;3302809
98;9;2006;Engenheiro Paulo de Frontin;3301801
99;9;2006;Itatiaia;3302254
100;9;2006;"Porto Real;Quatis";9999992
101;9;2006;Pinheiral;3303955
104;9;2006;São José do Vale do Rio Preto;3305158
105;9;2006;Petrópolis;3303906
106;9;2006;Petrópolis;3303906
107;9;2006;Paraíba do Sul;3303708
108;9;2006;"Comendador Levy Gasparian;Areal;Três Rios";9999991
109;9;2006;Sapucaia;3305406
110;9;2006;Teresópolis;3305802
111;9;2006;Sumidouro;3305703
112;9;2006;Carmo;3301207
118;9;2006;Araruama;3300209
119;9;2006;Rio Bonito;3304300
120;9;2006;Silva Jardim;3305604
121;9;2006;Casimiro de Abreu;3301306
122;9;2006;Conceição de Macabú;3301405
123;9;2006;"Macaé;Quissamã;Carapebus";9999984
124;9;2006;Saquarema;3305505
125;9;2006;São Pedro da Aldeia;3305208
126;9;2006;"Cabo Frio;Arraial do Cabo";9999985
127;9;2006;Armação dos Búzios;3300233
128;9;2006;Rio das Ostras;3304524
129;9;2006;Iguaba Grande;3301876
134;9;2006;Campos dos Goytacazes;3301009
135;9;2006;Itaocara;3302106
136;9;2006;"Santo Antônio de Pádua;Aperibé";9999993
137;9;2006;Miracema;3303005
138;9;2006;Laje do Muriaé;3302304
139;9;2006;Porciúncula;3304102
140;9;2006;"Natividade;Varre-Sai";9999997
141;9;2006;São Fidélis;3304805
142;9;2006;Cambuci;3300902
143;9;2006;"Itaperuna;São José de Ubá;Cardoso Moreira;Italva";9999986
144;9;2006;Bom Jesus de Itabapoana;3300605
145;9;2006;São João da Barra;3305000
146;9;2006;Campos dos Goytacazes;3301009
147;9;2006;São Francisco de Itabapoana;3304755
151;9;2006;Nova Friburgo;3303401
152;9;2006;Duas Barras;3301603
153;9;2006;Cantagalo;3301108
154;9;2006;"Cordeiro;Macuco";9999998
155;9;2006;São Sebastião do Alto;3305307
156;9;2006;Santa Maria Madalena;3304607
157;9;2006;Trajano de Morais;3305901
158;9;2006;Bom Jardim;3300506
159;9;2006;Cachoeiras de Macacu;3300803
165;9;2006;Mangaratiba;3302601
166;9;2006;Angra dos Reis;3300100
167;9;2006;Paraty;3303807
168;9;2006;Rio Claro;3304409
1;10;2006;Rio de Janeiro;3304557
4;10;2006;Rio de Janeiro;3304557
5;10;2006;Rio de Janeiro;3304557
6;10;2006;Rio de Janeiro;3304557
7;10;2006;Rio de Janeiro;3304557
9;10;2006;Rio de Janeiro;3304557
10;10;2006;Rio de Janeiro;3304557
12;10;2006;Rio de Janeiro;3304557
13;10;2006;Rio de Janeiro;3304557
14;10;2006;Rio de Janeiro;3304557
15;10;2006;Rio de Janeiro;3304557
16;10;2006;Rio de Janeiro;3304557
17;10;2006;Rio de Janeiro;3304557
18;10;2006;Rio de Janeiro;3304557
19;10;2006;Rio de Janeiro;3304557
20;10;2006;Rio de Janeiro;3304557
21;10;2006;Rio de Janeiro;3304557
22;10;2006;Rio de Janeiro;3304557
23;10;2006;Rio de Janeiro;3304557
24;10;2006;Rio de Janeiro;3304557
25;10;2006;Rio de Janeiro;3304557
26;10;2006;Rio de Janeiro;3304557
27;10;2006;Rio de Janeiro;3304557
28;10;2006;Rio de Janeiro;3304557
29;10;2006;Rio de Janeiro;3304557
30;10;2006;Rio de Janeiro;3304557
31;10;2006;Rio de Janeiro;3304557
32;10;2006;Rio de Janeiro;3304557
33;10;2006;Rio de Janeiro;3304557
34;10;2006;Rio de Janeiro;3304557
35;10;2006;Rio de Janeiro;3304557
36;10;2006;Rio de Janeiro;3304557
37;10;2006;Rio de Janeiro;3304557
38;10;2006;Rio de Janeiro;3304557
39;10;2006;Rio de Janeiro;3304557
40;10;2006;Rio de Janeiro;3304557
41;10;2006;Rio de Janeiro;3304557
43;10;2006;Rio de Janeiro;3304557
44;10;2006;Rio de Janeiro;3304557
48;10;2006;Seropédica;3305554
50;10;2006;Itaguaí;3302007
51;10;2006;Paracambi;3303609
52;10;2006;Nova Iguaçu;3303500
53;10;2006;Mesquita;3302858
54;10;2006;Belford Roxo;3300456
55;10;2006;Queimados;3304144
56;10;2006;Nova Iguaçu;3303500
57;10;2006;Nilópolis;3303203
58;10;2006;Nova Iguaçu;3303500
59;10;2006;Duque de Caxias;3301702
60;10;2006;Duque de Caxias;3301702
61;10;2006;Duque de Caxias;3301702
62;10;2006;Duque de Caxias;3301702
63;10;2006;Japeri;3302270
64;10;2006;São João de Meriti;3305109
65;10;2006;"Magé;Guapimirim";9999982
66;10;2006;Magé;3302502
71;10;2006;"Itaboraí;Tanguá";9999983
72;10;2006;São Gonçalo;3304904
73;10;2006;São Gonçalo;3304904
74;10;2006;São Gonçalo;3304904
75;10;2006;São Gonçalo;3304904
76;10;2006;Niterói;3303302
77;10;2006;Niterói;3303302
78;10;2006;Niterói;3303302
79;10;2006;Niterói;3303302
81;10;2006;Niterói;3303302
82;10;2006;Maricá;3302700
88;10;2006;Barra do Pirai;3300308
89;10;2006;Resende;3304201
90;10;2006;Barra Mansa;3300407
91;10;2006;Valença;3306107
92;10;2006;Rio das Flores;3304508
93;10;2006;Volta Redonda;3306305
94;10;2006;Piraí;3304003
95;10;2006;Vassouras;3306206
96;10;2006;"Miguel Pereira;Paty dos Alferes";9999999
97;10;2006;Mendes;3302809
98;10;2006;Engenheiro Paulo de Frontin;3301801
99;10;2006;Itatiaia;3302254
100;10;2006;"Porto Real;Quatis";9999992
101;10;2006;Pinheiral;3303955
104;10;2006;São José do Vale do Rio Preto;3305158
105;10;2006;Petrópolis;3303906
106;10;2006;Petrópolis;3303906
107;10;2006;Paraíba do Sul;3303708
108;10;2006;"Comendador Levy Gasparian;Areal;Três Rios";9999991
109;10;2006;Sapucaia;3305406
110;10;2006;Teresópolis;3305802
111;10;2006;Sumidouro;3305703
112;10;2006;Carmo;3301207
118;10;2006;Araruama;3300209
119;10;2006;Rio Bonito;3304300
120;10;2006;Silva Jardim;3305604
121;10;2006;Casimiro de Abreu;3301306
122;10;2006;Conceição de Macabú;3301405
123;10;2006;"Macaé;Quissamã;Carapebus";9999984
124;10;2006;Saquarema;3305505
125;10;2006;São Pedro da Aldeia;3305208
126;10;2006;"Cabo Frio;Arraial do Cabo";9999985
127;10;2006;Armação dos Búzios;3300233
128;10;2006;Rio das Ostras;3304524
129;10;2006;Iguaba Grande;3301876
134;10;2006;Campos dos Goytacazes;3301009
135;10;2006;Itaocara;3302106
136;10;2006;"Santo Antônio de Pádua;Aperibé";9999993
137;10;2006;Miracema;3303005
138;10;2006;Laje do Muriaé;3302304
139;10;2006;Porciúncula;3304102
140;10;2006;"Natividade;Varre-Sai";9999997
141;10;2006;São Fidélis;3304805
142;10;2006;Cambuci;3300902
143;10;2006;"Itaperuna;São José de Ubá;Cardoso Moreira;Italva";9999986
144;10;2006;Bom Jesus de Itabapoana;3300605
145;10;2006;São João da Barra;3305000
146;10;2006;Campos dos Goytacazes;3301009
147;10;2006;São Francisco de Itabapoana;3304755
151;10;2006;Nova Friburgo;3303401
152;10;2006;Duas Barras;3301603
153;10;2006;Cantagalo;3301108
154;10;2006;"Cordeiro;Macuco";9999998
155;10;2006;São Sebastião do Alto;3305307
156;10;2006;Santa Maria Madalena;3304607
157;10;2006;Trajano de Morais;3305901
158;10;2006;Bom Jardim;3300506
159;10;2006;Cachoeiras de Macacu;3300803
165;10;2006;Mangaratiba;3302601
166;10;2006;Angra dos Reis;3300100
167;10;2006;Paraty;3303807
168;10;2006;Rio Claro;3304409
1;11;2006;Rio de Janeiro;3304557
4;11;2006;Rio de Janeiro;3304557
5;11;2006;Rio de Janeiro;3304557
6;11;2006;Rio de Janeiro;3304557
7;11;2006;Rio de Janeiro;3304557
9;11;2006;Rio de Janeiro;3304557
10;11;2006;Rio de Janeiro;3304557
12;11;2006;Rio de Janeiro;3304557
13;11;2006;Rio de Janeiro;3304557
14;11;2006;Rio de Janeiro;3304557
15;11;2006;Rio de Janeiro;3304557
16;11;2006;Rio de Janeiro;3304557
17;11;2006;Rio de Janeiro;3304557
18;11;2006;Rio de Janeiro;3304557
19;11;2006;Rio de Janeiro;3304557
20;11;2006;Rio de Janeiro;3304557
21;11;2006;Rio de Janeiro;3304557
22;11;2006;Rio de Janeiro;3304557
23;11;2006;Rio de Janeiro;3304557
24;11;2006;Rio de Janeiro;3304557
25;11;2006;Rio de Janeiro;3304557
26;11;2006;Rio de Janeiro;3304557
27;11;2006;Rio de Janeiro;3304557
28;11;2006;Rio de Janeiro;3304557
29;11;2006;Rio de Janeiro;3304557
30;11;2006;Rio de Janeiro;3304557
31;11;2006;Rio de Janeiro;3304557
32;11;2006;Rio de Janeiro;3304557
33;11;2006;Rio de Janeiro;3304557
34;11;2006;Rio de Janeiro;3304557
35;11;2006;Rio de Janeiro;3304557
36;11;2006;Rio de Janeiro;3304557
37;11;2006;Rio de Janeiro;3304557
38;11;2006;Rio de Janeiro;3304557
39;11;2006;Rio de Janeiro;3304557
40;11;2006;Rio de Janeiro;3304557
41;11;2006;Rio de Janeiro;3304557
43;11;2006;Rio de Janeiro;3304557
44;11;2006;Rio de Janeiro;3304557
48;11;2006;Seropédica;3305554
50;11;2006;Itaguaí;3302007
51;11;2006;Paracambi;3303609
52;11;2006;Nova Iguaçu;3303500
53;11;2006;Mesquita;3302858
54;11;2006;Belford Roxo;3300456
55;11;2006;Queimados;3304144
56;11;2006;Nova Iguaçu;3303500
57;11;2006;Nilópolis;3303203
58;11;2006;Nova Iguaçu;3303500
59;11;2006;Duque de Caxias;3301702
60;11;2006;Duque de Caxias;3301702
61;11;2006;Duque de Caxias;3301702
62;11;2006;Duque de Caxias;3301702
63;11;2006;Japeri;3302270
64;11;2006;São João de Meriti;3305109
65;11;2006;"Magé;Guapimirim";9999982
66;11;2006;Magé;3302502
71;11;2006;"Itaboraí;Tanguá";9999983
72;11;2006;São Gonçalo;3304904
73;11;2006;São Gonçalo;3304904
74;11;2006;São Gonçalo;3304904
75;11;2006;São Gonçalo;3304904
76;11;2006;Niterói;3303302
77;11;2006;Niterói;3303302
78;11;2006;Niterói;3303302
79;11;2006;Niterói;3303302
81;11;2006;Niterói;3303302
82;11;2006;Maricá;3302700
88;11;2006;Barra do Pirai;3300308
89;11;2006;Resende;3304201
90;11;2006;Barra Mansa;3300407
91;11;2006;Valença;3306107
92;11;2006;Rio das Flores;3304508
93;11;2006;Volta Redonda;3306305
94;11;2006;Piraí;3304003
95;11;2006;Vassouras;3306206
96;11;2006;"Miguel Pereira;Paty dos Alferes";9999999
97;11;2006;Mendes;3302809
98;11;2006;Engenheiro Paulo de Frontin;3301801
99;11;2006;Itatiaia;3302254
100;11;2006;"Porto Real;Quatis";9999992
101;11;2006;Pinheiral;3303955
104;11;2006;São José do Vale do Rio Preto;3305158
105;11;2006;Petrópolis;3303906
106;11;2006;Petrópolis;3303906
107;11;2006;Paraíba do Sul;3303708
108;11;2006;"Comendador Levy Gasparian;Areal;Três Rios";9999991
109;11;2006;Sapucaia;3305406
110;11;2006;Teresópolis;3305802
111;11;2006;Sumidouro;3305703
112;11;2006;Carmo;3301207
118;11;2006;Araruama;3300209
119;11;2006;Rio Bonito;3304300
120;11;2006;Silva Jardim;3305604
121;11;2006;Casimiro de Abreu;3301306
122;11;2006;Conceição de Macabú;3301405
123;11;2006;"Macaé;Quissamã;Carapebus";9999984
124;11;2006;Saquarema;3305505
125;11;2006;São Pedro da Aldeia;3305208
126;11;2006;"Cabo Frio;Arraial do Cabo";9999985
127;11;2006;Armação dos Búzios;3300233
128;11;2006;Rio das Ostras;3304524
129;11;2006;Iguaba Grande;3301876
134;11;2006;Campos dos Goytacazes;3301009
135;11;2006;Itaocara;3302106
136;11;2006;"Santo Antônio de Pádua;Aperibé";9999993
137;11;2006;Miracema;3303005
138;11;2006;Laje do Muriaé;3302304
139;11;2006;Porciúncula;3304102
140;11;2006;"Natividade;Varre-Sai";9999997
141;11;2006;São Fidélis;3304805
142;11;2006;Cambuci;3300902
143;11;2006;"Itaperuna;São José de Ubá;Cardoso Moreira;Italva";9999986
144;11;2006;Bom Jesus de Itabapoana;3300605
145;11;2006;São João da Barra;3305000
146;11;2006;Campos dos Goytacazes;3301009
147;11;2006;São Francisco de Itabapoana;3304755
151;11;2006;Nova Friburgo;3303401
152;11;2006;Duas Barras;3301603
153;11;2006;Cantagalo;3301108
154;11;2006;"Cordeiro;Macuco";9999998
155;11;2006;São Sebastião do Alto;3305307
156;11;2006;Santa Maria Madalena;3304607
157;11;2006;Trajano de Morais;3305901
158;11;2006;Bom Jardim;3300506
159;11;2006;Cachoeiras de Macacu;3300803
165;11;2006;Mangaratiba;3302601
166;11;2006;Angra dos Reis;3300100
167;11;2006;Paraty;3303807
168;11;2006;Rio Claro;3304409
1;12;2006;Rio de Janeiro;3304557
4;12;2006;Rio de Janeiro;3304557
5;12;2006;Rio de Janeiro;3304557
6;12;2006;Rio de Janeiro;3304557
7;12;2006;Rio de Janeiro;3304557
9;12;2006;Rio de Janeiro;3304557
10;12;2006;Rio de Janeiro;3304557
12;12;2006;Rio de Janeiro;3304557
13;12;2006;Rio de Janeiro;3304557
14;12;2006;Rio de Janeiro;3304557
15;12;2006;Rio de Janeiro;3304557
16;12;2006;Rio de Janeiro;3304557
17;12;2006;Rio de Janeiro;3304557
18;12;2006;Rio de Janeiro;3304557
19;12;2006;Rio de Janeiro;3304557
20;12;2006;Rio de Janeiro;3304557
21;12;2006;Rio de Janeiro;3304557
22;12;2006;Rio de Janeiro;3304557
23;12;2006;Rio de Janeiro;3304557
24;12;2006;Rio de Janeiro;3304557
25;12;2006;Rio de Janeiro;3304557
26;12;2006;Rio de Janeiro;3304557
27;12;2006;Rio de Janeiro;3304557
28;12;2006;Rio de Janeiro;3304557
29;12;2006;Rio de Janeiro;3304557
30;12;2006;Rio de Janeiro;3304557
31;12;2006;Rio de Janeiro;3304557
32;12;2006;Rio de Janeiro;3304557
33;12;2006;Rio de Janeiro;3304557
34;12;2006;Rio de Janeiro;3304557
35;12;2006;Rio de Janeiro;3304557
36;12;2006;Rio de Janeiro;3304557
37;12;2006;Rio de Janeiro;3304557
38;12;2006;Rio de Janeiro;3304557
39;12;2006;Rio de Janeiro;3304557
40;12;2006;Rio de Janeiro;3304557
41;12;2006;Rio de Janeiro;3304557
43;12;2006;Rio de Janeiro;3304557
44;12;2006;Rio de Janeiro;3304557
48;12;2006;Seropédica;3305554
50;12;2006;Itaguaí;3302007
51;12;2006;Paracambi;3303609
52;12;2006;Nova Iguaçu;3303500
53;12;2006;Mesquita;3302858
54;12;2006;Belford Roxo;3300456
55;12;2006;Queimados;3304144
56;12;2006;Nova Iguaçu;3303500
57;12;2006;Nilópolis;3303203
58;12;2006;Nova Iguaçu;3303500
59;12;2006;Duque de Caxias;3301702
60;12;2006;Duque de Caxias;3301702
61;12;2006;Duque de Caxias;3301702
62;12;2006;Duque de Caxias;3301702
63;12;2006;Japeri;3302270
64;12;2006;São João de Meriti;3305109
65;12;2006;"Magé;Guapimirim";9999982
66;12;2006;Magé;3302502
71;12;2006;"Itaboraí;Tanguá";9999983
72;12;2006;São Gonçalo;3304904
73;12;2006;São Gonçalo;3304904
74;12;2006;São Gonçalo;3304904
75;12;2006;São Gonçalo;3304904
76;12;2006;Niterói;3303302
77;12;2006;Niterói;3303302
78;12;2006;Niterói;3303302
79;12;2006;Niterói;3303302
81;12;2006;Niterói;3303302
82;12;2006;Maricá;3302700
88;12;2006;Barra do Pirai;3300308
89;12;2006;Resende;3304201
90;12;2006;Barra Mansa;3300407
91;12;2006;Valença;3306107
92;12;2006;Rio das Flores;3304508
93;12;2006;Volta Redonda;3306305
94;12;2006;Piraí;3304003
95;12;2006;Vassouras;3306206
96;12;2006;"Miguel Pereira;Paty dos Alferes";9999999
97;12;2006;Mendes;3302809
98;12;2006;Engenheiro Paulo de Frontin;3301801
99;12;2006;Itatiaia;3302254
100;12;2006;"Porto Real;Quatis";9999992
101;12;2006;Pinheiral;3303955
104;12;2006;São José do Vale do Rio Preto;3305158
105;12;2006;Petrópolis;3303906
106;12;2006;Petrópolis;3303906
107;12;2006;Paraíba do Sul;3303708
108;12;2006;"Comendador Levy Gasparian;Areal;Três Rios";9999991
109;12;2006;Sapucaia;3305406
110;12;2006;Teresópolis;3305802
111;12;2006;Sumidouro;3305703
112;12;2006;Carmo;3301207
118;12;2006;Araruama;3300209
119;12;2006;Rio Bonito;3304300
120;12;2006;Silva Jardim;3305604
121;12;2006;Casimiro de Abreu;3301306
122;12;2006;Conceição de Macabú;3301405
123;12;2006;"Macaé;Quissamã;Carapebus";9999984
124;12;2006;Saquarema;3305505
125;12;2006;São Pedro da Aldeia;3305208
126;12;2006;"Cabo Frio;Arraial do Cabo";9999985
127;12;2006;Armação dos Búzios;3300233
128;12;2006;Rio das Ostras;3304524
129;12;2006;Iguaba Grande;3301876
134;12;2006;Campos dos Goytacazes;3301009
135;12;2006;Itaocara;3302106
136;12;2006;"Santo Antônio de Pádua;Aperibé";9999993
137;12;2006;Miracema;3303005
138;12;2006;Laje do Muriaé;3302304
139;12;2006;Porciúncula;3304102
140;12;2006;"Natividade;Varre-Sai";9999997
141;12;2006;São Fidélis;3304805
142;12;2006;Cambuci;3300902
143;12;2006;"Itaperuna;São José de Ubá;Cardoso Moreira;Italva";9999986
144;12;2006;Bom Jesus de Itabapoana;3300605
145;12;2006;São João da Barra;3305000
146;12;2006;Campos dos Goytacazes;3301009
147;12;2006;São Francisco de Itabapoana;3304755
151;12;2006;Nova Friburgo;3303401
152;12;2006;Duas Barras;3301603
153;12;2006;Cantagalo;3301108
154;12;2006;"Cordeiro;Macuco";9999998
155;12;2006;São Sebastião do Alto;3305307
156;12;2006;Santa Maria Madalena;3304607
157;12;2006;Trajano de Morais;3305901
158;12;2006;Bom Jardim;3300506
159;12;2006;Cachoeiras de Macacu;3300803
165;12;2006;Mangaratiba;3302601
166;12;2006;Angra dos Reis;3300100
167;12;2006;Paraty;3303807
168;12;2006;Rio Claro;3304409
1;1;2007;Rio de Janeiro;3304557
4;1;2007;Rio de Janeiro;3304557
5;1;2007;Rio de Janeiro;3304557
6;1;2007;Rio de Janeiro;3304557
7;1;2007;Rio de Janeiro;3304557
9;1;2007;Rio de Janeiro;3304557
10;1;2007;Rio de Janeiro;3304557
12;1;2007;Rio de Janeiro;3304557
13;1;2007;Rio de Janeiro;3304557
14;1;2007;Rio de Janeiro;3304557
15;1;2007;Rio de Janeiro;3304557
16;1;2007;Rio de Janeiro;3304557
17;1;2007;Rio de Janeiro;3304557
18;1;2007;Rio de Janeiro;3304557
19;1;2007;Rio de Janeiro;3304557
20;1;2007;Rio de Janeiro;3304557
21;1;2007;Rio de Janeiro;3304557
22;1;2007;Rio de Janeiro;3304557
23;1;2007;Rio de Janeiro;3304557
24;1;2007;Rio de Janeiro;3304557
25;1;2007;Rio de Janeiro;3304557
26;1;2007;Rio de Janeiro;3304557
27;1;2007;Rio de Janeiro;3304557
28;1;2007;Rio de Janeiro;3304557
29;1;2007;Rio de Janeiro;3304557
30;1;2007;Rio de Janeiro;3304557
31;1;2007;Rio de Janeiro;3304557
32;1;2007;Rio de Janeiro;3304557
33;1;2007;Rio de Janeiro;3304557
34;1;2007;Rio de Janeiro;3304557
35;1;2007;Rio de Janeiro;3304557
36;1;2007;Rio de Janeiro;3304557
37;1;2007;Rio de Janeiro;3304557
38;1;2007;Rio de Janeiro;3304557
39;1;2007;Rio de Janeiro;3304557
40;1;2007;Rio de Janeiro;3304557
41;1;2007;Rio de Janeiro;3304557
43;1;2007;Rio de Janeiro;3304557
44;1;2007;Rio de Janeiro;3304557
48;1;2007;Seropédica;3305554
50;1;2007;Itaguaí;3302007
51;1;2007;Paracambi;3303609
52;1;2007;Nova Iguaçu;3303500
53;1;2007;Mesquita;3302858
54;1;2007;Belford Roxo;3300456
55;1;2007;Queimados;3304144
56;1;2007;Nova Iguaçu;3303500
57;1;2007;Nilópolis;3303203
58;1;2007;Nova Iguaçu;3303500
59;1;2007;Duque de Caxias;3301702
60;1;2007;Duque de Caxias;3301702
61;1;2007;Duque de Caxias;3301702
62;1;2007;Duque de Caxias;3301702
63;1;2007;Japeri;3302270
64;1;2007;São João de Meriti;3305109
65;1;2007;"Magé;Guapimirim";9999982
66;1;2007;Magé;3302502
71;1;2007;"Itaboraí;Tanguá";9999983
72;1;2007;São Gonçalo;3304904
73;1;2007;São Gonçalo;3304904
74;1;2007;São Gonçalo;3304904
75;1;2007;São Gonçalo;3304904
76;1;2007;Niterói;3303302
77;1;2007;Niterói;3303302
78;1;2007;Niterói;3303302
79;1;2007;Niterói;3303302
81;1;2007;Niterói;3303302
82;1;2007;Maricá;3302700
88;1;2007;Barra do Pirai;3300308
89;1;2007;Resende;3304201
90;1;2007;Barra Mansa;3300407
91;1;2007;Valença;3306107
92;1;2007;Rio das Flores;3304508
93;1;2007;Volta Redonda;3306305
94;1;2007;Piraí;3304003
95;1;2007;Vassouras;3306206
96;1;2007;"Miguel Pereira;Paty dos Alferes";9999999
97;1;2007;Mendes;3302809
98;1;2007;Engenheiro Paulo de Frontin;3301801
99;1;2007;Itatiaia;3302254
100;1;2007;"Porto Real;Quatis";9999992
101;1;2007;Pinheiral;3303955
104;1;2007;São José do Vale do Rio Preto;3305158
105;1;2007;Petrópolis;3303906
106;1;2007;Petrópolis;3303906
107;1;2007;Paraíba do Sul;3303708
108;1;2007;"Comendador Levy Gasparian;Areal;Três Rios";9999991
109;1;2007;Sapucaia;3305406
110;1;2007;Teresópolis;3305802
111;1;2007;Sumidouro;3305703
112;1;2007;Carmo;3301207
118;1;2007;Araruama;3300209
119;1;2007;Rio Bonito;3304300
120;1;2007;Silva Jardim;3305604
121;1;2007;Casimiro de Abreu;3301306
122;1;2007;Conceição de Macabú;3301405
123;1;2007;"Macaé;Quissamã;Carapebus";9999984
124;1;2007;Saquarema;3305505
125;1;2007;São Pedro da Aldeia;3305208
126;1;2007;"Cabo Frio;Arraial do Cabo";9999985
127;1;2007;Armação dos Búzios;3300233
128;1;2007;Rio das Ostras;3304524
129;1;2007;Iguaba Grande;3301876
134;1;2007;Campos dos Goytacazes;3301009
135;1;2007;Itaocara;3302106
136;1;2007;"Santo Antônio de Pádua;Aperibé";9999993
137;1;2007;Miracema;3303005
138;1;2007;Laje do Muriaé;3302304
139;1;2007;Porciúncula;3304102
140;1;2007;"Natividade;Varre-Sai";9999997
141;1;2007;São Fidélis;3304805
142;1;2007;Cambuci;3300902
143;1;2007;"Itaperuna;São José de Ubá;Cardoso Moreira;Italva";9999986
144;1;2007;Bom Jesus de Itabapoana;3300605
145;1;2007;São João da Barra;3305000
146;1;2007;Campos dos Goytacazes;3301009
147;1;2007;São Francisco de Itabapoana;3304755
151;1;2007;Nova Friburgo;3303401
152;1;2007;Duas Barras;3301603
153;1;2007;Cantagalo;3301108
154;1;2007;"Cordeiro;Macuco";9999998
155;1;2007;São Sebastião do Alto;3305307
156;1;2007;Santa Maria Madalena;3304607
157;1;2007;Trajano de Morais;3305901
158;1;2007;Bom Jardim;3300506
159;1;2007;Cachoeiras de Macacu;3300803
165;1;2007;Mangaratiba;3302601
166;1;2007;Angra dos Reis;3300100
167;1;2007;Paraty;3303807
168;1;2007;Rio Claro;3304409
1;2;2007;Rio de Janeiro;3304557
4;2;2007;Rio de Janeiro;3304557
5;2;2007;Rio de Janeiro;3304557
6;2;2007;Rio de Janeiro;3304557
7;2;2007;Rio de Janeiro;3304557
9;2;2007;Rio de Janeiro;3304557
10;2;2007;Rio de Janeiro;3304557
12;2;2007;Rio de Janeiro;3304557
13;2;2007;Rio de Janeiro;3304557
14;2;2007;Rio de Janeiro;3304557
15;2;2007;Rio de Janeiro;3304557
16;2;2007;Rio de Janeiro;3304557
17;2;2007;Rio de Janeiro;3304557
18;2;2007;Rio de Janeiro;3304557
19;2;2007;Rio de Janeiro;3304557
20;2;2007;Rio de Janeiro;3304557
21;2;2007;Rio de Janeiro;3304557
22;2;2007;Rio de Janeiro;3304557
23;2;2007;Rio de Janeiro;3304557
24;2;2007;Rio de Janeiro;3304557
25;2;2007;Rio de Janeiro;3304557
26;2;2007;Rio de Janeiro;3304557
27;2;2007;Rio de Janeiro;3304557
28;2;2007;Rio de Janeiro;3304557
29;2;2007;Rio de Janeiro;3304557
30;2;2007;Rio de Janeiro;3304557
31;2;2007;Rio de Janeiro;3304557
32;2;2007;Rio de Janeiro;3304557
33;2;2007;Rio de Janeiro;3304557
34;2;2007;Rio de Janeiro;3304557
35;2;2007;Rio de Janeiro;3304557
36;2;2007;Rio de Janeiro;3304557
37;2;2007;Rio de Janeiro;3304557
38;2;2007;Rio de Janeiro;3304557
39;2;2007;Rio de Janeiro;3304557
40;2;2007;Rio de Janeiro;3304557
41;2;2007;Rio de Janeiro;3304557
43;2;2007;Rio de Janeiro;3304557
44;2;2007;Rio de Janeiro;3304557
48;2;2007;Seropédica;3305554
50;2;2007;Itaguaí;3302007
51;2;2007;Paracambi;3303609
52;2;2007;Nova Iguaçu;3303500
53;2;2007;Mesquita;3302858
54;2;2007;Belford Roxo;3300456
55;2;2007;Queimados;3304144
56;2;2007;Nova Iguaçu;3303500
57;2;2007;Nilópolis;3303203
58;2;2007;Nova Iguaçu;3303500
59;2;2007;Duque de Caxias;3301702
60;2;2007;Duque de Caxias;3301702
61;2;2007;Duque de Caxias;3301702
62;2;2007;Duque de Caxias;3301702
63;2;2007;Japeri;3302270
64;2;2007;São João de Meriti;3305109
65;2;2007;"Magé;Guapimirim";9999982
66;2;2007;Magé;3302502
71;2;2007;"Itaboraí;Tanguá";9999983
72;2;2007;São Gonçalo;3304904
73;2;2007;São Gonçalo;3304904
74;2;2007;São Gonçalo;3304904
75;2;2007;São Gonçalo;3304904
76;2;2007;Niterói;3303302
77;2;2007;Niterói;3303302
78;2;2007;Niterói;3303302
79;2;2007;Niterói;3303302
81;2;2007;Niterói;3303302
82;2;2007;Maricá;3302700
88;2;2007;Barra do Pirai;3300308
89;2;2007;Resende;3304201
90;2;2007;Barra Mansa;3300407
91;2;2007;Valença;3306107
92;2;2007;Rio das Flores;3304508
93;2;2007;Volta Redonda;3306305
94;2;2007;Piraí;3304003
95;2;2007;Vassouras;3306206
96;2;2007;"Miguel Pereira;Paty dos Alferes";9999999
97;2;2007;Mendes;3302809
98;2;2007;Engenheiro Paulo de Frontin;3301801
99;2;2007;Itatiaia;3302254
100;2;2007;"Porto Real;Quatis";9999992
101;2;2007;Pinheiral;3303955
104;2;2007;São José do Vale do Rio Preto;3305158
105;2;2007;Petrópolis;3303906
106;2;2007;Petrópolis;3303906
107;2;2007;Paraíba do Sul;3303708
108;2;2007;"Comendador Levy Gasparian;Areal;Três Rios";9999991
109;2;2007;Sapucaia;3305406
110;2;2007;Teresópolis;3305802
111;2;2007;Sumidouro;3305703
112;2;2007;Carmo;3301207
118;2;2007;Araruama;3300209
119;2;2007;Rio Bonito;3304300
120;2;2007;Silva Jardim;3305604
121;2;2007;Casimiro de Abreu;3301306
122;2;2007;Conceição de Macabú;3301405
123;2;2007;"Macaé;Quissamã;Carapebus";9999984
124;2;2007;Saquarema;3305505
125;2;2007;São Pedro da Aldeia;3305208
126;2;2007;"Cabo Frio;Arraial do Cabo";9999985
127;2;2007;Armação dos Búzios;3300233
128;2;2007;Rio das Ostras;3304524
129;2;2007;Iguaba Grande;3301876
134;2;2007;Campos dos Goytacazes;3301009
135;2;2007;Itaocara;3302106
136;2;2007;"Santo Antônio de Pádua;Aperibé";9999993
137;2;2007;Miracema;3303005
138;2;2007;Laje do Muriaé;3302304
139;2;2007;Porciúncula;3304102
140;2;2007;"Natividade;Varre-Sai";9999997
141;2;2007;São Fidélis;3304805
142;2;2007;Cambuci;3300902
143;2;2007;"Itaperuna;São José de Ubá;Cardoso Moreira;Italva";9999986
144;2;2007;Bom Jesus de Itabapoana;3300605
145;2;2007;São João da Barra;3305000
146;2;2007;Campos dos Goytacazes;3301009
147;2;2007;São Francisco de Itabapoana;3304755
151;2;2007;Nova Friburgo;3303401
152;2;2007;Duas Barras;3301603
153;2;2007;Cantagalo;3301108
154;2;2007;"Cordeiro;Macuco";9999998
155;2;2007;São Sebastião do Alto;3305307
156;2;2007;Santa Maria Madalena;3304607
157;2;2007;Trajano de Morais;3305901
158;2;2007;Bom Jardim;3300506
159;2;2007;Cachoeiras de Macacu;3300803
165;2;2007;Mangaratiba;3302601
166;2;2007;Angra dos Reis;3300100
167;2;2007;Paraty;3303807
168;2;2007;Rio Claro;3304409
1;3;2007;Rio de Janeiro;3304557
4;3;2007;Rio de Janeiro;3304557
5;3;2007;Rio de Janeiro;3304557
6;3;2007;Rio de Janeiro;3304557
7;3;2007;Rio de Janeiro;3304557
9;3;2007;Rio de Janeiro;3304557
10;3;2007;Rio de Janeiro;3304557
12;3;2007;Rio de Janeiro;3304557
13;3;2007;Rio de Janeiro;3304557
14;3;2007;Rio de Janeiro;3304557
15;3;2007;Rio de Janeiro;3304557
16;3;2007;Rio de Janeiro;3304557
17;3;2007;Rio de Janeiro;3304557
18;3;2007;Rio de Janeiro;3304557
19;3;2007;Rio de Janeiro;3304557
20;3;2007;Rio de Janeiro;3304557
21;3;2007;Rio de Janeiro;3304557
22;3;2007;Rio de Janeiro;3304557
23;3;2007;Rio de Janeiro;3304557
24;3;2007;Rio de Janeiro;3304557
25;3;2007;Rio de Janeiro;3304557
26;3;2007;Rio de Janeiro;3304557
27;3;2007;Rio de Janeiro;3304557
28;3;2007;Rio de Janeiro;3304557
29;3;2007;Rio de Janeiro;3304557
30;3;2007;Rio de Janeiro;3304557
31;3;2007;Rio de Janeiro;3304557
32;3;2007;Rio de Janeiro;3304557
33;3;2007;Rio de Janeiro;3304557
34;3;2007;Rio de Janeiro;3304557
35;3;2007;Rio de Janeiro;3304557
36;3;2007;Rio de Janeiro;3304557
37;3;2007;Rio de Janeiro;3304557
38;3;2007;Rio de Janeiro;3304557
39;3;2007;Rio de Janeiro;3304557
40;3;2007;Rio de Janeiro;3304557
41;3;2007;Rio de Janeiro;3304557
43;3;2007;Rio de Janeiro;3304557
44;3;2007;Rio de Janeiro;3304557
48;3;2007;Seropédica;3305554
50;3;2007;Itaguaí;3302007
51;3;2007;Paracambi;3303609
52;3;2007;Nova Iguaçu;3303500
53;3;2007;Mesquita;3302858
54;3;2007;Belford Roxo;3300456
55;3;2007;Queimados;3304144
56;3;2007;Nova Iguaçu;3303500
57;3;2007;Nilópolis;3303203
58;3;2007;Nova Iguaçu;3303500
59;3;2007;Duque de Caxias;3301702
60;3;2007;Duque de Caxias;3301702
61;3;2007;Duque de Caxias;3301702
62;3;2007;Duque de Caxias;3301702
63;3;2007;Japeri;3302270
64;3;2007;São João de Meriti;3305109
65;3;2007;"Magé;Guapimirim";9999982
66;3;2007;Magé;3302502
71;3;2007;"Itaboraí;Tanguá";9999983
72;3;2007;São Gonçalo;3304904
73;3;2007;São Gonçalo;3304904
74;3;2007;São Gonçalo;3304904
75;3;2007;São Gonçalo;3304904
76;3;2007;Niterói;3303302
77;3;2007;Niterói;3303302
78;3;2007;Niterói;3303302
79;3;2007;Niterói;3303302
81;3;2007;Niterói;3303302
82;3;2007;Maricá;3302700
88;3;2007;Barra do Pirai;3300308
89;3;2007;Resende;3304201
90;3;2007;Barra Mansa;3300407
91;3;2007;Valença;3306107
92;3;2007;Rio das Flores;3304508
93;3;2007;Volta Redonda;3306305
94;3;2007;Piraí;3304003
95;3;2007;Vassouras;3306206
96;3;2007;"Miguel Pereira;Paty dos Alferes";9999999
97;3;2007;Mendes;3302809
98;3;2007;Engenheiro Paulo de Frontin;3301801
99;3;2007;Itatiaia;3302254
100;3;2007;"Porto Real;Quatis";9999992
101;3;2007;Pinheiral;3303955
104;3;2007;São José do Vale do Rio Preto;3305158
105;3;2007;Petrópolis;3303906
106;3;2007;Petrópolis;3303906
107;3;2007;Paraíba do Sul;3303708
108;3;2007;"Comendador Levy Gasparian;Areal;Três Rios";9999991
109;3;2007;Sapucaia;3305406
110;3;2007;Teresópolis;3305802
111;3;2007;Sumidouro;3305703
112;3;2007;Carmo;3301207
118;3;2007;Araruama;3300209
119;3;2007;Rio Bonito;3304300
120;3;2007;Silva Jardim;3305604
121;3;2007;Casimiro de Abreu;3301306
122;3;2007;Conceição de Macabú;3301405
123;3;2007;"Macaé;Quissamã;Carapebus";9999984
124;3;2007;Saquarema;3305505
125;3;2007;São Pedro da Aldeia;3305208
126;3;2007;"Cabo Frio;Arraial do Cabo";9999985
127;3;2007;Armação dos Búzios;3300233
128;3;2007;Rio das Ostras;3304524
129;3;2007;Iguaba Grande;3301876
134;3;2007;Campos dos Goytacazes;3301009
135;3;2007;Itaocara;3302106
136;3;2007;"Santo Antônio de Pádua;Aperibé";9999993
137;3;2007;Miracema;3303005
138;3;2007;Laje do Muriaé;3302304
139;3;2007;Porciúncula;3304102
140;3;2007;"Natividade;Varre-Sai";9999997
141;3;2007;São Fidélis;3304805
142;3;2007;Cambuci;3300902
143;3;2007;"Itaperuna;São José de Ubá;Cardoso Moreira;Italva";9999986
144;3;2007;Bom Jesus de Itabapoana;3300605
145;3;2007;São João da Barra;3305000
146;3;2007;Campos dos Goytacazes;3301009
147;3;2007;São Francisco de Itabapoana;3304755
151;3;2007;Nova Friburgo;3303401
152;3;2007;Duas Barras;3301603
153;3;2007;Cantagalo;3301108
154;3;2007;"Cordeiro;Macuco";9999998
155;3;2007;São Sebastião do Alto;3305307
156;3;2007;Santa Maria Madalena;3304607
157;3;2007;Trajano de Morais;3305901
158;3;2007;Bom Jardim;3300506
159;3;2007;Cachoeiras de Macacu;3300803
165;3;2007;Mangaratiba;3302601
166;3;2007;Angra dos Reis;3300100
167;3;2007;Paraty;3303807
168;3;2007;Rio Claro;3304409
1;4;2007;Rio de Janeiro;3304557
4;4;2007;Rio de Janeiro;3304557
5;4;2007;Rio de Janeiro;3304557
6;4;2007;Rio de Janeiro;3304557
7;4;2007;Rio de Janeiro;3304557
9;4;2007;Rio de Janeiro;3304557
10;4;2007;Rio de Janeiro;3304557
12;4;2007;Rio de Janeiro;3304557
13;4;2007;Rio de Janeiro;3304557
14;4;2007;Rio de Janeiro;3304557
15;4;2007;Rio de Janeiro;3304557
16;4;2007;Rio de Janeiro;3304557
17;4;2007;Rio de Janeiro;3304557
18;4;2007;Rio de Janeiro;3304557
19;4;2007;Rio de Janeiro;3304557
20;4;2007;Rio de Janeiro;3304557
21;4;2007;Rio de Janeiro;3304557
22;4;2007;Rio de Janeiro;3304557
23;4;2007;Rio de Janeiro;3304557
24;4;2007;Rio de Janeiro;3304557
25;4;2007;Rio de Janeiro;3304557
26;4;2007;Rio de Janeiro;3304557
27;4;2007;Rio de Janeiro;3304557
28;4;2007;Rio de Janeiro;3304557
29;4;2007;Rio de Janeiro;3304557
30;4;2007;Rio de Janeiro;3304557
31;4;2007;Rio de Janeiro;3304557
32;4;2007;Rio de Janeiro;3304557
33;4;2007;Rio de Janeiro;3304557
34;4;2007;Rio de Janeiro;3304557
35;4;2007;Rio de Janeiro;3304557
36;4;2007;Rio de Janeiro;3304557
37;4;2007;Rio de Janeiro;3304557
38;4;2007;Rio de Janeiro;3304557
39;4;2007;Rio de Janeiro;3304557
40;4;2007;Rio de Janeiro;3304557
41;4;2007;Rio de Janeiro;3304557
43;4;2007;Rio de Janeiro;3304557
44;4;2007;Rio de Janeiro;3304557
48;4;2007;Seropédica;3305554
50;4;2007;Itaguaí;3302007
51;4;2007;Paracambi;3303609
52;4;2007;Nova Iguaçu;3303500
53;4;2007;Mesquita;3302858
54;4;2007;Belford Roxo;3300456
55;4;2007;Queimados;3304144
56;4;2007;Nova Iguaçu;3303500
57;4;2007;Nilópolis;3303203
58;4;2007;Nova Iguaçu;3303500
59;4;2007;Duque de Caxias;3301702
60;4;2007;Duque de Caxias;3301702
61;4;2007;Duque de Caxias;3301702
62;4;2007;Duque de Caxias;3301702
63;4;2007;Japeri;3302270
64;4;2007;São João de Meriti;3305109
65;4;2007;"Magé;Guapimirim";9999982
66;4;2007;Magé;3302502
71;4;2007;"Itaboraí;Tanguá";9999983
72;4;2007;São Gonçalo;3304904
73;4;2007;São Gonçalo;3304904
74;4;2007;São Gonçalo;3304904
75;4;2007;São Gonçalo;3304904
76;4;2007;Niterói;3303302
77;4;2007;Niterói;3303302
78;4;2007;Niterói;3303302
79;4;2007;Niterói;3303302
81;4;2007;Niterói;3303302
82;4;2007;Maricá;3302700
88;4;2007;Barra do Pirai;3300308
89;4;2007;Resende;3304201
90;4;2007;Barra Mansa;3300407
91;4;2007;Valença;3306107
92;4;2007;Rio das Flores;3304508
93;4;2007;Volta Redonda;3306305
94;4;2007;Piraí;3304003
95;4;2007;Vassouras;3306206
96;4;2007;"Miguel Pereira;Paty dos Alferes";9999999
97;4;2007;Mendes;3302809
98;4;2007;Engenheiro Paulo de Frontin;3301801
99;4;2007;Itatiaia;3302254
100;4;2007;"Porto Real;Quatis";9999992
101;4;2007;Pinheiral;3303955
104;4;2007;São José do Vale do Rio Preto;3305158
105;4;2007;Petrópolis;3303906
106;4;2007;Petrópolis;3303906
107;4;2007;Paraíba do Sul;3303708
108;4;2007;"Comendador Levy Gasparian;Areal;Três Rios";9999991
109;4;2007;Sapucaia;3305406
110;4;2007;Teresópolis;3305802
111;4;2007;Sumidouro;3305703
112;4;2007;Carmo;3301207
118;4;2007;Araruama;3300209
119;4;2007;Rio Bonito;3304300
120;4;2007;Silva Jardim;3305604
121;4;2007;Casimiro de Abreu;3301306
122;4;2007;Conceição de Macabú;3301405
123;4;2007;"Macaé;Quissamã;Carapebus";9999984
124;4;2007;Saquarema;3305505
125;4;2007;São Pedro da Aldeia;3305208
126;4;2007;"Cabo Frio;Arraial do Cabo";9999985
127;4;2007;Armação dos Búzios;3300233
128;4;2007;Rio das Ostras;3304524
129;4;2007;Iguaba Grande;3301876
134;4;2007;Campos dos Goytacazes;3301009
135;4;2007;Itaocara;3302106
136;4;2007;"Santo Antônio de Pádua;Aperibé";9999993
137;4;2007;Miracema;3303005
138;4;2007;Laje do Muriaé;3302304
139;4;2007;Porciúncula;3304102
140;4;2007;"Natividade;Varre-Sai";9999997
141;4;2007;São Fidélis;3304805
142;4;2007;Cambuci;3300902
143;4;2007;"Itaperuna;São José de Ubá;Cardoso Moreira;Italva";9999986
144;4;2007;Bom Jesus de Itabapoana;3300605
145;4;2007;São João da Barra;3305000
146;4;2007;Campos dos Goytacazes;3301009
147;4;2007;São Francisco de Itabapoana;3304755
151;4;2007;Nova Friburgo;3303401
152;4;2007;Duas Barras;3301603
153;4;2007;Cantagalo;3301108
154;4;2007;"Cordeiro;Macuco";9999998
155;4;2007;São Sebastião do Alto;3305307
156;4;2007;Santa Maria Madalena;3304607
157;4;2007;Trajano de Morais;3305901
158;4;2007;Bom Jardim;3300506
159;4;2007;Cachoeiras de Macacu;3300803
165;4;2007;Mangaratiba;3302601
166;4;2007;Angra dos Reis;3300100
167;4;2007;Paraty;3303807
168;4;2007;Rio Claro;3304409
1;5;2007;Rio de Janeiro;3304557
4;5;2007;Rio de Janeiro;3304557
5;5;2007;Rio de Janeiro;3304557
6;5;2007;Rio de Janeiro;3304557
7;5;2007;Rio de Janeiro;3304557
9;5;2007;Rio de Janeiro;3304557
10;5;2007;Rio de Janeiro;3304557
12;5;2007;Rio de Janeiro;3304557
13;5;2007;Rio de Janeiro;3304557
14;5;2007;Rio de Janeiro;3304557
15;5;2007;Rio de Janeiro;3304557
16;5;2007;Rio de Janeiro;3304557
17;5;2007;Rio de Janeiro;3304557
18;5;2007;Rio de Janeiro;3304557
19;5;2007;Rio de Janeiro;3304557
20;5;2007;Rio de Janeiro;3304557
21;5;2007;Rio de Janeiro;3304557
22;5;2007;Rio de Janeiro;3304557
23;5;2007;Rio de Janeiro;3304557
24;5;2007;Rio de Janeiro;3304557
25;5;2007;Rio de Janeiro;3304557
26;5;2007;Rio de Janeiro;3304557
27;5;2007;Rio de Janeiro;3304557
28;5;2007;Rio de Janeiro;3304557
29;5;2007;Rio de Janeiro;3304557
30;5;2007;Rio de Janeiro;3304557
31;5;2007;Rio de Janeiro;3304557
32;5;2007;Rio de Janeiro;3304557
33;5;2007;Rio de Janeiro;3304557
34;5;2007;Rio de Janeiro;3304557
35;5;2007;Rio de Janeiro;3304557
36;5;2007;Rio de Janeiro;3304557
37;5;2007;Rio de Janeiro;3304557
38;5;2007;Rio de Janeiro;3304557
39;5;2007;Rio de Janeiro;3304557
40;5;2007;Rio de Janeiro;3304557
41;5;2007;Rio de Janeiro;3304557
43;5;2007;Rio de Janeiro;3304557
44;5;2007;Rio de Janeiro;3304557
48;5;2007;Seropédica;3305554
50;5;2007;Itaguaí;3302007
51;5;2007;Paracambi;3303609
52;5;2007;Nova Iguaçu;3303500
53;5;2007;Mesquita;3302858
54;5;2007;Belford Roxo;3300456
55;5;2007;Queimados;3304144
56;5;2007;Nova Iguaçu;3303500
57;5;2007;Nilópolis;3303203
58;5;2007;Nova Iguaçu;3303500
59;5;2007;Duque de Caxias;3301702
60;5;2007;Duque de Caxias;3301702
61;5;2007;Duque de Caxias;3301702
62;5;2007;Duque de Caxias;3301702
63;5;2007;Japeri;3302270
64;5;2007;São João de Meriti;3305109
65;5;2007;"Magé;Guapimirim";9999982
66;5;2007;Magé;3302502
71;5;2007;"Itaboraí;Tanguá";9999983
72;5;2007;São Gonçalo;3304904
73;5;2007;São Gonçalo;3304904
74;5;2007;São Gonçalo;3304904
75;5;2007;São Gonçalo;3304904
76;5;2007;Niterói;3303302
77;5;2007;Niterói;3303302
78;5;2007;Niterói;3303302
79;5;2007;Niterói;3303302
81;5;2007;Niterói;3303302
82;5;2007;Maricá;3302700
88;5;2007;Barra do Pirai;3300308
89;5;2007;Resende;3304201
90;5;2007;Barra Mansa;3300407
91;5;2007;Valença;3306107
92;5;2007;Rio das Flores;3304508
93;5;2007;Volta Redonda;3306305
94;5;2007;Piraí;3304003
95;5;2007;Vassouras;3306206
96;5;2007;"Miguel Pereira;Paty dos Alferes";9999999
97;5;2007;Mendes;3302809
98;5;2007;Engenheiro Paulo de Frontin;3301801
99;5;2007;Itatiaia;3302254
100;5;2007;"Porto Real;Quatis";9999992
101;5;2007;Pinheiral;3303955
104;5;2007;São José do Vale do Rio Preto;3305158
105;5;2007;Petrópolis;3303906
106;5;2007;Petrópolis;3303906
107;5;2007;Paraíba do Sul;3303708
108;5;2007;"Comendador Levy Gasparian;Areal;Três Rios";9999991
109;5;2007;Sapucaia;3305406
110;5;2007;Teresópolis;3305802
111;5;2007;Sumidouro;3305703
112;5;2007;Carmo;3301207
118;5;2007;Araruama;3300209
119;5;2007;Rio Bonito;3304300
120;5;2007;Silva Jardim;3305604
121;5;2007;Casimiro de Abreu;3301306
122;5;2007;Conceição de Macabú;3301405
123;5;2007;"Macaé;Quissamã;Carapebus";9999984
124;5;2007;Saquarema;3305505
125;5;2007;São Pedro da Aldeia;3305208
126;5;2007;"Cabo Frio;Arraial do Cabo";9999985
127;5;2007;Armação dos Búzios;3300233
128;5;2007;Rio das Ostras;3304524
129;5;2007;Iguaba Grande;3301876
134;5;2007;Campos dos Goytacazes;3301009
135;5;2007;Itaocara;3302106
136;5;2007;"Santo Antônio de Pádua;Aperibé";9999993
137;5;2007;Miracema;3303005
138;5;2007;Laje do Muriaé;3302304
139;5;2007;Porciúncula;3304102
140;5;2007;"Natividade;Varre-Sai";9999997
141;5;2007;São Fidélis;3304805
142;5;2007;Cambuci;3300902
143;5;2007;"Itaperuna;São José de Ubá;Cardoso Moreira;Italva";9999986
144;5;2007;Bom Jesus de Itabapoana;3300605
145;5;2007;São João da Barra;3305000
146;5;2007;Campos dos Goytacazes;3301009
147;5;2007;São Francisco de Itabapoana;3304755
151;5;2007;Nova Friburgo;3303401
152;5;2007;Duas Barras;3301603
153;5;2007;Cantagalo;3301108
154;5;2007;"Cordeiro;Macuco";9999998
155;5;2007;São Sebastião do Alto;3305307
156;5;2007;Santa Maria Madalena;3304607
157;5;2007;Trajano de Morais;3305901
158;5;2007;Bom Jardim;3300506
159;5;2007;Cachoeiras de Macacu;3300803
165;5;2007;Mangaratiba;3302601
166;5;2007;Angra dos Reis;3300100
167;5;2007;Paraty;3303807
168;5;2007;Rio Claro;3304409
1;6;2007;Rio de Janeiro;3304557
4;6;2007;Rio de Janeiro;3304557
5;6;2007;Rio de Janeiro;3304557
6;6;2007;Rio de Janeiro;3304557
7;6;2007;Rio de Janeiro;3304557
9;6;2007;Rio de Janeiro;3304557
10;6;2007;Rio de Janeiro;3304557
12;6;2007;Rio de Janeiro;3304557
13;6;2007;Rio de Janeiro;3304557
14;6;2007;Rio de Janeiro;3304557
15;6;2007;Rio de Janeiro;3304557
16;6;2007;Rio de Janeiro;3304557
17;6;2007;Rio de Janeiro;3304557
18;6;2007;Rio de Janeiro;3304557
19;6;2007;Rio de Janeiro;3304557
20;6;2007;Rio de Janeiro;3304557
21;6;2007;Rio de Janeiro;3304557
22;6;2007;Rio de Janeiro;3304557
23;6;2007;Rio de Janeiro;3304557
24;6;2007;Rio de Janeiro;3304557
25;6;2007;Rio de Janeiro;3304557
26;6;2007;Rio de Janeiro;3304557
27;6;2007;Rio de Janeiro;3304557
28;6;2007;Rio de Janeiro;3304557
29;6;2007;Rio de Janeiro;3304557
30;6;2007;Rio de Janeiro;3304557
31;6;2007;Rio de Janeiro;3304557
32;6;2007;Rio de Janeiro;3304557
33;6;2007;Rio de Janeiro;3304557
34;6;2007;Rio de Janeiro;3304557
35;6;2007;Rio de Janeiro;3304557
36;6;2007;Rio de Janeiro;3304557
37;6;2007;Rio de Janeiro;3304557
38;6;2007;Rio de Janeiro;3304557
39;6;2007;Rio de Janeiro;3304557
40;6;2007;Rio de Janeiro;3304557
41;6;2007;Rio de Janeiro;3304557
43;6;2007;Rio de Janeiro;3304557
44;6;2007;Rio de Janeiro;3304557
48;6;2007;Seropédica;3305554
50;6;2007;Itaguaí;3302007
51;6;2007;Paracambi;3303609
52;6;2007;Nova Iguaçu;3303500
53;6;2007;Mesquita;3302858
54;6;2007;Belford Roxo;3300456
55;6;2007;Queimados;3304144
56;6;2007;Nova Iguaçu;3303500
57;6;2007;Nilópolis;3303203
58;6;2007;Nova Iguaçu;3303500
59;6;2007;Duque de Caxias;3301702
60;6;2007;Duque de Caxias;3301702
61;6;2007;Duque de Caxias;3301702
62;6;2007;Duque de Caxias;3301702
63;6;2007;Japeri;3302270
64;6;2007;São João de Meriti;3305109
65;6;2007;"Magé;Guapimirim";9999982
66;6;2007;Magé;3302502
71;6;2007;"Itaboraí;Tanguá";9999983
72;6;2007;São Gonçalo;3304904
73;6;2007;São Gonçalo;3304904
74;6;2007;São Gonçalo;3304904
75;6;2007;São Gonçalo;3304904
76;6;2007;Niterói;3303302
77;6;2007;Niterói;3303302
78;6;2007;Niterói;3303302
79;6;2007;Niterói;3303302
81;6;2007;Niterói;3303302
82;6;2007;Maricá;3302700
88;6;2007;Barra do Pirai;3300308
89;6;2007;Resende;3304201
90;6;2007;Barra Mansa;3300407
91;6;2007;Valença;3306107
92;6;2007;Rio das Flores;3304508
93;6;2007;Volta Redonda;3306305
94;6;2007;Piraí;3304003
95;6;2007;Vassouras;3306206
96;6;2007;"Miguel Pereira;Paty dos Alferes";9999999
97;6;2007;Mendes;3302809
98;6;2007;Engenheiro Paulo de Frontin;3301801
99;6;2007;Itatiaia;3302254
100;6;2007;"Porto Real;Quatis";9999992
101;6;2007;Pinheiral;3303955
104;6;2007;São José do Vale do Rio Preto;3305158
105;6;2007;Petrópolis;3303906
106;6;2007;Petrópolis;3303906
107;6;2007;Paraíba do Sul;3303708
108;6;2007;"Comendador Levy Gasparian;Areal;Três Rios";9999991
109;6;2007;Sapucaia;3305406
110;6;2007;Teresópolis;3305802
111;6;2007;Sumidouro;3305703
112;6;2007;Carmo;3301207
118;6;2007;Araruama;3300209
119;6;2007;Rio Bonito;3304300
120;6;2007;Silva Jardim;3305604
121;6;2007;Casimiro de Abreu;3301306
122;6;2007;Conceição de Macabú;3301405
123;6;2007;"Macaé;Quissamã;Carapebus";9999984
124;6;2007;Saquarema;3305505
125;6;2007;São Pedro da Aldeia;3305208
126;6;2007;"Cabo Frio;Arraial do Cabo";9999985
127;6;2007;Armação dos Búzios;3300233
128;6;2007;Rio das Ostras;3304524
129;6;2007;Iguaba Grande;3301876
134;6;2007;Campos dos Goytacazes;3301009
135;6;2007;Itaocara;3302106
136;6;2007;"Santo Antônio de Pádua;Aperibé";9999993
137;6;2007;Miracema;3303005
138;6;2007;Laje do Muriaé;3302304
139;6;2007;Porciúncula;3304102
140;6;2007;"Natividade;Varre-Sai";9999997
141;6;2007;São Fidélis;3304805
142;6;2007;Cambuci;3300902
143;6;2007;"Itaperuna;São José de Ubá;Cardoso Moreira;Italva";9999986
144;6;2007;Bom Jesus de Itabapoana;3300605
145;6;2007;São João da Barra;3305000
146;6;2007;Campos dos Goytacazes;3301009
147;6;2007;São Francisco de Itabapoana;3304755
151;6;2007;Nova Friburgo;3303401
152;6;2007;Duas Barras;3301603
153;6;2007;Cantagalo;3301108
154;6;2007;"Cordeiro;Macuco";9999998
155;6;2007;São Sebastião do Alto;3305307
156;6;2007;Santa Maria Madalena;3304607
157;6;2007;Trajano de Morais;3305901
158;6;2007;Bom Jardim;3300506
159;6;2007;Cachoeiras de Macacu;3300803
165;6;2007;Mangaratiba;3302601
166;6;2007;Angra dos Reis;3300100
167;6;2007;Paraty;3303807
168;6;2007;Rio Claro;3304409
1;7;2007;Rio de Janeiro;3304557
4;7;2007;Rio de Janeiro;3304557
5;7;2007;Rio de Janeiro;3304557
6;7;2007;Rio de Janeiro;3304557
7;7;2007;Rio de Janeiro;3304557
9;7;2007;Rio de Janeiro;3304557
10;7;2007;Rio de Janeiro;3304557
12;7;2007;Rio de Janeiro;3304557
13;7;2007;Rio de Janeiro;3304557
14;7;2007;Rio de Janeiro;3304557
15;7;2007;Rio de Janeiro;3304557
16;7;2007;Rio de Janeiro;3304557
17;7;2007;Rio de Janeiro;3304557
18;7;2007;Rio de Janeiro;3304557
19;7;2007;Rio de Janeiro;3304557
20;7;2007;Rio de Janeiro;3304557
21;7;2007;Rio de Janeiro;3304557
22;7;2007;Rio de Janeiro;3304557
23;7;2007;Rio de Janeiro;3304557
24;7;2007;Rio de Janeiro;3304557
25;7;2007;Rio de Janeiro;3304557
26;7;2007;Rio de Janeiro;3304557
27;7;2007;Rio de Janeiro;3304557
28;7;2007;Rio de Janeiro;3304557
29;7;2007;Rio de Janeiro;3304557
30;7;2007;Rio de Janeiro;3304557
31;7;2007;Rio de Janeiro;3304557
32;7;2007;Rio de Janeiro;3304557
33;7;2007;Rio de Janeiro;3304557
34;7;2007;Rio de Janeiro;3304557
35;7;2007;Rio de Janeiro;3304557
36;7;2007;Rio de Janeiro;3304557
37;7;2007;Rio de Janeiro;3304557
38;7;2007;Rio de Janeiro;3304557
39;7;2007;Rio de Janeiro;3304557
40;7;2007;Rio de Janeiro;3304557
41;7;2007;Rio de Janeiro;3304557
43;7;2007;Rio de Janeiro;3304557
44;7;2007;Rio de Janeiro;3304557
48;7;2007;Seropédica;3305554
50;7;2007;Itaguaí;3302007
51;7;2007;Paracambi;3303609
52;7;2007;Nova Iguaçu;3303500
53;7;2007;Mesquita;3302858
54;7;2007;Belford Roxo;3300456
55;7;2007;Queimados;3304144
56;7;2007;Nova Iguaçu;3303500
57;7;2007;Nilópolis;3303203
58;7;2007;Nova Iguaçu;3303500
59;7;2007;Duque de Caxias;3301702
60;7;2007;Duque de Caxias;3301702
61;7;2007;Duque de Caxias;3301702
62;7;2007;Duque de Caxias;3301702
63;7;2007;Japeri;3302270
64;7;2007;São João de Meriti;3305109
65;7;2007;"Magé;Guapimirim";9999982
66;7;2007;Magé;3302502
71;7;2007;"Itaboraí;Tanguá";9999983
72;7;2007;São Gonçalo;3304904
73;7;2007;São Gonçalo;3304904
74;7;2007;São Gonçalo;3304904
75;7;2007;São Gonçalo;3304904
76;7;2007;Niterói;3303302
77;7;2007;Niterói;3303302
78;7;2007;Niterói;3303302
79;7;2007;Niterói;3303302
81;7;2007;Niterói;3303302
82;7;2007;Maricá;3302700
88;7;2007;Barra do Pirai;3300308
89;7;2007;Resende;3304201
90;7;2007;Barra Mansa;3300407
91;7;2007;Valença;3306107
92;7;2007;Rio das Flores;3304508
93;7;2007;Volta Redonda;3306305
94;7;2007;Piraí;3304003
95;7;2007;Vassouras;3306206
96;7;2007;"Miguel Pereira;Paty dos Alferes";9999999
97;7;2007;Mendes;3302809
98;7;2007;Engenheiro Paulo de Frontin;3301801
99;7;2007;Itatiaia;3302254
100;7;2007;"Porto Real;Quatis";9999992
101;7;2007;Pinheiral;3303955
104;7;2007;São José do Vale do Rio Preto;3305158
105;7;2007;Petrópolis;3303906
106;7;2007;Petrópolis;3303906
107;7;2007;Paraíba do Sul;3303708
108;7;2007;"Comendador Levy Gasparian;Areal;Três Rios";9999991
109;7;2007;Sapucaia;3305406
110;7;2007;Teresópolis;3305802
111;7;2007;Sumidouro;3305703
112;7;2007;Carmo;3301207
118;7;2007;Araruama;3300209
119;7;2007;Rio Bonito;3304300
120;7;2007;Silva Jardim;3305604
121;7;2007;Casimiro de Abreu;3301306
122;7;2007;Conceição de Macabú;3301405
123;7;2007;"Macaé;Quissamã;Carapebus";9999984
124;7;2007;Saquarema;3305505
125;7;2007;São Pedro da Aldeia;3305208
126;7;2007;"Cabo Frio;Arraial do Cabo";9999985
127;7;2007;Armação dos Búzios;3300233
128;7;2007;Rio das Ostras;3304524
129;7;2007;Iguaba Grande;3301876
134;7;2007;Campos dos Goytacazes;3301009
135;7;2007;Itaocara;3302106
136;7;2007;"Santo Antônio de Pádua;Aperibé";9999993
137;7;2007;Miracema;3303005
138;7;2007;Laje do Muriaé;3302304
139;7;2007;Porciúncula;3304102
140;7;2007;"Natividade;Varre-Sai";9999997
141;7;2007;São Fidélis;3304805
142;7;2007;Cambuci;3300902
143;7;2007;"Itaperuna;São José de Ubá;Cardoso Moreira;Italva";9999986
144;7;2007;Bom Jesus de Itabapoana;3300605
145;7;2007;São João da Barra;3305000
146;7;2007;Campos dos Goytacazes;3301009
147;7;2007;São Francisco de Itabapoana;3304755
151;7;2007;Nova Friburgo;3303401
152;7;2007;Duas Barras;3301603
153;7;2007;Cantagalo;3301108
154;7;2007;"Cordeiro;Macuco";9999998
155;7;2007;São Sebastião do Alto;3305307
156;7;2007;Santa Maria Madalena;3304607
157;7;2007;Trajano de Morais;3305901
158;7;2007;Bom Jardim;3300506
159;7;2007;Cachoeiras de Macacu;3300803
165;7;2007;Mangaratiba;3302601
166;7;2007;Angra dos Reis;3300100
167;7;2007;Paraty;3303807
168;7;2007;Rio Claro;3304409
1;8;2007;Rio de Janeiro;3304557
4;8;2007;Rio de Janeiro;3304557
5;8;2007;Rio de Janeiro;3304557
6;8;2007;Rio de Janeiro;3304557
7;8;2007;Rio de Janeiro;3304557
9;8;2007;Rio de Janeiro;3304557
10;8;2007;Rio de Janeiro;3304557
12;8;2007;Rio de Janeiro;3304557
13;8;2007;Rio de Janeiro;3304557
14;8;2007;Rio de Janeiro;3304557
15;8;2007;Rio de Janeiro;3304557
16;8;2007;Rio de Janeiro;3304557
17;8;2007;Rio de Janeiro;3304557
18;8;2007;Rio de Janeiro;3304557
19;8;2007;Rio de Janeiro;3304557
20;8;2007;Rio de Janeiro;3304557
21;8;2007;Rio de Janeiro;3304557
22;8;2007;Rio de Janeiro;3304557
23;8;2007;Rio de Janeiro;3304557
24;8;2007;Rio de Janeiro;3304557
25;8;2007;Rio de Janeiro;3304557
26;8;2007;Rio de Janeiro;3304557
27;8;2007;Rio de Janeiro;3304557
28;8;2007;Rio de Janeiro;3304557
29;8;2007;Rio de Janeiro;3304557
30;8;2007;Rio de Janeiro;3304557
31;8;2007;Rio de Janeiro;3304557
32;8;2007;Rio de Janeiro;3304557
33;8;2007;Rio de Janeiro;3304557
34;8;2007;Rio de Janeiro;3304557
35;8;2007;Rio de Janeiro;3304557
36;8;2007;Rio de Janeiro;3304557
37;8;2007;Rio de Janeiro;3304557
38;8;2007;Rio de Janeiro;3304557
39;8;2007;Rio de Janeiro;3304557
40;8;2007;Rio de Janeiro;3304557
41;8;2007;Rio de Janeiro;3304557
43;8;2007;Rio de Janeiro;3304557
44;8;2007;Rio de Janeiro;3304557
48;8;2007;Seropédica;3305554
50;8;2007;Itaguaí;3302007
51;8;2007;Paracambi;3303609
52;8;2007;Nova Iguaçu;3303500
53;8;2007;Mesquita;3302858
54;8;2007;Belford Roxo;3300456
55;8;2007;Queimados;3304144
56;8;2007;Nova Iguaçu;3303500
57;8;2007;Nilópolis;3303203
58;8;2007;Nova Iguaçu;3303500
59;8;2007;Duque de Caxias;3301702
60;8;2007;Duque de Caxias;3301702
61;8;2007;Duque de Caxias;3301702
62;8;2007;Duque de Caxias;3301702
63;8;2007;Japeri;3302270
64;8;2007;São João de Meriti;3305109
65;8;2007;"Magé;Guapimirim";9999982
66;8;2007;Magé;3302502
71;8;2007;"Itaboraí;Tanguá";9999983
72;8;2007;São Gonçalo;3304904
73;8;2007;São Gonçalo;3304904
74;8;2007;São Gonçalo;3304904
75;8;2007;São Gonçalo;3304904
76;8;2007;Niterói;3303302
77;8;2007;Niterói;3303302
78;8;2007;Niterói;3303302
79;8;2007;Niterói;3303302
81;8;2007;Niterói;3303302
82;8;2007;Maricá;3302700
88;8;2007;Barra do Pirai;3300308
89;8;2007;Resende;3304201
90;8;2007;Barra Mansa;3300407
91;8;2007;Valença;3306107
92;8;2007;Rio das Flores;3304508
93;8;2007;Volta Redonda;3306305
94;8;2007;Piraí;3304003
95;8;2007;Vassouras;3306206
96;8;2007;"Miguel Pereira;Paty dos Alferes";9999999
97;8;2007;Mendes;3302809
98;8;2007;Engenheiro Paulo de Frontin;3301801
99;8;2007;Itatiaia;3302254
100;8;2007;"Porto Real;Quatis";9999992
101;8;2007;Pinheiral;3303955
104;8;2007;São José do Vale do Rio Preto;3305158
105;8;2007;Petrópolis;3303906
106;8;2007;Petrópolis;3303906
107;8;2007;Paraíba do Sul;3303708
108;8;2007;"Comendador Levy Gasparian;Areal;Três Rios";9999991
109;8;2007;Sapucaia;3305406
110;8;2007;Teresópolis;3305802
111;8;2007;Sumidouro;3305703
112;8;2007;Carmo;3301207
118;8;2007;Araruama;3300209
119;8;2007;Rio Bonito;3304300
120;8;2007;Silva Jardim;3305604
121;8;2007;Casimiro de Abreu;3301306
122;8;2007;Conceição de Macabú;3301405
123;8;2007;"Macaé;Quissamã;Carapebus";9999984
124;8;2007;Saquarema;3305505
125;8;2007;São Pedro da Aldeia;3305208
126;8;2007;"Cabo Frio;Arraial do Cabo";9999985
127;8;2007;Armação dos Búzios;3300233
128;8;2007;Rio das Ostras;3304524
129;8;2007;Iguaba Grande;3301876
134;8;2007;Campos dos Goytacazes;3301009
135;8;2007;Itaocara;3302106
136;8;2007;"Santo Antônio de Pádua;Aperibé";9999993
137;8;2007;Miracema;3303005
138;8;2007;Laje do Muriaé;3302304
139;8;2007;Porciúncula;3304102
140;8;2007;"Natividade;Varre-Sai";9999997
141;8;2007;São Fidélis;3304805
142;8;2007;Cambuci;3300902
143;8;2007;"Itaperuna;São José de Ubá;Cardoso Moreira;Italva";9999986
144;8;2007;Bom Jesus de Itabapoana;3300605
145;8;2007;São João da Barra;3305000
146;8;2007;Campos dos Goytacazes;3301009
147;8;2007;São Francisco de Itabapoana;3304755
151;8;2007;Nova Friburgo;3303401
152;8;2007;Duas Barras;3301603
153;8;2007;Cantagalo;3301108
154;8;2007;"Cordeiro;Macuco";9999998
155;8;2007;São Sebastião do Alto;3305307
156;8;2007;Santa Maria Madalena;3304607
157;8;2007;Trajano de Morais;3305901
158;8;2007;Bom Jardim;3300506
159;8;2007;Cachoeiras de Macacu;3300803
165;8;2007;Mangaratiba;3302601
166;8;2007;Angra dos Reis;3300100
167;8;2007;Paraty;3303807
168;8;2007;Rio Claro;3304409
1;9;2007;Rio de Janeiro;3304557
4;9;2007;Rio de Janeiro;3304557
5;9;2007;Rio de Janeiro;3304557
6;9;2007;Rio de Janeiro;3304557
7;9;2007;Rio de Janeiro;3304557
9;9;2007;Rio de Janeiro;3304557
10;9;2007;Rio de Janeiro;3304557
12;9;2007;Rio de Janeiro;3304557
13;9;2007;Rio de Janeiro;3304557
14;9;2007;Rio de Janeiro;3304557
15;9;2007;Rio de Janeiro;3304557
16;9;2007;Rio de Janeiro;3304557
17;9;2007;Rio de Janeiro;3304557
18;9;2007;Rio de Janeiro;3304557
19;9;2007;Rio de Janeiro;3304557
20;9;2007;Rio de Janeiro;3304557
21;9;2007;Rio de Janeiro;3304557
22;9;2007;Rio de Janeiro;3304557
23;9;2007;Rio de Janeiro;3304557
24;9;2007;Rio de Janeiro;3304557
25;9;2007;Rio de Janeiro;3304557
26;9;2007;Rio de Janeiro;3304557
27;9;2007;Rio de Janeiro;3304557
28;9;2007;Rio de Janeiro;3304557
29;9;2007;Rio de Janeiro;3304557
30;9;2007;Rio de Janeiro;3304557
31;9;2007;Rio de Janeiro;3304557
32;9;2007;Rio de Janeiro;3304557
33;9;2007;Rio de Janeiro;3304557
34;9;2007;Rio de Janeiro;3304557
35;9;2007;Rio de Janeiro;3304557
36;9;2007;Rio de Janeiro;3304557
37;9;2007;Rio de Janeiro;3304557
38;9;2007;Rio de Janeiro;3304557
39;9;2007;Rio de Janeiro;3304557
40;9;2007;Rio de Janeiro;3304557
41;9;2007;Rio de Janeiro;3304557
43;9;2007;Rio de Janeiro;3304557
44;9;2007;Rio de Janeiro;3304557
48;9;2007;Seropédica;3305554
50;9;2007;Itaguaí;3302007
51;9;2007;Paracambi;3303609
52;9;2007;Nova Iguaçu;3303500
53;9;2007;Mesquita;3302858
54;9;2007;Belford Roxo;3300456
55;9;2007;Queimados;3304144
56;9;2007;Nova Iguaçu;3303500
57;9;2007;Nilópolis;3303203
58;9;2007;Nova Iguaçu;3303500
59;9;2007;Duque de Caxias;3301702
60;9;2007;Duque de Caxias;3301702
61;9;2007;Duque de Caxias;3301702
62;9;2007;Duque de Caxias;3301702
63;9;2007;Japeri;3302270
64;9;2007;São João de Meriti;3305109
65;9;2007;"Magé;Guapimirim";9999982
66;9;2007;Magé;3302502
71;9;2007;"Itaboraí;Tanguá";9999983
72;9;2007;São Gonçalo;3304904
73;9;2007;São Gonçalo;3304904
74;9;2007;São Gonçalo;3304904
75;9;2007;São Gonçalo;3304904
76;9;2007;Niterói;3303302
77;9;2007;Niterói;3303302
78;9;2007;Niterói;3303302
79;9;2007;Niterói;3303302
81;9;2007;Niterói;3303302
82;9;2007;Maricá;3302700
88;9;2007;Barra do Pirai;3300308
89;9;2007;Resende;3304201
90;9;2007;Barra Mansa;3300407
91;9;2007;Valença;3306107
92;9;2007;Rio das Flores;3304508
93;9;2007;Volta Redonda;3306305
94;9;2007;Piraí;3304003
95;9;2007;Vassouras;3306206
96;9;2007;"Miguel Pereira;Paty dos Alferes";9999999
97;9;2007;Mendes;3302809
98;9;2007;Engenheiro Paulo de Frontin;3301801
99;9;2007;Itatiaia;3302254
100;9;2007;"Porto Real;Quatis";9999992
101;9;2007;Pinheiral;3303955
104;9;2007;São José do Vale do Rio Preto;3305158
105;9;2007;Petrópolis;3303906
106;9;2007;Petrópolis;3303906
107;9;2007;Paraíba do Sul;3303708
108;9;2007;"Comendador Levy Gasparian;Areal;Três Rios";9999991
109;9;2007;Sapucaia;3305406
110;9;2007;Teresópolis;3305802
111;9;2007;Sumidouro;3305703
112;9;2007;Carmo;3301207
118;9;2007;Araruama;3300209
119;9;2007;Rio Bonito;3304300
120;9;2007;Silva Jardim;3305604
121;9;2007;Casimiro de Abreu;3301306
122;9;2007;Conceição de Macabú;3301405
123;9;2007;"Macaé;Quissamã;Carapebus";9999984
124;9;2007;Saquarema;3305505
125;9;2007;São Pedro da Aldeia;3305208
126;9;2007;"Cabo Frio;Arraial do Cabo";9999985
127;9;2007;Armação dos Búzios;3300233
128;9;2007;Rio das Ostras;3304524
129;9;2007;Iguaba Grande;3301876
134;9;2007;Campos dos Goytacazes;3301009
135;9;2007;Itaocara;3302106
136;9;2007;"Santo Antônio de Pádua;Aperibé";9999993
137;9;2007;Miracema;3303005
138;9;2007;Laje do Muriaé;3302304
139;9;2007;Porciúncula;3304102
140;9;2007;"Natividade;Varre-Sai";9999997
141;9;2007;São Fidélis;3304805
142;9;2007;Cambuci;3300902
143;9;2007;"Itaperuna;São José de Ubá;Cardoso Moreira;Italva";9999986
144;9;2007;Bom Jesus de Itabapoana;3300605
145;9;2007;São João da Barra;3305000
146;9;2007;Campos dos Goytacazes;3301009
147;9;2007;São Francisco de Itabapoana;3304755
151;9;2007;Nova Friburgo;3303401
152;9;2007;Duas Barras;3301603
153;9;2007;Cantagalo;3301108
154;9;2007;"Cordeiro;Macuco";9999998
155;9;2007;São Sebastião do Alto;3305307
156;9;2007;Santa Maria Madalena;3304607
157;9;2007;Trajano de Morais;3305901
158;9;2007;Bom Jardim;3300506
159;9;2007;Cachoeiras de Macacu;3300803
165;9;2007;Mangaratiba;3302601
166;9;2007;Angra dos Reis;3300100
167;9;2007;Paraty;3303807
168;9;2007;Rio Claro;3304409
1;10;2007;Rio de Janeiro;3304557
4;10;2007;Rio de Janeiro;3304557
5;10;2007;Rio de Janeiro;3304557
6;10;2007;Rio de Janeiro;3304557
7;10;2007;Rio de Janeiro;3304557
9;10;2007;Rio de Janeiro;3304557
10;10;2007;Rio de Janeiro;3304557
12;10;2007;Rio de Janeiro;3304557
13;10;2007;Rio de Janeiro;3304557
14;10;2007;Rio de Janeiro;3304557
15;10;2007;Rio de Janeiro;3304557
16;10;2007;Rio de Janeiro;3304557
17;10;2007;Rio de Janeiro;3304557
18;10;2007;Rio de Janeiro;3304557
19;10;2007;Rio de Janeiro;3304557
20;10;2007;Rio de Janeiro;3304557
21;10;2007;Rio de Janeiro;3304557
22;10;2007;Rio de Janeiro;3304557
23;10;2007;Rio de Janeiro;3304557
24;10;2007;Rio de Janeiro;3304557
25;10;2007;Rio de Janeiro;3304557
26;10;2007;Rio de Janeiro;3304557
27;10;2007;Rio de Janeiro;3304557
28;10;2007;Rio de Janeiro;3304557
29;10;2007;Rio de Janeiro;3304557
30;10;2007;Rio de Janeiro;3304557
31;10;2007;Rio de Janeiro;3304557
32;10;2007;Rio de Janeiro;3304557
33;10;2007;Rio de Janeiro;3304557
34;10;2007;Rio de Janeiro;3304557
35;10;2007;Rio de Janeiro;3304557
36;10;2007;Rio de Janeiro;3304557
37;10;2007;Rio de Janeiro;3304557
38;10;2007;Rio de Janeiro;3304557
39;10;2007;Rio de Janeiro;3304557
40;10;2007;Rio de Janeiro;3304557
41;10;2007;Rio de Janeiro;3304557
43;10;2007;Rio de Janeiro;3304557
44;10;2007;Rio de Janeiro;3304557
48;10;2007;Seropédica;3305554
50;10;2007;Itaguaí;3302007
51;10;2007;Paracambi;3303609
52;10;2007;Nova Iguaçu;3303500
53;10;2007;Mesquita;3302858
54;10;2007;Belford Roxo;3300456
55;10;2007;Queimados;3304144
56;10;2007;Nova Iguaçu;3303500
57;10;2007;Nilópolis;3303203
58;10;2007;Nova Iguaçu;3303500
59;10;2007;Duque de Caxias;3301702
60;10;2007;Duque de Caxias;3301702
61;10;2007;Duque de Caxias;3301702
62;10;2007;Duque de Caxias;3301702
63;10;2007;Japeri;3302270
64;10;2007;São João de Meriti;3305109
65;10;2007;"Magé;Guapimirim";9999982
66;10;2007;Magé;3302502
71;10;2007;"Itaboraí;Tanguá";9999983
72;10;2007;São Gonçalo;3304904
73;10;2007;São Gonçalo;3304904
74;10;2007;São Gonçalo;3304904
75;10;2007;São Gonçalo;3304904
76;10;2007;Niterói;3303302
77;10;2007;Niterói;3303302
78;10;2007;Niterói;3303302
79;10;2007;Niterói;3303302
81;10;2007;Niterói;3303302
82;10;2007;Maricá;3302700
88;10;2007;Barra do Pirai;3300308
89;10;2007;Resende;3304201
90;10;2007;Barra Mansa;3300407
91;10;2007;Valença;3306107
92;10;2007;Rio das Flores;3304508
93;10;2007;Volta Redonda;3306305
94;10;2007;Piraí;3304003
95;10;2007;Vassouras;3306206
96;10;2007;"Miguel Pereira;Paty dos Alferes";9999999
97;10;2007;Mendes;3302809
98;10;2007;Engenheiro Paulo de Frontin;3301801
99;10;2007;Itatiaia;3302254
100;10;2007;"Porto Real;Quatis";9999992
101;10;2007;Pinheiral;3303955
104;10;2007;São José do Vale do Rio Preto;3305158
105;10;2007;Petrópolis;3303906
106;10;2007;Petrópolis;3303906
107;10;2007;Paraíba do Sul;3303708
108;10;2007;"Comendador Levy Gasparian;Areal;Três Rios";9999991
109;10;2007;Sapucaia;3305406
110;10;2007;Teresópolis;3305802
111;10;2007;Sumidouro;3305703
112;10;2007;Carmo;3301207
118;10;2007;Araruama;3300209
119;10;2007;Rio Bonito;3304300
120;10;2007;Silva Jardim;3305604
121;10;2007;Casimiro de Abreu;3301306
122;10;2007;Conceição de Macabú;3301405
123;10;2007;"Macaé;Quissamã;Carapebus";9999984
124;10;2007;Saquarema;3305505
125;10;2007;São Pedro da Aldeia;3305208
126;10;2007;"Cabo Frio;Arraial do Cabo";9999985
127;10;2007;Armação dos Búzios;3300233
128;10;2007;Rio das Ostras;3304524
129;10;2007;Iguaba Grande;3301876
134;10;2007;Campos dos Goytacazes;3301009
135;10;2007;Itaocara;3302106
136;10;2007;"Santo Antônio de Pádua;Aperibé";9999993
137;10;2007;Miracema;3303005
138;10;2007;Laje do Muriaé;3302304
139;10;2007;Porciúncula;3304102
140;10;2007;"Natividade;Varre-Sai";9999997
141;10;2007;São Fidélis;3304805
142;10;2007;Cambuci;3300902
143;10;2007;"Itaperuna;São José de Ubá";9999996
144;10;2007;Bom Jesus de Itabapoana;3300605
145;10;2007;São João da Barra;3305000
146;10;2007;Campos dos Goytacazes;3301009
147;10;2007;São Francisco de Itabapoana;3304755
151;10;2007;Nova Friburgo;3303401
152;10;2007;Duas Barras;3301603
153;10;2007;Cantagalo;3301108
154;10;2007;"Cordeiro;Macuco";9999998
155;10;2007;São Sebastião do Alto;3305307
156;10;2007;Santa Maria Madalena;3304607
157;10;2007;Trajano de Morais;3305901
158;10;2007;Bom Jardim;3300506
159;10;2007;Cachoeiras de Macacu;3300803
165;10;2007;Mangaratiba;3302601
166;10;2007;Angra dos Reis;3300100
167;10;2007;Paraty;3303807
168;10;2007;Rio Claro;3304409
1;11;2007;Rio de Janeiro;3304557
4;11;2007;Rio de Janeiro;3304557
5;11;2007;Rio de Janeiro;3304557
6;11;2007;Rio de Janeiro;3304557
7;11;2007;Rio de Janeiro;3304557
9;11;2007;Rio de Janeiro;3304557
10;11;2007;Rio de Janeiro;3304557
12;11;2007;Rio de Janeiro;3304557
13;11;2007;Rio de Janeiro;3304557
14;11;2007;Rio de Janeiro;3304557
15;11;2007;Rio de Janeiro;3304557
16;11;2007;Rio de Janeiro;3304557
17;11;2007;Rio de Janeiro;3304557
18;11;2007;Rio de Janeiro;3304557
19;11;2007;Rio de Janeiro;3304557
20;11;2007;Rio de Janeiro;3304557
21;11;2007;Rio de Janeiro;3304557
22;11;2007;Rio de Janeiro;3304557
23;11;2007;Rio de Janeiro;3304557
24;11;2007;Rio de Janeiro;3304557
25;11;2007;Rio de Janeiro;3304557
26;11;2007;Rio de Janeiro;3304557
27;11;2007;Rio de Janeiro;3304557
28;11;2007;Rio de Janeiro;3304557
29;11;2007;Rio de Janeiro;3304557
30;11;2007;Rio de Janeiro;3304557
31;11;2007;Rio de Janeiro;3304557
32;11;2007;Rio de Janeiro;3304557
33;11;2007;Rio de Janeiro;3304557
34;11;2007;Rio de Janeiro;3304557
35;11;2007;Rio de Janeiro;3304557
36;11;2007;Rio de Janeiro;3304557
37;11;2007;Rio de Janeiro;3304557
38;11;2007;Rio de Janeiro;3304557
39;11;2007;Rio de Janeiro;3304557
40;11;2007;Rio de Janeiro;3304557
41;11;2007;Rio de Janeiro;3304557
43;11;2007;Rio de Janeiro;3304557
44;11;2007;Rio de Janeiro;3304557
48;11;2007;Seropédica;3305554
50;11;2007;Itaguaí;3302007
51;11;2007;Paracambi;3303609
52;11;2007;Nova Iguaçu;3303500
53;11;2007;Mesquita;3302858
54;11;2007;Belford Roxo;3300456
55;11;2007;Queimados;3304144
56;11;2007;Nova Iguaçu;3303500
57;11;2007;Nilópolis;3303203
58;11;2007;Nova Iguaçu;3303500
59;11;2007;Duque de Caxias;3301702
60;11;2007;Duque de Caxias;3301702
61;11;2007;Duque de Caxias;3301702
62;11;2007;Duque de Caxias;3301702
63;11;2007;Japeri;3302270
64;11;2007;São João de Meriti;3305109
65;11;2007;"Magé;Guapimirim";9999982
66;11;2007;Magé;3302502
71;11;2007;"Itaboraí;Tanguá";9999983
72;11;2007;São Gonçalo;3304904
73;11;2007;São Gonçalo;3304904
74;11;2007;São Gonçalo;3304904
75;11;2007;São Gonçalo;3304904
76;11;2007;Niterói;3303302
77;11;2007;Niterói;3303302
78;11;2007;Niterói;3303302
79;11;2007;Niterói;3303302
81;11;2007;Niterói;3303302
82;11;2007;Maricá;3302700
88;11;2007;Barra do Pirai;3300308
89;11;2007;Resende;3304201
90;11;2007;Barra Mansa;3300407
91;11;2007;Valença;3306107
92;11;2007;Rio das Flores;3304508
93;11;2007;Volta Redonda;3306305
94;11;2007;Piraí;3304003
95;11;2007;Vassouras;3306206
96;11;2007;"Miguel Pereira;Paty dos Alferes";9999999
97;11;2007;Mendes;3302809
98;11;2007;Engenheiro Paulo de Frontin;3301801
99;11;2007;Itatiaia;3302254
100;11;2007;"Porto Real;Quatis";9999992
101;11;2007;Pinheiral;3303955
104;11;2007;São José do Vale do Rio Preto;3305158
105;11;2007;Petrópolis;3303906
106;11;2007;Petrópolis;3303906
107;11;2007;Paraíba do Sul;3303708
108;11;2007;"Comendador Levy Gasparian;Areal;Três Rios";9999991
109;11;2007;Sapucaia;3305406
110;11;2007;Teresópolis;3305802
111;11;2007;Sumidouro;3305703
112;11;2007;Carmo;3301207
118;11;2007;Araruama;3300209
119;11;2007;Rio Bonito;3304300
120;11;2007;Silva Jardim;3305604
121;11;2007;Casimiro de Abreu;3301306
122;11;2007;Conceição de Macabú;3301405
123;11;2007;"Macaé;Quissamã;Carapebus";9999984
124;11;2007;Saquarema;3305505
125;11;2007;São Pedro da Aldeia;3305208
126;11;2007;"Cabo Frio;Arraial do Cabo";9999985
127;11;2007;Armação dos Búzios;3300233
128;11;2007;Rio das Ostras;3304524
129;11;2007;Iguaba Grande;3301876
134;11;2007;Campos dos Goytacazes;3301009
135;11;2007;Itaocara;3302106
136;11;2007;"Santo Antônio de Pádua;Aperibé";9999993
137;11;2007;Miracema;3303005
138;11;2007;Laje do Muriaé;3302304
139;11;2007;Porciúncula;3304102
140;11;2007;"Natividade;Varre-Sai";9999997
141;11;2007;São Fidélis;3304805
142;11;2007;Cambuci;3300902
143;11;2007;"Itaperuna;São José de Ubá";9999996
144;11;2007;Bom Jesus de Itabapoana;3300605
145;11;2007;São João da Barra;3305000
146;11;2007;Campos dos Goytacazes;3301009
147;11;2007;São Francisco de Itabapoana;3304755
151;11;2007;Nova Friburgo;3303401
152;11;2007;Duas Barras;3301603
153;11;2007;Cantagalo;3301108
154;11;2007;"Cordeiro;Macuco";9999998
155;11;2007;São Sebastião do Alto;3305307
156;11;2007;Santa Maria Madalena;3304607
157;11;2007;Trajano de Morais;3305901
158;11;2007;Bom Jardim;3300506
159;11;2007;Cachoeiras de Macacu;3300803
165;11;2007;Mangaratiba;3302601
166;11;2007;Angra dos Reis;3300100
167;11;2007;Paraty;3303807
168;11;2007;Rio Claro;3304409
1;12;2007;Rio de Janeiro;3304557
4;12;2007;Rio de Janeiro;3304557
5;12;2007;Rio de Janeiro;3304557
6;12;2007;Rio de Janeiro;3304557
7;12;2007;Rio de Janeiro;3304557
9;12;2007;Rio de Janeiro;3304557
10;12;2007;Rio de Janeiro;3304557
12;12;2007;Rio de Janeiro;3304557
13;12;2007;Rio de Janeiro;3304557
14;12;2007;Rio de Janeiro;3304557
15;12;2007;Rio de Janeiro;3304557
16;12;2007;Rio de Janeiro;3304557
17;12;2007;Rio de Janeiro;3304557
18;12;2007;Rio de Janeiro;3304557
19;12;2007;Rio de Janeiro;3304557
20;12;2007;Rio de Janeiro;3304557
21;12;2007;Rio de Janeiro;3304557
22;12;2007;Rio de Janeiro;3304557
23;12;2007;Rio de Janeiro;3304557
24;12;2007;Rio de Janeiro;3304557
25;12;2007;Rio de Janeiro;3304557
26;12;2007;Rio de Janeiro;3304557
27;12;2007;Rio de Janeiro;3304557
28;12;2007;Rio de Janeiro;3304557
29;12;2007;Rio de Janeiro;3304557
30;12;2007;Rio de Janeiro;3304557
31;12;2007;Rio de Janeiro;3304557
32;12;2007;Rio de Janeiro;3304557
33;12;2007;Rio de Janeiro;3304557
34;12;2007;Rio de Janeiro;3304557
35;12;2007;Rio de Janeiro;3304557
36;12;2007;Rio de Janeiro;3304557
37;12;2007;Rio de Janeiro;3304557
38;12;2007;Rio de Janeiro;3304557
39;12;2007;Rio de Janeiro;3304557
40;12;2007;Rio de Janeiro;3304557
41;12;2007;Rio de Janeiro;3304557
43;12;2007;Rio de Janeiro;3304557
44;12;2007;Rio de Janeiro;3304557
48;12;2007;Seropédica;3305554
50;12;2007;Itaguaí;3302007
51;12;2007;Paracambi;3303609
52;12;2007;Nova Iguaçu;3303500
53;12;2007;Mesquita;3302858
54;12;2007;Belford Roxo;3300456
55;12;2007;Queimados;3304144
56;12;2007;Nova Iguaçu;3303500
57;12;2007;Nilópolis;3303203
58;12;2007;Nova Iguaçu;3303500
59;12;2007;Duque de Caxias;3301702
60;12;2007;Duque de Caxias;3301702
61;12;2007;Duque de Caxias;3301702
62;12;2007;Duque de Caxias;3301702
63;12;2007;Japeri;3302270
64;12;2007;São João de Meriti;3305109
65;12;2007;"Magé;Guapimirim";9999982
66;12;2007;Magé;3302502
71;12;2007;"Itaboraí;Tanguá";9999983
72;12;2007;São Gonçalo;3304904
73;12;2007;São Gonçalo;3304904
74;12;2007;São Gonçalo;3304904
75;12;2007;São Gonçalo;3304904
76;12;2007;Niterói;3303302
77;12;2007;Niterói;3303302
78;12;2007;Niterói;3303302
79;12;2007;Niterói;3303302
81;12;2007;Niterói;3303302
82;12;2007;Maricá;3302700
88;12;2007;Barra do Pirai;3300308
89;12;2007;Resende;3304201
90;12;2007;Barra Mansa;3300407
91;12;2007;Valença;3306107
92;12;2007;Rio das Flores;3304508
93;12;2007;Volta Redonda;3306305
94;12;2007;Piraí;3304003
95;12;2007;Vassouras;3306206
96;12;2007;"Miguel Pereira;Paty dos Alferes";9999999
97;12;2007;Mendes;3302809
98;12;2007;Engenheiro Paulo de Frontin;3301801
99;12;2007;Itatiaia;3302254
100;12;2007;"Porto Real;Quatis";9999992
101;12;2007;Pinheiral;3303955
104;12;2007;São José do Vale do Rio Preto;3305158
105;12;2007;Petrópolis;3303906
106;12;2007;Petrópolis;3303906
107;12;2007;Paraíba do Sul;3303708
108;12;2007;"Comendador Levy Gasparian;Areal;Três Rios";9999991
109;12;2007;Sapucaia;3305406
110;12;2007;Teresópolis;3305802
111;12;2007;Sumidouro;3305703
112;12;2007;Carmo;3301207
118;12;2007;Araruama;3300209
119;12;2007;Rio Bonito;3304300
120;12;2007;Silva Jardim;3305604
121;12;2007;Casimiro de Abreu;3301306
122;12;2007;Conceição de Macabú;3301405
123;12;2007;"Macaé;Quissamã;Carapebus";9999984
124;12;2007;Saquarema;3305505
125;12;2007;São Pedro da Aldeia;3305208
126;12;2007;"Cabo Frio;Arraial do Cabo";9999985
127;12;2007;Armação dos Búzios;3300233
128;12;2007;Rio das Ostras;3304524
129;12;2007;Iguaba Grande;3301876
134;12;2007;Campos dos Goytacazes;3301009
135;12;2007;Itaocara;3302106
136;12;2007;"Santo Antônio de Pádua;Aperibé";9999993
137;12;2007;Miracema;3303005
138;12;2007;Laje do Muriaé;3302304
139;12;2007;Porciúncula;3304102
140;12;2007;"Natividade;Varre-Sai";9999997
141;12;2007;São Fidélis;3304805
142;12;2007;Cambuci;3300902
143;12;2007;"Itaperuna;São José de Ubá";9999996
144;12;2007;Bom Jesus de Itabapoana;3300605
145;12;2007;São João da Barra;3305000
146;12;2007;Campos dos Goytacazes;3301009
147;12;2007;São Francisco de Itabapoana;3304755
151;12;2007;Nova Friburgo;3303401
152;12;2007;Duas Barras;3301603
153;12;2007;Cantagalo;3301108
154;12;2007;"Cordeiro;Macuco";9999998
155;12;2007;São Sebastião do Alto;3305307
156;12;2007;Santa Maria Madalena;3304607
157;12;2007;Trajano de Morais;3305901
158;12;2007;Bom Jardim;3300506
159;12;2007;Cachoeiras de Macacu;3300803
165;12;2007;Mangaratiba;3302601
166;12;2007;Angra dos Reis;3300100
167;12;2007;Paraty;3303807
168;12;2007;Rio Claro;3304409
1;1;2008;Rio de Janeiro;3304557
4;1;2008;Rio de Janeiro;3304557
5;1;2008;Rio de Janeiro;3304557
6;1;2008;Rio de Janeiro;3304557
7;1;2008;Rio de Janeiro;3304557
9;1;2008;Rio de Janeiro;3304557
10;1;2008;Rio de Janeiro;3304557
12;1;2008;Rio de Janeiro;3304557
13;1;2008;Rio de Janeiro;3304557
14;1;2008;Rio de Janeiro;3304557
15;1;2008;Rio de Janeiro;3304557
16;1;2008;Rio de Janeiro;3304557
17;1;2008;Rio de Janeiro;3304557
18;1;2008;Rio de Janeiro;3304557
19;1;2008;Rio de Janeiro;3304557
20;1;2008;Rio de Janeiro;3304557
21;1;2008;Rio de Janeiro;3304557
22;1;2008;Rio de Janeiro;3304557
23;1;2008;Rio de Janeiro;3304557
24;1;2008;Rio de Janeiro;3304557
25;1;2008;Rio de Janeiro;3304557
26;1;2008;Rio de Janeiro;3304557
27;1;2008;Rio de Janeiro;3304557
28;1;2008;Rio de Janeiro;3304557
29;1;2008;Rio de Janeiro;3304557
30;1;2008;Rio de Janeiro;3304557
31;1;2008;Rio de Janeiro;3304557
32;1;2008;Rio de Janeiro;3304557
33;1;2008;Rio de Janeiro;3304557
34;1;2008;Rio de Janeiro;3304557
35;1;2008;Rio de Janeiro;3304557
36;1;2008;Rio de Janeiro;3304557
37;1;2008;Rio de Janeiro;3304557
38;1;2008;Rio de Janeiro;3304557
39;1;2008;Rio de Janeiro;3304557
40;1;2008;Rio de Janeiro;3304557
41;1;2008;Rio de Janeiro;3304557
43;1;2008;Rio de Janeiro;3304557
44;1;2008;Rio de Janeiro;3304557
48;1;2008;Seropédica;3305554
50;1;2008;Itaguaí;3302007
51;1;2008;Paracambi;3303609
52;1;2008;Nova Iguaçu;3303500
53;1;2008;Mesquita;3302858
54;1;2008;Belford Roxo;3300456
55;1;2008;Queimados;3304144
56;1;2008;Nova Iguaçu;3303500
57;1;2008;Nilópolis;3303203
58;1;2008;Nova Iguaçu;3303500
59;1;2008;Duque de Caxias;3301702
60;1;2008;Duque de Caxias;3301702
61;1;2008;Duque de Caxias;3301702
62;1;2008;Duque de Caxias;3301702
63;1;2008;Japeri;3302270
64;1;2008;São João de Meriti;3305109
65;1;2008;"Magé;Guapimirim";9999982
66;1;2008;Magé;3302502
71;1;2008;"Itaboraí;Tanguá";9999983
72;1;2008;São Gonçalo;3304904
73;1;2008;São Gonçalo;3304904
74;1;2008;São Gonçalo;3304904
75;1;2008;São Gonçalo;3304904
76;1;2008;Niterói;3303302
77;1;2008;Niterói;3303302
78;1;2008;Niterói;3303302
79;1;2008;Niterói;3303302
81;1;2008;Niterói;3303302
82;1;2008;Maricá;3302700
88;1;2008;Barra do Pirai;3300308
89;1;2008;Resende;3304201
90;1;2008;Barra Mansa;3300407
91;1;2008;Valença;3306107
92;1;2008;Rio das Flores;3304508
93;1;2008;Volta Redonda;3306305
94;1;2008;Piraí;3304003
95;1;2008;Vassouras;3306206
96;1;2008;"Miguel Pereira;Paty dos Alferes";9999999
97;1;2008;Mendes;3302809
98;1;2008;Engenheiro Paulo de Frontin;3301801
99;1;2008;Itatiaia;3302254
100;1;2008;"Porto Real;Quatis";9999992
101;1;2008;Pinheiral;3303955
104;1;2008;São José do Vale do Rio Preto;3305158
105;1;2008;Petrópolis;3303906
106;1;2008;Petrópolis;3303906
107;1;2008;Paraíba do Sul;3303708
108;1;2008;"Comendador Levy Gasparian;Areal;Três Rios";9999991
109;1;2008;Sapucaia;3305406
110;1;2008;Teresópolis;3305802
111;1;2008;Sumidouro;3305703
112;1;2008;Carmo;3301207
118;1;2008;Araruama;3300209
119;1;2008;Rio Bonito;3304300
120;1;2008;Silva Jardim;3305604
121;1;2008;Casimiro de Abreu;3301306
122;1;2008;Conceição de Macabú;3301405
123;1;2008;"Macaé;Quissamã;Carapebus";9999984
124;1;2008;Saquarema;3305505
125;1;2008;São Pedro da Aldeia;3305208
126;1;2008;"Cabo Frio;Arraial do Cabo";9999985
127;1;2008;Armação dos Búzios;3300233
128;1;2008;Rio das Ostras;3304524
129;1;2008;Iguaba Grande;3301876
134;1;2008;Campos dos Goytacazes;3301009
135;1;2008;Itaocara;3302106
136;1;2008;"Santo Antônio de Pádua;Aperibé";9999993
137;1;2008;Miracema;3303005
138;1;2008;Laje do Muriaé;3302304
139;1;2008;Porciúncula;3304102
140;1;2008;"Natividade;Varre-Sai";9999997
141;1;2008;São Fidélis;3304805
142;1;2008;Cambuci;3300902
143;1;2008;"Itaperuna;São José de Ubá";9999996
144;1;2008;Bom Jesus de Itabapoana;3300605
145;1;2008;São João da Barra;3305000
146;1;2008;Campos dos Goytacazes;3301009
147;1;2008;São Francisco de Itabapoana;3304755
151;1;2008;Nova Friburgo;3303401
152;1;2008;Duas Barras;3301603
153;1;2008;Cantagalo;3301108
154;1;2008;"Cordeiro;Macuco";9999998
155;1;2008;São Sebastião do Alto;3305307
156;1;2008;Santa Maria Madalena;3304607
157;1;2008;Trajano de Morais;3305901
158;1;2008;Bom Jardim;3300506
159;1;2008;Cachoeiras de Macacu;3300803
165;1;2008;Mangaratiba;3302601
166;1;2008;Angra dos Reis;3300100
167;1;2008;Paraty;3303807
168;1;2008;Rio Claro;3304409
1;2;2008;Rio de Janeiro;3304557
4;2;2008;Rio de Janeiro;3304557
5;2;2008;Rio de Janeiro;3304557
6;2;2008;Rio de Janeiro;3304557
7;2;2008;Rio de Janeiro;3304557
9;2;2008;Rio de Janeiro;3304557
10;2;2008;Rio de Janeiro;3304557
12;2;2008;Rio de Janeiro;3304557
13;2;2008;Rio de Janeiro;3304557
14;2;2008;Rio de Janeiro;3304557
15;2;2008;Rio de Janeiro;3304557
16;2;2008;Rio de Janeiro;3304557
17;2;2008;Rio de Janeiro;3304557
18;2;2008;Rio de Janeiro;3304557
19;2;2008;Rio de Janeiro;3304557
20;2;2008;Rio de Janeiro;3304557
21;2;2008;Rio de Janeiro;3304557
22;2;2008;Rio de Janeiro;3304557
23;2;2008;Rio de Janeiro;3304557
24;2;2008;Rio de Janeiro;3304557
25;2;2008;Rio de Janeiro;3304557
26;2;2008;Rio de Janeiro;3304557
27;2;2008;Rio de Janeiro;3304557
28;2;2008;Rio de Janeiro;3304557
29;2;2008;Rio de Janeiro;3304557
30;2;2008;Rio de Janeiro;3304557
31;2;2008;Rio de Janeiro;3304557
32;2;2008;Rio de Janeiro;3304557
33;2;2008;Rio de Janeiro;3304557
34;2;2008;Rio de Janeiro;3304557
35;2;2008;Rio de Janeiro;3304557
36;2;2008;Rio de Janeiro;3304557
37;2;2008;Rio de Janeiro;3304557
38;2;2008;Rio de Janeiro;3304557
39;2;2008;Rio de Janeiro;3304557
40;2;2008;Rio de Janeiro;3304557
41;2;2008;Rio de Janeiro;3304557
43;2;2008;Rio de Janeiro;3304557
44;2;2008;Rio de Janeiro;3304557
48;2;2008;Seropédica;3305554
50;2;2008;Itaguaí;3302007
51;2;2008;Paracambi;3303609
52;2;2008;Nova Iguaçu;3303500
53;2;2008;Mesquita;3302858
54;2;2008;Belford Roxo;3300456
55;2;2008;Queimados;3304144
56;2;2008;Nova Iguaçu;3303500
57;2;2008;Nilópolis;3303203
58;2;2008;Nova Iguaçu;3303500
59;2;2008;Duque de Caxias;3301702
60;2;2008;Duque de Caxias;3301702
61;2;2008;Duque de Caxias;3301702
62;2;2008;Duque de Caxias;3301702
63;2;2008;Japeri;3302270
64;2;2008;São João de Meriti;3305109
65;2;2008;"Magé;Guapimirim";9999982
66;2;2008;Magé;3302502
71;2;2008;"Itaboraí;Tanguá";9999983
72;2;2008;São Gonçalo;3304904
73;2;2008;São Gonçalo;3304904
74;2;2008;São Gonçalo;3304904
75;2;2008;São Gonçalo;3304904
76;2;2008;Niterói;3303302
77;2;2008;Niterói;3303302
78;2;2008;Niterói;3303302
79;2;2008;Niterói;3303302
81;2;2008;Niterói;3303302
82;2;2008;Maricá;3302700
88;2;2008;Barra do Pirai;3300308
89;2;2008;Resende;3304201
90;2;2008;Barra Mansa;3300407
91;2;2008;Valença;3306107
92;2;2008;Rio das Flores;3304508
93;2;2008;Volta Redonda;3306305
94;2;2008;Piraí;3304003
95;2;2008;Vassouras;3306206
96;2;2008;"Miguel Pereira;Paty dos Alferes";9999999
97;2;2008;Mendes;3302809
98;2;2008;Engenheiro Paulo de Frontin;3301801
99;2;2008;Itatiaia;3302254
100;2;2008;"Porto Real;Quatis";9999992
101;2;2008;Pinheiral;3303955
104;2;2008;São José do Vale do Rio Preto;3305158
105;2;2008;Petrópolis;3303906
106;2;2008;Petrópolis;3303906
107;2;2008;Paraíba do Sul;3303708
108;2;2008;"Comendador Levy Gasparian;Areal;Três Rios";9999991
109;2;2008;Sapucaia;3305406
110;2;2008;Teresópolis;3305802
111;2;2008;Sumidouro;3305703
112;2;2008;Carmo;3301207
118;2;2008;Araruama;3300209
119;2;2008;Rio Bonito;3304300
120;2;2008;Silva Jardim;3305604
121;2;2008;Casimiro de Abreu;3301306
122;2;2008;Conceição de Macabú;3301405
123;2;2008;"Macaé;Quissamã;Carapebus";9999984
124;2;2008;Saquarema;3305505
125;2;2008;São Pedro da Aldeia;3305208
126;2;2008;"Cabo Frio;Arraial do Cabo";9999985
127;2;2008;Armação dos Búzios;3300233
128;2;2008;Rio das Ostras;3304524
129;2;2008;Iguaba Grande;3301876
134;2;2008;Campos dos Goytacazes;3301009
135;2;2008;Itaocara;3302106
136;2;2008;"Santo Antônio de Pádua;Aperibé";9999993
137;2;2008;Miracema;3303005
138;2;2008;Laje do Muriaé;3302304
139;2;2008;Porciúncula;3304102
140;2;2008;"Natividade;Varre-Sai";9999997
141;2;2008;São Fidélis;3304805
142;2;2008;Cambuci;3300902
143;2;2008;"Itaperuna;São José de Ubá";9999996
144;2;2008;Bom Jesus de Itabapoana;3300605
145;2;2008;São João da Barra;3305000
146;2;2008;Campos dos Goytacazes;3301009
147;2;2008;São Francisco de Itabapoana;3304755
151;2;2008;Nova Friburgo;3303401
152;2;2008;Duas Barras;3301603
153;2;2008;Cantagalo;3301108
154;2;2008;"Cordeiro;Macuco";9999998
155;2;2008;São Sebastião do Alto;3305307
156;2;2008;Santa Maria Madalena;3304607
157;2;2008;Trajano de Morais;3305901
158;2;2008;Bom Jardim;3300506
159;2;2008;Cachoeiras de Macacu;3300803
165;2;2008;Mangaratiba;3302601
166;2;2008;Angra dos Reis;3300100
167;2;2008;Paraty;3303807
168;2;2008;Rio Claro;3304409
1;3;2008;Rio de Janeiro;3304557
4;3;2008;Rio de Janeiro;3304557
5;3;2008;Rio de Janeiro;3304557
6;3;2008;Rio de Janeiro;3304557
7;3;2008;Rio de Janeiro;3304557
9;3;2008;Rio de Janeiro;3304557
10;3;2008;Rio de Janeiro;3304557
12;3;2008;Rio de Janeiro;3304557
13;3;2008;Rio de Janeiro;3304557
14;3;2008;Rio de Janeiro;3304557
15;3;2008;Rio de Janeiro;3304557
16;3;2008;Rio de Janeiro;3304557
17;3;2008;Rio de Janeiro;3304557
18;3;2008;Rio de Janeiro;3304557
19;3;2008;Rio de Janeiro;3304557
20;3;2008;Rio de Janeiro;3304557
21;3;2008;Rio de Janeiro;3304557
22;3;2008;Rio de Janeiro;3304557
23;3;2008;Rio de Janeiro;3304557
24;3;2008;Rio de Janeiro;3304557
25;3;2008;Rio de Janeiro;3304557
26;3;2008;Rio de Janeiro;3304557
27;3;2008;Rio de Janeiro;3304557
28;3;2008;Rio de Janeiro;3304557
29;3;2008;Rio de Janeiro;3304557
30;3;2008;Rio de Janeiro;3304557
31;3;2008;Rio de Janeiro;3304557
32;3;2008;Rio de Janeiro;3304557
33;3;2008;Rio de Janeiro;3304557
34;3;2008;Rio de Janeiro;3304557
35;3;2008;Rio de Janeiro;3304557
36;3;2008;Rio de Janeiro;3304557
37;3;2008;Rio de Janeiro;3304557
38;3;2008;Rio de Janeiro;3304557
39;3;2008;Rio de Janeiro;3304557
40;3;2008;Rio de Janeiro;3304557
41;3;2008;Rio de Janeiro;3304557
43;3;2008;Rio de Janeiro;3304557
44;3;2008;Rio de Janeiro;3304557
48;3;2008;Seropédica;3305554
50;3;2008;Itaguaí;3302007
51;3;2008;Paracambi;3303609
52;3;2008;Nova Iguaçu;3303500
53;3;2008;Mesquita;3302858
54;3;2008;Belford Roxo;3300456
55;3;2008;Queimados;3304144
56;3;2008;Nova Iguaçu;3303500
57;3;2008;Nilópolis;3303203
58;3;2008;Nova Iguaçu;3303500
59;3;2008;Duque de Caxias;3301702
60;3;2008;Duque de Caxias;3301702
61;3;2008;Duque de Caxias;3301702
62;3;2008;Duque de Caxias;3301702
63;3;2008;Japeri;3302270
64;3;2008;São João de Meriti;3305109
65;3;2008;"Magé;Guapimirim";9999982
66;3;2008;Magé;3302502
71;3;2008;"Itaboraí;Tanguá";9999983
72;3;2008;São Gonçalo;3304904
73;3;2008;São Gonçalo;3304904
74;3;2008;São Gonçalo;3304904
75;3;2008;São Gonçalo;3304904
76;3;2008;Niterói;3303302
77;3;2008;Niterói;3303302
78;3;2008;Niterói;3303302
79;3;2008;Niterói;3303302
81;3;2008;Niterói;3303302
82;3;2008;Maricá;3302700
88;3;2008;Barra do Pirai;3300308
89;3;2008;Resende;3304201
90;3;2008;Barra Mansa;3300407
91;3;2008;Valença;3306107
92;3;2008;Rio das Flores;3304508
93;3;2008;Volta Redonda;3306305
94;3;2008;Piraí;3304003
95;3;2008;Vassouras;3306206
96;3;2008;"Miguel Pereira;Paty dos Alferes";9999999
97;3;2008;Mendes;3302809
98;3;2008;Engenheiro Paulo de Frontin;3301801
99;3;2008;Itatiaia;3302254
100;3;2008;"Porto Real;Quatis";9999992
101;3;2008;Pinheiral;3303955
104;3;2008;São José do Vale do Rio Preto;3305158
105;3;2008;Petrópolis;3303906
106;3;2008;Petrópolis;3303906
107;3;2008;Paraíba do Sul;3303708
108;3;2008;"Comendador Levy Gasparian;Areal;Três Rios";9999991
109;3;2008;Sapucaia;3305406
110;3;2008;Teresópolis;3305802
111;3;2008;Sumidouro;3305703
112;3;2008;Carmo;3301207
118;3;2008;Araruama;3300209
119;3;2008;Rio Bonito;3304300
120;3;2008;Silva Jardim;3305604
121;3;2008;Casimiro de Abreu;3301306
122;3;2008;Conceição de Macabú;3301405
123;3;2008;"Macaé;Quissamã;Carapebus";9999984
124;3;2008;Saquarema;3305505
125;3;2008;São Pedro da Aldeia;3305208
126;3;2008;"Cabo Frio;Arraial do Cabo";9999985
127;3;2008;Armação dos Búzios;3300233
128;3;2008;Rio das Ostras;3304524
129;3;2008;Iguaba Grande;3301876
134;3;2008;Campos dos Goytacazes;3301009
135;3;2008;Itaocara;3302106
136;3;2008;"Santo Antônio de Pádua;Aperibé";9999993
137;3;2008;Miracema;3303005
138;3;2008;Laje do Muriaé;3302304
139;3;2008;Porciúncula;3304102
140;3;2008;"Natividade;Varre-Sai";9999997
141;3;2008;São Fidélis;3304805
142;3;2008;Cambuci;3300902
143;3;2008;"Itaperuna;São José de Ubá";9999996
144;3;2008;Bom Jesus de Itabapoana;3300605
145;3;2008;São João da Barra;3305000
146;3;2008;Campos dos Goytacazes;3301009
147;3;2008;São Francisco de Itabapoana;3304755
151;3;2008;Nova Friburgo;3303401
152;3;2008;Duas Barras;3301603
153;3;2008;Cantagalo;3301108
154;3;2008;"Cordeiro;Macuco";9999998
155;3;2008;São Sebastião do Alto;3305307
156;3;2008;Santa Maria Madalena;3304607
157;3;2008;Trajano de Morais;3305901
158;3;2008;Bom Jardim;3300506
159;3;2008;Cachoeiras de Macacu;3300803
165;3;2008;Mangaratiba;3302601
166;3;2008;Angra dos Reis;3300100
167;3;2008;Paraty;3303807
168;3;2008;Rio Claro;3304409
1;4;2008;Rio de Janeiro;3304557
4;4;2008;Rio de Janeiro;3304557
5;4;2008;Rio de Janeiro;3304557
6;4;2008;Rio de Janeiro;3304557
7;4;2008;Rio de Janeiro;3304557
9;4;2008;Rio de Janeiro;3304557
10;4;2008;Rio de Janeiro;3304557
12;4;2008;Rio de Janeiro;3304557
13;4;2008;Rio de Janeiro;3304557
14;4;2008;Rio de Janeiro;3304557
15;4;2008;Rio de Janeiro;3304557
16;4;2008;Rio de Janeiro;3304557
17;4;2008;Rio de Janeiro;3304557
18;4;2008;Rio de Janeiro;3304557
19;4;2008;Rio de Janeiro;3304557
20;4;2008;Rio de Janeiro;3304557
21;4;2008;Rio de Janeiro;3304557
22;4;2008;Rio de Janeiro;3304557
23;4;2008;Rio de Janeiro;3304557
24;4;2008;Rio de Janeiro;3304557
25;4;2008;Rio de Janeiro;3304557
26;4;2008;Rio de Janeiro;3304557
27;4;2008;Rio de Janeiro;3304557
28;4;2008;Rio de Janeiro;3304557
29;4;2008;Rio de Janeiro;3304557
30;4;2008;Rio de Janeiro;3304557
31;4;2008;Rio de Janeiro;3304557
32;4;2008;Rio de Janeiro;3304557
33;4;2008;Rio de Janeiro;3304557
34;4;2008;Rio de Janeiro;3304557
35;4;2008;Rio de Janeiro;3304557
36;4;2008;Rio de Janeiro;3304557
37;4;2008;Rio de Janeiro;3304557
38;4;2008;Rio de Janeiro;3304557
39;4;2008;Rio de Janeiro;3304557
40;4;2008;Rio de Janeiro;3304557
41;4;2008;Rio de Janeiro;3304557
43;4;2008;Rio de Janeiro;3304557
44;4;2008;Rio de Janeiro;3304557
48;4;2008;Seropédica;3305554
50;4;2008;Itaguaí;3302007
51;4;2008;Paracambi;3303609
52;4;2008;Nova Iguaçu;3303500
53;4;2008;Mesquita;3302858
54;4;2008;Belford Roxo;3300456
55;4;2008;Queimados;3304144
56;4;2008;Nova Iguaçu;3303500
57;4;2008;Nilópolis;3303203
58;4;2008;Nova Iguaçu;3303500
59;4;2008;Duque de Caxias;3301702
60;4;2008;Duque de Caxias;3301702
61;4;2008;Duque de Caxias;3301702
62;4;2008;Duque de Caxias;3301702
63;4;2008;Japeri;3302270
64;4;2008;São João de Meriti;3305109
65;4;2008;"Magé;Guapimirim";9999982
66;4;2008;Magé;3302502
71;4;2008;"Itaboraí;Tanguá";9999983
72;4;2008;São Gonçalo;3304904
73;4;2008;São Gonçalo;3304904
74;4;2008;São Gonçalo;3304904
75;4;2008;São Gonçalo;3304904
76;4;2008;Niterói;3303302
77;4;2008;Niterói;3303302
78;4;2008;Niterói;3303302
79;4;2008;Niterói;3303302
81;4;2008;Niterói;3303302
82;4;2008;Maricá;3302700
88;4;2008;Barra do Pirai;3300308
89;4;2008;Resende;3304201
90;4;2008;Barra Mansa;3300407
91;4;2008;Valença;3306107
92;4;2008;Rio das Flores;3304508
93;4;2008;Volta Redonda;3306305
94;4;2008;Piraí;3304003
95;4;2008;Vassouras;3306206
96;4;2008;"Miguel Pereira;Paty dos Alferes";9999999
97;4;2008;Mendes;3302809
98;4;2008;Engenheiro Paulo de Frontin;3301801
99;4;2008;Itatiaia;3302254
100;4;2008;"Porto Real;Quatis";9999992
101;4;2008;Pinheiral;3303955
104;4;2008;São José do Vale do Rio Preto;3305158
105;4;2008;Petrópolis;3303906
106;4;2008;Petrópolis;3303906
107;4;2008;Paraíba do Sul;3303708
108;4;2008;"Comendador Levy Gasparian;Areal;Três Rios";9999991
109;4;2008;Sapucaia;3305406
110;4;2008;Teresópolis;3305802
111;4;2008;Sumidouro;3305703
112;4;2008;Carmo;3301207
118;4;2008;Araruama;3300209
119;4;2008;Rio Bonito;3304300
120;4;2008;Silva Jardim;3305604
121;4;2008;Casimiro de Abreu;3301306
122;4;2008;Conceição de Macabú;3301405
123;4;2008;"Macaé;Quissamã;Carapebus";9999984
124;4;2008;Saquarema;3305505
125;4;2008;São Pedro da Aldeia;3305208
126;4;2008;"Cabo Frio;Arraial do Cabo";9999985
127;4;2008;Armação dos Búzios;3300233
128;4;2008;Rio das Ostras;3304524
129;4;2008;Iguaba Grande;3301876
134;4;2008;Campos dos Goytacazes;3301009
135;4;2008;Itaocara;3302106
136;4;2008;"Santo Antônio de Pádua;Aperibé";9999993
137;4;2008;Miracema;3303005
138;4;2008;Laje do Muriaé;3302304
139;4;2008;Porciúncula;3304102
140;4;2008;"Natividade;Varre-Sai";9999997
141;4;2008;São Fidélis;3304805
142;4;2008;Cambuci;3300902
143;4;2008;"Itaperuna;São José de Ubá";9999996
144;4;2008;Bom Jesus de Itabapoana;3300605
145;4;2008;São João da Barra;3305000
146;4;2008;Campos dos Goytacazes;3301009
147;4;2008;São Francisco de Itabapoana;3304755
151;4;2008;Nova Friburgo;3303401
152;4;2008;Duas Barras;3301603
153;4;2008;Cantagalo;3301108
154;4;2008;"Cordeiro;Macuco";9999998
155;4;2008;São Sebastião do Alto;3305307
156;4;2008;Santa Maria Madalena;3304607
157;4;2008;Trajano de Morais;3305901
158;4;2008;Bom Jardim;3300506
159;4;2008;Cachoeiras de Macacu;3300803
165;4;2008;Mangaratiba;3302601
166;4;2008;Angra dos Reis;3300100
167;4;2008;Paraty;3303807
168;4;2008;Rio Claro;3304409
1;5;2008;Rio de Janeiro;3304557
4;5;2008;Rio de Janeiro;3304557
5;5;2008;Rio de Janeiro;3304557
6;5;2008;Rio de Janeiro;3304557
7;5;2008;Rio de Janeiro;3304557
9;5;2008;Rio de Janeiro;3304557
10;5;2008;Rio de Janeiro;3304557
12;5;2008;Rio de Janeiro;3304557
13;5;2008;Rio de Janeiro;3304557
14;5;2008;Rio de Janeiro;3304557
15;5;2008;Rio de Janeiro;3304557
16;5;2008;Rio de Janeiro;3304557
17;5;2008;Rio de Janeiro;3304557
18;5;2008;Rio de Janeiro;3304557
19;5;2008;Rio de Janeiro;3304557
20;5;2008;Rio de Janeiro;3304557
21;5;2008;Rio de Janeiro;3304557
22;5;2008;Rio de Janeiro;3304557
23;5;2008;Rio de Janeiro;3304557
24;5;2008;Rio de Janeiro;3304557
25;5;2008;Rio de Janeiro;3304557
26;5;2008;Rio de Janeiro;3304557
27;5;2008;Rio de Janeiro;3304557
28;5;2008;Rio de Janeiro;3304557
29;5;2008;Rio de Janeiro;3304557
30;5;2008;Rio de Janeiro;3304557
31;5;2008;Rio de Janeiro;3304557
32;5;2008;Rio de Janeiro;3304557
33;5;2008;Rio de Janeiro;3304557
34;5;2008;Rio de Janeiro;3304557
35;5;2008;Rio de Janeiro;3304557
36;5;2008;Rio de Janeiro;3304557
37;5;2008;Rio de Janeiro;3304557
38;5;2008;Rio de Janeiro;3304557
39;5;2008;Rio de Janeiro;3304557
40;5;2008;Rio de Janeiro;3304557
41;5;2008;Rio de Janeiro;3304557
43;5;2008;Rio de Janeiro;3304557
44;5;2008;Rio de Janeiro;3304557
48;5;2008;Seropédica;3305554
50;5;2008;Itaguaí;3302007
51;5;2008;Paracambi;3303609
52;5;2008;Nova Iguaçu;3303500
53;5;2008;Mesquita;3302858
54;5;2008;Belford Roxo;3300456
55;5;2008;Queimados;3304144
56;5;2008;Nova Iguaçu;3303500
57;5;2008;Nilópolis;3303203
58;5;2008;Nova Iguaçu;3303500
59;5;2008;Duque de Caxias;3301702
60;5;2008;Duque de Caxias;3301702
61;5;2008;Duque de Caxias;3301702
62;5;2008;Duque de Caxias;3301702
63;5;2008;Japeri;3302270
64;5;2008;São João de Meriti;3305109
65;5;2008;"Magé;Guapimirim";9999982
66;5;2008;Magé;3302502
71;5;2008;"Itaboraí;Tanguá";9999983
72;5;2008;São Gonçalo;3304904
73;5;2008;São Gonçalo;3304904
74;5;2008;São Gonçalo;3304904
75;5;2008;São Gonçalo;3304904
76;5;2008;Niterói;3303302
77;5;2008;Niterói;3303302
78;5;2008;Niterói;3303302
79;5;2008;Niterói;3303302
81;5;2008;Niterói;3303302
82;5;2008;Maricá;3302700
88;5;2008;Barra do Pirai;3300308
89;5;2008;Resende;3304201
90;5;2008;Barra Mansa;3300407
91;5;2008;Valença;3306107
92;5;2008;Rio das Flores;3304508
93;5;2008;Volta Redonda;3306305
94;5;2008;Piraí;3304003
95;5;2008;Vassouras;3306206
96;5;2008;"Miguel Pereira;Paty dos Alferes";9999999
97;5;2008;Mendes;3302809
98;5;2008;Engenheiro Paulo de Frontin;3301801
99;5;2008;Itatiaia;3302254
100;5;2008;"Porto Real;Quatis";9999992
101;5;2008;Pinheiral;3303955
104;5;2008;São José do Vale do Rio Preto;3305158
105;5;2008;Petrópolis;3303906
106;5;2008;Petrópolis;3303906
107;5;2008;Paraíba do Sul;3303708
108;5;2008;"Comendador Levy Gasparian;Areal;Três Rios";9999991
109;5;2008;Sapucaia;3305406
110;5;2008;Teresópolis;3305802
111;5;2008;Sumidouro;3305703
112;5;2008;Carmo;3301207
118;5;2008;Araruama;3300209
119;5;2008;Rio Bonito;3304300
120;5;2008;Silva Jardim;3305604
121;5;2008;Casimiro de Abreu;3301306
122;5;2008;Conceição de Macabú;3301405
123;5;2008;"Macaé;Quissamã;Carapebus";9999984
124;5;2008;Saquarema;3305505
125;5;2008;São Pedro da Aldeia;3305208
126;5;2008;"Cabo Frio;Arraial do Cabo";9999985
127;5;2008;Armação dos Búzios;3300233
128;5;2008;Rio das Ostras;3304524
129;5;2008;Iguaba Grande;3301876
134;5;2008;Campos dos Goytacazes;3301009
135;5;2008;Itaocara;3302106
136;5;2008;"Santo Antônio de Pádua;Aperibé";9999993
137;5;2008;Miracema;3303005
138;5;2008;Laje do Muriaé;3302304
139;5;2008;Porciúncula;3304102
140;5;2008;"Natividade;Varre-Sai";9999997
141;5;2008;São Fidélis;3304805
142;5;2008;Cambuci;3300902
143;5;2008;"Itaperuna;São José de Ubá";9999996
144;5;2008;Bom Jesus de Itabapoana;3300605
145;5;2008;São João da Barra;3305000
146;5;2008;Campos dos Goytacazes;3301009
147;5;2008;São Francisco de Itabapoana;3304755
151;5;2008;Nova Friburgo;3303401
152;5;2008;Duas Barras;3301603
153;5;2008;Cantagalo;3301108
154;5;2008;"Cordeiro;Macuco";9999998
155;5;2008;São Sebastião do Alto;3305307
156;5;2008;Santa Maria Madalena;3304607
157;5;2008;Trajano de Morais;3305901
158;5;2008;Bom Jardim;3300506
159;5;2008;Cachoeiras de Macacu;3300803
165;5;2008;Mangaratiba;3302601
166;5;2008;Angra dos Reis;3300100
167;5;2008;Paraty;3303807
168;5;2008;Rio Claro;3304409
1;6;2008;Rio de Janeiro;3304557
4;6;2008;Rio de Janeiro;3304557
5;6;2008;Rio de Janeiro;3304557
6;6;2008;Rio de Janeiro;3304557
7;6;2008;Rio de Janeiro;3304557
9;6;2008;Rio de Janeiro;3304557
10;6;2008;Rio de Janeiro;3304557
12;6;2008;Rio de Janeiro;3304557
13;6;2008;Rio de Janeiro;3304557
14;6;2008;Rio de Janeiro;3304557
15;6;2008;Rio de Janeiro;3304557
16;6;2008;Rio de Janeiro;3304557
17;6;2008;Rio de Janeiro;3304557
18;6;2008;Rio de Janeiro;3304557
19;6;2008;Rio de Janeiro;3304557
20;6;2008;Rio de Janeiro;3304557
21;6;2008;Rio de Janeiro;3304557
22;6;2008;Rio de Janeiro;3304557
23;6;2008;Rio de Janeiro;3304557
24;6;2008;Rio de Janeiro;3304557
25;6;2008;Rio de Janeiro;3304557
26;6;2008;Rio de Janeiro;3304557
27;6;2008;Rio de Janeiro;3304557
28;6;2008;Rio de Janeiro;3304557
29;6;2008;Rio de Janeiro;3304557
30;6;2008;Rio de Janeiro;3304557
31;6;2008;Rio de Janeiro;3304557
32;6;2008;Rio de Janeiro;3304557
33;6;2008;Rio de Janeiro;3304557
34;6;2008;Rio de Janeiro;3304557
35;6;2008;Rio de Janeiro;3304557
36;6;2008;Rio de Janeiro;3304557
37;6;2008;Rio de Janeiro;3304557
38;6;2008;Rio de Janeiro;3304557
39;6;2008;Rio de Janeiro;3304557
40;6;2008;Rio de Janeiro;3304557
41;6;2008;Rio de Janeiro;3304557
43;6;2008;Rio de Janeiro;3304557
44;6;2008;Rio de Janeiro;3304557
48;6;2008;Seropédica;3305554
50;6;2008;Itaguaí;3302007
51;6;2008;Paracambi;3303609
52;6;2008;Nova Iguaçu;3303500
53;6;2008;Mesquita;3302858
54;6;2008;Belford Roxo;3300456
55;6;2008;Queimados;3304144
56;6;2008;Nova Iguaçu;3303500
57;6;2008;Nilópolis;3303203
58;6;2008;Nova Iguaçu;3303500
59;6;2008;Duque de Caxias;3301702
60;6;2008;Duque de Caxias;3301702
61;6;2008;Duque de Caxias;3301702
62;6;2008;Duque de Caxias;3301702
63;6;2008;Japeri;3302270
64;6;2008;São João de Meriti;3305109
65;6;2008;"Magé;Guapimirim";9999982
66;6;2008;Magé;3302502
71;6;2008;"Itaboraí;Tanguá";9999983
72;6;2008;São Gonçalo;3304904
73;6;2008;São Gonçalo;3304904
74;6;2008;São Gonçalo;3304904
75;6;2008;São Gonçalo;3304904
76;6;2008;Niterói;3303302
77;6;2008;Niterói;3303302
78;6;2008;Niterói;3303302
79;6;2008;Niterói;3303302
81;6;2008;Niterói;3303302
82;6;2008;Maricá;3302700
88;6;2008;Barra do Pirai;3300308
89;6;2008;Resende;3304201
90;6;2008;Barra Mansa;3300407
91;6;2008;Valença;3306107
92;6;2008;Rio das Flores;3304508
93;6;2008;Volta Redonda;3306305
94;6;2008;Piraí;3304003
95;6;2008;Vassouras;3306206
96;6;2008;"Miguel Pereira;Paty dos Alferes";9999999
97;6;2008;Mendes;3302809
98;6;2008;Engenheiro Paulo de Frontin;3301801
99;6;2008;Itatiaia;3302254
100;6;2008;"Porto Real;Quatis";9999992
101;6;2008;Pinheiral;3303955
104;6;2008;São José do Vale do Rio Preto;3305158
105;6;2008;Petrópolis;3303906
106;6;2008;Petrópolis;3303906
107;6;2008;Paraíba do Sul;3303708
108;6;2008;"Comendador Levy Gasparian;Areal;Três Rios";9999991
109;6;2008;Sapucaia;3305406
110;6;2008;Teresópolis;3305802
111;6;2008;Sumidouro;3305703
112;6;2008;Carmo;3301207
118;6;2008;Araruama;3300209
119;6;2008;Rio Bonito;3304300
120;6;2008;Silva Jardim;3305604
121;6;2008;Casimiro de Abreu;3301306
122;6;2008;Conceição de Macabú;3301405
123;6;2008;Macaé;3302403
124;6;2008;Saquarema;3305505
125;6;2008;São Pedro da Aldeia;3305208
126;6;2008;"Cabo Frio;Arraial do Cabo";9999985
127;6;2008;Armação dos Búzios;3300233
128;6;2008;Rio das Ostras;3304524
129;6;2008;Iguaba Grande;3301876
130;6;2008;"Quissamã;Carapebus";9999994
134;6;2008;Campos dos Goytacazes;3301009
135;6;2008;Itaocara;3302106
136;6;2008;"Santo Antônio de Pádua;Aperibé";9999993
137;6;2008;Miracema;3303005
138;6;2008;Laje do Muriaé;3302304
139;6;2008;Porciúncula;3304102
140;6;2008;"Natividade;Varre-Sai";9999997
141;6;2008;São Fidélis;3304805
142;6;2008;Cambuci;3300902
143;6;2008;"Itaperuna;São José de Ubá";9999996
144;6;2008;Bom Jesus de Itabapoana;3300605
145;6;2008;São João da Barra;3305000
146;6;2008;Campos dos Goytacazes;3301009
147;6;2008;São Francisco de Itabapoana;3304755
151;6;2008;Nova Friburgo;3303401
152;6;2008;Duas Barras;3301603
153;6;2008;Cantagalo;3301108
154;6;2008;"Cordeiro;Macuco";9999998
155;6;2008;São Sebastião do Alto;3305307
156;6;2008;Santa Maria Madalena;3304607
157;6;2008;Trajano de Morais;3305901
158;6;2008;Bom Jardim;3300506
159;6;2008;Cachoeiras de Macacu;3300803
165;6;2008;Mangaratiba;3302601
166;6;2008;Angra dos Reis;3300100
167;6;2008;Paraty;3303807
168;6;2008;Rio Claro;3304409
1;7;2008;Rio de Janeiro;3304557
4;7;2008;Rio de Janeiro;3304557
5;7;2008;Rio de Janeiro;3304557
6;7;2008;Rio de Janeiro;3304557
7;7;2008;Rio de Janeiro;3304557
9;7;2008;Rio de Janeiro;3304557
10;7;2008;Rio de Janeiro;3304557
12;7;2008;Rio de Janeiro;3304557
13;7;2008;Rio de Janeiro;3304557
14;7;2008;Rio de Janeiro;3304557
15;7;2008;Rio de Janeiro;3304557
16;7;2008;Rio de Janeiro;3304557
17;7;2008;Rio de Janeiro;3304557
18;7;2008;Rio de Janeiro;3304557
19;7;2008;Rio de Janeiro;3304557
20;7;2008;Rio de Janeiro;3304557
21;7;2008;Rio de Janeiro;3304557
22;7;2008;Rio de Janeiro;3304557
23;7;2008;Rio de Janeiro;3304557
24;7;2008;Rio de Janeiro;3304557
25;7;2008;Rio de Janeiro;3304557
26;7;2008;Rio de Janeiro;3304557
27;7;2008;Rio de Janeiro;3304557
28;7;2008;Rio de Janeiro;3304557
29;7;2008;Rio de Janeiro;3304557
30;7;2008;Rio de Janeiro;3304557
31;7;2008;Rio de Janeiro;3304557
32;7;2008;Rio de Janeiro;3304557
33;7;2008;Rio de Janeiro;3304557
34;7;2008;Rio de Janeiro;3304557
35;7;2008;Rio de Janeiro;3304557
36;7;2008;Rio de Janeiro;3304557
37;7;2008;Rio de Janeiro;3304557
38;7;2008;Rio de Janeiro;3304557
39;7;2008;Rio de Janeiro;3304557
40;7;2008;Rio de Janeiro;3304557
41;7;2008;Rio de Janeiro;3304557
43;7;2008;Rio de Janeiro;3304557
44;7;2008;Rio de Janeiro;3304557
48;7;2008;Seropédica;3305554
50;7;2008;Itaguaí;3302007
51;7;2008;Paracambi;3303609
52;7;2008;Nova Iguaçu;3303500
53;7;2008;Mesquita;3302858
54;7;2008;Belford Roxo;3300456
55;7;2008;Queimados;3304144
56;7;2008;Nova Iguaçu;3303500
57;7;2008;Nilópolis;3303203
58;7;2008;Nova Iguaçu;3303500
59;7;2008;Duque de Caxias;3301702
60;7;2008;Duque de Caxias;3301702
61;7;2008;Duque de Caxias;3301702
62;7;2008;Duque de Caxias;3301702
63;7;2008;Japeri;3302270
64;7;2008;São João de Meriti;3305109
65;7;2008;"Magé;Guapimirim";9999982
66;7;2008;Magé;3302502
71;7;2008;"Itaboraí;Tanguá";9999983
72;7;2008;São Gonçalo;3304904
73;7;2008;São Gonçalo;3304904
74;7;2008;São Gonçalo;3304904
75;7;2008;São Gonçalo;3304904
76;7;2008;Niterói;3303302
77;7;2008;Niterói;3303302
78;7;2008;Niterói;3303302
79;7;2008;Niterói;3303302
81;7;2008;Niterói;3303302
82;7;2008;Maricá;3302700
88;7;2008;Barra do Pirai;3300308
89;7;2008;Resende;3304201
90;7;2008;Barra Mansa;3300407
91;7;2008;Valença;3306107
92;7;2008;Rio das Flores;3304508
93;7;2008;Volta Redonda;3306305
94;7;2008;Piraí;3304003
95;7;2008;Vassouras;3306206
96;7;2008;"Miguel Pereira;Paty dos Alferes";9999999
97;7;2008;Mendes;3302809
98;7;2008;Engenheiro Paulo de Frontin;3301801
99;7;2008;Itatiaia;3302254
100;7;2008;"Porto Real;Quatis";9999992
101;7;2008;Pinheiral;3303955
104;7;2008;São José do Vale do Rio Preto;3305158
105;7;2008;Petrópolis;3303906
106;7;2008;Petrópolis;3303906
107;7;2008;Paraíba do Sul;3303708
108;7;2008;"Comendador Levy Gasparian;Areal;Três Rios";9999991
109;7;2008;Sapucaia;3305406
110;7;2008;Teresópolis;3305802
111;7;2008;Sumidouro;3305703
112;7;2008;Carmo;3301207
118;7;2008;Araruama;3300209
119;7;2008;Rio Bonito;3304300
120;7;2008;Silva Jardim;3305604
121;7;2008;Casimiro de Abreu;3301306
122;7;2008;Conceição de Macabú;3301405
123;7;2008;Macaé;3302403
124;7;2008;Saquarema;3305505
125;7;2008;São Pedro da Aldeia;3305208
126;7;2008;"Cabo Frio;Arraial do Cabo";9999985
127;7;2008;Armação dos Búzios;3300233
128;7;2008;Rio das Ostras;3304524
129;7;2008;Iguaba Grande;3301876
130;7;2008;"Quissamã;Carapebus";9999994
134;7;2008;Campos dos Goytacazes;3301009
135;7;2008;Itaocara;3302106
136;7;2008;"Santo Antônio de Pádua;Aperibé";9999993
137;7;2008;Miracema;3303005
138;7;2008;Laje do Muriaé;3302304
139;7;2008;Porciúncula;3304102
140;7;2008;"Natividade;Varre-Sai";9999997
141;7;2008;São Fidélis;3304805
142;7;2008;Cambuci;3300902
143;7;2008;"Itaperuna;São José de Ubá";9999996
144;7;2008;Bom Jesus de Itabapoana;3300605
145;7;2008;São João da Barra;3305000
146;7;2008;Campos dos Goytacazes;3301009
147;7;2008;São Francisco de Itabapoana;3304755
151;7;2008;Nova Friburgo;3303401
152;7;2008;Duas Barras;3301603
153;7;2008;Cantagalo;3301108
154;7;2008;"Cordeiro;Macuco";9999998
155;7;2008;São Sebastião do Alto;3305307
156;7;2008;Santa Maria Madalena;3304607
157;7;2008;Trajano de Morais;3305901
158;7;2008;Bom Jardim;3300506
159;7;2008;Cachoeiras de Macacu;3300803
165;7;2008;Mangaratiba;3302601
166;7;2008;Angra dos Reis;3300100
167;7;2008;Paraty;3303807
168;7;2008;Rio Claro;3304409
1;8;2008;Rio de Janeiro;3304557
4;8;2008;Rio de Janeiro;3304557
5;8;2008;Rio de Janeiro;3304557
6;8;2008;Rio de Janeiro;3304557
7;8;2008;Rio de Janeiro;3304557
9;8;2008;Rio de Janeiro;3304557
10;8;2008;Rio de Janeiro;3304557
12;8;2008;Rio de Janeiro;3304557
13;8;2008;Rio de Janeiro;3304557
14;8;2008;Rio de Janeiro;3304557
15;8;2008;Rio de Janeiro;3304557
16;8;2008;Rio de Janeiro;3304557
17;8;2008;Rio de Janeiro;3304557
18;8;2008;Rio de Janeiro;3304557
19;8;2008;Rio de Janeiro;3304557
20;8;2008;Rio de Janeiro;3304557
21;8;2008;Rio de Janeiro;3304557
22;8;2008;Rio de Janeiro;3304557
23;8;2008;Rio de Janeiro;3304557
24;8;2008;Rio de Janeiro;3304557
25;8;2008;Rio de Janeiro;3304557
26;8;2008;Rio de Janeiro;3304557
27;8;2008;Rio de Janeiro;3304557
28;8;2008;Rio de Janeiro;3304557
29;8;2008;Rio de Janeiro;3304557
30;8;2008;Rio de Janeiro;3304557
31;8;2008;Rio de Janeiro;3304557
32;8;2008;Rio de Janeiro;3304557
33;8;2008;Rio de Janeiro;3304557
34;8;2008;Rio de Janeiro;3304557
35;8;2008;Rio de Janeiro;3304557
36;8;2008;Rio de Janeiro;3304557
37;8;2008;Rio de Janeiro;3304557
38;8;2008;Rio de Janeiro;3304557
39;8;2008;Rio de Janeiro;3304557
40;8;2008;Rio de Janeiro;3304557
41;8;2008;Rio de Janeiro;3304557
43;8;2008;Rio de Janeiro;3304557
44;8;2008;Rio de Janeiro;3304557
48;8;2008;Seropédica;3305554
50;8;2008;Itaguaí;3302007
51;8;2008;Paracambi;3303609
52;8;2008;Nova Iguaçu;3303500
53;8;2008;Mesquita;3302858
54;8;2008;Belford Roxo;3300456
55;8;2008;Queimados;3304144
56;8;2008;Nova Iguaçu;3303500
57;8;2008;Nilópolis;3303203
58;8;2008;Nova Iguaçu;3303500
59;8;2008;Duque de Caxias;3301702
60;8;2008;Duque de Caxias;3301702
61;8;2008;Duque de Caxias;3301702
62;8;2008;Duque de Caxias;3301702
63;8;2008;Japeri;3302270
64;8;2008;São João de Meriti;3305109
65;8;2008;"Magé;Guapimirim";9999982
66;8;2008;Magé;3302502
71;8;2008;"Itaboraí;Tanguá";9999983
72;8;2008;São Gonçalo;3304904
73;8;2008;São Gonçalo;3304904
74;8;2008;São Gonçalo;3304904
75;8;2008;São Gonçalo;3304904
76;8;2008;Niterói;3303302
77;8;2008;Niterói;3303302
78;8;2008;Niterói;3303302
79;8;2008;Niterói;3303302
81;8;2008;Niterói;3303302
82;8;2008;Maricá;3302700
88;8;2008;Barra do Pirai;3300308
89;8;2008;Resende;3304201
90;8;2008;Barra Mansa;3300407
91;8;2008;Valença;3306107
92;8;2008;Rio das Flores;3304508
93;8;2008;Volta Redonda;3306305
94;8;2008;Piraí;3304003
95;8;2008;Vassouras;3306206
96;8;2008;"Miguel Pereira;Paty dos Alferes";9999999
97;8;2008;Mendes;3302809
98;8;2008;Engenheiro Paulo de Frontin;3301801
99;8;2008;Itatiaia;3302254
100;8;2008;"Porto Real;Quatis";9999992
101;8;2008;Pinheiral;3303955
104;8;2008;São José do Vale do Rio Preto;3305158
105;8;2008;Petrópolis;3303906
106;8;2008;Petrópolis;3303906
107;8;2008;Paraíba do Sul;3303708
108;8;2008;"Comendador Levy Gasparian;Areal;Três Rios";9999991
109;8;2008;Sapucaia;3305406
110;8;2008;Teresópolis;3305802
111;8;2008;Sumidouro;3305703
112;8;2008;Carmo;3301207
118;8;2008;Araruama;3300209
119;8;2008;Rio Bonito;3304300
120;8;2008;Silva Jardim;3305604
121;8;2008;Casimiro de Abreu;3301306
122;8;2008;Conceição de Macabú;3301405
123;8;2008;Macaé;3302403
124;8;2008;Saquarema;3305505
125;8;2008;São Pedro da Aldeia;3305208
126;8;2008;"Cabo Frio;Arraial do Cabo";9999985
127;8;2008;Armação dos Búzios;3300233
128;8;2008;Rio das Ostras;3304524
129;8;2008;Iguaba Grande;3301876
130;8;2008;"Quissamã;Carapebus";9999994
134;8;2008;Campos dos Goytacazes;3301009
135;8;2008;Itaocara;3302106
136;8;2008;"Santo Antônio de Pádua;Aperibé";9999993
137;8;2008;Miracema;3303005
138;8;2008;Laje do Muriaé;3302304
139;8;2008;Porciúncula;3304102
140;8;2008;"Natividade;Varre-Sai";9999997
141;8;2008;São Fidélis;3304805
142;8;2008;Cambuci;3300902
143;8;2008;"Itaperuna;São José de Ubá";9999996
144;8;2008;Bom Jesus de Itabapoana;3300605
145;8;2008;São João da Barra;3305000
146;8;2008;Campos dos Goytacazes;3301009
147;8;2008;São Francisco de Itabapoana;3304755
151;8;2008;Nova Friburgo;3303401
152;8;2008;Duas Barras;3301603
153;8;2008;Cantagalo;3301108
154;8;2008;"Cordeiro;Macuco";9999998
155;8;2008;São Sebastião do Alto;3305307
156;8;2008;Santa Maria Madalena;3304607
157;8;2008;Trajano de Morais;3305901
158;8;2008;Bom Jardim;3300506
159;8;2008;Cachoeiras de Macacu;3300803
165;8;2008;Mangaratiba;3302601
166;8;2008;Angra dos Reis;3300100
167;8;2008;Paraty;3303807
168;8;2008;Rio Claro;3304409
1;9;2008;Rio de Janeiro;3304557
4;9;2008;Rio de Janeiro;3304557
5;9;2008;Rio de Janeiro;3304557
6;9;2008;Rio de Janeiro;3304557
7;9;2008;Rio de Janeiro;3304557
9;9;2008;Rio de Janeiro;3304557
10;9;2008;Rio de Janeiro;3304557
12;9;2008;Rio de Janeiro;3304557
13;9;2008;Rio de Janeiro;3304557
14;9;2008;Rio de Janeiro;3304557
15;9;2008;Rio de Janeiro;3304557
16;9;2008;Rio de Janeiro;3304557
17;9;2008;Rio de Janeiro;3304557
18;9;2008;Rio de Janeiro;3304557
19;9;2008;Rio de Janeiro;3304557
20;9;2008;Rio de Janeiro;3304557
21;9;2008;Rio de Janeiro;3304557
22;9;2008;Rio de Janeiro;3304557
23;9;2008;Rio de Janeiro;3304557
24;9;2008;Rio de Janeiro;3304557
25;9;2008;Rio de Janeiro;3304557
26;9;2008;Rio de Janeiro;3304557
27;9;2008;Rio de Janeiro;3304557
28;9;2008;Rio de Janeiro;3304557
29;9;2008;Rio de Janeiro;3304557
30;9;2008;Rio de Janeiro;3304557
31;9;2008;Rio de Janeiro;3304557
32;9;2008;Rio de Janeiro;3304557
33;9;2008;Rio de Janeiro;3304557
34;9;2008;Rio de Janeiro;3304557
35;9;2008;Rio de Janeiro;3304557
36;9;2008;Rio de Janeiro;3304557
37;9;2008;Rio de Janeiro;3304557
38;9;2008;Rio de Janeiro;3304557
39;9;2008;Rio de Janeiro;3304557
40;9;2008;Rio de Janeiro;3304557
41;9;2008;Rio de Janeiro;3304557
43;9;2008;Rio de Janeiro;3304557
44;9;2008;Rio de Janeiro;3304557
48;9;2008;Seropédica;3305554
50;9;2008;Itaguaí;3302007
51;9;2008;Paracambi;3303609
52;9;2008;Nova Iguaçu;3303500
53;9;2008;Mesquita;3302858
54;9;2008;Belford Roxo;3300456
55;9;2008;Queimados;3304144
56;9;2008;Nova Iguaçu;3303500
57;9;2008;Nilópolis;3303203
58;9;2008;Nova Iguaçu;3303500
59;9;2008;Duque de Caxias;3301702
60;9;2008;Duque de Caxias;3301702
61;9;2008;Duque de Caxias;3301702
62;9;2008;Duque de Caxias;3301702
63;9;2008;Japeri;3302270
64;9;2008;São João de Meriti;3305109
65;9;2008;"Magé;Guapimirim";9999982
66;9;2008;Magé;3302502
71;9;2008;"Itaboraí;Tanguá";9999983
72;9;2008;São Gonçalo;3304904
73;9;2008;São Gonçalo;3304904
74;9;2008;São Gonçalo;3304904
75;9;2008;São Gonçalo;3304904
76;9;2008;Niterói;3303302
77;9;2008;Niterói;3303302
78;9;2008;Niterói;3303302
79;9;2008;Niterói;3303302
81;9;2008;Niterói;3303302
82;9;2008;Maricá;3302700
88;9;2008;Barra do Pirai;3300308
89;9;2008;Resende;3304201
90;9;2008;Barra Mansa;3300407
91;9;2008;Valença;3306107
92;9;2008;Rio das Flores;3304508
93;9;2008;Volta Redonda;3306305
94;9;2008;Piraí;3304003
95;9;2008;Vassouras;3306206
96;9;2008;"Miguel Pereira;Paty dos Alferes";9999999
97;9;2008;Mendes;3302809
98;9;2008;Engenheiro Paulo de Frontin;3301801
99;9;2008;Itatiaia;3302254
100;9;2008;"Porto Real;Quatis";9999992
101;9;2008;Pinheiral;3303955
104;9;2008;São José do Vale do Rio Preto;3305158
105;9;2008;Petrópolis;3303906
106;9;2008;Petrópolis;3303906
107;9;2008;Paraíba do Sul;3303708
108;9;2008;"Comendador Levy Gasparian;Areal;Três Rios";9999991
109;9;2008;Sapucaia;3305406
110;9;2008;Teresópolis;3305802
111;9;2008;Sumidouro;3305703
112;9;2008;Carmo;3301207
118;9;2008;Araruama;3300209
119;9;2008;Rio Bonito;3304300
120;9;2008;Silva Jardim;3305604
121;9;2008;Casimiro de Abreu;3301306
122;9;2008;Conceição de Macabú;3301405
123;9;2008;Macaé;3302403
124;9;2008;Saquarema;3305505
125;9;2008;São Pedro da Aldeia;3305208
126;9;2008;"Cabo Frio;Arraial do Cabo";9999985
127;9;2008;Armação dos Búzios;3300233
128;9;2008;Rio das Ostras;3304524
129;9;2008;Iguaba Grande;3301876
130;9;2008;"Quissamã;Carapebus";9999994
134;9;2008;Campos dos Goytacazes;3301009
135;9;2008;Itaocara;3302106
136;9;2008;"Santo Antônio de Pádua;Aperibé";9999993
137;9;2008;Miracema;3303005
138;9;2008;Laje do Muriaé;3302304
139;9;2008;Porciúncula;3304102
140;9;2008;"Natividade;Varre-Sai";9999997
141;9;2008;São Fidélis;3304805
142;9;2008;Cambuci;3300902
143;9;2008;"Itaperuna;São José de Ubá";9999996
144;9;2008;Bom Jesus de Itabapoana;3300605
145;9;2008;São João da Barra;3305000
146;9;2008;Campos dos Goytacazes;3301009
147;9;2008;São Francisco de Itabapoana;3304755
151;9;2008;Nova Friburgo;3303401
152;9;2008;Duas Barras;3301603
153;9;2008;Cantagalo;3301108
154;9;2008;"Cordeiro;Macuco";9999998
155;9;2008;São Sebastião do Alto;3305307
156;9;2008;Santa Maria Madalena;3304607
157;9;2008;Trajano de Morais;3305901
158;9;2008;Bom Jardim;3300506
159;9;2008;Cachoeiras de Macacu;3300803
165;9;2008;Mangaratiba;3302601
166;9;2008;Angra dos Reis;3300100
167;9;2008;Paraty;3303807
168;9;2008;Rio Claro;3304409
1;10;2008;Rio de Janeiro;3304557
4;10;2008;Rio de Janeiro;3304557
5;10;2008;Rio de Janeiro;3304557
6;10;2008;Rio de Janeiro;3304557
7;10;2008;Rio de Janeiro;3304557
9;10;2008;Rio de Janeiro;3304557
10;10;2008;Rio de Janeiro;3304557
12;10;2008;Rio de Janeiro;3304557
13;10;2008;Rio de Janeiro;3304557
14;10;2008;Rio de Janeiro;3304557
15;10;2008;Rio de Janeiro;3304557
16;10;2008;Rio de Janeiro;3304557
17;10;2008;Rio de Janeiro;3304557
18;10;2008;Rio de Janeiro;3304557
19;10;2008;Rio de Janeiro;3304557
20;10;2008;Rio de Janeiro;3304557
21;10;2008;Rio de Janeiro;3304557
22;10;2008;Rio de Janeiro;3304557
23;10;2008;Rio de Janeiro;3304557
24;10;2008;Rio de Janeiro;3304557
25;10;2008;Rio de Janeiro;3304557
26;10;2008;Rio de Janeiro;3304557
27;10;2008;Rio de Janeiro;3304557
28;10;2008;Rio de Janeiro;3304557
29;10;2008;Rio de Janeiro;3304557
30;10;2008;Rio de Janeiro;3304557
31;10;2008;Rio de Janeiro;3304557
32;10;2008;Rio de Janeiro;3304557
33;10;2008;Rio de Janeiro;3304557
34;10;2008;Rio de Janeiro;3304557
35;10;2008;Rio de Janeiro;3304557
36;10;2008;Rio de Janeiro;3304557
37;10;2008;Rio de Janeiro;3304557
38;10;2008;Rio de Janeiro;3304557
39;10;2008;Rio de Janeiro;3304557
40;10;2008;Rio de Janeiro;3304557
41;10;2008;Rio de Janeiro;3304557
43;10;2008;Rio de Janeiro;3304557
44;10;2008;Rio de Janeiro;3304557
48;10;2008;Seropédica;3305554
50;10;2008;Itaguaí;3302007
51;10;2008;Paracambi;3303609
52;10;2008;Nova Iguaçu;3303500
53;10;2008;Mesquita;3302858
54;10;2008;Belford Roxo;3300456
55;10;2008;Queimados;3304144
56;10;2008;Nova Iguaçu;3303500
57;10;2008;Nilópolis;3303203
58;10;2008;Nova Iguaçu;3303500
59;10;2008;Duque de Caxias;3301702
60;10;2008;Duque de Caxias;3301702
61;10;2008;Duque de Caxias;3301702
62;10;2008;Duque de Caxias;3301702
63;10;2008;Japeri;3302270
64;10;2008;São João de Meriti;3305109
65;10;2008;"Magé;Guapimirim";9999982
66;10;2008;Magé;3302502
71;10;2008;"Itaboraí;Tanguá";9999983
72;10;2008;São Gonçalo;3304904
73;10;2008;São Gonçalo;3304904
74;10;2008;São Gonçalo;3304904
75;10;2008;São Gonçalo;3304904
76;10;2008;Niterói;3303302
77;10;2008;Niterói;3303302
78;10;2008;Niterói;3303302
79;10;2008;Niterói;3303302
81;10;2008;Niterói;3303302
82;10;2008;Maricá;3302700
88;10;2008;Barra do Pirai;3300308
89;10;2008;Resende;3304201
90;10;2008;Barra Mansa;3300407
91;10;2008;Valença;3306107
92;10;2008;Rio das Flores;3304508
93;10;2008;Volta Redonda;3306305
94;10;2008;Piraí;3304003
95;10;2008;Vassouras;3306206
96;10;2008;"Miguel Pereira;Paty dos Alferes";9999999
97;10;2008;Mendes;3302809
98;10;2008;Engenheiro Paulo de Frontin;3301801
99;10;2008;Itatiaia;3302254
100;10;2008;"Porto Real;Quatis";9999992
101;10;2008;Pinheiral;3303955
104;10;2008;São José do Vale do Rio Preto;3305158
105;10;2008;Petrópolis;3303906
106;10;2008;Petrópolis;3303906
107;10;2008;Paraíba do Sul;3303708
108;10;2008;"Comendador Levy Gasparian;Areal;Três Rios";9999991
109;10;2008;Sapucaia;3305406
110;10;2008;Teresópolis;3305802
111;10;2008;Sumidouro;3305703
112;10;2008;Carmo;3301207
118;10;2008;Araruama;3300209
119;10;2008;Rio Bonito;3304300
120;10;2008;Silva Jardim;3305604
121;10;2008;Casimiro de Abreu;3301306
122;10;2008;Conceição de Macabú;3301405
123;10;2008;Macaé;3302403
124;10;2008;Saquarema;3305505
125;10;2008;São Pedro da Aldeia;3305208
126;10;2008;"Cabo Frio;Arraial do Cabo";9999985
127;10;2008;Armação dos Búzios;3300233
128;10;2008;Rio das Ostras;3304524
129;10;2008;Iguaba Grande;3301876
130;10;2008;"Quissamã;Carapebus";9999994
134;10;2008;Campos dos Goytacazes;3301009
135;10;2008;Itaocara;3302106
136;10;2008;"Santo Antônio de Pádua;Aperibé";9999993
137;10;2008;Miracema;3303005
138;10;2008;Laje do Muriaé;3302304
139;10;2008;Porciúncula;3304102
140;10;2008;"Natividade;Varre-Sai";9999997
141;10;2008;São Fidélis;3304805
142;10;2008;Cambuci;3300902
143;10;2008;"Itaperuna;São José de Ubá";9999996
144;10;2008;Bom Jesus de Itabapoana;3300605
145;10;2008;São João da Barra;3305000
146;10;2008;Campos dos Goytacazes;3301009
147;10;2008;São Francisco de Itabapoana;3304755
151;10;2008;Nova Friburgo;3303401
152;10;2008;Duas Barras;3301603
153;10;2008;Cantagalo;3301108
154;10;2008;"Cordeiro;Macuco";9999998
155;10;2008;São Sebastião do Alto;3305307
156;10;2008;Santa Maria Madalena;3304607
157;10;2008;Trajano de Morais;3305901
158;10;2008;Bom Jardim;3300506
159;10;2008;Cachoeiras de Macacu;3300803
165;10;2008;Mangaratiba;3302601
166;10;2008;Angra dos Reis;3300100
167;10;2008;Paraty;3303807
168;10;2008;Rio Claro;3304409
1;11;2008;Rio de Janeiro;3304557
4;11;2008;Rio de Janeiro;3304557
5;11;2008;Rio de Janeiro;3304557
6;11;2008;Rio de Janeiro;3304557
7;11;2008;Rio de Janeiro;3304557
9;11;2008;Rio de Janeiro;3304557
10;11;2008;Rio de Janeiro;3304557
12;11;2008;Rio de Janeiro;3304557
13;11;2008;Rio de Janeiro;3304557
14;11;2008;Rio de Janeiro;3304557
15;11;2008;Rio de Janeiro;3304557
16;11;2008;Rio de Janeiro;3304557
17;11;2008;Rio de Janeiro;3304557
18;11;2008;Rio de Janeiro;3304557
19;11;2008;Rio de Janeiro;3304557
20;11;2008;Rio de Janeiro;3304557
21;11;2008;Rio de Janeiro;3304557
22;11;2008;Rio de Janeiro;3304557
23;11;2008;Rio de Janeiro;3304557
24;11;2008;Rio de Janeiro;3304557
25;11;2008;Rio de Janeiro;3304557
26;11;2008;Rio de Janeiro;3304557
27;11;2008;Rio de Janeiro;3304557
28;11;2008;Rio de Janeiro;3304557
29;11;2008;Rio de Janeiro;3304557
30;11;2008;Rio de Janeiro;3304557
31;11;2008;Rio de Janeiro;3304557
32;11;2008;Rio de Janeiro;3304557
33;11;2008;Rio de Janeiro;3304557
34;11;2008;Rio de Janeiro;3304557
35;11;2008;Rio de Janeiro;3304557
36;11;2008;Rio de Janeiro;3304557
37;11;2008;Rio de Janeiro;3304557
38;11;2008;Rio de Janeiro;3304557
39;11;2008;Rio de Janeiro;3304557
40;11;2008;Rio de Janeiro;3304557
41;11;2008;Rio de Janeiro;3304557
43;11;2008;Rio de Janeiro;3304557
44;11;2008;Rio de Janeiro;3304557
48;11;2008;Seropédica;3305554
50;11;2008;Itaguaí;3302007
51;11;2008;Paracambi;3303609
52;11;2008;Nova Iguaçu;3303500
53;11;2008;Mesquita;3302858
54;11;2008;Belford Roxo;3300456
55;11;2008;Queimados;3304144
56;11;2008;Nova Iguaçu;3303500
57;11;2008;Nilópolis;3303203
58;11;2008;Nova Iguaçu;3303500
59;11;2008;Duque de Caxias;3301702
60;11;2008;Duque de Caxias;3301702
61;11;2008;Duque de Caxias;3301702
62;11;2008;Duque de Caxias;3301702
63;11;2008;Japeri;3302270
64;11;2008;São João de Meriti;3305109
65;11;2008;"Magé;Guapimirim";9999982
66;11;2008;Magé;3302502
71;11;2008;"Itaboraí;Tanguá";9999983
72;11;2008;São Gonçalo;3304904
73;11;2008;São Gonçalo;3304904
74;11;2008;São Gonçalo;3304904
75;11;2008;São Gonçalo;3304904
76;11;2008;Niterói;3303302
77;11;2008;Niterói;3303302
78;11;2008;Niterói;3303302
79;11;2008;Niterói;3303302
81;11;2008;Niterói;3303302
82;11;2008;Maricá;3302700
88;11;2008;Barra do Pirai;3300308
89;11;2008;Resende;3304201
90;11;2008;Barra Mansa;3300407
91;11;2008;Valença;3306107
92;11;2008;Rio das Flores;3304508
93;11;2008;Volta Redonda;3306305
94;11;2008;Piraí;3304003
95;11;2008;Vassouras;3306206
96;11;2008;"Miguel Pereira;Paty dos Alferes";9999999
97;11;2008;Mendes;3302809
98;11;2008;Engenheiro Paulo de Frontin;3301801
99;11;2008;Itatiaia;3302254
100;11;2008;"Porto Real;Quatis";9999992
101;11;2008;Pinheiral;3303955
104;11;2008;São José do Vale do Rio Preto;3305158
105;11;2008;Petrópolis;3303906
106;11;2008;Petrópolis;3303906
107;11;2008;Paraíba do Sul;3303708
108;11;2008;"Comendador Levy Gasparian;Areal;Três Rios";9999991
109;11;2008;Sapucaia;3305406
110;11;2008;Teresópolis;3305802
111;11;2008;Sumidouro;3305703
112;11;2008;Carmo;3301207
118;11;2008;Araruama;3300209
119;11;2008;Rio Bonito;3304300
120;11;2008;Silva Jardim;3305604
121;11;2008;Casimiro de Abreu;3301306
122;11;2008;Conceição de Macabú;3301405
123;11;2008;Macaé;3302403
124;11;2008;Saquarema;3305505
125;11;2008;São Pedro da Aldeia;3305208
126;11;2008;"Cabo Frio;Arraial do Cabo";9999985
127;11;2008;Armação dos Búzios;3300233
128;11;2008;Rio das Ostras;3304524
129;11;2008;Iguaba Grande;3301876
130;11;2008;"Quissamã;Carapebus";9999994
134;11;2008;Campos dos Goytacazes;3301009
135;11;2008;Itaocara;3302106
136;11;2008;"Santo Antônio de Pádua;Aperibé";9999993
137;11;2008;Miracema;3303005
138;11;2008;Laje do Muriaé;3302304
139;11;2008;Porciúncula;3304102
140;11;2008;"Natividade;Varre-Sai";9999997
141;11;2008;São Fidélis;3304805
142;11;2008;Cambuci;3300902
143;11;2008;"Itaperuna;São José de Ubá";9999996
144;11;2008;Bom Jesus de Itabapoana;3300605
145;11;2008;São João da Barra;3305000
146;11;2008;Campos dos Goytacazes;3301009
147;11;2008;São Francisco de Itabapoana;3304755
151;11;2008;Nova Friburgo;3303401
152;11;2008;Duas Barras;3301603
153;11;2008;Cantagalo;3301108
154;11;2008;"Cordeiro;Macuco";9999998
155;11;2008;São Sebastião do Alto;3305307
156;11;2008;Santa Maria Madalena;3304607
157;11;2008;Trajano de Morais;3305901
158;11;2008;Bom Jardim;3300506
159;11;2008;Cachoeiras de Macacu;3300803
165;11;2008;Mangaratiba;3302601
166;11;2008;Angra dos Reis;3300100
167;11;2008;Paraty;3303807
168;11;2008;Rio Claro;3304409
1;12;2008;Rio de Janeiro;3304557
4;12;2008;Rio de Janeiro;3304557
5;12;2008;Rio de Janeiro;3304557
6;12;2008;Rio de Janeiro;3304557
7;12;2008;Rio de Janeiro;3304557
9;12;2008;Rio de Janeiro;3304557
10;12;2008;Rio de Janeiro;3304557
12;12;2008;Rio de Janeiro;3304557
13;12;2008;Rio de Janeiro;3304557
14;12;2008;Rio de Janeiro;3304557
15;12;2008;Rio de Janeiro;3304557
16;12;2008;Rio de Janeiro;3304557
17;12;2008;Rio de Janeiro;3304557
18;12;2008;Rio de Janeiro;3304557
19;12;2008;Rio de Janeiro;3304557
20;12;2008;Rio de Janeiro;3304557
21;12;2008;Rio de Janeiro;3304557
22;12;2008;Rio de Janeiro;3304557
23;12;2008;Rio de Janeiro;3304557
24;12;2008;Rio de Janeiro;3304557
25;12;2008;Rio de Janeiro;3304557
26;12;2008;Rio de Janeiro;3304557
27;12;2008;Rio de Janeiro;3304557
28;12;2008;Rio de Janeiro;3304557
29;12;2008;Rio de Janeiro;3304557
30;12;2008;Rio de Janeiro;3304557
31;12;2008;Rio de Janeiro;3304557
32;12;2008;Rio de Janeiro;3304557
33;12;2008;Rio de Janeiro;3304557
34;12;2008;Rio de Janeiro;3304557
35;12;2008;Rio de Janeiro;3304557
36;12;2008;Rio de Janeiro;3304557
37;12;2008;Rio de Janeiro;3304557
38;12;2008;Rio de Janeiro;3304557
39;12;2008;Rio de Janeiro;3304557
40;12;2008;Rio de Janeiro;3304557
41;12;2008;Rio de Janeiro;3304557
43;12;2008;Rio de Janeiro;3304557
44;12;2008;Rio de Janeiro;3304557
48;12;2008;Seropédica;3305554
50;12;2008;Itaguaí;3302007
51;12;2008;Paracambi;3303609
52;12;2008;Nova Iguaçu;3303500
53;12;2008;Mesquita;3302858
54;12;2008;Belford Roxo;3300456
55;12;2008;Queimados;3304144
56;12;2008;Nova Iguaçu;3303500
57;12;2008;Nilópolis;3303203
58;12;2008;Nova Iguaçu;3303500
59;12;2008;Duque de Caxias;3301702
60;12;2008;Duque de Caxias;3301702
61;12;2008;Duque de Caxias;3301702
62;12;2008;Duque de Caxias;3301702
63;12;2008;Japeri;3302270
64;12;2008;São João de Meriti;3305109
65;12;2008;"Magé;Guapimirim";9999982
66;12;2008;Magé;3302502
71;12;2008;"Itaboraí;Tanguá";9999983
72;12;2008;São Gonçalo;3304904
73;12;2008;São Gonçalo;3304904
74;12;2008;São Gonçalo;3304904
75;12;2008;São Gonçalo;3304904
76;12;2008;Niterói;3303302
77;12;2008;Niterói;3303302
78;12;2008;Niterói;3303302
79;12;2008;Niterói;3303302
81;12;2008;Niterói;3303302
82;12;2008;Maricá;3302700
88;12;2008;Barra do Pirai;3300308
89;12;2008;Resende;3304201
90;12;2008;Barra Mansa;3300407
91;12;2008;Valença;3306107
92;12;2008;Rio das Flores;3304508
93;12;2008;Volta Redonda;3306305
94;12;2008;Piraí;3304003
95;12;2008;Vassouras;3306206
96;12;2008;"Miguel Pereira;Paty dos Alferes";9999999
97;12;2008;Mendes;3302809
98;12;2008;Engenheiro Paulo de Frontin;3301801
99;12;2008;Itatiaia;3302254
100;12;2008;"Porto Real;Quatis";9999992
101;12;2008;Pinheiral;3303955
104;12;2008;São José do Vale do Rio Preto;3305158
105;12;2008;Petrópolis;3303906
106;12;2008;Petrópolis;3303906
107;12;2008;Paraíba do Sul;3303708
108;12;2008;"Comendador Levy Gasparian;Areal;Três Rios";9999991
109;12;2008;Sapucaia;3305406
110;12;2008;Teresópolis;3305802
111;12;2008;Sumidouro;3305703
112;12;2008;Carmo;3301207
118;12;2008;Araruama;3300209
119;12;2008;Rio Bonito;3304300
120;12;2008;Silva Jardim;3305604
121;12;2008;Casimiro de Abreu;3301306
122;12;2008;Conceição de Macabú;3301405
123;12;2008;Macaé;3302403
124;12;2008;Saquarema;3305505
125;12;2008;São Pedro da Aldeia;3305208
126;12;2008;"Cabo Frio;Arraial do Cabo";9999985
127;12;2008;Armação dos Búzios;3300233
128;12;2008;Rio das Ostras;3304524
129;12;2008;Iguaba Grande;3301876
130;12;2008;"Quissamã;Carapebus";9999994
134;12;2008;Campos dos Goytacazes;3301009
135;12;2008;Itaocara;3302106
136;12;2008;"Santo Antônio de Pádua;Aperibé";9999993
137;12;2008;Miracema;3303005
138;12;2008;Laje do Muriaé;3302304
139;12;2008;Porciúncula;3304102
140;12;2008;"Natividade;Varre-Sai";9999997
141;12;2008;São Fidélis;3304805
142;12;2008;Cambuci;3300902
143;12;2008;"Itaperuna;São José de Ubá";9999996
144;12;2008;Bom Jesus de Itabapoana;3300605
145;12;2008;São João da Barra;3305000
146;12;2008;Campos dos Goytacazes;3301009
147;12;2008;São Francisco de Itabapoana;3304755
151;12;2008;Nova Friburgo;3303401
152;12;2008;Duas Barras;3301603
153;12;2008;Cantagalo;3301108
154;12;2008;"Cordeiro;Macuco";9999998
155;12;2008;São Sebastião do Alto;3305307
156;12;2008;Santa Maria Madalena;3304607
157;12;2008;Trajano de Morais;3305901
158;12;2008;Bom Jardim;3300506
159;12;2008;Cachoeiras de Macacu;3300803
165;12;2008;Mangaratiba;3302601
166;12;2008;Angra dos Reis;3300100
167;12;2008;Paraty;3303807
168;12;2008;Rio Claro;3304409
1;1;2009;Rio de Janeiro;3304557
4;1;2009;Rio de Janeiro;3304557
5;1;2009;Rio de Janeiro;3304557
6;1;2009;Rio de Janeiro;3304557
7;1;2009;Rio de Janeiro;3304557
9;1;2009;Rio de Janeiro;3304557
10;1;2009;Rio de Janeiro;3304557
12;1;2009;Rio de Janeiro;3304557
13;1;2009;Rio de Janeiro;3304557
14;1;2009;Rio de Janeiro;3304557
15;1;2009;Rio de Janeiro;3304557
16;1;2009;Rio de Janeiro;3304557
17;1;2009;Rio de Janeiro;3304557
18;1;2009;Rio de Janeiro;3304557
19;1;2009;Rio de Janeiro;3304557
20;1;2009;Rio de Janeiro;3304557
21;1;2009;Rio de Janeiro;3304557
22;1;2009;Rio de Janeiro;3304557
23;1;2009;Rio de Janeiro;3304557
24;1;2009;Rio de Janeiro;3304557
25;1;2009;Rio de Janeiro;3304557
26;1;2009;Rio de Janeiro;3304557
27;1;2009;Rio de Janeiro;3304557
28;1;2009;Rio de Janeiro;3304557
29;1;2009;Rio de Janeiro;3304557
30;1;2009;Rio de Janeiro;3304557
31;1;2009;Rio de Janeiro;3304557
32;1;2009;Rio de Janeiro;3304557
33;1;2009;Rio de Janeiro;3304557
34;1;2009;Rio de Janeiro;3304557
35;1;2009;Rio de Janeiro;3304557
36;1;2009;Rio de Janeiro;3304557
37;1;2009;Rio de Janeiro;3304557
38;1;2009;Rio de Janeiro;3304557
39;1;2009;Rio de Janeiro;3304557
40;1;2009;Rio de Janeiro;3304557
41;1;2009;Rio de Janeiro;3304557
43;1;2009;Rio de Janeiro;3304557
44;1;2009;Rio de Janeiro;3304557
48;1;2009;Seropédica;3305554
50;1;2009;Itaguaí;3302007
51;1;2009;Paracambi;3303609
52;1;2009;Nova Iguaçu;3303500
53;1;2009;Mesquita;3302858
54;1;2009;Belford Roxo;3300456
55;1;2009;Queimados;3304144
56;1;2009;Nova Iguaçu;3303500
57;1;2009;Nilópolis;3303203
58;1;2009;Nova Iguaçu;3303500
59;1;2009;Duque de Caxias;3301702
60;1;2009;Duque de Caxias;3301702
61;1;2009;Duque de Caxias;3301702
62;1;2009;Duque de Caxias;3301702
63;1;2009;Japeri;3302270
64;1;2009;São João de Meriti;3305109
65;1;2009;"Magé;Guapimirim";9999982
66;1;2009;Magé;3302502
71;1;2009;"Itaboraí;Tanguá";9999983
72;1;2009;São Gonçalo;3304904
73;1;2009;São Gonçalo;3304904
74;1;2009;São Gonçalo;3304904
75;1;2009;São Gonçalo;3304904
76;1;2009;Niterói;3303302
77;1;2009;Niterói;3303302
78;1;2009;Niterói;3303302
79;1;2009;Niterói;3303302
81;1;2009;Niterói;3303302
82;1;2009;Maricá;3302700
88;1;2009;Barra do Pirai;3300308
89;1;2009;Resende;3304201
90;1;2009;Barra Mansa;3300407
91;1;2009;Valença;3306107
92;1;2009;Rio das Flores;3304508
93;1;2009;Volta Redonda;3306305
94;1;2009;Piraí;3304003
95;1;2009;Vassouras;3306206
96;1;2009;"Miguel Pereira;Paty dos Alferes";9999999
97;1;2009;Mendes;3302809
98;1;2009;Engenheiro Paulo de Frontin;3301801
99;1;2009;Itatiaia;3302254
100;1;2009;"Porto Real;Quatis";9999992
101;1;2009;Pinheiral;3303955
104;1;2009;São José do Vale do Rio Preto;3305158
105;1;2009;Petrópolis;3303906
106;1;2009;Petrópolis;3303906
107;1;2009;Paraíba do Sul;3303708
108;1;2009;"Comendador Levy Gasparian;Areal;Três Rios";9999991
109;1;2009;Sapucaia;3305406
110;1;2009;Teresópolis;3305802
111;1;2009;Sumidouro;3305703
112;1;2009;Carmo;3301207
118;1;2009;Araruama;3300209
119;1;2009;Rio Bonito;3304300
120;1;2009;Silva Jardim;3305604
121;1;2009;Casimiro de Abreu;3301306
122;1;2009;Conceição de Macabú;3301405
123;1;2009;Macaé;3302403
124;1;2009;Saquarema;3305505
125;1;2009;São Pedro da Aldeia;3305208
126;1;2009;"Cabo Frio;Arraial do Cabo";9999985
127;1;2009;Armação dos Búzios;3300233
128;1;2009;Rio das Ostras;3304524
129;1;2009;Iguaba Grande;3301876
130;1;2009;"Quissamã;Carapebus";9999994
134;1;2009;Campos dos Goytacazes;3301009
135;1;2009;Itaocara;3302106
136;1;2009;"Santo Antônio de Pádua;Aperibé";9999993
137;1;2009;Miracema;3303005
138;1;2009;Laje do Muriaé;3302304
139;1;2009;Porciúncula;3304102
140;1;2009;"Natividade;Varre-Sai";9999997
141;1;2009;São Fidélis;3304805
142;1;2009;Cambuci;3300902
143;1;2009;"Itaperuna;São José de Ubá";9999996
144;1;2009;Bom Jesus de Itabapoana;3300605
145;1;2009;São João da Barra;3305000
146;1;2009;Campos dos Goytacazes;3301009
147;1;2009;São Francisco de Itabapoana;3304755
151;1;2009;Nova Friburgo;3303401
152;1;2009;Duas Barras;3301603
153;1;2009;Cantagalo;3301108
154;1;2009;"Cordeiro;Macuco";9999998
155;1;2009;São Sebastião do Alto;3305307
156;1;2009;Santa Maria Madalena;3304607
157;1;2009;Trajano de Morais;3305901
158;1;2009;Bom Jardim;3300506
159;1;2009;Cachoeiras de Macacu;3300803
165;1;2009;Mangaratiba;3302601
166;1;2009;Angra dos Reis;3300100
167;1;2009;Paraty;3303807
168;1;2009;Rio Claro;3304409
1;2;2009;Rio de Janeiro;3304557
4;2;2009;Rio de Janeiro;3304557
5;2;2009;Rio de Janeiro;3304557
6;2;2009;Rio de Janeiro;3304557
7;2;2009;Rio de Janeiro;3304557
9;2;2009;Rio de Janeiro;3304557
10;2;2009;Rio de Janeiro;3304557
12;2;2009;Rio de Janeiro;3304557
13;2;2009;Rio de Janeiro;3304557
14;2;2009;Rio de Janeiro;3304557
15;2;2009;Rio de Janeiro;3304557
16;2;2009;Rio de Janeiro;3304557
17;2;2009;Rio de Janeiro;3304557
18;2;2009;Rio de Janeiro;3304557
19;2;2009;Rio de Janeiro;3304557
20;2;2009;Rio de Janeiro;3304557
21;2;2009;Rio de Janeiro;3304557
22;2;2009;Rio de Janeiro;3304557
23;2;2009;Rio de Janeiro;3304557
24;2;2009;Rio de Janeiro;3304557
25;2;2009;Rio de Janeiro;3304557
26;2;2009;Rio de Janeiro;3304557
27;2;2009;Rio de Janeiro;3304557
28;2;2009;Rio de Janeiro;3304557
29;2;2009;Rio de Janeiro;3304557
30;2;2009;Rio de Janeiro;3304557
31;2;2009;Rio de Janeiro;3304557
32;2;2009;Rio de Janeiro;3304557
33;2;2009;Rio de Janeiro;3304557
34;2;2009;Rio de Janeiro;3304557
35;2;2009;Rio de Janeiro;3304557
36;2;2009;Rio de Janeiro;3304557
37;2;2009;Rio de Janeiro;3304557
38;2;2009;Rio de Janeiro;3304557
39;2;2009;Rio de Janeiro;3304557
40;2;2009;Rio de Janeiro;3304557
41;2;2009;Rio de Janeiro;3304557
43;2;2009;Rio de Janeiro;3304557
44;2;2009;Rio de Janeiro;3304557
48;2;2009;Seropédica;3305554
50;2;2009;Itaguaí;3302007
51;2;2009;Paracambi;3303609
52;2;2009;Nova Iguaçu;3303500
53;2;2009;Mesquita;3302858
54;2;2009;Belford Roxo;3300456
55;2;2009;Queimados;3304144
56;2;2009;Nova Iguaçu;3303500
57;2;2009;Nilópolis;3303203
58;2;2009;Nova Iguaçu;3303500
59;2;2009;Duque de Caxias;3301702
60;2;2009;Duque de Caxias;3301702
61;2;2009;Duque de Caxias;3301702
62;2;2009;Duque de Caxias;3301702
63;2;2009;Japeri;3302270
64;2;2009;São João de Meriti;3305109
65;2;2009;"Magé;Guapimirim";9999982
66;2;2009;Magé;3302502
71;2;2009;"Itaboraí;Tanguá";9999983
72;2;2009;São Gonçalo;3304904
73;2;2009;São Gonçalo;3304904
74;2;2009;São Gonçalo;3304904
75;2;2009;São Gonçalo;3304904
76;2;2009;Niterói;3303302
77;2;2009;Niterói;3303302
78;2;2009;Niterói;3303302
79;2;2009;Niterói;3303302
81;2;2009;Niterói;3303302
82;2;2009;Maricá;3302700
88;2;2009;Barra do Pirai;3300308
89;2;2009;Resende;3304201
90;2;2009;Barra Mansa;3300407
91;2;2009;Valença;3306107
92;2;2009;Rio das Flores;3304508
93;2;2009;Volta Redonda;3306305
94;2;2009;Piraí;3304003
95;2;2009;Vassouras;3306206
96;2;2009;"Miguel Pereira;Paty dos Alferes";9999999
97;2;2009;Mendes;3302809
98;2;2009;Engenheiro Paulo de Frontin;3301801
99;2;2009;Itatiaia;3302254
100;2;2009;"Porto Real;Quatis";9999992
101;2;2009;Pinheiral;3303955
104;2;2009;São José do Vale do Rio Preto;3305158
105;2;2009;Petrópolis;3303906
106;2;2009;Petrópolis;3303906
107;2;2009;Paraíba do Sul;3303708
108;2;2009;"Comendador Levy Gasparian;Areal;Três Rios";9999991
109;2;2009;Sapucaia;3305406
110;2;2009;Teresópolis;3305802
111;2;2009;Sumidouro;3305703
112;2;2009;Carmo;3301207
118;2;2009;Araruama;3300209
119;2;2009;Rio Bonito;3304300
120;2;2009;Silva Jardim;3305604
121;2;2009;Casimiro de Abreu;3301306
122;2;2009;Conceição de Macabú;3301405
123;2;2009;Macaé;3302403
124;2;2009;Saquarema;3305505
125;2;2009;São Pedro da Aldeia;3305208
126;2;2009;"Cabo Frio;Arraial do Cabo";9999985
127;2;2009;Armação dos Búzios;3300233
128;2;2009;Rio das Ostras;3304524
129;2;2009;Iguaba Grande;3301876
130;2;2009;"Quissamã;Carapebus";9999994
134;2;2009;Campos dos Goytacazes;3301009
135;2;2009;Itaocara;3302106
136;2;2009;"Santo Antônio de Pádua;Aperibé";9999993
137;2;2009;Miracema;3303005
138;2;2009;Laje do Muriaé;3302304
139;2;2009;Porciúncula;3304102
140;2;2009;"Natividade;Varre-Sai";9999997
141;2;2009;São Fidélis;3304805
142;2;2009;Cambuci;3300902
143;2;2009;"Itaperuna;São José de Ubá";9999996
144;2;2009;Bom Jesus de Itabapoana;3300605
145;2;2009;São João da Barra;3305000
146;2;2009;Campos dos Goytacazes;3301009
147;2;2009;São Francisco de Itabapoana;3304755
151;2;2009;Nova Friburgo;3303401
152;2;2009;Duas Barras;3301603
153;2;2009;Cantagalo;3301108
154;2;2009;"Cordeiro;Macuco";9999998
155;2;2009;São Sebastião do Alto;3305307
156;2;2009;Santa Maria Madalena;3304607
157;2;2009;Trajano de Morais;3305901
158;2;2009;Bom Jardim;3300506
159;2;2009;Cachoeiras de Macacu;3300803
165;2;2009;Mangaratiba;3302601
166;2;2009;Angra dos Reis;3300100
167;2;2009;Paraty;3303807
168;2;2009;Rio Claro;3304409
1;3;2009;Rio de Janeiro;3304557
4;3;2009;Rio de Janeiro;3304557
5;3;2009;Rio de Janeiro;3304557
6;3;2009;Rio de Janeiro;3304557
7;3;2009;Rio de Janeiro;3304557
9;3;2009;Rio de Janeiro;3304557
10;3;2009;Rio de Janeiro;3304557
12;3;2009;Rio de Janeiro;3304557
13;3;2009;Rio de Janeiro;3304557
14;3;2009;Rio de Janeiro;3304557
15;3;2009;Rio de Janeiro;3304557
16;3;2009;Rio de Janeiro;3304557
17;3;2009;Rio de Janeiro;3304557
18;3;2009;Rio de Janeiro;3304557
19;3;2009;Rio de Janeiro;3304557
20;3;2009;Rio de Janeiro;3304557
21;3;2009;Rio de Janeiro;3304557
22;3;2009;Rio de Janeiro;3304557
23;3;2009;Rio de Janeiro;3304557
24;3;2009;Rio de Janeiro;3304557
25;3;2009;Rio de Janeiro;3304557
26;3;2009;Rio de Janeiro;3304557
27;3;2009;Rio de Janeiro;3304557
28;3;2009;Rio de Janeiro;3304557
29;3;2009;Rio de Janeiro;3304557
30;3;2009;Rio de Janeiro;3304557
31;3;2009;Rio de Janeiro;3304557
32;3;2009;Rio de Janeiro;3304557
33;3;2009;Rio de Janeiro;3304557
34;3;2009;Rio de Janeiro;3304557
35;3;2009;Rio de Janeiro;3304557
36;3;2009;Rio de Janeiro;3304557
37;3;2009;Rio de Janeiro;3304557
38;3;2009;Rio de Janeiro;3304557
39;3;2009;Rio de Janeiro;3304557
40;3;2009;Rio de Janeiro;3304557
41;3;2009;Rio de Janeiro;3304557
43;3;2009;Rio de Janeiro;3304557
44;3;2009;Rio de Janeiro;3304557
48;3;2009;Seropédica;3305554
50;3;2009;Itaguaí;3302007
51;3;2009;Paracambi;3303609
52;3;2009;Nova Iguaçu;3303500
53;3;2009;Mesquita;3302858
54;3;2009;Belford Roxo;3300456
55;3;2009;Queimados;3304144
56;3;2009;Nova Iguaçu;3303500
57;3;2009;Nilópolis;3303203
58;3;2009;Nova Iguaçu;3303500
59;3;2009;Duque de Caxias;3301702
60;3;2009;Duque de Caxias;3301702
61;3;2009;Duque de Caxias;3301702
62;3;2009;Duque de Caxias;3301702
63;3;2009;Japeri;3302270
64;3;2009;São João de Meriti;3305109
65;3;2009;"Magé;Guapimirim";9999982
66;3;2009;Magé;3302502
71;3;2009;"Itaboraí;Tanguá";9999983
72;3;2009;São Gonçalo;3304904
73;3;2009;São Gonçalo;3304904
74;3;2009;São Gonçalo;3304904
75;3;2009;São Gonçalo;3304904
76;3;2009;Niterói;3303302
77;3;2009;Niterói;3303302
78;3;2009;Niterói;3303302
79;3;2009;Niterói;3303302
81;3;2009;Niterói;3303302
82;3;2009;Maricá;3302700
88;3;2009;Barra do Pirai;3300308
89;3;2009;Resende;3304201
90;3;2009;Barra Mansa;3300407
91;3;2009;Valença;3306107
92;3;2009;Rio das Flores;3304508
93;3;2009;Volta Redonda;3306305
94;3;2009;Piraí;3304003
95;3;2009;Vassouras;3306206
96;3;2009;"Miguel Pereira;Paty dos Alferes";9999999
97;3;2009;Mendes;3302809
98;3;2009;Engenheiro Paulo de Frontin;3301801
99;3;2009;Itatiaia;3302254
100;3;2009;"Porto Real;Quatis";9999992
101;3;2009;Pinheiral;3303955
104;3;2009;São José do Vale do Rio Preto;3305158
105;3;2009;Petrópolis;3303906
106;3;2009;Petrópolis;3303906
107;3;2009;Paraíba do Sul;3303708
108;3;2009;"Comendador Levy Gasparian;Areal;Três Rios";9999991
109;3;2009;Sapucaia;3305406
110;3;2009;Teresópolis;3305802
111;3;2009;Sumidouro;3305703
112;3;2009;Carmo;3301207
118;3;2009;Araruama;3300209
119;3;2009;Rio Bonito;3304300
120;3;2009;Silva Jardim;3305604
121;3;2009;Casimiro de Abreu;3301306
122;3;2009;Conceição de Macabú;3301405
123;3;2009;Macaé;3302403
124;3;2009;Saquarema;3305505
125;3;2009;São Pedro da Aldeia;3305208
126;3;2009;"Cabo Frio;Arraial do Cabo";9999985
127;3;2009;Armação dos Búzios;3300233
128;3;2009;Rio das Ostras;3304524
129;3;2009;Iguaba Grande;3301876
130;3;2009;"Quissamã;Carapebus";9999994
134;3;2009;Campos dos Goytacazes;3301009
135;3;2009;Itaocara;3302106
136;3;2009;"Santo Antônio de Pádua;Aperibé";9999993
137;3;2009;Miracema;3303005
138;3;2009;Laje do Muriaé;3302304
139;3;2009;Porciúncula;3304102
140;3;2009;"Natividade;Varre-Sai";9999997
141;3;2009;São Fidélis;3304805
142;3;2009;Cambuci;3300902
143;3;2009;"Itaperuna;São José de Ubá";9999996
144;3;2009;Bom Jesus de Itabapoana;3300605
145;3;2009;São João da Barra;3305000
146;3;2009;Campos dos Goytacazes;3301009
147;3;2009;São Francisco de Itabapoana;3304755
151;3;2009;Nova Friburgo;3303401
152;3;2009;Duas Barras;3301603
153;3;2009;Cantagalo;3301108
154;3;2009;"Cordeiro;Macuco";9999998
155;3;2009;São Sebastião do Alto;3305307
156;3;2009;Santa Maria Madalena;3304607
157;3;2009;Trajano de Morais;3305901
158;3;2009;Bom Jardim;3300506
159;3;2009;Cachoeiras de Macacu;3300803
165;3;2009;Mangaratiba;3302601
166;3;2009;Angra dos Reis;3300100
167;3;2009;Paraty;3303807
168;3;2009;Rio Claro;3304409
1;4;2009;Rio de Janeiro;3304557
4;4;2009;Rio de Janeiro;3304557
5;4;2009;Rio de Janeiro;3304557
6;4;2009;Rio de Janeiro;3304557
7;4;2009;Rio de Janeiro;3304557
9;4;2009;Rio de Janeiro;3304557
10;4;2009;Rio de Janeiro;3304557
12;4;2009;Rio de Janeiro;3304557
13;4;2009;Rio de Janeiro;3304557
14;4;2009;Rio de Janeiro;3304557
15;4;2009;Rio de Janeiro;3304557
16;4;2009;Rio de Janeiro;3304557
17;4;2009;Rio de Janeiro;3304557
18;4;2009;Rio de Janeiro;3304557
19;4;2009;Rio de Janeiro;3304557
20;4;2009;Rio de Janeiro;3304557
21;4;2009;Rio de Janeiro;3304557
22;4;2009;Rio de Janeiro;3304557
23;4;2009;Rio de Janeiro;3304557
24;4;2009;Rio de Janeiro;3304557
25;4;2009;Rio de Janeiro;3304557
26;4;2009;Rio de Janeiro;3304557
27;4;2009;Rio de Janeiro;3304557
28;4;2009;Rio de Janeiro;3304557
29;4;2009;Rio de Janeiro;3304557
30;4;2009;Rio de Janeiro;3304557
31;4;2009;Rio de Janeiro;3304557
32;4;2009;Rio de Janeiro;3304557
33;4;2009;Rio de Janeiro;3304557
34;4;2009;Rio de Janeiro;3304557
35;4;2009;Rio de Janeiro;3304557
36;4;2009;Rio de Janeiro;3304557
37;4;2009;Rio de Janeiro;3304557
38;4;2009;Rio de Janeiro;3304557
39;4;2009;Rio de Janeiro;3304557
40;4;2009;Rio de Janeiro;3304557
41;4;2009;Rio de Janeiro;3304557
43;4;2009;Rio de Janeiro;3304557
44;4;2009;Rio de Janeiro;3304557
48;4;2009;Seropédica;3305554
50;4;2009;Itaguaí;3302007
51;4;2009;Paracambi;3303609
52;4;2009;Nova Iguaçu;3303500
53;4;2009;Mesquita;3302858
54;4;2009;Belford Roxo;3300456
55;4;2009;Queimados;3304144
56;4;2009;Nova Iguaçu;3303500
57;4;2009;Nilópolis;3303203
58;4;2009;Nova Iguaçu;3303500
59;4;2009;Duque de Caxias;3301702
60;4;2009;Duque de Caxias;3301702
61;4;2009;Duque de Caxias;3301702
62;4;2009;Duque de Caxias;3301702
63;4;2009;Japeri;3302270
64;4;2009;São João de Meriti;3305109
65;4;2009;"Magé;Guapimirim";9999982
66;4;2009;Magé;3302502
71;4;2009;"Itaboraí;Tanguá";9999983
72;4;2009;São Gonçalo;3304904
73;4;2009;São Gonçalo;3304904
74;4;2009;São Gonçalo;3304904
75;4;2009;São Gonçalo;3304904
76;4;2009;Niterói;3303302
77;4;2009;Niterói;3303302
78;4;2009;Niterói;3303302
79;4;2009;Niterói;3303302
81;4;2009;Niterói;3303302
82;4;2009;Maricá;3302700
88;4;2009;Barra do Pirai;3300308
89;4;2009;Resende;3304201
90;4;2009;Barra Mansa;3300407
91;4;2009;Valença;3306107
92;4;2009;Rio das Flores;3304508
93;4;2009;Volta Redonda;3306305
94;4;2009;Piraí;3304003
95;4;2009;Vassouras;3306206
96;4;2009;"Miguel Pereira;Paty dos Alferes";9999999
97;4;2009;Mendes;3302809
98;4;2009;Engenheiro Paulo de Frontin;3301801
99;4;2009;Itatiaia;3302254
100;4;2009;"Porto Real;Quatis";9999992
101;4;2009;Pinheiral;3303955
104;4;2009;São José do Vale do Rio Preto;3305158
105;4;2009;Petrópolis;3303906
106;4;2009;Petrópolis;3303906
107;4;2009;Paraíba do Sul;3303708
108;4;2009;"Comendador Levy Gasparian;Areal;Três Rios";9999991
109;4;2009;Sapucaia;3305406
110;4;2009;Teresópolis;3305802
111;4;2009;Sumidouro;3305703
112;4;2009;Carmo;3301207
118;4;2009;Araruama;3300209
119;4;2009;Rio Bonito;3304300
120;4;2009;Silva Jardim;3305604
121;4;2009;Casimiro de Abreu;3301306
122;4;2009;Conceição de Macabú;3301405
123;4;2009;Macaé;3302403
124;4;2009;Saquarema;3305505
125;4;2009;São Pedro da Aldeia;3305208
126;4;2009;"Cabo Frio;Arraial do Cabo";9999985
127;4;2009;Armação dos Búzios;3300233
128;4;2009;Rio das Ostras;3304524
129;4;2009;Iguaba Grande;3301876
130;4;2009;"Quissamã;Carapebus";9999994
134;4;2009;Campos dos Goytacazes;3301009
135;4;2009;Itaocara;3302106
136;4;2009;"Santo Antônio de Pádua;Aperibé";9999993
137;4;2009;Miracema;3303005
138;4;2009;Laje do Muriaé;3302304
139;4;2009;Porciúncula;3304102
140;4;2009;"Natividade;Varre-Sai";9999997
141;4;2009;São Fidélis;3304805
142;4;2009;Cambuci;3300902
143;4;2009;"Itaperuna;São José de Ubá";9999996
144;4;2009;Bom Jesus de Itabapoana;3300605
145;4;2009;São João da Barra;3305000
146;4;2009;Campos dos Goytacazes;3301009
147;4;2009;São Francisco de Itabapoana;3304755
151;4;2009;Nova Friburgo;3303401
152;4;2009;Duas Barras;3301603
153;4;2009;Cantagalo;3301108
154;4;2009;"Cordeiro;Macuco";9999998
155;4;2009;São Sebastião do Alto;3305307
156;4;2009;Santa Maria Madalena;3304607
157;4;2009;Trajano de Morais;3305901
158;4;2009;Bom Jardim;3300506
159;4;2009;Cachoeiras de Macacu;3300803
165;4;2009;Mangaratiba;3302601
166;4;2009;Angra dos Reis;3300100
167;4;2009;Paraty;3303807
168;4;2009;Rio Claro;3304409
1;5;2009;Rio de Janeiro;3304557
4;5;2009;Rio de Janeiro;3304557
5;5;2009;Rio de Janeiro;3304557
6;5;2009;Rio de Janeiro;3304557
7;5;2009;Rio de Janeiro;3304557
9;5;2009;Rio de Janeiro;3304557
10;5;2009;Rio de Janeiro;3304557
12;5;2009;Rio de Janeiro;3304557
13;5;2009;Rio de Janeiro;3304557
14;5;2009;Rio de Janeiro;3304557
15;5;2009;Rio de Janeiro;3304557
16;5;2009;Rio de Janeiro;3304557
17;5;2009;Rio de Janeiro;3304557
18;5;2009;Rio de Janeiro;3304557
19;5;2009;Rio de Janeiro;3304557
20;5;2009;Rio de Janeiro;3304557
21;5;2009;Rio de Janeiro;3304557
22;5;2009;Rio de Janeiro;3304557
23;5;2009;Rio de Janeiro;3304557
24;5;2009;Rio de Janeiro;3304557
25;5;2009;Rio de Janeiro;3304557
26;5;2009;Rio de Janeiro;3304557
27;5;2009;Rio de Janeiro;3304557
28;5;2009;Rio de Janeiro;3304557
29;5;2009;Rio de Janeiro;3304557
30;5;2009;Rio de Janeiro;3304557
31;5;2009;Rio de Janeiro;3304557
32;5;2009;Rio de Janeiro;3304557
33;5;2009;Rio de Janeiro;3304557
34;5;2009;Rio de Janeiro;3304557
35;5;2009;Rio de Janeiro;3304557
36;5;2009;Rio de Janeiro;3304557
37;5;2009;Rio de Janeiro;3304557
38;5;2009;Rio de Janeiro;3304557
39;5;2009;Rio de Janeiro;3304557
40;5;2009;Rio de Janeiro;3304557
41;5;2009;Rio de Janeiro;3304557
43;5;2009;Rio de Janeiro;3304557
44;5;2009;Rio de Janeiro;3304557
48;5;2009;Seropédica;3305554
50;5;2009;Itaguaí;3302007
51;5;2009;Paracambi;3303609
52;5;2009;Nova Iguaçu;3303500
53;5;2009;Mesquita;3302858
54;5;2009;Belford Roxo;3300456
55;5;2009;Queimados;3304144
56;5;2009;Nova Iguaçu;3303500
57;5;2009;Nilópolis;3303203
58;5;2009;Nova Iguaçu;3303500
59;5;2009;Duque de Caxias;3301702
60;5;2009;Duque de Caxias;3301702
61;5;2009;Duque de Caxias;3301702
62;5;2009;Duque de Caxias;3301702
63;5;2009;Japeri;3302270
64;5;2009;São João de Meriti;3305109
65;5;2009;"Magé;Guapimirim";9999982
66;5;2009;Magé;3302502
71;5;2009;"Itaboraí;Tanguá";9999983
72;5;2009;São Gonçalo;3304904
73;5;2009;São Gonçalo;3304904
74;5;2009;São Gonçalo;3304904
75;5;2009;São Gonçalo;3304904
76;5;2009;Niterói;3303302
77;5;2009;Niterói;3303302
78;5;2009;Niterói;3303302
79;5;2009;Niterói;3303302
81;5;2009;Niterói;3303302
82;5;2009;Maricá;3302700
88;5;2009;Barra do Pirai;3300308
89;5;2009;Resende;3304201
90;5;2009;Barra Mansa;3300407
91;5;2009;Valença;3306107
92;5;2009;Rio das Flores;3304508
93;5;2009;Volta Redonda;3306305
94;5;2009;Piraí;3304003
95;5;2009;Vassouras;3306206
96;5;2009;"Miguel Pereira;Paty dos Alferes";9999999
97;5;2009;Mendes;3302809
98;5;2009;Engenheiro Paulo de Frontin;3301801
99;5;2009;Itatiaia;3302254
100;5;2009;"Porto Real;Quatis";9999992
101;5;2009;Pinheiral;3303955
104;5;2009;São José do Vale do Rio Preto;3305158
105;5;2009;Petrópolis;3303906
106;5;2009;Petrópolis;3303906
107;5;2009;Paraíba do Sul;3303708
108;5;2009;"Comendador Levy Gasparian;Areal;Três Rios";9999991
109;5;2009;Sapucaia;3305406
110;5;2009;Teresópolis;3305802
111;5;2009;Sumidouro;3305703
112;5;2009;Carmo;3301207
118;5;2009;Araruama;3300209
119;5;2009;Rio Bonito;3304300
120;5;2009;Silva Jardim;3305604
121;5;2009;Casimiro de Abreu;3301306
122;5;2009;Conceição de Macabú;3301405
123;5;2009;Macaé;3302403
124;5;2009;Saquarema;3305505
125;5;2009;São Pedro da Aldeia;3305208
126;5;2009;"Cabo Frio;Arraial do Cabo";9999985
127;5;2009;Armação dos Búzios;3300233
128;5;2009;Rio das Ostras;3304524
129;5;2009;Iguaba Grande;3301876
130;5;2009;"Quissamã;Carapebus";9999994
134;5;2009;Campos dos Goytacazes;3301009
135;5;2009;Itaocara;3302106
136;5;2009;"Santo Antônio de Pádua;Aperibé";9999993
137;5;2009;Miracema;3303005
138;5;2009;Laje do Muriaé;3302304
139;5;2009;Porciúncula;3304102
140;5;2009;"Natividade;Varre-Sai";9999997
141;5;2009;São Fidélis;3304805
142;5;2009;Cambuci;3300902
143;5;2009;"Itaperuna;São José de Ubá";9999996
144;5;2009;Bom Jesus de Itabapoana;3300605
145;5;2009;São João da Barra;3305000
146;5;2009;Campos dos Goytacazes;3301009
147;5;2009;São Francisco de Itabapoana;3304755
151;5;2009;Nova Friburgo;3303401
152;5;2009;Duas Barras;3301603
153;5;2009;Cantagalo;3301108
154;5;2009;"Cordeiro;Macuco";9999998
155;5;2009;São Sebastião do Alto;3305307
156;5;2009;Santa Maria Madalena;3304607
157;5;2009;Trajano de Morais;3305901
158;5;2009;Bom Jardim;3300506
159;5;2009;Cachoeiras de Macacu;3300803
165;5;2009;Mangaratiba;3302601
166;5;2009;Angra dos Reis;3300100
167;5;2009;Paraty;3303807
168;5;2009;Rio Claro;3304409
1;6;2009;Rio de Janeiro;3304557
4;6;2009;Rio de Janeiro;3304557
5;6;2009;Rio de Janeiro;3304557
6;6;2009;Rio de Janeiro;3304557
7;6;2009;Rio de Janeiro;3304557
9;6;2009;Rio de Janeiro;3304557
10;6;2009;Rio de Janeiro;3304557
12;6;2009;Rio de Janeiro;3304557
13;6;2009;Rio de Janeiro;3304557
14;6;2009;Rio de Janeiro;3304557
15;6;2009;Rio de Janeiro;3304557
16;6;2009;Rio de Janeiro;3304557
17;6;2009;Rio de Janeiro;3304557
18;6;2009;Rio de Janeiro;3304557
19;6;2009;Rio de Janeiro;3304557
20;6;2009;Rio de Janeiro;3304557
21;6;2009;Rio de Janeiro;3304557
22;6;2009;Rio de Janeiro;3304557
23;6;2009;Rio de Janeiro;3304557
24;6;2009;Rio de Janeiro;3304557
25;6;2009;Rio de Janeiro;3304557
26;6;2009;Rio de Janeiro;3304557
27;6;2009;Rio de Janeiro;3304557
28;6;2009;Rio de Janeiro;3304557
29;6;2009;Rio de Janeiro;3304557
30;6;2009;Rio de Janeiro;3304557
31;6;2009;Rio de Janeiro;3304557
32;6;2009;Rio de Janeiro;3304557
33;6;2009;Rio de Janeiro;3304557
34;6;2009;Rio de Janeiro;3304557
35;6;2009;Rio de Janeiro;3304557
36;6;2009;Rio de Janeiro;3304557
37;6;2009;Rio de Janeiro;3304557
38;6;2009;Rio de Janeiro;3304557
39;6;2009;Rio de Janeiro;3304557
40;6;2009;Rio de Janeiro;3304557
41;6;2009;Rio de Janeiro;3304557
43;6;2009;Rio de Janeiro;3304557
44;6;2009;Rio de Janeiro;3304557
48;6;2009;Seropédica;3305554
50;6;2009;Itaguaí;3302007
51;6;2009;Paracambi;3303609
52;6;2009;Nova Iguaçu;3303500
53;6;2009;Mesquita;3302858
54;6;2009;Belford Roxo;3300456
55;6;2009;Queimados;3304144
56;6;2009;Nova Iguaçu;3303500
57;6;2009;Nilópolis;3303203
58;6;2009;Nova Iguaçu;3303500
59;6;2009;Duque de Caxias;3301702
60;6;2009;Duque de Caxias;3301702
61;6;2009;Duque de Caxias;3301702
62;6;2009;Duque de Caxias;3301702
63;6;2009;Japeri;3302270
64;6;2009;São João de Meriti;3305109
65;6;2009;"Magé;Guapimirim";9999982
66;6;2009;Magé;3302502
71;6;2009;"Itaboraí;Tanguá";9999983
72;6;2009;São Gonçalo;3304904
73;6;2009;São Gonçalo;3304904
74;6;2009;São Gonçalo;3304904
75;6;2009;São Gonçalo;3304904
76;6;2009;Niterói;3303302
77;6;2009;Niterói;3303302
78;6;2009;Niterói;3303302
79;6;2009;Niterói;3303302
81;6;2009;Niterói;3303302
82;6;2009;Maricá;3302700
88;6;2009;Barra do Pirai;3300308
89;6;2009;Resende;3304201
90;6;2009;Barra Mansa;3300407
91;6;2009;Valença;3306107
92;6;2009;Rio das Flores;3304508
93;6;2009;Volta Redonda;3306305
94;6;2009;Piraí;3304003
95;6;2009;Vassouras;3306206
96;6;2009;"Miguel Pereira;Paty dos Alferes";9999999
97;6;2009;Mendes;3302809
98;6;2009;Engenheiro Paulo de Frontin;3301801
99;6;2009;Itatiaia;3302254
100;6;2009;"Porto Real;Quatis";9999992
101;6;2009;Pinheiral;3303955
104;6;2009;São José do Vale do Rio Preto;3305158
105;6;2009;Petrópolis;3303906
106;6;2009;Petrópolis;3303906
107;6;2009;Paraíba do Sul;3303708
108;6;2009;"Comendador Levy Gasparian;Areal;Três Rios";9999991
109;6;2009;Sapucaia;3305406
110;6;2009;Teresópolis;3305802
111;6;2009;Sumidouro;3305703
112;6;2009;Carmo;3301207
118;6;2009;Araruama;3300209
119;6;2009;Rio Bonito;3304300
120;6;2009;Silva Jardim;3305604
121;6;2009;Casimiro de Abreu;3301306
122;6;2009;Conceição de Macabú;3301405
123;6;2009;Macaé;3302403
124;6;2009;Saquarema;3305505
125;6;2009;São Pedro da Aldeia;3305208
126;6;2009;"Cabo Frio;Arraial do Cabo";9999985
127;6;2009;Armação dos Búzios;3300233
128;6;2009;Rio das Ostras;3304524
129;6;2009;Iguaba Grande;3301876
130;6;2009;"Quissamã;Carapebus";9999994
134;6;2009;Campos dos Goytacazes;3301009
135;6;2009;Itaocara;3302106
136;6;2009;"Santo Antônio de Pádua;Aperibé";9999993
137;6;2009;Miracema;3303005
138;6;2009;Laje do Muriaé;3302304
139;6;2009;Porciúncula;3304102
140;6;2009;"Natividade;Varre-Sai";9999997
141;6;2009;São Fidélis;3304805
142;6;2009;Cambuci;3300902
143;6;2009;"Itaperuna;São José de Ubá";9999996
144;6;2009;Bom Jesus de Itabapoana;3300605
145;6;2009;São João da Barra;3305000
146;6;2009;Campos dos Goytacazes;3301009
147;6;2009;São Francisco de Itabapoana;3304755
151;6;2009;Nova Friburgo;3303401
152;6;2009;Duas Barras;3301603
153;6;2009;Cantagalo;3301108
154;6;2009;"Cordeiro;Macuco";9999998
155;6;2009;São Sebastião do Alto;3305307
156;6;2009;Santa Maria Madalena;3304607
157;6;2009;Trajano de Morais;3305901
158;6;2009;Bom Jardim;3300506
159;6;2009;Cachoeiras de Macacu;3300803
165;6;2009;Mangaratiba;3302601
166;6;2009;Angra dos Reis;3300100
167;6;2009;Paraty;3303807
168;6;2009;Rio Claro;3304409
1;7;2009;Rio de Janeiro;3304557
4;7;2009;Rio de Janeiro;3304557
5;7;2009;Rio de Janeiro;3304557
6;7;2009;Rio de Janeiro;3304557
7;7;2009;Rio de Janeiro;3304557
9;7;2009;Rio de Janeiro;3304557
10;7;2009;Rio de Janeiro;3304557
12;7;2009;Rio de Janeiro;3304557
13;7;2009;Rio de Janeiro;3304557
14;7;2009;Rio de Janeiro;3304557
15;7;2009;Rio de Janeiro;3304557
16;7;2009;Rio de Janeiro;3304557
17;7;2009;Rio de Janeiro;3304557
18;7;2009;Rio de Janeiro;3304557
19;7;2009;Rio de Janeiro;3304557
20;7;2009;Rio de Janeiro;3304557
21;7;2009;Rio de Janeiro;3304557
22;7;2009;Rio de Janeiro;3304557
23;7;2009;Rio de Janeiro;3304557
24;7;2009;Rio de Janeiro;3304557
25;7;2009;Rio de Janeiro;3304557
26;7;2009;Rio de Janeiro;3304557
27;7;2009;Rio de Janeiro;3304557
28;7;2009;Rio de Janeiro;3304557
29;7;2009;Rio de Janeiro;3304557
30;7;2009;Rio de Janeiro;3304557
31;7;2009;Rio de Janeiro;3304557
32;7;2009;Rio de Janeiro;3304557
33;7;2009;Rio de Janeiro;3304557
34;7;2009;Rio de Janeiro;3304557
35;7;2009;Rio de Janeiro;3304557
36;7;2009;Rio de Janeiro;3304557
37;7;2009;Rio de Janeiro;3304557
38;7;2009;Rio de Janeiro;3304557
39;7;2009;Rio de Janeiro;3304557
40;7;2009;Rio de Janeiro;3304557
41;7;2009;Rio de Janeiro;3304557
43;7;2009;Rio de Janeiro;3304557
44;7;2009;Rio de Janeiro;3304557
48;7;2009;Seropédica;3305554
50;7;2009;Itaguaí;3302007
51;7;2009;Paracambi;3303609
52;7;2009;Nova Iguaçu;3303500
53;7;2009;Mesquita;3302858
54;7;2009;Belford Roxo;3300456
55;7;2009;Queimados;3304144
56;7;2009;Nova Iguaçu;3303500
57;7;2009;Nilópolis;3303203
58;7;2009;Nova Iguaçu;3303500
59;7;2009;Duque de Caxias;3301702
60;7;2009;Duque de Caxias;3301702
61;7;2009;Duque de Caxias;3301702
62;7;2009;Duque de Caxias;3301702
63;7;2009;Japeri;3302270
64;7;2009;São João de Meriti;3305109
65;7;2009;"Magé;Guapimirim";9999982
66;7;2009;Magé;3302502
71;7;2009;"Itaboraí;Tanguá";9999983
72;7;2009;São Gonçalo;3304904
73;7;2009;São Gonçalo;3304904
74;7;2009;São Gonçalo;3304904
75;7;2009;São Gonçalo;3304904
76;7;2009;Niterói;3303302
77;7;2009;Niterói;3303302
78;7;2009;Niterói;3303302
79;7;2009;Niterói;3303302
81;7;2009;Niterói;3303302
82;7;2009;Maricá;3302700
88;7;2009;Barra do Pirai;3300308
89;7;2009;Resende;3304201
90;7;2009;Barra Mansa;3300407
91;7;2009;Valença;3306107
92;7;2009;Rio das Flores;3304508
93;7;2009;Volta Redonda;3306305
94;7;2009;Piraí;3304003
95;7;2009;Vassouras;3306206
96;7;2009;"Miguel Pereira;Paty dos Alferes";9999999
97;7;2009;Mendes;3302809
98;7;2009;Engenheiro Paulo de Frontin;3301801
99;7;2009;Itatiaia;3302254
100;7;2009;"Porto Real;Quatis";9999992
101;7;2009;Pinheiral;3303955
104;7;2009;São José do Vale do Rio Preto;3305158
105;7;2009;Petrópolis;3303906
106;7;2009;Petrópolis;3303906
107;7;2009;Paraíba do Sul;3303708
108;7;2009;"Comendador Levy Gasparian;Areal;Três Rios";9999991
109;7;2009;Sapucaia;3305406
110;7;2009;Teresópolis;3305802
111;7;2009;Sumidouro;3305703
112;7;2009;Carmo;3301207
118;7;2009;Araruama;3300209
119;7;2009;Rio Bonito;3304300
120;7;2009;Silva Jardim;3305604
121;7;2009;Casimiro de Abreu;3301306
122;7;2009;Conceição de Macabú;3301405
123;7;2009;Macaé;3302403
124;7;2009;Saquarema;3305505
125;7;2009;São Pedro da Aldeia;3305208
126;7;2009;"Cabo Frio;Arraial do Cabo";9999985
127;7;2009;Armação dos Búzios;3300233
128;7;2009;Rio das Ostras;3304524
129;7;2009;Iguaba Grande;3301876
130;7;2009;"Quissamã;Carapebus";9999994
134;7;2009;Campos dos Goytacazes;3301009
135;7;2009;Itaocara;3302106
136;7;2009;"Santo Antônio de Pádua;Aperibé";9999993
137;7;2009;Miracema;3303005
138;7;2009;Laje do Muriaé;3302304
139;7;2009;Porciúncula;3304102
140;7;2009;"Natividade;Varre-Sai";9999997
141;7;2009;São Fidélis;3304805
142;7;2009;Cambuci;3300902
143;7;2009;"Itaperuna;São José de Ubá";9999996
144;7;2009;Bom Jesus de Itabapoana;3300605
145;7;2009;São João da Barra;3305000
146;7;2009;Campos dos Goytacazes;3301009
147;7;2009;São Francisco de Itabapoana;3304755
151;7;2009;Nova Friburgo;3303401
152;7;2009;Duas Barras;3301603
153;7;2009;Cantagalo;3301108
154;7;2009;"Cordeiro;Macuco";9999998
155;7;2009;São Sebastião do Alto;3305307
156;7;2009;Santa Maria Madalena;3304607
157;7;2009;Trajano de Morais;3305901
158;7;2009;Bom Jardim;3300506
159;7;2009;Cachoeiras de Macacu;3300803
165;7;2009;Mangaratiba;3302601
166;7;2009;Angra dos Reis;3300100
167;7;2009;Paraty;3303807
168;7;2009;Rio Claro;3304409
1;8;2009;Rio de Janeiro;3304557
4;8;2009;Rio de Janeiro;3304557
5;8;2009;Rio de Janeiro;3304557
6;8;2009;Rio de Janeiro;3304557
7;8;2009;Rio de Janeiro;3304557
9;8;2009;Rio de Janeiro;3304557
10;8;2009;Rio de Janeiro;3304557
12;8;2009;Rio de Janeiro;3304557
13;8;2009;Rio de Janeiro;3304557
14;8;2009;Rio de Janeiro;3304557
15;8;2009;Rio de Janeiro;3304557
16;8;2009;Rio de Janeiro;3304557
17;8;2009;Rio de Janeiro;3304557
18;8;2009;Rio de Janeiro;3304557
19;8;2009;Rio de Janeiro;3304557
20;8;2009;Rio de Janeiro;3304557
21;8;2009;Rio de Janeiro;3304557
22;8;2009;Rio de Janeiro;3304557
23;8;2009;Rio de Janeiro;3304557
24;8;2009;Rio de Janeiro;3304557
25;8;2009;Rio de Janeiro;3304557
26;8;2009;Rio de Janeiro;3304557
27;8;2009;Rio de Janeiro;3304557
28;8;2009;Rio de Janeiro;3304557
29;8;2009;Rio de Janeiro;3304557
30;8;2009;Rio de Janeiro;3304557
31;8;2009;Rio de Janeiro;3304557
32;8;2009;Rio de Janeiro;3304557
33;8;2009;Rio de Janeiro;3304557
34;8;2009;Rio de Janeiro;3304557
35;8;2009;Rio de Janeiro;3304557
36;8;2009;Rio de Janeiro;3304557
37;8;2009;Rio de Janeiro;3304557
38;8;2009;Rio de Janeiro;3304557
39;8;2009;Rio de Janeiro;3304557
40;8;2009;Rio de Janeiro;3304557
41;8;2009;Rio de Janeiro;3304557
43;8;2009;Rio de Janeiro;3304557
44;8;2009;Rio de Janeiro;3304557
48;8;2009;Seropédica;3305554
50;8;2009;Itaguaí;3302007
51;8;2009;Paracambi;3303609
52;8;2009;Nova Iguaçu;3303500
53;8;2009;Mesquita;3302858
54;8;2009;Belford Roxo;3300456
55;8;2009;Queimados;3304144
56;8;2009;Nova Iguaçu;3303500
57;8;2009;Nilópolis;3303203
58;8;2009;Nova Iguaçu;3303500
59;8;2009;Duque de Caxias;3301702
60;8;2009;Duque de Caxias;3301702
61;8;2009;Duque de Caxias;3301702
62;8;2009;Duque de Caxias;3301702
63;8;2009;Japeri;3302270
64;8;2009;São João de Meriti;3305109
65;8;2009;"Magé;Guapimirim";9999982
66;8;2009;Magé;3302502
71;8;2009;"Itaboraí;Tanguá";9999983
72;8;2009;São Gonçalo;3304904
73;8;2009;São Gonçalo;3304904
74;8;2009;São Gonçalo;3304904
75;8;2009;São Gonçalo;3304904
76;8;2009;Niterói;3303302
77;8;2009;Niterói;3303302
78;8;2009;Niterói;3303302
79;8;2009;Niterói;3303302
81;8;2009;Niterói;3303302
82;8;2009;Maricá;3302700
88;8;2009;Barra do Pirai;3300308
89;8;2009;Resende;3304201
90;8;2009;Barra Mansa;3300407
91;8;2009;Valença;3306107
92;8;2009;Rio das Flores;3304508
93;8;2009;Volta Redonda;3306305
94;8;2009;Piraí;3304003
95;8;2009;Vassouras;3306206
96;8;2009;"Miguel Pereira;Paty dos Alferes";9999999
97;8;2009;Mendes;3302809
98;8;2009;Engenheiro Paulo de Frontin;3301801
99;8;2009;Itatiaia;3302254
100;8;2009;"Porto Real;Quatis";9999992
101;8;2009;Pinheiral;3303955
104;8;2009;São José do Vale do Rio Preto;3305158
105;8;2009;Petrópolis;3303906
106;8;2009;Petrópolis;3303906
107;8;2009;Paraíba do Sul;3303708
108;8;2009;"Comendador Levy Gasparian;Areal;Três Rios";9999991
109;8;2009;Sapucaia;3305406
110;8;2009;Teresópolis;3305802
111;8;2009;Sumidouro;3305703
112;8;2009;Carmo;3301207
118;8;2009;Araruama;3300209
119;8;2009;Rio Bonito;3304300
120;8;2009;Silva Jardim;3305604
121;8;2009;Casimiro de Abreu;3301306
122;8;2009;Conceição de Macabú;3301405
123;8;2009;Macaé;3302403
124;8;2009;Saquarema;3305505
125;8;2009;São Pedro da Aldeia;3305208
126;8;2009;"Cabo Frio;Arraial do Cabo";9999985
127;8;2009;Armação dos Búzios;3300233
128;8;2009;Rio das Ostras;3304524
129;8;2009;Iguaba Grande;3301876
130;8;2009;"Quissamã;Carapebus";9999994
134;8;2009;Campos dos Goytacazes;3301009
135;8;2009;Itaocara;3302106
136;8;2009;"Santo Antônio de Pádua;Aperibé";9999993
137;8;2009;Miracema;3303005
138;8;2009;Laje do Muriaé;3302304
139;8;2009;Porciúncula;3304102
140;8;2009;"Natividade;Varre-Sai";9999997
141;8;2009;São Fidélis;3304805
142;8;2009;Cambuci;3300902
143;8;2009;"Itaperuna;São José de Ubá";9999996
144;8;2009;Bom Jesus de Itabapoana;3300605
145;8;2009;São João da Barra;3305000
146;8;2009;Campos dos Goytacazes;3301009
147;8;2009;São Francisco de Itabapoana;3304755
151;8;2009;Nova Friburgo;3303401
152;8;2009;Duas Barras;3301603
153;8;2009;Cantagalo;3301108
154;8;2009;"Cordeiro;Macuco";9999998
155;8;2009;São Sebastião do Alto;3305307
156;8;2009;Santa Maria Madalena;3304607
157;8;2009;Trajano de Morais;3305901
158;8;2009;Bom Jardim;3300506
159;8;2009;Cachoeiras de Macacu;3300803
165;8;2009;Mangaratiba;3302601
166;8;2009;Angra dos Reis;3300100
167;8;2009;Paraty;3303807
168;8;2009;Rio Claro;3304409
1;9;2009;Rio de Janeiro;3304557
4;9;2009;Rio de Janeiro;3304557
5;9;2009;Rio de Janeiro;3304557
6;9;2009;Rio de Janeiro;3304557
7;9;2009;Rio de Janeiro;3304557
9;9;2009;Rio de Janeiro;3304557
10;9;2009;Rio de Janeiro;3304557
12;9;2009;Rio de Janeiro;3304557
13;9;2009;Rio de Janeiro;3304557
14;9;2009;Rio de Janeiro;3304557
15;9;2009;Rio de Janeiro;3304557
16;9;2009;Rio de Janeiro;3304557
17;9;2009;Rio de Janeiro;3304557
18;9;2009;Rio de Janeiro;3304557
19;9;2009;Rio de Janeiro;3304557
20;9;2009;Rio de Janeiro;3304557
21;9;2009;Rio de Janeiro;3304557
22;9;2009;Rio de Janeiro;3304557
23;9;2009;Rio de Janeiro;3304557
24;9;2009;Rio de Janeiro;3304557
25;9;2009;Rio de Janeiro;3304557
26;9;2009;Rio de Janeiro;3304557
27;9;2009;Rio de Janeiro;3304557
28;9;2009;Rio de Janeiro;3304557
29;9;2009;Rio de Janeiro;3304557
30;9;2009;Rio de Janeiro;3304557
31;9;2009;Rio de Janeiro;3304557
32;9;2009;Rio de Janeiro;3304557
33;9;2009;Rio de Janeiro;3304557
34;9;2009;Rio de Janeiro;3304557
35;9;2009;Rio de Janeiro;3304557
36;9;2009;Rio de Janeiro;3304557
37;9;2009;Rio de Janeiro;3304557
38;9;2009;Rio de Janeiro;3304557
39;9;2009;Rio de Janeiro;3304557
40;9;2009;Rio de Janeiro;3304557
41;9;2009;Rio de Janeiro;3304557
43;9;2009;Rio de Janeiro;3304557
44;9;2009;Rio de Janeiro;3304557
48;9;2009;Seropédica;3305554
50;9;2009;Itaguaí;3302007
51;9;2009;Paracambi;3303609
52;9;2009;Nova Iguaçu;3303500
53;9;2009;Mesquita;3302858
54;9;2009;Belford Roxo;3300456
55;9;2009;Queimados;3304144
56;9;2009;Nova Iguaçu;3303500
57;9;2009;Nilópolis;3303203
58;9;2009;Nova Iguaçu;3303500
59;9;2009;Duque de Caxias;3301702
60;9;2009;Duque de Caxias;3301702
61;9;2009;Duque de Caxias;3301702
62;9;2009;Duque de Caxias;3301702
63;9;2009;Japeri;3302270
64;9;2009;São João de Meriti;3305109
65;9;2009;"Magé;Guapimirim";9999982
66;9;2009;Magé;3302502
71;9;2009;"Itaboraí;Tanguá";9999983
72;9;2009;São Gonçalo;3304904
73;9;2009;São Gonçalo;3304904
74;9;2009;São Gonçalo;3304904
75;9;2009;São Gonçalo;3304904
76;9;2009;Niterói;3303302
77;9;2009;Niterói;3303302
78;9;2009;Niterói;3303302
79;9;2009;Niterói;3303302
81;9;2009;Niterói;3303302
82;9;2009;Maricá;3302700
88;9;2009;Barra do Pirai;3300308
89;9;2009;Resende;3304201
90;9;2009;Barra Mansa;3300407
91;9;2009;Valença;3306107
92;9;2009;Rio das Flores;3304508
93;9;2009;Volta Redonda;3306305
94;9;2009;Piraí;3304003
95;9;2009;Vassouras;3306206
96;9;2009;"Miguel Pereira;Paty dos Alferes";9999999
97;9;2009;Mendes;3302809
98;9;2009;Engenheiro Paulo de Frontin;3301801
99;9;2009;Itatiaia;3302254
100;9;2009;"Porto Real;Quatis";9999992
101;9;2009;Pinheiral;3303955
104;9;2009;São José do Vale do Rio Preto;3305158
105;9;2009;Petrópolis;3303906
106;9;2009;Petrópolis;3303906
107;9;2009;Paraíba do Sul;3303708
108;9;2009;"Comendador Levy Gasparian;Areal;Três Rios";9999991
109;9;2009;Sapucaia;3305406
110;9;2009;Teresópolis;3305802
111;9;2009;Sumidouro;3305703
112;9;2009;Carmo;3301207
118;9;2009;Araruama;3300209
119;9;2009;Rio Bonito;3304300
120;9;2009;Silva Jardim;3305604
121;9;2009;Casimiro de Abreu;3301306
122;9;2009;Conceição de Macabú;3301405
123;9;2009;Macaé;3302403
124;9;2009;Saquarema;3305505
125;9;2009;São Pedro da Aldeia;3305208
126;9;2009;"Cabo Frio;Arraial do Cabo";9999985
127;9;2009;Armação dos Búzios;3300233
128;9;2009;Rio das Ostras;3304524
129;9;2009;Iguaba Grande;3301876
130;9;2009;"Quissamã;Carapebus";9999994
134;9;2009;Campos dos Goytacazes;3301009
135;9;2009;Itaocara;3302106
136;9;2009;"Santo Antônio de Pádua;Aperibé";9999993
137;9;2009;Miracema;3303005
138;9;2009;Laje do Muriaé;3302304
139;9;2009;Porciúncula;3304102
140;9;2009;"Natividade;Varre-Sai";9999997
141;9;2009;São Fidélis;3304805
142;9;2009;Cambuci;3300902
143;9;2009;"Itaperuna;São José de Ubá";9999996
144;9;2009;Bom Jesus de Itabapoana;3300605
145;9;2009;São João da Barra;3305000
146;9;2009;Campos dos Goytacazes;3301009
147;9;2009;São Francisco de Itabapoana;3304755
151;9;2009;Nova Friburgo;3303401
152;9;2009;Duas Barras;3301603
153;9;2009;Cantagalo;3301108
154;9;2009;"Cordeiro;Macuco";9999998
155;9;2009;São Sebastião do Alto;3305307
156;9;2009;Santa Maria Madalena;3304607
157;9;2009;Trajano de Morais;3305901
158;9;2009;Bom Jardim;3300506
159;9;2009;Cachoeiras de Macacu;3300803
165;9;2009;Mangaratiba;3302601
166;9;2009;Angra dos Reis;3300100
167;9;2009;Paraty;3303807
168;9;2009;Rio Claro;3304409
1;10;2009;Rio de Janeiro;3304557
4;10;2009;Rio de Janeiro;3304557
5;10;2009;Rio de Janeiro;3304557
6;10;2009;Rio de Janeiro;3304557
7;10;2009;Rio de Janeiro;3304557
9;10;2009;Rio de Janeiro;3304557
10;10;2009;Rio de Janeiro;3304557
12;10;2009;Rio de Janeiro;3304557
13;10;2009;Rio de Janeiro;3304557
14;10;2009;Rio de Janeiro;3304557
15;10;2009;Rio de Janeiro;3304557
16;10;2009;Rio de Janeiro;3304557
17;10;2009;Rio de Janeiro;3304557
18;10;2009;Rio de Janeiro;3304557
19;10;2009;Rio de Janeiro;3304557
20;10;2009;Rio de Janeiro;3304557
21;10;2009;Rio de Janeiro;3304557
22;10;2009;Rio de Janeiro;3304557
23;10;2009;Rio de Janeiro;3304557
24;10;2009;Rio de Janeiro;3304557
25;10;2009;Rio de Janeiro;3304557
26;10;2009;Rio de Janeiro;3304557
27;10;2009;Rio de Janeiro;3304557
28;10;2009;Rio de Janeiro;3304557
29;10;2009;Rio de Janeiro;3304557
30;10;2009;Rio de Janeiro;3304557
31;10;2009;Rio de Janeiro;3304557
32;10;2009;Rio de Janeiro;3304557
33;10;2009;Rio de Janeiro;3304557
34;10;2009;Rio de Janeiro;3304557
35;10;2009;Rio de Janeiro;3304557
36;10;2009;Rio de Janeiro;3304557
37;10;2009;Rio de Janeiro;3304557
38;10;2009;Rio de Janeiro;3304557
39;10;2009;Rio de Janeiro;3304557
40;10;2009;Rio de Janeiro;3304557
41;10;2009;Rio de Janeiro;3304557
43;10;2009;Rio de Janeiro;3304557
44;10;2009;Rio de Janeiro;3304557
48;10;2009;Seropédica;3305554
50;10;2009;Itaguaí;3302007
51;10;2009;Paracambi;3303609
52;10;2009;Nova Iguaçu;3303500
53;10;2009;Mesquita;3302858
54;10;2009;Belford Roxo;3300456
55;10;2009;Queimados;3304144
56;10;2009;Nova Iguaçu;3303500
57;10;2009;Nilópolis;3303203
58;10;2009;Nova Iguaçu;3303500
59;10;2009;Duque de Caxias;3301702
60;10;2009;Duque de Caxias;3301702
61;10;2009;Duque de Caxias;3301702
62;10;2009;Duque de Caxias;3301702
63;10;2009;Japeri;3302270
64;10;2009;São João de Meriti;3305109
65;10;2009;"Magé;Guapimirim";9999982
66;10;2009;Magé;3302502
71;10;2009;"Itaboraí;Tanguá";9999983
72;10;2009;São Gonçalo;3304904
73;10;2009;São Gonçalo;3304904
74;10;2009;São Gonçalo;3304904
75;10;2009;São Gonçalo;3304904
76;10;2009;Niterói;3303302
77;10;2009;Niterói;3303302
78;10;2009;Niterói;3303302
79;10;2009;Niterói;3303302
81;10;2009;Niterói;3303302
82;10;2009;Maricá;3302700
88;10;2009;Barra do Pirai;3300308
89;10;2009;Resende;3304201
90;10;2009;Barra Mansa;3300407
91;10;2009;Valença;3306107
92;10;2009;Rio das Flores;3304508
93;10;2009;Volta Redonda;3306305
94;10;2009;Piraí;3304003
95;10;2009;Vassouras;3306206
96;10;2009;"Miguel Pereira;Paty dos Alferes";9999999
97;10;2009;Mendes;3302809
98;10;2009;Engenheiro Paulo de Frontin;3301801
99;10;2009;Itatiaia;3302254
100;10;2009;"Porto Real;Quatis";9999992
101;10;2009;Pinheiral;3303955
104;10;2009;São José do Vale do Rio Preto;3305158
105;10;2009;Petrópolis;3303906
106;10;2009;Petrópolis;3303906
107;10;2009;Paraíba do Sul;3303708
108;10;2009;"Comendador Levy Gasparian;Areal;Três Rios";9999991
109;10;2009;Sapucaia;3305406
110;10;2009;Teresópolis;3305802
111;10;2009;Sumidouro;3305703
112;10;2009;Carmo;3301207
118;10;2009;Araruama;3300209
119;10;2009;Rio Bonito;3304300
120;10;2009;Silva Jardim;3305604
121;10;2009;Casimiro de Abreu;3301306
122;10;2009;Conceição de Macabú;3301405
123;10;2009;Macaé;3302403
124;10;2009;Saquarema;3305505
125;10;2009;São Pedro da Aldeia;3305208
126;10;2009;"Cabo Frio;Arraial do Cabo";9999985
127;10;2009;Armação dos Búzios;3300233
128;10;2009;Rio das Ostras;3304524
129;10;2009;Iguaba Grande;3301876
130;10;2009;"Quissamã;Carapebus";9999994
134;10;2009;Campos dos Goytacazes;3301009
135;10;2009;Itaocara;3302106
136;10;2009;"Santo Antônio de Pádua;Aperibé";9999993
137;10;2009;Miracema;3303005
138;10;2009;Laje do Muriaé;3302304
139;10;2009;Porciúncula;3304102
140;10;2009;"Natividade;Varre-Sai";9999997
141;10;2009;São Fidélis;3304805
142;10;2009;Cambuci;3300902
143;10;2009;"Itaperuna;São José de Ubá";9999996
144;10;2009;Bom Jesus de Itabapoana;3300605
145;10;2009;São João da Barra;3305000
146;10;2009;Campos dos Goytacazes;3301009
147;10;2009;São Francisco de Itabapoana;3304755
151;10;2009;Nova Friburgo;3303401
152;10;2009;Duas Barras;3301603
153;10;2009;Cantagalo;3301108
154;10;2009;"Cordeiro;Macuco";9999998
155;10;2009;São Sebastião do Alto;3305307
156;10;2009;Santa Maria Madalena;3304607
157;10;2009;Trajano de Morais;3305901
158;10;2009;Bom Jardim;3300506
159;10;2009;Cachoeiras de Macacu;3300803
165;10;2009;Mangaratiba;3302601
166;10;2009;Angra dos Reis;3300100
167;10;2009;Paraty;3303807
168;10;2009;Rio Claro;3304409
1;11;2009;Rio de Janeiro;3304557
4;11;2009;Rio de Janeiro;3304557
5;11;2009;Rio de Janeiro;3304557
6;11;2009;Rio de Janeiro;3304557
7;11;2009;Rio de Janeiro;3304557
9;11;2009;Rio de Janeiro;3304557
10;11;2009;Rio de Janeiro;3304557
12;11;2009;Rio de Janeiro;3304557
13;11;2009;Rio de Janeiro;3304557
14;11;2009;Rio de Janeiro;3304557
15;11;2009;Rio de Janeiro;3304557
16;11;2009;Rio de Janeiro;3304557
17;11;2009;Rio de Janeiro;3304557
18;11;2009;Rio de Janeiro;3304557
19;11;2009;Rio de Janeiro;3304557
20;11;2009;Rio de Janeiro;3304557
21;11;2009;Rio de Janeiro;3304557
22;11;2009;Rio de Janeiro;3304557
23;11;2009;Rio de Janeiro;3304557
24;11;2009;Rio de Janeiro;3304557
25;11;2009;Rio de Janeiro;3304557
26;11;2009;Rio de Janeiro;3304557
27;11;2009;Rio de Janeiro;3304557
28;11;2009;Rio de Janeiro;3304557
29;11;2009;Rio de Janeiro;3304557
30;11;2009;Rio de Janeiro;3304557
31;11;2009;Rio de Janeiro;3304557
32;11;2009;Rio de Janeiro;3304557
33;11;2009;Rio de Janeiro;3304557
34;11;2009;Rio de Janeiro;3304557
35;11;2009;Rio de Janeiro;3304557
36;11;2009;Rio de Janeiro;3304557
37;11;2009;Rio de Janeiro;3304557
38;11;2009;Rio de Janeiro;3304557
39;11;2009;Rio de Janeiro;3304557
40;11;2009;Rio de Janeiro;3304557
41;11;2009;Rio de Janeiro;3304557
43;11;2009;Rio de Janeiro;3304557
44;11;2009;Rio de Janeiro;3304557
48;11;2009;Seropédica;3305554
50;11;2009;Itaguaí;3302007
51;11;2009;Paracambi;3303609
52;11;2009;Nova Iguaçu;3303500
53;11;2009;Mesquita;3302858
54;11;2009;Belford Roxo;3300456
55;11;2009;Queimados;3304144
56;11;2009;Nova Iguaçu;3303500
57;11;2009;Nilópolis;3303203
58;11;2009;Nova Iguaçu;3303500
59;11;2009;Duque de Caxias;3301702
60;11;2009;Duque de Caxias;3301702
61;11;2009;Duque de Caxias;3301702
62;11;2009;Duque de Caxias;3301702
63;11;2009;Japeri;3302270
64;11;2009;São João de Meriti;3305109
65;11;2009;"Magé;Guapimirim";9999982
66;11;2009;Magé;3302502
71;11;2009;"Itaboraí;Tanguá";9999983
72;11;2009;São Gonçalo;3304904
73;11;2009;São Gonçalo;3304904
74;11;2009;São Gonçalo;3304904
75;11;2009;São Gonçalo;3304904
76;11;2009;Niterói;3303302
77;11;2009;Niterói;3303302
78;11;2009;Niterói;3303302
79;11;2009;Niterói;3303302
81;11;2009;Niterói;3303302
82;11;2009;Maricá;3302700
88;11;2009;Barra do Pirai;3300308
89;11;2009;Resende;3304201
90;11;2009;Barra Mansa;3300407
91;11;2009;Valença;3306107
92;11;2009;Rio das Flores;3304508
93;11;2009;Volta Redonda;3306305
94;11;2009;Piraí;3304003
95;11;2009;Vassouras;3306206
96;11;2009;"Miguel Pereira;Paty dos Alferes";9999999
97;11;2009;Mendes;3302809
98;11;2009;Engenheiro Paulo de Frontin;3301801
99;11;2009;Itatiaia;3302254
100;11;2009;"Porto Real;Quatis";9999992
101;11;2009;Pinheiral;3303955
104;11;2009;São José do Vale do Rio Preto;3305158
105;11;2009;Petrópolis;3303906
106;11;2009;Petrópolis;3303906
107;11;2009;Paraíba do Sul;3303708
108;11;2009;"Comendador Levy Gasparian;Areal;Três Rios";9999991
109;11;2009;Sapucaia;3305406
110;11;2009;Teresópolis;3305802
111;11;2009;Sumidouro;3305703
112;11;2009;Carmo;3301207
118;11;2009;Araruama;3300209
119;11;2009;Rio Bonito;3304300
120;11;2009;Silva Jardim;3305604
121;11;2009;Casimiro de Abreu;3301306
122;11;2009;Conceição de Macabú;3301405
123;11;2009;Macaé;3302403
124;11;2009;Saquarema;3305505
125;11;2009;São Pedro da Aldeia;3305208
126;11;2009;"Cabo Frio;Arraial do Cabo";9999985
127;11;2009;Armação dos Búzios;3300233
128;11;2009;Rio das Ostras;3304524
129;11;2009;Iguaba Grande;3301876
130;11;2009;"Quissamã;Carapebus";9999994
134;11;2009;Campos dos Goytacazes;3301009
135;11;2009;Itaocara;3302106
136;11;2009;"Santo Antônio de Pádua;Aperibé";9999993
137;11;2009;Miracema;3303005
138;11;2009;Laje do Muriaé;3302304
139;11;2009;Porciúncula;3304102
140;11;2009;"Natividade;Varre-Sai";9999997
141;11;2009;São Fidélis;3304805
142;11;2009;Cambuci;3300902
143;11;2009;"Itaperuna;São José de Ubá";9999996
144;11;2009;Bom Jesus de Itabapoana;3300605
145;11;2009;São João da Barra;3305000
146;11;2009;Campos dos Goytacazes;3301009
147;11;2009;São Francisco de Itabapoana;3304755
151;11;2009;Nova Friburgo;3303401
152;11;2009;Duas Barras;3301603
153;11;2009;Cantagalo;3301108
154;11;2009;"Cordeiro;Macuco";9999998
155;11;2009;São Sebastião do Alto;3305307
156;11;2009;Santa Maria Madalena;3304607
157;11;2009;Trajano de Morais;3305901
158;11;2009;Bom Jardim;3300506
159;11;2009;Cachoeiras de Macacu;3300803
165;11;2009;Mangaratiba;3302601
166;11;2009;Angra dos Reis;3300100
167;11;2009;Paraty;3303807
168;11;2009;Rio Claro;3304409
1;12;2009;Rio de Janeiro;3304557
4;12;2009;Rio de Janeiro;3304557
5;12;2009;Rio de Janeiro;3304557
6;12;2009;Rio de Janeiro;3304557
7;12;2009;Rio de Janeiro;3304557
9;12;2009;Rio de Janeiro;3304557
10;12;2009;Rio de Janeiro;3304557
12;12;2009;Rio de Janeiro;3304557
13;12;2009;Rio de Janeiro;3304557
14;12;2009;Rio de Janeiro;3304557
15;12;2009;Rio de Janeiro;3304557
16;12;2009;Rio de Janeiro;3304557
17;12;2009;Rio de Janeiro;3304557
18;12;2009;Rio de Janeiro;3304557
19;12;2009;Rio de Janeiro;3304557
20;12;2009;Rio de Janeiro;3304557
21;12;2009;Rio de Janeiro;3304557
22;12;2009;Rio de Janeiro;3304557
23;12;2009;Rio de Janeiro;3304557
24;12;2009;Rio de Janeiro;3304557
25;12;2009;Rio de Janeiro;3304557
26;12;2009;Rio de Janeiro;3304557
27;12;2009;Rio de Janeiro;3304557
28;12;2009;Rio de Janeiro;3304557
29;12;2009;Rio de Janeiro;3304557
30;12;2009;Rio de Janeiro;3304557
31;12;2009;Rio de Janeiro;3304557
32;12;2009;Rio de Janeiro;3304557
33;12;2009;Rio de Janeiro;3304557
34;12;2009;Rio de Janeiro;3304557
35;12;2009;Rio de Janeiro;3304557
36;12;2009;Rio de Janeiro;3304557
37;12;2009;Rio de Janeiro;3304557
38;12;2009;Rio de Janeiro;3304557
39;12;2009;Rio de Janeiro;3304557
40;12;2009;Rio de Janeiro;3304557
41;12;2009;Rio de Janeiro;3304557
43;12;2009;Rio de Janeiro;3304557
44;12;2009;Rio de Janeiro;3304557
48;12;2009;Seropédica;3305554
50;12;2009;Itaguaí;3302007
51;12;2009;Paracambi;3303609
52;12;2009;Nova Iguaçu;3303500
53;12;2009;Mesquita;3302858
54;12;2009;Belford Roxo;3300456
55;12;2009;Queimados;3304144
56;12;2009;Nova Iguaçu;3303500
57;12;2009;Nilópolis;3303203
58;12;2009;Nova Iguaçu;3303500
59;12;2009;Duque de Caxias;3301702
60;12;2009;Duque de Caxias;3301702
61;12;2009;Duque de Caxias;3301702
62;12;2009;Duque de Caxias;3301702
63;12;2009;Japeri;3302270
64;12;2009;São João de Meriti;3305109
65;12;2009;"Magé;Guapimirim";9999982
66;12;2009;Magé;3302502
71;12;2009;"Itaboraí;Tanguá";9999983
72;12;2009;São Gonçalo;3304904
73;12;2009;São Gonçalo;3304904
74;12;2009;São Gonçalo;3304904
75;12;2009;São Gonçalo;3304904
76;12;2009;Niterói;3303302
77;12;2009;Niterói;3303302
78;12;2009;Niterói;3303302
79;12;2009;Niterói;3303302
81;12;2009;Niterói;3303302
82;12;2009;Maricá;3302700
88;12;2009;Barra do Pirai;3300308
89;12;2009;Resende;3304201
90;12;2009;Barra Mansa;3300407
91;12;2009;Valença;3306107
92;12;2009;Rio das Flores;3304508
93;12;2009;Volta Redonda;3306305
94;12;2009;Piraí;3304003
95;12;2009;Vassouras;3306206
96;12;2009;"Miguel Pereira;Paty dos Alferes";9999999
97;12;2009;Mendes;3302809
98;12;2009;Engenheiro Paulo de Frontin;3301801
99;12;2009;Itatiaia;3302254
100;12;2009;"Porto Real;Quatis";9999992
101;12;2009;Pinheiral;3303955
104;12;2009;São José do Vale do Rio Preto;3305158
105;12;2009;Petrópolis;3303906
106;12;2009;Petrópolis;3303906
107;12;2009;Paraíba do Sul;3303708
108;12;2009;"Comendador Levy Gasparian;Areal;Três Rios";9999991
109;12;2009;Sapucaia;3305406
110;12;2009;Teresópolis;3305802
111;12;2009;Sumidouro;3305703
112;12;2009;Carmo;3301207
118;12;2009;Araruama;3300209
119;12;2009;Rio Bonito;3304300
120;12;2009;Silva Jardim;3305604
121;12;2009;Casimiro de Abreu;3301306
122;12;2009;Conceição de Macabú;3301405
123;12;2009;Macaé;3302403
124;12;2009;Saquarema;3305505
125;12;2009;São Pedro da Aldeia;3305208
126;12;2009;"Cabo Frio;Arraial do Cabo";9999985
127;12;2009;Armação dos Búzios;3300233
128;12;2009;Rio das Ostras;3304524
129;12;2009;Iguaba Grande;3301876
130;12;2009;"Quissamã;Carapebus";9999994
134;12;2009;Campos dos Goytacazes;3301009
135;12;2009;Itaocara;3302106
136;12;2009;"Santo Antônio de Pádua;Aperibé";9999993
137;12;2009;Miracema;3303005
138;12;2009;Laje do Muriaé;3302304
139;12;2009;Porciúncula;3304102
140;12;2009;"Natividade;Varre-Sai";9999997
141;12;2009;São Fidélis;3304805
142;12;2009;Cambuci;3300902
143;12;2009;"Itaperuna;São José de Ubá";9999996
144;12;2009;Bom Jesus de Itabapoana;3300605
145;12;2009;São João da Barra;3305000
146;12;2009;Campos dos Goytacazes;3301009
147;12;2009;São Francisco de Itabapoana;3304755
151;12;2009;Nova Friburgo;3303401
152;12;2009;Duas Barras;3301603
153;12;2009;Cantagalo;3301108
154;12;2009;"Cordeiro;Macuco";9999998
155;12;2009;São Sebastião do Alto;3305307
156;12;2009;Santa Maria Madalena;3304607
157;12;2009;Trajano de Morais;3305901
158;12;2009;Bom Jardim;3300506
159;12;2009;Cachoeiras de Macacu;3300803
165;12;2009;Mangaratiba;3302601
166;12;2009;Angra dos Reis;3300100
167;12;2009;Paraty;3303807
168;12;2009;Rio Claro;3304409
1;1;2010;Rio de Janeiro;3304557
4;1;2010;Rio de Janeiro;3304557
5;1;2010;Rio de Janeiro;3304557
6;1;2010;Rio de Janeiro;3304557
7;1;2010;Rio de Janeiro;3304557
9;1;2010;Rio de Janeiro;3304557
10;1;2010;Rio de Janeiro;3304557
12;1;2010;Rio de Janeiro;3304557
13;1;2010;Rio de Janeiro;3304557
14;1;2010;Rio de Janeiro;3304557
15;1;2010;Rio de Janeiro;3304557
16;1;2010;Rio de Janeiro;3304557
17;1;2010;Rio de Janeiro;3304557
18;1;2010;Rio de Janeiro;3304557
19;1;2010;Rio de Janeiro;3304557
20;1;2010;Rio de Janeiro;3304557
21;1;2010;Rio de Janeiro;3304557
22;1;2010;Rio de Janeiro;3304557
23;1;2010;Rio de Janeiro;3304557
24;1;2010;Rio de Janeiro;3304557
25;1;2010;Rio de Janeiro;3304557
26;1;2010;Rio de Janeiro;3304557
27;1;2010;Rio de Janeiro;3304557
28;1;2010;Rio de Janeiro;3304557
29;1;2010;Rio de Janeiro;3304557
30;1;2010;Rio de Janeiro;3304557
31;1;2010;Rio de Janeiro;3304557
32;1;2010;Rio de Janeiro;3304557
33;1;2010;Rio de Janeiro;3304557
34;1;2010;Rio de Janeiro;3304557
35;1;2010;Rio de Janeiro;3304557
36;1;2010;Rio de Janeiro;3304557
37;1;2010;Rio de Janeiro;3304557
38;1;2010;Rio de Janeiro;3304557
39;1;2010;Rio de Janeiro;3304557
40;1;2010;Rio de Janeiro;3304557
41;1;2010;Rio de Janeiro;3304557
43;1;2010;Rio de Janeiro;3304557
44;1;2010;Rio de Janeiro;3304557
48;1;2010;Seropédica;3305554
50;1;2010;Itaguaí;3302007
51;1;2010;Paracambi;3303609
52;1;2010;Nova Iguaçu;3303500
53;1;2010;Mesquita;3302858
54;1;2010;Belford Roxo;3300456
55;1;2010;Queimados;3304144
56;1;2010;Nova Iguaçu;3303500
57;1;2010;Nilópolis;3303203
58;1;2010;Nova Iguaçu;3303500
59;1;2010;Duque de Caxias;3301702
60;1;2010;Duque de Caxias;3301702
61;1;2010;Duque de Caxias;3301702
62;1;2010;Duque de Caxias;3301702
63;1;2010;Japeri;3302270
64;1;2010;São João de Meriti;3305109
65;1;2010;"Magé;Guapimirim";9999982
66;1;2010;Magé;3302502
71;1;2010;"Itaboraí;Tanguá";9999983
72;1;2010;São Gonçalo;3304904
73;1;2010;São Gonçalo;3304904
74;1;2010;São Gonçalo;3304904
75;1;2010;São Gonçalo;3304904
76;1;2010;Niterói;3303302
77;1;2010;Niterói;3303302
78;1;2010;Niterói;3303302
79;1;2010;Niterói;3303302
81;1;2010;Niterói;3303302
82;1;2010;Maricá;3302700
88;1;2010;Barra do Pirai;3300308
89;1;2010;Resende;3304201
90;1;2010;Barra Mansa;3300407
91;1;2010;Valença;3306107
92;1;2010;Rio das Flores;3304508
93;1;2010;Volta Redonda;3306305
94;1;2010;Piraí;3304003
95;1;2010;Vassouras;3306206
96;1;2010;"Miguel Pereira;Paty dos Alferes";9999999
97;1;2010;Mendes;3302809
98;1;2010;Engenheiro Paulo de Frontin;3301801
99;1;2010;Itatiaia;3302254
100;1;2010;"Porto Real;Quatis";9999992
101;1;2010;Pinheiral;3303955
104;1;2010;São José do Vale do Rio Preto;3305158
105;1;2010;Petrópolis;3303906
106;1;2010;Petrópolis;3303906
107;1;2010;Paraíba do Sul;3303708
108;1;2010;"Comendador Levy Gasparian;Areal;Três Rios";9999991
109;1;2010;Sapucaia;3305406
110;1;2010;Teresópolis;3305802
111;1;2010;Sumidouro;3305703
112;1;2010;Carmo;3301207
118;1;2010;Araruama;3300209
119;1;2010;Rio Bonito;3304300
120;1;2010;Silva Jardim;3305604
121;1;2010;Casimiro de Abreu;3301306
122;1;2010;Conceição de Macabú;3301405
123;1;2010;Macaé;3302403
124;1;2010;Saquarema;3305505
125;1;2010;São Pedro da Aldeia;3305208
126;1;2010;"Cabo Frio;Arraial do Cabo";9999985
127;1;2010;Armação dos Búzios;3300233
128;1;2010;Rio das Ostras;3304524
129;1;2010;Iguaba Grande;3301876
130;1;2010;"Quissamã;Carapebus";9999994
134;1;2010;Campos dos Goytacazes;3301009
135;1;2010;Itaocara;3302106
136;1;2010;"Santo Antônio de Pádua;Aperibé";9999993
137;1;2010;Miracema;3303005
138;1;2010;Laje do Muriaé;3302304
139;1;2010;Porciúncula;3304102
140;1;2010;"Natividade;Varre-Sai";9999997
141;1;2010;São Fidélis;3304805
142;1;2010;Cambuci;3300902
143;1;2010;"Itaperuna;São José de Ubá";9999996
144;1;2010;Bom Jesus de Itabapoana;3300605
145;1;2010;São João da Barra;3305000
146;1;2010;Campos dos Goytacazes;3301009
147;1;2010;São Francisco de Itabapoana;3304755
151;1;2010;Nova Friburgo;3303401
152;1;2010;Duas Barras;3301603
153;1;2010;Cantagalo;3301108
154;1;2010;"Cordeiro;Macuco";9999998
155;1;2010;São Sebastião do Alto;3305307
156;1;2010;Santa Maria Madalena;3304607
157;1;2010;Trajano de Morais;3305901
158;1;2010;Bom Jardim;3300506
159;1;2010;Cachoeiras de Macacu;3300803
165;1;2010;Mangaratiba;3302601
166;1;2010;Angra dos Reis;3300100
167;1;2010;Paraty;3303807
168;1;2010;Rio Claro;3304409
1;2;2010;Rio de Janeiro;3304557
4;2;2010;Rio de Janeiro;3304557
5;2;2010;Rio de Janeiro;3304557
6;2;2010;Rio de Janeiro;3304557
7;2;2010;Rio de Janeiro;3304557
9;2;2010;Rio de Janeiro;3304557
10;2;2010;Rio de Janeiro;3304557
12;2;2010;Rio de Janeiro;3304557
13;2;2010;Rio de Janeiro;3304557
14;2;2010;Rio de Janeiro;3304557
15;2;2010;Rio de Janeiro;3304557
16;2;2010;Rio de Janeiro;3304557
17;2;2010;Rio de Janeiro;3304557
18;2;2010;Rio de Janeiro;3304557
19;2;2010;Rio de Janeiro;3304557
20;2;2010;Rio de Janeiro;3304557
21;2;2010;Rio de Janeiro;3304557
22;2;2010;Rio de Janeiro;3304557
23;2;2010;Rio de Janeiro;3304557
24;2;2010;Rio de Janeiro;3304557
25;2;2010;Rio de Janeiro;3304557
26;2;2010;Rio de Janeiro;3304557
27;2;2010;Rio de Janeiro;3304557
28;2;2010;Rio de Janeiro;3304557
29;2;2010;Rio de Janeiro;3304557
30;2;2010;Rio de Janeiro;3304557
31;2;2010;Rio de Janeiro;3304557
32;2;2010;Rio de Janeiro;3304557
33;2;2010;Rio de Janeiro;3304557
34;2;2010;Rio de Janeiro;3304557
35;2;2010;Rio de Janeiro;3304557
36;2;2010;Rio de Janeiro;3304557
37;2;2010;Rio de Janeiro;3304557
38;2;2010;Rio de Janeiro;3304557
39;2;2010;Rio de Janeiro;3304557
40;2;2010;Rio de Janeiro;3304557
41;2;2010;Rio de Janeiro;3304557
43;2;2010;Rio de Janeiro;3304557
44;2;2010;Rio de Janeiro;3304557
48;2;2010;Seropédica;3305554
50;2;2010;Itaguaí;3302007
51;2;2010;Paracambi;3303609
52;2;2010;Nova Iguaçu;3303500
53;2;2010;Mesquita;3302858
54;2;2010;Belford Roxo;3300456
55;2;2010;Queimados;3304144
56;2;2010;Nova Iguaçu;3303500
57;2;2010;Nilópolis;3303203
58;2;2010;Nova Iguaçu;3303500
59;2;2010;Duque de Caxias;3301702
60;2;2010;Duque de Caxias;3301702
61;2;2010;Duque de Caxias;3301702
62;2;2010;Duque de Caxias;3301702
63;2;2010;Japeri;3302270
64;2;2010;São João de Meriti;3305109
65;2;2010;"Magé;Guapimirim";9999982
66;2;2010;Magé;3302502
71;2;2010;"Itaboraí;Tanguá";9999983
72;2;2010;São Gonçalo;3304904
73;2;2010;São Gonçalo;3304904
74;2;2010;São Gonçalo;3304904
75;2;2010;São Gonçalo;3304904
76;2;2010;Niterói;3303302
77;2;2010;Niterói;3303302
78;2;2010;Niterói;3303302
79;2;2010;Niterói;3303302
81;2;2010;Niterói;3303302
82;2;2010;Maricá;3302700
88;2;2010;Barra do Pirai;3300308
89;2;2010;Resende;3304201
90;2;2010;Barra Mansa;3300407
91;2;2010;Valença;3306107
92;2;2010;Rio das Flores;3304508
93;2;2010;Volta Redonda;3306305
94;2;2010;Piraí;3304003
95;2;2010;Vassouras;3306206
96;2;2010;"Miguel Pereira;Paty dos Alferes";9999999
97;2;2010;Mendes;3302809
98;2;2010;Engenheiro Paulo de Frontin;3301801
99;2;2010;Itatiaia;3302254
100;2;2010;"Porto Real;Quatis";9999992
101;2;2010;Pinheiral;3303955
104;2;2010;São José do Vale do Rio Preto;3305158
105;2;2010;Petrópolis;3303906
106;2;2010;Petrópolis;3303906
107;2;2010;Paraíba do Sul;3303708
108;2;2010;"Comendador Levy Gasparian;Areal;Três Rios";9999991
109;2;2010;Sapucaia;3305406
110;2;2010;Teresópolis;3305802
111;2;2010;Sumidouro;3305703
112;2;2010;Carmo;3301207
118;2;2010;Araruama;3300209
119;2;2010;Rio Bonito;3304300
120;2;2010;Silva Jardim;3305604
121;2;2010;Casimiro de Abreu;3301306
122;2;2010;Conceição de Macabú;3301405
123;2;2010;Macaé;3302403
124;2;2010;Saquarema;3305505
125;2;2010;São Pedro da Aldeia;3305208
126;2;2010;"Cabo Frio;Arraial do Cabo";9999985
127;2;2010;Armação dos Búzios;3300233
128;2;2010;Rio das Ostras;3304524
129;2;2010;Iguaba Grande;3301876
130;2;2010;"Quissamã;Carapebus";9999994
134;2;2010;Campos dos Goytacazes;3301009
135;2;2010;Itaocara;3302106
136;2;2010;"Santo Antônio de Pádua;Aperibé";9999993
137;2;2010;Miracema;3303005
138;2;2010;Laje do Muriaé;3302304
139;2;2010;Porciúncula;3304102
140;2;2010;"Natividade;Varre-Sai";9999997
141;2;2010;São Fidélis;3304805
142;2;2010;Cambuci;3300902
143;2;2010;"Itaperuna;São José de Ubá";9999996
144;2;2010;Bom Jesus de Itabapoana;3300605
145;2;2010;São João da Barra;3305000
146;2;2010;Campos dos Goytacazes;3301009
147;2;2010;São Francisco de Itabapoana;3304755
151;2;2010;Nova Friburgo;3303401
152;2;2010;Duas Barras;3301603
153;2;2010;Cantagalo;3301108
154;2;2010;"Cordeiro;Macuco";9999998
155;2;2010;São Sebastião do Alto;3305307
156;2;2010;Santa Maria Madalena;3304607
157;2;2010;Trajano de Morais;3305901
158;2;2010;Bom Jardim;3300506
159;2;2010;Cachoeiras de Macacu;3300803
165;2;2010;Mangaratiba;3302601
166;2;2010;Angra dos Reis;3300100
167;2;2010;Paraty;3303807
168;2;2010;Rio Claro;3304409
1;3;2010;Rio de Janeiro;3304557
4;3;2010;Rio de Janeiro;3304557
5;3;2010;Rio de Janeiro;3304557
6;3;2010;Rio de Janeiro;3304557
7;3;2010;Rio de Janeiro;3304557
9;3;2010;Rio de Janeiro;3304557
10;3;2010;Rio de Janeiro;3304557
12;3;2010;Rio de Janeiro;3304557
13;3;2010;Rio de Janeiro;3304557
14;3;2010;Rio de Janeiro;3304557
15;3;2010;Rio de Janeiro;3304557
16;3;2010;Rio de Janeiro;3304557
17;3;2010;Rio de Janeiro;3304557
18;3;2010;Rio de Janeiro;3304557
19;3;2010;Rio de Janeiro;3304557
20;3;2010;Rio de Janeiro;3304557
21;3;2010;Rio de Janeiro;3304557
22;3;2010;Rio de Janeiro;3304557
23;3;2010;Rio de Janeiro;3304557
24;3;2010;Rio de Janeiro;3304557
25;3;2010;Rio de Janeiro;3304557
26;3;2010;Rio de Janeiro;3304557
27;3;2010;Rio de Janeiro;3304557
28;3;2010;Rio de Janeiro;3304557
29;3;2010;Rio de Janeiro;3304557
30;3;2010;Rio de Janeiro;3304557
31;3;2010;Rio de Janeiro;3304557
32;3;2010;Rio de Janeiro;3304557
33;3;2010;Rio de Janeiro;3304557
34;3;2010;Rio de Janeiro;3304557
35;3;2010;Rio de Janeiro;3304557
36;3;2010;Rio de Janeiro;3304557
37;3;2010;Rio de Janeiro;3304557
38;3;2010;Rio de Janeiro;3304557
39;3;2010;Rio de Janeiro;3304557
40;3;2010;Rio de Janeiro;3304557
41;3;2010;Rio de Janeiro;3304557
43;3;2010;Rio de Janeiro;3304557
44;3;2010;Rio de Janeiro;3304557
48;3;2010;Seropédica;3305554
50;3;2010;Itaguaí;3302007
51;3;2010;Paracambi;3303609
52;3;2010;Nova Iguaçu;3303500
53;3;2010;Mesquita;3302858
54;3;2010;Belford Roxo;3300456
55;3;2010;Queimados;3304144
56;3;2010;Nova Iguaçu;3303500
57;3;2010;Nilópolis;3303203
58;3;2010;Nova Iguaçu;3303500
59;3;2010;Duque de Caxias;3301702
60;3;2010;Duque de Caxias;3301702
61;3;2010;Duque de Caxias;3301702
62;3;2010;Duque de Caxias;3301702
63;3;2010;Japeri;3302270
64;3;2010;São João de Meriti;3305109
65;3;2010;"Magé;Guapimirim";9999982
66;3;2010;Magé;3302502
71;3;2010;"Itaboraí;Tanguá";9999983
72;3;2010;São Gonçalo;3304904
73;3;2010;São Gonçalo;3304904
74;3;2010;São Gonçalo;3304904
75;3;2010;São Gonçalo;3304904
76;3;2010;Niterói;3303302
77;3;2010;Niterói;3303302
78;3;2010;Niterói;3303302
79;3;2010;Niterói;3303302
81;3;2010;Niterói;3303302
82;3;2010;Maricá;3302700
88;3;2010;Barra do Pirai;3300308
89;3;2010;Resende;3304201
90;3;2010;Barra Mansa;3300407
91;3;2010;Valença;3306107
92;3;2010;Rio das Flores;3304508
93;3;2010;Volta Redonda;3306305
94;3;2010;Piraí;3304003
95;3;2010;Vassouras;3306206
96;3;2010;"Miguel Pereira;Paty dos Alferes";9999999
97;3;2010;Mendes;3302809
98;3;2010;Engenheiro Paulo de Frontin;3301801
99;3;2010;Itatiaia;3302254
100;3;2010;"Porto Real;Quatis";9999992
101;3;2010;Pinheiral;3303955
104;3;2010;São José do Vale do Rio Preto;3305158
105;3;2010;Petrópolis;3303906
106;3;2010;Petrópolis;3303906
107;3;2010;Paraíba do Sul;3303708
108;3;2010;"Comendador Levy Gasparian;Areal;Três Rios";9999991
109;3;2010;Sapucaia;3305406
110;3;2010;Teresópolis;3305802
111;3;2010;Sumidouro;3305703
112;3;2010;Carmo;3301207
118;3;2010;Araruama;3300209
119;3;2010;Rio Bonito;3304300
120;3;2010;Silva Jardim;3305604
121;3;2010;Casimiro de Abreu;3301306
122;3;2010;Conceição de Macabú;3301405
123;3;2010;Macaé;3302403
124;3;2010;Saquarema;3305505
125;3;2010;São Pedro da Aldeia;3305208
126;3;2010;"Cabo Frio;Arraial do Cabo";9999985
127;3;2010;Armação dos Búzios;3300233
128;3;2010;Rio das Ostras;3304524
129;3;2010;Iguaba Grande;3301876
130;3;2010;"Quissamã;Carapebus";9999994
134;3;2010;Campos dos Goytacazes;3301009
135;3;2010;Itaocara;3302106
136;3;2010;"Santo Antônio de Pádua;Aperibé";9999993
137;3;2010;Miracema;3303005
138;3;2010;Laje do Muriaé;3302304
139;3;2010;Porciúncula;3304102
140;3;2010;"Natividade;Varre-Sai";9999997
141;3;2010;São Fidélis;3304805
142;3;2010;Cambuci;3300902
143;3;2010;"Itaperuna;São José de Ubá";9999996
144;3;2010;Bom Jesus de Itabapoana;3300605
145;3;2010;São João da Barra;3305000
146;3;2010;Campos dos Goytacazes;3301009
147;3;2010;São Francisco de Itabapoana;3304755
151;3;2010;Nova Friburgo;3303401
152;3;2010;Duas Barras;3301603
153;3;2010;Cantagalo;3301108
154;3;2010;"Cordeiro;Macuco";9999998
155;3;2010;São Sebastião do Alto;3305307
156;3;2010;Santa Maria Madalena;3304607
157;3;2010;Trajano de Morais;3305901
158;3;2010;Bom Jardim;3300506
159;3;2010;Cachoeiras de Macacu;3300803
165;3;2010;Mangaratiba;3302601
166;3;2010;Angra dos Reis;3300100
167;3;2010;Paraty;3303807
168;3;2010;Rio Claro;3304409
1;4;2010;Rio de Janeiro;3304557
4;4;2010;Rio de Janeiro;3304557
5;4;2010;Rio de Janeiro;3304557
6;4;2010;Rio de Janeiro;3304557
7;4;2010;Rio de Janeiro;3304557
9;4;2010;Rio de Janeiro;3304557
10;4;2010;Rio de Janeiro;3304557
12;4;2010;Rio de Janeiro;3304557
13;4;2010;Rio de Janeiro;3304557
14;4;2010;Rio de Janeiro;3304557
15;4;2010;Rio de Janeiro;3304557
16;4;2010;Rio de Janeiro;3304557
17;4;2010;Rio de Janeiro;3304557
18;4;2010;Rio de Janeiro;3304557
19;4;2010;Rio de Janeiro;3304557
20;4;2010;Rio de Janeiro;3304557
21;4;2010;Rio de Janeiro;3304557
22;4;2010;Rio de Janeiro;3304557
23;4;2010;Rio de Janeiro;3304557
24;4;2010;Rio de Janeiro;3304557
25;4;2010;Rio de Janeiro;3304557
26;4;2010;Rio de Janeiro;3304557
27;4;2010;Rio de Janeiro;3304557
28;4;2010;Rio de Janeiro;3304557
29;4;2010;Rio de Janeiro;3304557
30;4;2010;Rio de Janeiro;3304557
31;4;2010;Rio de Janeiro;3304557
32;4;2010;Rio de Janeiro;3304557
33;4;2010;Rio de Janeiro;3304557
34;4;2010;Rio de Janeiro;3304557
35;4;2010;Rio de Janeiro;3304557
36;4;2010;Rio de Janeiro;3304557
37;4;2010;Rio de Janeiro;3304557
38;4;2010;Rio de Janeiro;3304557
39;4;2010;Rio de Janeiro;3304557
40;4;2010;Rio de Janeiro;3304557
41;4;2010;Rio de Janeiro;3304557
42;4;2010;Rio de Janeiro;3304557
43;4;2010;Rio de Janeiro;3304557
44;4;2010;Rio de Janeiro;3304557
48;4;2010;Seropédica;3305554
50;4;2010;Itaguaí;3302007
51;4;2010;Paracambi;3303609
52;4;2010;Nova Iguaçu;3303500
53;4;2010;Mesquita;3302858
54;4;2010;Belford Roxo;3300456
55;4;2010;Queimados;3304144
56;4;2010;Nova Iguaçu;3303500
57;4;2010;Nilópolis;3303203
58;4;2010;Nova Iguaçu;3303500
59;4;2010;Duque de Caxias;3301702
60;4;2010;Duque de Caxias;3301702
61;4;2010;Duque de Caxias;3301702
62;4;2010;Duque de Caxias;3301702
63;4;2010;Japeri;3302270
64;4;2010;São João de Meriti;3305109
65;4;2010;"Magé;Guapimirim";9999982
66;4;2010;Magé;3302502
71;4;2010;"Itaboraí;Tanguá";9999983
72;4;2010;São Gonçalo;3304904
73;4;2010;São Gonçalo;3304904
74;4;2010;São Gonçalo;3304904
75;4;2010;São Gonçalo;3304904
76;4;2010;Niterói;3303302
77;4;2010;Niterói;3303302
78;4;2010;Niterói;3303302
79;4;2010;Niterói;3303302
81;4;2010;Niterói;3303302
82;4;2010;Maricá;3302700
88;4;2010;Barra do Pirai;3300308
89;4;2010;Resende;3304201
90;4;2010;Barra Mansa;3300407
91;4;2010;Valença;3306107
92;4;2010;Rio das Flores;3304508
93;4;2010;Volta Redonda;3306305
94;4;2010;Piraí;3304003
95;4;2010;Vassouras;3306206
96;4;2010;"Miguel Pereira;Paty dos Alferes";9999999
97;4;2010;Mendes;3302809
98;4;2010;Engenheiro Paulo de Frontin;3301801
99;4;2010;Itatiaia;3302254
100;4;2010;"Porto Real;Quatis";9999992
101;4;2010;Pinheiral;3303955
104;4;2010;São José do Vale do Rio Preto;3305158
105;4;2010;Petrópolis;3303906
106;4;2010;Petrópolis;3303906
107;4;2010;Paraíba do Sul;3303708
108;4;2010;"Comendador Levy Gasparian;Areal;Três Rios";9999991
109;4;2010;Sapucaia;3305406
110;4;2010;Teresópolis;3305802
111;4;2010;Sumidouro;3305703
112;4;2010;Carmo;3301207
118;4;2010;Araruama;3300209
119;4;2010;Rio Bonito;3304300
120;4;2010;Silva Jardim;3305604
121;4;2010;Casimiro de Abreu;3301306
122;4;2010;Conceição de Macabú;3301405
123;4;2010;Macaé;3302403
124;4;2010;Saquarema;3305505
125;4;2010;São Pedro da Aldeia;3305208
126;4;2010;"Cabo Frio;Arraial do Cabo";9999985
127;4;2010;Armação dos Búzios;3300233
128;4;2010;Rio das Ostras;3304524
129;4;2010;Iguaba Grande;3301876
130;4;2010;"Quissamã;Carapebus";9999994
134;4;2010;Campos dos Goytacazes;3301009
135;4;2010;Itaocara;3302106
136;4;2010;"Santo Antônio de Pádua;Aperibé";9999993
137;4;2010;Miracema;3303005
138;4;2010;Laje do Muriaé;3302304
139;4;2010;Porciúncula;3304102
140;4;2010;"Natividade;Varre-Sai";9999997
141;4;2010;São Fidélis;3304805
142;4;2010;Cambuci;3300902
143;4;2010;"Itaperuna;São José de Ubá";9999996
144;4;2010;Bom Jesus de Itabapoana;3300605
145;4;2010;São João da Barra;3305000
146;4;2010;Campos dos Goytacazes;3301009
147;4;2010;São Francisco de Itabapoana;3304755
151;4;2010;Nova Friburgo;3303401
152;4;2010;Duas Barras;3301603
153;4;2010;Cantagalo;3301108
154;4;2010;"Cordeiro;Macuco";9999998
155;4;2010;São Sebastião do Alto;3305307
156;4;2010;Santa Maria Madalena;3304607
157;4;2010;Trajano de Morais;3305901
158;4;2010;Bom Jardim;3300506
159;4;2010;Cachoeiras de Macacu;3300803
165;4;2010;Mangaratiba;3302601
166;4;2010;Angra dos Reis;3300100
167;4;2010;Paraty;3303807
168;4;2010;Rio Claro;3304409
1;5;2010;Rio de Janeiro;3304557
4;5;2010;Rio de Janeiro;3304557
5;5;2010;Rio de Janeiro;3304557
6;5;2010;Rio de Janeiro;3304557
7;5;2010;Rio de Janeiro;3304557
9;5;2010;Rio de Janeiro;3304557
10;5;2010;Rio de Janeiro;3304557
12;5;2010;Rio de Janeiro;3304557
13;5;2010;Rio de Janeiro;3304557
14;5;2010;Rio de Janeiro;3304557
15;5;2010;Rio de Janeiro;3304557
16;5;2010;Rio de Janeiro;3304557
17;5;2010;Rio de Janeiro;3304557
18;5;2010;Rio de Janeiro;3304557
19;5;2010;Rio de Janeiro;3304557
20;5;2010;Rio de Janeiro;3304557
21;5;2010;Rio de Janeiro;3304557
22;5;2010;Rio de Janeiro;3304557
23;5;2010;Rio de Janeiro;3304557
24;5;2010;Rio de Janeiro;3304557
25;5;2010;Rio de Janeiro;3304557
26;5;2010;Rio de Janeiro;3304557
27;5;2010;Rio de Janeiro;3304557
28;5;2010;Rio de Janeiro;3304557
29;5;2010;Rio de Janeiro;3304557
30;5;2010;Rio de Janeiro;3304557
31;5;2010;Rio de Janeiro;3304557
32;5;2010;Rio de Janeiro;3304557
33;5;2010;Rio de Janeiro;3304557
34;5;2010;Rio de Janeiro;3304557
35;5;2010;Rio de Janeiro;3304557
36;5;2010;Rio de Janeiro;3304557
37;5;2010;Rio de Janeiro;3304557
38;5;2010;Rio de Janeiro;3304557
39;5;2010;Rio de Janeiro;3304557
40;5;2010;Rio de Janeiro;3304557
41;5;2010;Rio de Janeiro;3304557
42;5;2010;Rio de Janeiro;3304557
43;5;2010;Rio de Janeiro;3304557
44;5;2010;Rio de Janeiro;3304557
48;5;2010;Seropédica;3305554
50;5;2010;Itaguaí;3302007
51;5;2010;Paracambi;3303609
52;5;2010;Nova Iguaçu;3303500
53;5;2010;Mesquita;3302858
54;5;2010;Belford Roxo;3300456
55;5;2010;Queimados;3304144
56;5;2010;Nova Iguaçu;3303500
57;5;2010;Nilópolis;3303203
58;5;2010;Nova Iguaçu;3303500
59;5;2010;Duque de Caxias;3301702
60;5;2010;Duque de Caxias;3301702
61;5;2010;Duque de Caxias;3301702
62;5;2010;Duque de Caxias;3301702
63;5;2010;Japeri;3302270
64;5;2010;São João de Meriti;3305109
65;5;2010;"Magé;Guapimirim";9999982
66;5;2010;Magé;3302502
71;5;2010;"Itaboraí;Tanguá";9999983
72;5;2010;São Gonçalo;3304904
73;5;2010;São Gonçalo;3304904
74;5;2010;São Gonçalo;3304904
75;5;2010;São Gonçalo;3304904
76;5;2010;Niterói;3303302
77;5;2010;Niterói;3303302
78;5;2010;Niterói;3303302
79;5;2010;Niterói;3303302
81;5;2010;Niterói;3303302
82;5;2010;Maricá;3302700
88;5;2010;Barra do Pirai;3300308
89;5;2010;Resende;3304201
90;5;2010;Barra Mansa;3300407
91;5;2010;Valença;3306107
92;5;2010;Rio das Flores;3304508
93;5;2010;Volta Redonda;3306305
94;5;2010;Piraí;3304003
95;5;2010;Vassouras;3306206
96;5;2010;"Miguel Pereira;Paty dos Alferes";9999999
97;5;2010;Mendes;3302809
98;5;2010;Engenheiro Paulo de Frontin;3301801
99;5;2010;Itatiaia;3302254
100;5;2010;"Porto Real;Quatis";9999992
101;5;2010;Pinheiral;3303955
104;5;2010;São José do Vale do Rio Preto;3305158
105;5;2010;Petrópolis;3303906
106;5;2010;Petrópolis;3303906
107;5;2010;Paraíba do Sul;3303708
108;5;2010;"Comendador Levy Gasparian;Areal;Três Rios";9999991
109;5;2010;Sapucaia;3305406
110;5;2010;Teresópolis;3305802
111;5;2010;Sumidouro;3305703
112;5;2010;Carmo;3301207
118;5;2010;Araruama;3300209
119;5;2010;Rio Bonito;3304300
120;5;2010;Silva Jardim;3305604
121;5;2010;Casimiro de Abreu;3301306
122;5;2010;Conceição de Macabú;3301405
123;5;2010;Macaé;3302403
124;5;2010;Saquarema;3305505
125;5;2010;São Pedro da Aldeia;3305208
126;5;2010;"Cabo Frio;Arraial do Cabo";9999985
127;5;2010;Armação dos Búzios;3300233
128;5;2010;Rio das Ostras;3304524
129;5;2010;Iguaba Grande;3301876
130;5;2010;"Quissamã;Carapebus";9999994
134;5;2010;Campos dos Goytacazes;3301009
135;5;2010;Itaocara;3302106
136;5;2010;"Santo Antônio de Pádua;Aperibé";9999993
137;5;2010;Miracema;3303005
138;5;2010;Laje do Muriaé;3302304
139;5;2010;Porciúncula;3304102
140;5;2010;"Natividade;Varre-Sai";9999997
141;5;2010;São Fidélis;3304805
142;5;2010;Cambuci;3300902
143;5;2010;"Itaperuna;São José de Ubá";9999996
144;5;2010;Bom Jesus de Itabapoana;3300605
145;5;2010;São João da Barra;3305000
146;5;2010;Campos dos Goytacazes;3301009
147;5;2010;São Francisco de Itabapoana;3304755
151;5;2010;Nova Friburgo;3303401
152;5;2010;Duas Barras;3301603
153;5;2010;Cantagalo;3301108
154;5;2010;"Cordeiro;Macuco";9999998
155;5;2010;São Sebastião do Alto;3305307
156;5;2010;Santa Maria Madalena;3304607
157;5;2010;Trajano de Morais;3305901
158;5;2010;Bom Jardim;3300506
159;5;2010;Cachoeiras de Macacu;3300803
165;5;2010;Mangaratiba;3302601
166;5;2010;Angra dos Reis;3300100
167;5;2010;Paraty;3303807
168;5;2010;Rio Claro;3304409
1;6;2010;Rio de Janeiro;3304557
4;6;2010;Rio de Janeiro;3304557
5;6;2010;Rio de Janeiro;3304557
6;6;2010;Rio de Janeiro;3304557
7;6;2010;Rio de Janeiro;3304557
9;6;2010;Rio de Janeiro;3304557
10;6;2010;Rio de Janeiro;3304557
12;6;2010;Rio de Janeiro;3304557
13;6;2010;Rio de Janeiro;3304557
14;6;2010;Rio de Janeiro;3304557
15;6;2010;Rio de Janeiro;3304557
16;6;2010;Rio de Janeiro;3304557
17;6;2010;Rio de Janeiro;3304557
18;6;2010;Rio de Janeiro;3304557
19;6;2010;Rio de Janeiro;3304557
20;6;2010;Rio de Janeiro;3304557
21;6;2010;Rio de Janeiro;3304557
22;6;2010;Rio de Janeiro;3304557
23;6;2010;Rio de Janeiro;3304557
24;6;2010;Rio de Janeiro;3304557
25;6;2010;Rio de Janeiro;3304557
26;6;2010;Rio de Janeiro;3304557
27;6;2010;Rio de Janeiro;3304557
28;6;2010;Rio de Janeiro;3304557
29;6;2010;Rio de Janeiro;3304557
30;6;2010;Rio de Janeiro;3304557
31;6;2010;Rio de Janeiro;3304557
32;6;2010;Rio de Janeiro;3304557
33;6;2010;Rio de Janeiro;3304557
34;6;2010;Rio de Janeiro;3304557
35;6;2010;Rio de Janeiro;3304557
36;6;2010;Rio de Janeiro;3304557
37;6;2010;Rio de Janeiro;3304557
38;6;2010;Rio de Janeiro;3304557
39;6;2010;Rio de Janeiro;3304557
40;6;2010;Rio de Janeiro;3304557
41;6;2010;Rio de Janeiro;3304557
42;6;2010;Rio de Janeiro;3304557
43;6;2010;Rio de Janeiro;3304557
44;6;2010;Rio de Janeiro;3304557
48;6;2010;Seropédica;3305554
50;6;2010;Itaguaí;3302007
51;6;2010;Paracambi;3303609
52;6;2010;Nova Iguaçu;3303500
53;6;2010;Mesquita;3302858
54;6;2010;Belford Roxo;3300456
55;6;2010;Queimados;3304144
56;6;2010;Nova Iguaçu;3303500
57;6;2010;Nilópolis;3303203
58;6;2010;Nova Iguaçu;3303500
59;6;2010;Duque de Caxias;3301702
60;6;2010;Duque de Caxias;3301702
61;6;2010;Duque de Caxias;3301702
62;6;2010;Duque de Caxias;3301702
63;6;2010;Japeri;3302270
64;6;2010;São João de Meriti;3305109
65;6;2010;"Magé;Guapimirim";9999982
66;6;2010;Magé;3302502
71;6;2010;"Itaboraí;Tanguá";9999983
72;6;2010;São Gonçalo;3304904
73;6;2010;São Gonçalo;3304904
74;6;2010;São Gonçalo;3304904
75;6;2010;São Gonçalo;3304904
76;6;2010;Niterói;3303302
77;6;2010;Niterói;3303302
78;6;2010;Niterói;3303302
79;6;2010;Niterói;3303302
81;6;2010;Niterói;3303302
82;6;2010;Maricá;3302700
88;6;2010;Barra do Pirai;3300308
89;6;2010;Resende;3304201
90;6;2010;Barra Mansa;3300407
91;6;2010;Valença;3306107
92;6;2010;Rio das Flores;3304508
93;6;2010;Volta Redonda;3306305
94;6;2010;Piraí;3304003
95;6;2010;Vassouras;3306206
96;6;2010;"Miguel Pereira;Paty dos Alferes";9999999
97;6;2010;Mendes;3302809
98;6;2010;Engenheiro Paulo de Frontin;3301801
99;6;2010;Itatiaia;3302254
100;6;2010;"Porto Real;Quatis";9999992
101;6;2010;Pinheiral;3303955
104;6;2010;São José do Vale do Rio Preto;3305158
105;6;2010;Petrópolis;3303906
106;6;2010;Petrópolis;3303906
107;6;2010;Paraíba do Sul;3303708
108;6;2010;"Comendador Levy Gasparian;Areal;Três Rios";9999991
109;6;2010;Sapucaia;3305406
110;6;2010;Teresópolis;3305802
111;6;2010;Sumidouro;3305703
112;6;2010;Carmo;3301207
118;6;2010;Araruama;3300209
119;6;2010;Rio Bonito;3304300
120;6;2010;Silva Jardim;3305604
121;6;2010;Casimiro de Abreu;3301306
122;6;2010;Conceição de Macabú;3301405
123;6;2010;Macaé;3302403
124;6;2010;Saquarema;3305505
125;6;2010;São Pedro da Aldeia;3305208
126;6;2010;"Cabo Frio;Arraial do Cabo";9999985
127;6;2010;Armação dos Búzios;3300233
128;6;2010;Rio das Ostras;3304524
129;6;2010;Iguaba Grande;3301876
130;6;2010;"Quissamã;Carapebus";9999994
134;6;2010;Campos dos Goytacazes;3301009
135;6;2010;Itaocara;3302106
136;6;2010;"Santo Antônio de Pádua;Aperibé";9999993
137;6;2010;Miracema;3303005
138;6;2010;Laje do Muriaé;3302304
139;6;2010;Porciúncula;3304102
140;6;2010;"Natividade;Varre-Sai";9999997
141;6;2010;São Fidélis;3304805
142;6;2010;Cambuci;3300902
143;6;2010;"Itaperuna;São José de Ubá";9999996
144;6;2010;Bom Jesus de Itabapoana;3300605
145;6;2010;São João da Barra;3305000
146;6;2010;Campos dos Goytacazes;3301009
147;6;2010;São Francisco de Itabapoana;3304755
151;6;2010;Nova Friburgo;3303401
152;6;2010;Duas Barras;3301603
153;6;2010;Cantagalo;3301108
154;6;2010;"Cordeiro;Macuco";9999998
155;6;2010;São Sebastião do Alto;3305307
156;6;2010;Santa Maria Madalena;3304607
157;6;2010;Trajano de Morais;3305901
158;6;2010;Bom Jardim;3300506
159;6;2010;Cachoeiras de Macacu;3300803
165;6;2010;Mangaratiba;3302601
166;6;2010;Angra dos Reis;3300100
167;6;2010;Paraty;3303807
168;6;2010;Rio Claro;3304409
1;7;2010;Rio de Janeiro;3304557
4;7;2010;Rio de Janeiro;3304557
5;7;2010;Rio de Janeiro;3304557
6;7;2010;Rio de Janeiro;3304557
7;7;2010;Rio de Janeiro;3304557
9;7;2010;Rio de Janeiro;3304557
10;7;2010;Rio de Janeiro;3304557
12;7;2010;Rio de Janeiro;3304557
13;7;2010;Rio de Janeiro;3304557
14;7;2010;Rio de Janeiro;3304557
15;7;2010;Rio de Janeiro;3304557
16;7;2010;Rio de Janeiro;3304557
17;7;2010;Rio de Janeiro;3304557
18;7;2010;Rio de Janeiro;3304557
19;7;2010;Rio de Janeiro;3304557
20;7;2010;Rio de Janeiro;3304557
21;7;2010;Rio de Janeiro;3304557
22;7;2010;Rio de Janeiro;3304557
23;7;2010;Rio de Janeiro;3304557
24;7;2010;Rio de Janeiro;3304557
25;7;2010;Rio de Janeiro;3304557
26;7;2010;Rio de Janeiro;3304557
27;7;2010;Rio de Janeiro;3304557
28;7;2010;Rio de Janeiro;3304557
29;7;2010;Rio de Janeiro;3304557
30;7;2010;Rio de Janeiro;3304557
31;7;2010;Rio de Janeiro;3304557
32;7;2010;Rio de Janeiro;3304557
33;7;2010;Rio de Janeiro;3304557
34;7;2010;Rio de Janeiro;3304557
35;7;2010;Rio de Janeiro;3304557
36;7;2010;Rio de Janeiro;3304557
37;7;2010;Rio de Janeiro;3304557
38;7;2010;Rio de Janeiro;3304557
39;7;2010;Rio de Janeiro;3304557
40;7;2010;Rio de Janeiro;3304557
41;7;2010;Rio de Janeiro;3304557
42;7;2010;Rio de Janeiro;3304557
43;7;2010;Rio de Janeiro;3304557
44;7;2010;Rio de Janeiro;3304557
48;7;2010;Seropédica;3305554
50;7;2010;Itaguaí;3302007
51;7;2010;Paracambi;3303609
52;7;2010;Nova Iguaçu;3303500
53;7;2010;Mesquita;3302858
54;7;2010;Belford Roxo;3300456
55;7;2010;Queimados;3304144
56;7;2010;Nova Iguaçu;3303500
57;7;2010;Nilópolis;3303203
58;7;2010;Nova Iguaçu;3303500
59;7;2010;Duque de Caxias;3301702
60;7;2010;Duque de Caxias;3301702
61;7;2010;Duque de Caxias;3301702
62;7;2010;Duque de Caxias;3301702
63;7;2010;Japeri;3302270
64;7;2010;São João de Meriti;3305109
65;7;2010;"Magé;Guapimirim";9999982
66;7;2010;Magé;3302502
71;7;2010;"Itaboraí;Tanguá";9999983
72;7;2010;São Gonçalo;3304904
73;7;2010;São Gonçalo;3304904
74;7;2010;São Gonçalo;3304904
75;7;2010;São Gonçalo;3304904
76;7;2010;Niterói;3303302
77;7;2010;Niterói;3303302
78;7;2010;Niterói;3303302
79;7;2010;Niterói;3303302
81;7;2010;Niterói;3303302
82;7;2010;Maricá;3302700
88;7;2010;Barra do Pirai;3300308
89;7;2010;Resende;3304201
90;7;2010;Barra Mansa;3300407
91;7;2010;Valença;3306107
92;7;2010;Rio das Flores;3304508
93;7;2010;Volta Redonda;3306305
94;7;2010;Piraí;3304003
95;7;2010;Vassouras;3306206
96;7;2010;"Miguel Pereira;Paty dos Alferes";9999999
97;7;2010;Mendes;3302809
98;7;2010;Engenheiro Paulo de Frontin;3301801
99;7;2010;Itatiaia;3302254
100;7;2010;"Porto Real;Quatis";9999992
101;7;2010;Pinheiral;3303955
104;7;2010;São José do Vale do Rio Preto;3305158
105;7;2010;Petrópolis;3303906
106;7;2010;Petrópolis;3303906
107;7;2010;Paraíba do Sul;3303708
108;7;2010;"Comendador Levy Gasparian;Areal;Três Rios";9999991
109;7;2010;Sapucaia;3305406
110;7;2010;Teresópolis;3305802
111;7;2010;Sumidouro;3305703
112;7;2010;Carmo;3301207
118;7;2010;Araruama;3300209
119;7;2010;Rio Bonito;3304300
120;7;2010;Silva Jardim;3305604
121;7;2010;Casimiro de Abreu;3301306
122;7;2010;Conceição de Macabú;3301405
123;7;2010;Macaé;3302403
124;7;2010;Saquarema;3305505
125;7;2010;São Pedro da Aldeia;3305208
126;7;2010;"Cabo Frio;Arraial do Cabo";9999985
127;7;2010;Armação dos Búzios;3300233
128;7;2010;Rio das Ostras;3304524
129;7;2010;Iguaba Grande;3301876
130;7;2010;"Quissamã;Carapebus";9999994
134;7;2010;Campos dos Goytacazes;3301009
135;7;2010;Itaocara;3302106
136;7;2010;"Santo Antônio de Pádua;Aperibé";9999993
137;7;2010;Miracema;3303005
138;7;2010;Laje do Muriaé;3302304
139;7;2010;Porciúncula;3304102
140;7;2010;"Natividade;Varre-Sai";9999997
141;7;2010;São Fidélis;3304805
142;7;2010;Cambuci;3300902
143;7;2010;"Itaperuna;São José de Ubá";9999996
144;7;2010;Bom Jesus de Itabapoana;3300605
145;7;2010;São João da Barra;3305000
146;7;2010;Campos dos Goytacazes;3301009
147;7;2010;São Francisco de Itabapoana;3304755
151;7;2010;Nova Friburgo;3303401
152;7;2010;Duas Barras;3301603
153;7;2010;Cantagalo;3301108
154;7;2010;"Cordeiro;Macuco";9999998
155;7;2010;São Sebastião do Alto;3305307
156;7;2010;Santa Maria Madalena;3304607
157;7;2010;Trajano de Morais;3305901
158;7;2010;Bom Jardim;3300506
159;7;2010;Cachoeiras de Macacu;3300803
165;7;2010;Mangaratiba;3302601
166;7;2010;Angra dos Reis;3300100
167;7;2010;Paraty;3303807
168;7;2010;Rio Claro;3304409
1;8;2010;Rio de Janeiro;3304557
4;8;2010;Rio de Janeiro;3304557
5;8;2010;Rio de Janeiro;3304557
6;8;2010;Rio de Janeiro;3304557
7;8;2010;Rio de Janeiro;3304557
9;8;2010;Rio de Janeiro;3304557
10;8;2010;Rio de Janeiro;3304557
12;8;2010;Rio de Janeiro;3304557
13;8;2010;Rio de Janeiro;3304557
14;8;2010;Rio de Janeiro;3304557
15;8;2010;Rio de Janeiro;3304557
16;8;2010;Rio de Janeiro;3304557
17;8;2010;Rio de Janeiro;3304557
18;8;2010;Rio de Janeiro;3304557
19;8;2010;Rio de Janeiro;3304557
20;8;2010;Rio de Janeiro;3304557
21;8;2010;Rio de Janeiro;3304557
22;8;2010;Rio de Janeiro;3304557
23;8;2010;Rio de Janeiro;3304557
24;8;2010;Rio de Janeiro;3304557
25;8;2010;Rio de Janeiro;3304557
26;8;2010;Rio de Janeiro;3304557
27;8;2010;Rio de Janeiro;3304557
28;8;2010;Rio de Janeiro;3304557
29;8;2010;Rio de Janeiro;3304557
30;8;2010;Rio de Janeiro;3304557
31;8;2010;Rio de Janeiro;3304557
32;8;2010;Rio de Janeiro;3304557
33;8;2010;Rio de Janeiro;3304557
34;8;2010;Rio de Janeiro;3304557
35;8;2010;Rio de Janeiro;3304557
36;8;2010;Rio de Janeiro;3304557
37;8;2010;Rio de Janeiro;3304557
38;8;2010;Rio de Janeiro;3304557
39;8;2010;Rio de Janeiro;3304557
40;8;2010;Rio de Janeiro;3304557
41;8;2010;Rio de Janeiro;3304557
42;8;2010;Rio de Janeiro;3304557
43;8;2010;Rio de Janeiro;3304557
44;8;2010;Rio de Janeiro;3304557
48;8;2010;Seropédica;3305554
50;8;2010;Itaguaí;3302007
51;8;2010;Paracambi;3303609
52;8;2010;Nova Iguaçu;3303500
53;8;2010;Mesquita;3302858
54;8;2010;Belford Roxo;3300456
55;8;2010;Queimados;3304144
56;8;2010;Nova Iguaçu;3303500
57;8;2010;Nilópolis;3303203
58;8;2010;Nova Iguaçu;3303500
59;8;2010;Duque de Caxias;3301702
60;8;2010;Duque de Caxias;3301702
61;8;2010;Duque de Caxias;3301702
62;8;2010;Duque de Caxias;3301702
63;8;2010;Japeri;3302270
64;8;2010;São João de Meriti;3305109
65;8;2010;"Magé;Guapimirim";9999982
66;8;2010;Magé;3302502
71;8;2010;"Itaboraí;Tanguá";9999983
72;8;2010;São Gonçalo;3304904
73;8;2010;São Gonçalo;3304904
74;8;2010;São Gonçalo;3304904
75;8;2010;São Gonçalo;3304904
76;8;2010;Niterói;3303302
77;8;2010;Niterói;3303302
78;8;2010;Niterói;3303302
79;8;2010;Niterói;3303302
81;8;2010;Niterói;3303302
82;8;2010;Maricá;3302700
88;8;2010;Barra do Pirai;3300308
89;8;2010;Resende;3304201
90;8;2010;Barra Mansa;3300407
91;8;2010;Valença;3306107
92;8;2010;Rio das Flores;3304508
93;8;2010;Volta Redonda;3306305
94;8;2010;Piraí;3304003
95;8;2010;Vassouras;3306206
96;8;2010;"Miguel Pereira;Paty dos Alferes";9999999
97;8;2010;Mendes;3302809
98;8;2010;Engenheiro Paulo de Frontin;3301801
99;8;2010;Itatiaia;3302254
100;8;2010;"Porto Real;Quatis";9999992
101;8;2010;Pinheiral;3303955
104;8;2010;São José do Vale do Rio Preto;3305158
105;8;2010;Petrópolis;3303906
106;8;2010;Petrópolis;3303906
107;8;2010;Paraíba do Sul;3303708
108;8;2010;"Comendador Levy Gasparian;Areal;Três Rios";9999991
109;8;2010;Sapucaia;3305406
110;8;2010;Teresópolis;3305802
111;8;2010;Sumidouro;3305703
112;8;2010;Carmo;3301207
118;8;2010;Araruama;3300209
119;8;2010;Rio Bonito;3304300
120;8;2010;Silva Jardim;3305604
121;8;2010;Casimiro de Abreu;3301306
122;8;2010;Conceição de Macabú;3301405
123;8;2010;Macaé;3302403
124;8;2010;Saquarema;3305505
125;8;2010;São Pedro da Aldeia;3305208
126;8;2010;"Cabo Frio;Arraial do Cabo";9999985
127;8;2010;Armação dos Búzios;3300233
128;8;2010;Rio das Ostras;3304524
129;8;2010;Iguaba Grande;3301876
130;8;2010;"Quissamã;Carapebus";9999994
134;8;2010;Campos dos Goytacazes;3301009
135;8;2010;Itaocara;3302106
136;8;2010;"Santo Antônio de Pádua;Aperibé";9999993
137;8;2010;Miracema;3303005
138;8;2010;Laje do Muriaé;3302304
139;8;2010;Porciúncula;3304102
140;8;2010;"Natividade;Varre-Sai";9999997
141;8;2010;São Fidélis;3304805
142;8;2010;Cambuci;3300902
143;8;2010;"Itaperuna;São José de Ubá";9999996
144;8;2010;Bom Jesus de Itabapoana;3300605
145;8;2010;São João da Barra;3305000
146;8;2010;Campos dos Goytacazes;3301009
147;8;2010;São Francisco de Itabapoana;3304755
148;8;2010;"Cardoso Moreira;Italva";9999995
151;8;2010;Nova Friburgo;3303401
152;8;2010;Duas Barras;3301603
153;8;2010;Cantagalo;3301108
154;8;2010;"Cordeiro;Macuco";9999998
155;8;2010;São Sebastião do Alto;3305307
156;8;2010;Santa Maria Madalena;3304607
157;8;2010;Trajano de Morais;3305901
158;8;2010;Bom Jardim;3300506
159;8;2010;Cachoeiras de Macacu;3300803
165;8;2010;Mangaratiba;3302601
166;8;2010;Angra dos Reis;3300100
167;8;2010;Paraty;3303807
168;8;2010;Rio Claro;3304409
1;9;2010;Rio de Janeiro;3304557
4;9;2010;Rio de Janeiro;3304557
5;9;2010;Rio de Janeiro;3304557
6;9;2010;Rio de Janeiro;3304557
7;9;2010;Rio de Janeiro;3304557
9;9;2010;Rio de Janeiro;3304557
10;9;2010;Rio de Janeiro;3304557
12;9;2010;Rio de Janeiro;3304557
13;9;2010;Rio de Janeiro;3304557
14;9;2010;Rio de Janeiro;3304557
15;9;2010;Rio de Janeiro;3304557
16;9;2010;Rio de Janeiro;3304557
17;9;2010;Rio de Janeiro;3304557
18;9;2010;Rio de Janeiro;3304557
19;9;2010;Rio de Janeiro;3304557
20;9;2010;Rio de Janeiro;3304557
21;9;2010;Rio de Janeiro;3304557
22;9;2010;Rio de Janeiro;3304557
23;9;2010;Rio de Janeiro;3304557
24;9;2010;Rio de Janeiro;3304557
25;9;2010;Rio de Janeiro;3304557
26;9;2010;Rio de Janeiro;3304557
27;9;2010;Rio de Janeiro;3304557
28;9;2010;Rio de Janeiro;3304557
29;9;2010;Rio de Janeiro;3304557
30;9;2010;Rio de Janeiro;3304557
31;9;2010;Rio de Janeiro;3304557
32;9;2010;Rio de Janeiro;3304557
33;9;2010;Rio de Janeiro;3304557
34;9;2010;Rio de Janeiro;3304557
35;9;2010;Rio de Janeiro;3304557
36;9;2010;Rio de Janeiro;3304557
37;9;2010;Rio de Janeiro;3304557
38;9;2010;Rio de Janeiro;3304557
39;9;2010;Rio de Janeiro;3304557
40;9;2010;Rio de Janeiro;3304557
41;9;2010;Rio de Janeiro;3304557
42;9;2010;Rio de Janeiro;3304557
43;9;2010;Rio de Janeiro;3304557
44;9;2010;Rio de Janeiro;3304557
48;9;2010;Seropédica;3305554
50;9;2010;Itaguaí;3302007
51;9;2010;Paracambi;3303609
52;9;2010;Nova Iguaçu;3303500
53;9;2010;Mesquita;3302858
54;9;2010;Belford Roxo;3300456
55;9;2010;Queimados;3304144
56;9;2010;Nova Iguaçu;3303500
57;9;2010;Nilópolis;3303203
58;9;2010;Nova Iguaçu;3303500
59;9;2010;Duque de Caxias;3301702
60;9;2010;Duque de Caxias;3301702
61;9;2010;Duque de Caxias;3301702
62;9;2010;Duque de Caxias;3301702
63;9;2010;Japeri;3302270
64;9;2010;São João de Meriti;3305109
65;9;2010;"Magé;Guapimirim";9999982
66;9;2010;Magé;3302502
71;9;2010;"Itaboraí;Tanguá";9999983
72;9;2010;São Gonçalo;3304904
73;9;2010;São Gonçalo;3304904
74;9;2010;São Gonçalo;3304904
75;9;2010;São Gonçalo;3304904
76;9;2010;Niterói;3303302
77;9;2010;Niterói;3303302
78;9;2010;Niterói;3303302
79;9;2010;Niterói;3303302
81;9;2010;Niterói;3303302
82;9;2010;Maricá;3302700
88;9;2010;Barra do Pirai;3300308
89;9;2010;Resende;3304201
90;9;2010;Barra Mansa;3300407
91;9;2010;Valença;3306107
92;9;2010;Rio das Flores;3304508
93;9;2010;Volta Redonda;3306305
94;9;2010;Piraí;3304003
95;9;2010;Vassouras;3306206
96;9;2010;"Miguel Pereira;Paty dos Alferes";9999999
97;9;2010;Mendes;3302809
98;9;2010;Engenheiro Paulo de Frontin;3301801
99;9;2010;Itatiaia;3302254
100;9;2010;"Porto Real;Quatis";9999992
101;9;2010;Pinheiral;3303955
104;9;2010;São José do Vale do Rio Preto;3305158
105;9;2010;Petrópolis;3303906
106;9;2010;Petrópolis;3303906
107;9;2010;Paraíba do Sul;3303708
108;9;2010;"Comendador Levy Gasparian;Areal;Três Rios";9999991
109;9;2010;Sapucaia;3305406
110;9;2010;Teresópolis;3305802
111;9;2010;Sumidouro;3305703
112;9;2010;Carmo;3301207
118;9;2010;Araruama;3300209
119;9;2010;Rio Bonito;3304300
120;9;2010;Silva Jardim;3305604
121;9;2010;Casimiro de Abreu;3301306
122;9;2010;Conceição de Macabú;3301405
123;9;2010;Macaé;3302403
124;9;2010;Saquarema;3305505
125;9;2010;São Pedro da Aldeia;3305208
126;9;2010;"Cabo Frio;Arraial do Cabo";9999985
127;9;2010;Armação dos Búzios;3300233
128;9;2010;Rio das Ostras;3304524
129;9;2010;Iguaba Grande;3301876
130;9;2010;"Quissamã;Carapebus";9999994
134;9;2010;Campos dos Goytacazes;3301009
135;9;2010;Itaocara;3302106
136;9;2010;"Santo Antônio de Pádua;Aperibé";9999993
137;9;2010;Miracema;3303005
138;9;2010;Laje do Muriaé;3302304
139;9;2010;Porciúncula;3304102
140;9;2010;"Natividade;Varre-Sai";9999997
141;9;2010;São Fidélis;3304805
142;9;2010;Cambuci;3300902
143;9;2010;"Itaperuna;São José de Ubá";9999996
144;9;2010;Bom Jesus de Itabapoana;3300605
145;9;2010;São João da Barra;3305000
146;9;2010;Campos dos Goytacazes;3301009
147;9;2010;São Francisco de Itabapoana;3304755
148;9;2010;"Cardoso Moreira;Italva";9999995
151;9;2010;Nova Friburgo;3303401
152;9;2010;Duas Barras;3301603
153;9;2010;Cantagalo;3301108
154;9;2010;"Cordeiro;Macuco";9999998
155;9;2010;São Sebastião do Alto;3305307
156;9;2010;Santa Maria Madalena;3304607
157;9;2010;Trajano de Morais;3305901
158;9;2010;Bom Jardim;3300506
159;9;2010;Cachoeiras de Macacu;3300803
165;9;2010;Mangaratiba;3302601
166;9;2010;Angra dos Reis;3300100
167;9;2010;Paraty;3303807
168;9;2010;Rio Claro;3304409
1;10;2010;Rio de Janeiro;3304557
4;10;2010;Rio de Janeiro;3304557
5;10;2010;Rio de Janeiro;3304557
6;10;2010;Rio de Janeiro;3304557
7;10;2010;Rio de Janeiro;3304557
9;10;2010;Rio de Janeiro;3304557
10;10;2010;Rio de Janeiro;3304557
12;10;2010;Rio de Janeiro;3304557
13;10;2010;Rio de Janeiro;3304557
14;10;2010;Rio de Janeiro;3304557
15;10;2010;Rio de Janeiro;3304557
16;10;2010;Rio de Janeiro;3304557
17;10;2010;Rio de Janeiro;3304557
18;10;2010;Rio de Janeiro;3304557
19;10;2010;Rio de Janeiro;3304557
20;10;2010;Rio de Janeiro;3304557
21;10;2010;Rio de Janeiro;3304557
22;10;2010;Rio de Janeiro;3304557
23;10;2010;Rio de Janeiro;3304557
24;10;2010;Rio de Janeiro;3304557
25;10;2010;Rio de Janeiro;3304557
26;10;2010;Rio de Janeiro;3304557
27;10;2010;Rio de Janeiro;3304557
28;10;2010;Rio de Janeiro;3304557
29;10;2010;Rio de Janeiro;3304557
30;10;2010;Rio de Janeiro;3304557
31;10;2010;Rio de Janeiro;3304557
32;10;2010;Rio de Janeiro;3304557
33;10;2010;Rio de Janeiro;3304557
34;10;2010;Rio de Janeiro;3304557
35;10;2010;Rio de Janeiro;3304557
36;10;2010;Rio de Janeiro;3304557
37;10;2010;Rio de Janeiro;3304557
38;10;2010;Rio de Janeiro;3304557
39;10;2010;Rio de Janeiro;3304557
40;10;2010;Rio de Janeiro;3304557
41;10;2010;Rio de Janeiro;3304557
42;10;2010;Rio de Janeiro;3304557
43;10;2010;Rio de Janeiro;3304557
44;10;2010;Rio de Janeiro;3304557
48;10;2010;Seropédica;3305554
50;10;2010;Itaguaí;3302007
51;10;2010;Paracambi;3303609
52;10;2010;Nova Iguaçu;3303500
53;10;2010;Mesquita;3302858
54;10;2010;Belford Roxo;3300456
55;10;2010;Queimados;3304144
56;10;2010;Nova Iguaçu;3303500
57;10;2010;Nilópolis;3303203
58;10;2010;Nova Iguaçu;3303500
59;10;2010;Duque de Caxias;3301702
60;10;2010;Duque de Caxias;3301702
61;10;2010;Duque de Caxias;3301702
62;10;2010;Duque de Caxias;3301702
63;10;2010;Japeri;3302270
64;10;2010;São João de Meriti;3305109
65;10;2010;"Magé;Guapimirim";9999982
66;10;2010;Magé;3302502
71;10;2010;"Itaboraí;Tanguá";9999983
72;10;2010;São Gonçalo;3304904
73;10;2010;São Gonçalo;3304904
74;10;2010;São Gonçalo;3304904
75;10;2010;São Gonçalo;3304904
76;10;2010;Niterói;3303302
77;10;2010;Niterói;3303302
78;10;2010;Niterói;3303302
79;10;2010;Niterói;3303302
81;10;2010;Niterói;3303302
82;10;2010;Maricá;3302700
88;10;2010;Barra do Pirai;3300308
89;10;2010;Resende;3304201
90;10;2010;Barra Mansa;3300407
91;10;2010;Valença;3306107
92;10;2010;Rio das Flores;3304508
93;10;2010;Volta Redonda;3306305
94;10;2010;Piraí;3304003
95;10;2010;Vassouras;3306206
96;10;2010;"Miguel Pereira;Paty dos Alferes";9999999
97;10;2010;Mendes;3302809
98;10;2010;Engenheiro Paulo de Frontin;3301801
99;10;2010;Itatiaia;3302254
100;10;2010;"Porto Real;Quatis";9999992
101;10;2010;Pinheiral;3303955
104;10;2010;São José do Vale do Rio Preto;3305158
105;10;2010;Petrópolis;3303906
106;10;2010;Petrópolis;3303906
107;10;2010;Paraíba do Sul;3303708
108;10;2010;"Comendador Levy Gasparian;Areal;Três Rios";9999991
109;10;2010;Sapucaia;3305406
110;10;2010;Teresópolis;3305802
111;10;2010;Sumidouro;3305703
112;10;2010;Carmo;3301207
118;10;2010;Araruama;3300209
119;10;2010;Rio Bonito;3304300
120;10;2010;Silva Jardim;3305604
121;10;2010;Casimiro de Abreu;3301306
122;10;2010;Conceição de Macabú;3301405
123;10;2010;Macaé;3302403
124;10;2010;Saquarema;3305505
125;10;2010;São Pedro da Aldeia;3305208
126;10;2010;"Cabo Frio;Arraial do Cabo";9999985
127;10;2010;Armação dos Búzios;3300233
128;10;2010;Rio das Ostras;3304524
129;10;2010;Iguaba Grande;3301876
130;10;2010;"Quissamã;Carapebus";9999994
134;10;2010;Campos dos Goytacazes;3301009
135;10;2010;Itaocara;3302106
136;10;2010;"Santo Antônio de Pádua;Aperibé";9999993
137;10;2010;Miracema;3303005
138;10;2010;Laje do Muriaé;3302304
139;10;2010;Porciúncula;3304102
140;10;2010;"Natividade;Varre-Sai";9999997
141;10;2010;São Fidélis;3304805
142;10;2010;Cambuci;3300902
143;10;2010;"Itaperuna;São José de Ubá";9999996
144;10;2010;Bom Jesus de Itabapoana;3300605
145;10;2010;São João da Barra;3305000
146;10;2010;Campos dos Goytacazes;3301009
147;10;2010;São Francisco de Itabapoana;3304755
148;10;2010;"Cardoso Moreira;Italva";9999995
151;10;2010;Nova Friburgo;3303401
152;10;2010;Duas Barras;3301603
153;10;2010;Cantagalo;3301108
154;10;2010;"Cordeiro;Macuco";9999998
155;10;2010;São Sebastião do Alto;3305307
156;10;2010;Santa Maria Madalena;3304607
157;10;2010;Trajano de Morais;3305901
158;10;2010;Bom Jardim;3300506
159;10;2010;Cachoeiras de Macacu;3300803
165;10;2010;Mangaratiba;3302601
166;10;2010;Angra dos Reis;3300100
167;10;2010;Paraty;3303807
168;10;2010;Rio Claro;3304409
1;11;2010;Rio de Janeiro;3304557
4;11;2010;Rio de Janeiro;3304557
5;11;2010;Rio de Janeiro;3304557
6;11;2010;Rio de Janeiro;3304557
7;11;2010;Rio de Janeiro;3304557
9;11;2010;Rio de Janeiro;3304557
10;11;2010;Rio de Janeiro;3304557
12;11;2010;Rio de Janeiro;3304557
13;11;2010;Rio de Janeiro;3304557
14;11;2010;Rio de Janeiro;3304557
15;11;2010;Rio de Janeiro;3304557
16;11;2010;Rio de Janeiro;3304557
17;11;2010;Rio de Janeiro;3304557
18;11;2010;Rio de Janeiro;3304557
19;11;2010;Rio de Janeiro;3304557
20;11;2010;Rio de Janeiro;3304557
21;11;2010;Rio de Janeiro;3304557
22;11;2010;Rio de Janeiro;3304557
23;11;2010;Rio de Janeiro;3304557
24;11;2010;Rio de Janeiro;3304557
25;11;2010;Rio de Janeiro;3304557
26;11;2010;Rio de Janeiro;3304557
27;11;2010;Rio de Janeiro;3304557
28;11;2010;Rio de Janeiro;3304557
29;11;2010;Rio de Janeiro;3304557
30;11;2010;Rio de Janeiro;3304557
31;11;2010;Rio de Janeiro;3304557
32;11;2010;Rio de Janeiro;3304557
33;11;2010;Rio de Janeiro;3304557
34;11;2010;Rio de Janeiro;3304557
35;11;2010;Rio de Janeiro;3304557
36;11;2010;Rio de Janeiro;3304557
37;11;2010;Rio de Janeiro;3304557
38;11;2010;Rio de Janeiro;3304557
39;11;2010;Rio de Janeiro;3304557
40;11;2010;Rio de Janeiro;3304557
41;11;2010;Rio de Janeiro;3304557
42;11;2010;Rio de Janeiro;3304557
43;11;2010;Rio de Janeiro;3304557
44;11;2010;Rio de Janeiro;3304557
48;11;2010;Seropédica;3305554
50;11;2010;Itaguaí;3302007
51;11;2010;Paracambi;3303609
52;11;2010;Nova Iguaçu;3303500
53;11;2010;Mesquita;3302858
54;11;2010;Belford Roxo;3300456
55;11;2010;Queimados;3304144
56;11;2010;Nova Iguaçu;3303500
57;11;2010;Nilópolis;3303203
58;11;2010;Nova Iguaçu;3303500
59;11;2010;Duque de Caxias;3301702
60;11;2010;Duque de Caxias;3301702
61;11;2010;Duque de Caxias;3301702
62;11;2010;Duque de Caxias;3301702
63;11;2010;Japeri;3302270
64;11;2010;São João de Meriti;3305109
65;11;2010;"Magé;Guapimirim";9999982
66;11;2010;Magé;3302502
71;11;2010;"Itaboraí;Tanguá";9999983
72;11;2010;São Gonçalo;3304904
73;11;2010;São Gonçalo;3304904
74;11;2010;São Gonçalo;3304904
75;11;2010;São Gonçalo;3304904
76;11;2010;Niterói;3303302
77;11;2010;Niterói;3303302
78;11;2010;Niterói;3303302
79;11;2010;Niterói;3303302
81;11;2010;Niterói;3303302
82;11;2010;Maricá;3302700
88;11;2010;Barra do Pirai;3300308
89;11;2010;Resende;3304201
90;11;2010;Barra Mansa;3300407
91;11;2010;Valença;3306107
92;11;2010;Rio das Flores;3304508
93;11;2010;Volta Redonda;3306305
94;11;2010;Piraí;3304003
95;11;2010;Vassouras;3306206
96;11;2010;"Miguel Pereira;Paty dos Alferes";9999999
97;11;2010;Mendes;3302809
98;11;2010;Engenheiro Paulo de Frontin;3301801
99;11;2010;Itatiaia;3302254
100;11;2010;"Porto Real;Quatis";9999992
101;11;2010;Pinheiral;3303955
104;11;2010;São José do Vale do Rio Preto;3305158
105;11;2010;Petrópolis;3303906
106;11;2010;Petrópolis;3303906
107;11;2010;Paraíba do Sul;3303708
108;11;2010;"Comendador Levy Gasparian;Areal;Três Rios";9999991
109;11;2010;Sapucaia;3305406
110;11;2010;Teresópolis;3305802
111;11;2010;Sumidouro;3305703
112;11;2010;Carmo;3301207
118;11;2010;Araruama;3300209
119;11;2010;Rio Bonito;3304300
120;11;2010;Silva Jardim;3305604
121;11;2010;Casimiro de Abreu;3301306
122;11;2010;Conceição de Macabú;3301405
123;11;2010;Macaé;3302403
124;11;2010;Saquarema;3305505
125;11;2010;São Pedro da Aldeia;3305208
126;11;2010;"Cabo Frio;Arraial do Cabo";9999985
127;11;2010;Armação dos Búzios;3300233
128;11;2010;Rio das Ostras;3304524
129;11;2010;Iguaba Grande;3301876
130;11;2010;"Quissamã;Carapebus";9999994
134;11;2010;Campos dos Goytacazes;3301009
135;11;2010;Itaocara;3302106
136;11;2010;"Santo Antônio de Pádua;Aperibé";9999993
137;11;2010;Miracema;3303005
138;11;2010;Laje do Muriaé;3302304
139;11;2010;Porciúncula;3304102
140;11;2010;"Natividade;Varre-Sai";9999997
141;11;2010;São Fidélis;3304805
142;11;2010;Cambuci;3300902
143;11;2010;"Itaperuna;São José de Ubá";9999996
144;11;2010;Bom Jesus de Itabapoana;3300605
145;11;2010;São João da Barra;3305000
146;11;2010;Campos dos Goytacazes;3301009
147;11;2010;São Francisco de Itabapoana;3304755
148;11;2010;"Cardoso Moreira;Italva";9999995
151;11;2010;Nova Friburgo;3303401
152;11;2010;Duas Barras;3301603
153;11;2010;Cantagalo;3301108
154;11;2010;"Cordeiro;Macuco";9999998
155;11;2010;São Sebastião do Alto;3305307
156;11;2010;Santa Maria Madalena;3304607
157;11;2010;Trajano de Morais;3305901
158;11;2010;Bom Jardim;3300506
159;11;2010;Cachoeiras de Macacu;3300803
165;11;2010;Mangaratiba;3302601
166;11;2010;Angra dos Reis;3300100
167;11;2010;Paraty;3303807
168;11;2010;Rio Claro;3304409
1;12;2010;Rio de Janeiro;3304557
4;12;2010;Rio de Janeiro;3304557
5;12;2010;Rio de Janeiro;3304557
6;12;2010;Rio de Janeiro;3304557
7;12;2010;Rio de Janeiro;3304557
9;12;2010;Rio de Janeiro;3304557
10;12;2010;Rio de Janeiro;3304557
12;12;2010;Rio de Janeiro;3304557
13;12;2010;Rio de Janeiro;3304557
14;12;2010;Rio de Janeiro;3304557
15;12;2010;Rio de Janeiro;3304557
16;12;2010;Rio de Janeiro;3304557
17;12;2010;Rio de Janeiro;3304557
18;12;2010;Rio de Janeiro;3304557
19;12;2010;Rio de Janeiro;3304557
20;12;2010;Rio de Janeiro;3304557
21;12;2010;Rio de Janeiro;3304557
22;12;2010;Rio de Janeiro;3304557
23;12;2010;Rio de Janeiro;3304557
24;12;2010;Rio de Janeiro;3304557
25;12;2010;Rio de Janeiro;3304557
26;12;2010;Rio de Janeiro;3304557
27;12;2010;Rio de Janeiro;3304557
28;12;2010;Rio de Janeiro;3304557
29;12;2010;Rio de Janeiro;3304557
30;12;2010;Rio de Janeiro;3304557
31;12;2010;Rio de Janeiro;3304557
32;12;2010;Rio de Janeiro;3304557
33;12;2010;Rio de Janeiro;3304557
34;12;2010;Rio de Janeiro;3304557
35;12;2010;Rio de Janeiro;3304557
36;12;2010;Rio de Janeiro;3304557
37;12;2010;Rio de Janeiro;3304557
38;12;2010;Rio de Janeiro;3304557
39;12;2010;Rio de Janeiro;3304557
40;12;2010;Rio de Janeiro;3304557
41;12;2010;Rio de Janeiro;3304557
42;12;2010;Rio de Janeiro;3304557
43;12;2010;Rio de Janeiro;3304557
44;12;2010;Rio de Janeiro;3304557
48;12;2010;Seropédica;3305554
50;12;2010;Itaguaí;3302007
51;12;2010;Paracambi;3303609
52;12;2010;Nova Iguaçu;3303500
53;12;2010;Mesquita;3302858
54;12;2010;Belford Roxo;3300456
55;12;2010;Queimados;3304144
56;12;2010;Nova Iguaçu;3303500
57;12;2010;Nilópolis;3303203
58;12;2010;Nova Iguaçu;3303500
59;12;2010;Duque de Caxias;3301702
60;12;2010;Duque de Caxias;3301702
61;12;2010;Duque de Caxias;3301702
62;12;2010;Duque de Caxias;3301702
63;12;2010;Japeri;3302270
64;12;2010;São João de Meriti;3305109
65;12;2010;"Magé;Guapimirim";9999982
66;12;2010;Magé;3302502
71;12;2010;"Itaboraí;Tanguá";9999983
72;12;2010;São Gonçalo;3304904
73;12;2010;São Gonçalo;3304904
74;12;2010;São Gonçalo;3304904
75;12;2010;São Gonçalo;3304904
76;12;2010;Niterói;3303302
77;12;2010;Niterói;3303302
78;12;2010;Niterói;3303302
79;12;2010;Niterói;3303302
81;12;2010;Niterói;3303302
82;12;2010;Maricá;3302700
88;12;2010;Barra do Pirai;3300308
89;12;2010;Resende;3304201
90;12;2010;Barra Mansa;3300407
91;12;2010;Valença;3306107
92;12;2010;Rio das Flores;3304508
93;12;2010;Volta Redonda;3306305
94;12;2010;Piraí;3304003
95;12;2010;Vassouras;3306206
96;12;2010;"Miguel Pereira;Paty dos Alferes";9999999
97;12;2010;Mendes;3302809
98;12;2010;Engenheiro Paulo de Frontin;3301801
99;12;2010;Itatiaia;3302254
100;12;2010;"Porto Real;Quatis";9999992
101;12;2010;Pinheiral;3303955
104;12;2010;São José do Vale do Rio Preto;3305158
105;12;2010;Petrópolis;3303906
106;12;2010;Petrópolis;3303906
107;12;2010;Paraíba do Sul;3303708
108;12;2010;"Comendador Levy Gasparian;Areal;Três Rios";9999991
109;12;2010;Sapucaia;3305406
110;12;2010;Teresópolis;3305802
111;12;2010;Sumidouro;3305703
112;12;2010;Carmo;3301207
118;12;2010;Araruama;3300209
119;12;2010;Rio Bonito;3304300
120;12;2010;Silva Jardim;3305604
121;12;2010;Casimiro de Abreu;3301306
122;12;2010;Conceição de Macabú;3301405
123;12;2010;Macaé;3302403
124;12;2010;Saquarema;3305505
125;12;2010;São Pedro da Aldeia;3305208
126;12;2010;"Cabo Frio;Arraial do Cabo";9999985
127;12;2010;Armação dos Búzios;3300233
128;12;2010;Rio das Ostras;3304524
129;12;2010;Iguaba Grande;3301876
130;12;2010;"Quissamã;Carapebus";9999994
134;12;2010;Campos dos Goytacazes;3301009
135;12;2010;Itaocara;3302106
136;12;2010;"Santo Antônio de Pádua;Aperibé";9999993
137;12;2010;Miracema;3303005
138;12;2010;Laje do Muriaé;3302304
139;12;2010;Porciúncula;3304102
140;12;2010;"Natividade;Varre-Sai";9999997
141;12;2010;São Fidélis;3304805
142;12;2010;Cambuci;3300902
143;12;2010;"Itaperuna;São José de Ubá";9999996
144;12;2010;Bom Jesus de Itabapoana;3300605
145;12;2010;São João da Barra;3305000
146;12;2010;Campos dos Goytacazes;3301009
147;12;2010;São Francisco de Itabapoana;3304755
148;12;2010;"Cardoso Moreira;Italva";9999995
151;12;2010;Nova Friburgo;3303401
152;12;2010;Duas Barras;3301603
153;12;2010;Cantagalo;3301108
154;12;2010;"Cordeiro;Macuco";9999998
155;12;2010;São Sebastião do Alto;3305307
156;12;2010;Santa Maria Madalena;3304607
157;12;2010;Trajano de Morais;3305901
158;12;2010;Bom Jardim;3300506
159;12;2010;Cachoeiras de Macacu;3300803
165;12;2010;Mangaratiba;3302601
166;12;2010;Angra dos Reis;3300100
167;12;2010;Paraty;3303807
168;12;2010;Rio Claro;3304409
1;1;2011;Rio de Janeiro;3304557
4;1;2011;Rio de Janeiro;3304557
5;1;2011;Rio de Janeiro;3304557
6;1;2011;Rio de Janeiro;3304557
7;1;2011;Rio de Janeiro;3304557
9;1;2011;Rio de Janeiro;3304557
10;1;2011;Rio de Janeiro;3304557
12;1;2011;Rio de Janeiro;3304557
13;1;2011;Rio de Janeiro;3304557
14;1;2011;Rio de Janeiro;3304557
15;1;2011;Rio de Janeiro;3304557
16;1;2011;Rio de Janeiro;3304557
17;1;2011;Rio de Janeiro;3304557
18;1;2011;Rio de Janeiro;3304557
19;1;2011;Rio de Janeiro;3304557
20;1;2011;Rio de Janeiro;3304557
21;1;2011;Rio de Janeiro;3304557
22;1;2011;Rio de Janeiro;3304557
23;1;2011;Rio de Janeiro;3304557
24;1;2011;Rio de Janeiro;3304557
25;1;2011;Rio de Janeiro;3304557
26;1;2011;Rio de Janeiro;3304557
27;1;2011;Rio de Janeiro;3304557
28;1;2011;Rio de Janeiro;3304557
29;1;2011;Rio de Janeiro;3304557
30;1;2011;Rio de Janeiro;3304557
31;1;2011;Rio de Janeiro;3304557
32;1;2011;Rio de Janeiro;3304557
33;1;2011;Rio de Janeiro;3304557
34;1;2011;Rio de Janeiro;3304557
35;1;2011;Rio de Janeiro;3304557
36;1;2011;Rio de Janeiro;3304557
37;1;2011;Rio de Janeiro;3304557
38;1;2011;Rio de Janeiro;3304557
39;1;2011;Rio de Janeiro;3304557
40;1;2011;Rio de Janeiro;3304557
41;1;2011;Rio de Janeiro;3304557
42;1;2011;Rio de Janeiro;3304557
43;1;2011;Rio de Janeiro;3304557
44;1;2011;Rio de Janeiro;3304557
48;1;2011;Seropédica;3305554
50;1;2011;Itaguaí;3302007
51;1;2011;Paracambi;3303609
52;1;2011;Nova Iguaçu;3303500
53;1;2011;Mesquita;3302858
54;1;2011;Belford Roxo;3300456
55;1;2011;Queimados;3304144
56;1;2011;Nova Iguaçu;3303500
57;1;2011;Nilópolis;3303203
58;1;2011;Nova Iguaçu;3303500
59;1;2011;Duque de Caxias;3301702
60;1;2011;Duque de Caxias;3301702
61;1;2011;Duque de Caxias;3301702
62;1;2011;Duque de Caxias;3301702
63;1;2011;Japeri;3302270
64;1;2011;São João de Meriti;3305109
65;1;2011;Magé;3302502
66;1;2011;Magé;3302502
67;1;2011;Guapimirim;3301850
70;1;2011;Tanguá;3305752
71;1;2011;Itaboraí;3301900
72;1;2011;São Gonçalo;3304904
73;1;2011;São Gonçalo;3304904
74;1;2011;São Gonçalo;3304904
75;1;2011;São Gonçalo;3304904
76;1;2011;Niterói;3303302
77;1;2011;Niterói;3303302
78;1;2011;Niterói;3303302
79;1;2011;Niterói;3303302
81;1;2011;Niterói;3303302
82;1;2011;Maricá;3302700
88;1;2011;Barra do Pirai;3300308
89;1;2011;Resende;3304201
90;1;2011;Barra Mansa;3300407
91;1;2011;Valença;3306107
92;1;2011;Rio das Flores;3304508
93;1;2011;Volta Redonda;3306305
94;1;2011;Piraí;3304003
95;1;2011;Vassouras;3306206
96;1;2011;"Miguel Pereira;Paty dos Alferes";9999999
97;1;2011;Mendes;3302809
98;1;2011;Engenheiro Paulo de Frontin;3301801
99;1;2011;Itatiaia;3302254
100;1;2011;"Porto Real;Quatis";9999992
101;1;2011;Pinheiral;3303955
104;1;2011;São José do Vale do Rio Preto;3305158
105;1;2011;Petrópolis;3303906
106;1;2011;Petrópolis;3303906
107;1;2011;Paraíba do Sul;3303708
108;1;2011;"Comendador Levy Gasparian;Areal;Três Rios";9999991
109;1;2011;Sapucaia;3305406
110;1;2011;Teresópolis;3305802
111;1;2011;Sumidouro;3305703
112;1;2011;Carmo;3301207
118;1;2011;Araruama;3300209
119;1;2011;Rio Bonito;3304300
120;1;2011;Silva Jardim;3305604
121;1;2011;Casimiro de Abreu;3301306
122;1;2011;Conceição de Macabú;3301405
123;1;2011;Macaé;3302403
124;1;2011;Saquarema;3305505
125;1;2011;São Pedro da Aldeia;3305208
126;1;2011;Cabo Frio;3300704
127;1;2011;Armação dos Búzios;3300233
128;1;2011;Rio das Ostras;3304524
129;1;2011;Iguaba Grande;3301876
130;1;2011;"Quissamã;Carapebus";9999994
132;1;2011;Arraial do Cabo;3300258
134;1;2011;Campos dos Goytacazes;3301009
135;1;2011;Itaocara;3302106
136;1;2011;"Santo Antônio de Pádua;Aperibé";9999993
137;1;2011;Miracema;3303005
138;1;2011;Laje do Muriaé;3302304
139;1;2011;Porciúncula;3304102
140;1;2011;"Natividade;Varre-Sai";9999997
141;1;2011;São Fidélis;3304805
142;1;2011;Cambuci;3300902
143;1;2011;"Itaperuna;São José de Ubá";9999996
144;1;2011;Bom Jesus de Itabapoana;3300605
145;1;2011;São João da Barra;3305000
146;1;2011;Campos dos Goytacazes;3301009
147;1;2011;São Francisco de Itabapoana;3304755
148;1;2011;"Cardoso Moreira;Italva";9999995
151;1;2011;Nova Friburgo;3303401
152;1;2011;Duas Barras;3301603
153;1;2011;Cantagalo;3301108
154;1;2011;"Cordeiro;Macuco";9999998
155;1;2011;São Sebastião do Alto;3305307
156;1;2011;Santa Maria Madalena;3304607
157;1;2011;Trajano de Morais;3305901
158;1;2011;Bom Jardim;3300506
159;1;2011;Cachoeiras de Macacu;3300803
165;1;2011;Mangaratiba;3302601
166;1;2011;Angra dos Reis;3300100
167;1;2011;Paraty;3303807
168;1;2011;Rio Claro;3304409
1;2;2011;Rio de Janeiro;3304557
4;2;2011;Rio de Janeiro;3304557
5;2;2011;Rio de Janeiro;3304557
6;2;2011;Rio de Janeiro;3304557
7;2;2011;Rio de Janeiro;3304557
9;2;2011;Rio de Janeiro;3304557
10;2;2011;Rio de Janeiro;3304557
12;2;2011;Rio de Janeiro;3304557
13;2;2011;Rio de Janeiro;3304557
14;2;2011;Rio de Janeiro;3304557
15;2;2011;Rio de Janeiro;3304557
16;2;2011;Rio de Janeiro;3304557
17;2;2011;Rio de Janeiro;3304557
18;2;2011;Rio de Janeiro;3304557
19;2;2011;Rio de Janeiro;3304557
20;2;2011;Rio de Janeiro;3304557
21;2;2011;Rio de Janeiro;3304557
22;2;2011;Rio de Janeiro;3304557
23;2;2011;Rio de Janeiro;3304557
24;2;2011;Rio de Janeiro;3304557
25;2;2011;Rio de Janeiro;3304557
26;2;2011;Rio de Janeiro;3304557
27;2;2011;Rio de Janeiro;3304557
28;2;2011;Rio de Janeiro;3304557
29;2;2011;Rio de Janeiro;3304557
30;2;2011;Rio de Janeiro;3304557
31;2;2011;Rio de Janeiro;3304557
32;2;2011;Rio de Janeiro;3304557
33;2;2011;Rio de Janeiro;3304557
34;2;2011;Rio de Janeiro;3304557
35;2;2011;Rio de Janeiro;3304557
36;2;2011;Rio de Janeiro;3304557
37;2;2011;Rio de Janeiro;3304557
38;2;2011;Rio de Janeiro;3304557
39;2;2011;Rio de Janeiro;3304557
40;2;2011;Rio de Janeiro;3304557
41;2;2011;Rio de Janeiro;3304557
42;2;2011;Rio de Janeiro;3304557
43;2;2011;Rio de Janeiro;3304557
44;2;2011;Rio de Janeiro;3304557
48;2;2011;Seropédica;3305554
50;2;2011;Itaguaí;3302007
51;2;2011;Paracambi;3303609
52;2;2011;Nova Iguaçu;3303500
53;2;2011;Mesquita;3302858
54;2;2011;Belford Roxo;3300456
55;2;2011;Queimados;3304144
56;2;2011;Nova Iguaçu;3303500
57;2;2011;Nilópolis;3303203
58;2;2011;Nova Iguaçu;3303500
59;2;2011;Duque de Caxias;3301702
60;2;2011;Duque de Caxias;3301702
61;2;2011;Duque de Caxias;3301702
62;2;2011;Duque de Caxias;3301702
63;2;2011;Japeri;3302270
64;2;2011;São João de Meriti;3305109
65;2;2011;Magé;3302502
66;2;2011;Magé;3302502
67;2;2011;Guapimirim;3301850
70;2;2011;Tanguá;3305752
71;2;2011;Itaboraí;3301900
72;2;2011;São Gonçalo;3304904
73;2;2011;São Gonçalo;3304904
74;2;2011;São Gonçalo;3304904
75;2;2011;São Gonçalo;3304904
76;2;2011;Niterói;3303302
77;2;2011;Niterói;3303302
78;2;2011;Niterói;3303302
79;2;2011;Niterói;3303302
81;2;2011;Niterói;3303302
82;2;2011;Maricá;3302700
88;2;2011;Barra do Pirai;3300308
89;2;2011;Resende;3304201
90;2;2011;Barra Mansa;3300407
91;2;2011;Valença;3306107
92;2;2011;Rio das Flores;3304508
93;2;2011;Volta Redonda;3306305
94;2;2011;Piraí;3304003
95;2;2011;Vassouras;3306206
96;2;2011;"Miguel Pereira;Paty dos Alferes";9999999
97;2;2011;Mendes;3302809
98;2;2011;Engenheiro Paulo de Frontin;3301801
99;2;2011;Itatiaia;3302254
100;2;2011;"Porto Real;Quatis";9999992
101;2;2011;Pinheiral;3303955
104;2;2011;São José do Vale do Rio Preto;3305158
105;2;2011;Petrópolis;3303906
106;2;2011;Petrópolis;3303906
107;2;2011;Paraíba do Sul;3303708
108;2;2011;"Comendador Levy Gasparian;Areal;Três Rios";9999991
109;2;2011;Sapucaia;3305406
110;2;2011;Teresópolis;3305802
111;2;2011;Sumidouro;3305703
112;2;2011;Carmo;3301207
118;2;2011;Araruama;3300209
119;2;2011;Rio Bonito;3304300
120;2;2011;Silva Jardim;3305604
121;2;2011;Casimiro de Abreu;3301306
122;2;2011;Conceição de Macabú;3301405
123;2;2011;Macaé;3302403
124;2;2011;Saquarema;3305505
125;2;2011;São Pedro da Aldeia;3305208
126;2;2011;Cabo Frio;3300704
127;2;2011;Armação dos Búzios;3300233
128;2;2011;Rio das Ostras;3304524
129;2;2011;Iguaba Grande;3301876
130;2;2011;"Quissamã;Carapebus";9999994
132;2;2011;Arraial do Cabo;3300258
134;2;2011;Campos dos Goytacazes;3301009
135;2;2011;Itaocara;3302106
136;2;2011;"Santo Antônio de Pádua;Aperibé";9999993
137;2;2011;Miracema;3303005
138;2;2011;Laje do Muriaé;3302304
139;2;2011;Porciúncula;3304102
140;2;2011;"Natividade;Varre-Sai";9999997
141;2;2011;São Fidélis;3304805
142;2;2011;Cambuci;3300902
143;2;2011;"Itaperuna;São José de Ubá";9999996
144;2;2011;Bom Jesus de Itabapoana;3300605
145;2;2011;São João da Barra;3305000
146;2;2011;Campos dos Goytacazes;3301009
147;2;2011;São Francisco de Itabapoana;3304755
148;2;2011;"Cardoso Moreira;Italva";9999995
151;2;2011;Nova Friburgo;3303401
152;2;2011;Duas Barras;3301603
153;2;2011;Cantagalo;3301108
154;2;2011;"Cordeiro;Macuco";9999998
155;2;2011;São Sebastião do Alto;3305307
156;2;2011;Santa Maria Madalena;3304607
157;2;2011;Trajano de Morais;3305901
158;2;2011;Bom Jardim;3300506
159;2;2011;Cachoeiras de Macacu;3300803
165;2;2011;Mangaratiba;3302601
166;2;2011;Angra dos Reis;3300100
167;2;2011;Paraty;3303807
168;2;2011;Rio Claro;3304409
1;3;2011;Rio de Janeiro;3304557
4;3;2011;Rio de Janeiro;3304557
5;3;2011;Rio de Janeiro;3304557
6;3;2011;Rio de Janeiro;3304557
7;3;2011;Rio de Janeiro;3304557
9;3;2011;Rio de Janeiro;3304557
10;3;2011;Rio de Janeiro;3304557
12;3;2011;Rio de Janeiro;3304557
13;3;2011;Rio de Janeiro;3304557
14;3;2011;Rio de Janeiro;3304557
15;3;2011;Rio de Janeiro;3304557
16;3;2011;Rio de Janeiro;3304557
17;3;2011;Rio de Janeiro;3304557
18;3;2011;Rio de Janeiro;3304557
19;3;2011;Rio de Janeiro;3304557
20;3;2011;Rio de Janeiro;3304557
21;3;2011;Rio de Janeiro;3304557
22;3;2011;Rio de Janeiro;3304557
23;3;2011;Rio de Janeiro;3304557
24;3;2011;Rio de Janeiro;3304557
25;3;2011;Rio de Janeiro;3304557
26;3;2011;Rio de Janeiro;3304557
27;3;2011;Rio de Janeiro;3304557
28;3;2011;Rio de Janeiro;3304557
29;3;2011;Rio de Janeiro;3304557
30;3;2011;Rio de Janeiro;3304557
31;3;2011;Rio de Janeiro;3304557
32;3;2011;Rio de Janeiro;3304557
33;3;2011;Rio de Janeiro;3304557
34;3;2011;Rio de Janeiro;3304557
35;3;2011;Rio de Janeiro;3304557
36;3;2011;Rio de Janeiro;3304557
37;3;2011;Rio de Janeiro;3304557
38;3;2011;Rio de Janeiro;3304557
39;3;2011;Rio de Janeiro;3304557
40;3;2011;Rio de Janeiro;3304557
41;3;2011;Rio de Janeiro;3304557
42;3;2011;Rio de Janeiro;3304557
43;3;2011;Rio de Janeiro;3304557
44;3;2011;Rio de Janeiro;3304557
48;3;2011;Seropédica;3305554
50;3;2011;Itaguaí;3302007
51;3;2011;Paracambi;3303609
52;3;2011;Nova Iguaçu;3303500
53;3;2011;Mesquita;3302858
54;3;2011;Belford Roxo;3300456
55;3;2011;Queimados;3304144
56;3;2011;Nova Iguaçu;3303500
57;3;2011;Nilópolis;3303203
58;3;2011;Nova Iguaçu;3303500
59;3;2011;Duque de Caxias;3301702
60;3;2011;Duque de Caxias;3301702
61;3;2011;Duque de Caxias;3301702
62;3;2011;Duque de Caxias;3301702
63;3;2011;Japeri;3302270
64;3;2011;São João de Meriti;3305109
65;3;2011;Magé;3302502
66;3;2011;Magé;3302502
67;3;2011;Guapimirim;3301850
70;3;2011;Tanguá;3305752
71;3;2011;Itaboraí;3301900
72;3;2011;São Gonçalo;3304904
73;3;2011;São Gonçalo;3304904
74;3;2011;São Gonçalo;3304904
75;3;2011;São Gonçalo;3304904
76;3;2011;Niterói;3303302
77;3;2011;Niterói;3303302
78;3;2011;Niterói;3303302
79;3;2011;Niterói;3303302
81;3;2011;Niterói;3303302
82;3;2011;Maricá;3302700
88;3;2011;Barra do Pirai;3300308
89;3;2011;Resende;3304201
90;3;2011;Barra Mansa;3300407
91;3;2011;Valença;3306107
92;3;2011;Rio das Flores;3304508
93;3;2011;Volta Redonda;3306305
94;3;2011;Piraí;3304003
95;3;2011;Vassouras;3306206
96;3;2011;"Miguel Pereira;Paty dos Alferes";9999999
97;3;2011;Mendes;3302809
98;3;2011;Engenheiro Paulo de Frontin;3301801
99;3;2011;Itatiaia;3302254
100;3;2011;"Porto Real;Quatis";9999992
101;3;2011;Pinheiral;3303955
104;3;2011;São José do Vale do Rio Preto;3305158
105;3;2011;Petrópolis;3303906
106;3;2011;Petrópolis;3303906
107;3;2011;Paraíba do Sul;3303708
108;3;2011;"Comendador Levy Gasparian;Areal;Três Rios";9999991
109;3;2011;Sapucaia;3305406
110;3;2011;Teresópolis;3305802
111;3;2011;Sumidouro;3305703
112;3;2011;Carmo;3301207
118;3;2011;Araruama;3300209
119;3;2011;Rio Bonito;3304300
120;3;2011;Silva Jardim;3305604
121;3;2011;Casimiro de Abreu;3301306
122;3;2011;Conceição de Macabú;3301405
123;3;2011;Macaé;3302403
124;3;2011;Saquarema;3305505
125;3;2011;São Pedro da Aldeia;3305208
126;3;2011;Cabo Frio;3300704
127;3;2011;Armação dos Búzios;3300233
128;3;2011;Rio das Ostras;3304524
129;3;2011;Iguaba Grande;3301876
130;3;2011;"Quissamã;Carapebus";9999994
132;3;2011;Arraial do Cabo;3300258
134;3;2011;Campos dos Goytacazes;3301009
135;3;2011;Itaocara;3302106
136;3;2011;"Santo Antônio de Pádua;Aperibé";9999993
137;3;2011;Miracema;3303005
138;3;2011;Laje do Muriaé;3302304
139;3;2011;Porciúncula;3304102
140;3;2011;"Natividade;Varre-Sai";9999997
141;3;2011;São Fidélis;3304805
142;3;2011;Cambuci;3300902
143;3;2011;"Itaperuna;São José de Ubá";9999996
144;3;2011;Bom Jesus de Itabapoana;3300605
145;3;2011;São João da Barra;3305000
146;3;2011;Campos dos Goytacazes;3301009
147;3;2011;São Francisco de Itabapoana;3304755
148;3;2011;"Cardoso Moreira;Italva";9999995
151;3;2011;Nova Friburgo;3303401
152;3;2011;Duas Barras;3301603
153;3;2011;Cantagalo;3301108
154;3;2011;"Cordeiro;Macuco";9999998
155;3;2011;São Sebastião do Alto;3305307
156;3;2011;Santa Maria Madalena;3304607
157;3;2011;Trajano de Morais;3305901
158;3;2011;Bom Jardim;3300506
159;3;2011;Cachoeiras de Macacu;3300803
165;3;2011;Mangaratiba;3302601
166;3;2011;Angra dos Reis;3300100
167;3;2011;Paraty;3303807
168;3;2011;Rio Claro;3304409
1;4;2011;Rio de Janeiro;3304557
4;4;2011;Rio de Janeiro;3304557
5;4;2011;Rio de Janeiro;3304557
6;4;2011;Rio de Janeiro;3304557
7;4;2011;Rio de Janeiro;3304557
9;4;2011;Rio de Janeiro;3304557
10;4;2011;Rio de Janeiro;3304557
12;4;2011;Rio de Janeiro;3304557
13;4;2011;Rio de Janeiro;3304557
14;4;2011;Rio de Janeiro;3304557
15;4;2011;Rio de Janeiro;3304557
16;4;2011;Rio de Janeiro;3304557
17;4;2011;Rio de Janeiro;3304557
18;4;2011;Rio de Janeiro;3304557
19;4;2011;Rio de Janeiro;3304557
20;4;2011;Rio de Janeiro;3304557
21;4;2011;Rio de Janeiro;3304557
22;4;2011;Rio de Janeiro;3304557
23;4;2011;Rio de Janeiro;3304557
24;4;2011;Rio de Janeiro;3304557
25;4;2011;Rio de Janeiro;3304557
26;4;2011;Rio de Janeiro;3304557
27;4;2011;Rio de Janeiro;3304557
28;4;2011;Rio de Janeiro;3304557
29;4;2011;Rio de Janeiro;3304557
30;4;2011;Rio de Janeiro;3304557
31;4;2011;Rio de Janeiro;3304557
32;4;2011;Rio de Janeiro;3304557
33;4;2011;Rio de Janeiro;3304557
34;4;2011;Rio de Janeiro;3304557
35;4;2011;Rio de Janeiro;3304557
36;4;2011;Rio de Janeiro;3304557
37;4;2011;Rio de Janeiro;3304557
38;4;2011;Rio de Janeiro;3304557
39;4;2011;Rio de Janeiro;3304557
40;4;2011;Rio de Janeiro;3304557
41;4;2011;Rio de Janeiro;3304557
42;4;2011;Rio de Janeiro;3304557
43;4;2011;Rio de Janeiro;3304557
44;4;2011;Rio de Janeiro;3304557
48;4;2011;Seropédica;3305554
50;4;2011;Itaguaí;3302007
51;4;2011;Paracambi;3303609
52;4;2011;Nova Iguaçu;3303500
53;4;2011;Mesquita;3302858
54;4;2011;Belford Roxo;3300456
55;4;2011;Queimados;3304144
56;4;2011;Nova Iguaçu;3303500
57;4;2011;Nilópolis;3303203
58;4;2011;Nova Iguaçu;3303500
59;4;2011;Duque de Caxias;3301702
60;4;2011;Duque de Caxias;3301702
61;4;2011;Duque de Caxias;3301702
62;4;2011;Duque de Caxias;3301702
63;4;2011;Japeri;3302270
64;4;2011;São João de Meriti;3305109
65;4;2011;Magé;3302502
66;4;2011;Magé;3302502
67;4;2011;Guapimirim;3301850
70;4;2011;Tanguá;3305752
71;4;2011;Itaboraí;3301900
72;4;2011;São Gonçalo;3304904
73;4;2011;São Gonçalo;3304904
74;4;2011;São Gonçalo;3304904
75;4;2011;São Gonçalo;3304904
76;4;2011;Niterói;3303302
77;4;2011;Niterói;3303302
78;4;2011;Niterói;3303302
79;4;2011;Niterói;3303302
81;4;2011;Niterói;3303302
82;4;2011;Maricá;3302700
88;4;2011;Barra do Pirai;3300308
89;4;2011;Resende;3304201
90;4;2011;Barra Mansa;3300407
91;4;2011;Valença;3306107
92;4;2011;Rio das Flores;3304508
93;4;2011;Volta Redonda;3306305
94;4;2011;Piraí;3304003
95;4;2011;Vassouras;3306206
96;4;2011;"Miguel Pereira;Paty dos Alferes";9999999
97;4;2011;Mendes;3302809
98;4;2011;Engenheiro Paulo de Frontin;3301801
99;4;2011;Itatiaia;3302254
100;4;2011;"Porto Real;Quatis";9999992
101;4;2011;Pinheiral;3303955
104;4;2011;São José do Vale do Rio Preto;3305158
105;4;2011;Petrópolis;3303906
106;4;2011;Petrópolis;3303906
107;4;2011;Paraíba do Sul;3303708
108;4;2011;"Comendador Levy Gasparian;Areal;Três Rios";9999991
109;4;2011;Sapucaia;3305406
110;4;2011;Teresópolis;3305802
111;4;2011;Sumidouro;3305703
112;4;2011;Carmo;3301207
118;4;2011;Araruama;3300209
119;4;2011;Rio Bonito;3304300
120;4;2011;Silva Jardim;3305604
121;4;2011;Casimiro de Abreu;3301306
122;4;2011;Conceição de Macabú;3301405
123;4;2011;Macaé;3302403
124;4;2011;Saquarema;3305505
125;4;2011;São Pedro da Aldeia;3305208
126;4;2011;Cabo Frio;3300704
127;4;2011;Armação dos Búzios;3300233
128;4;2011;Rio das Ostras;3304524
129;4;2011;Iguaba Grande;3301876
130;4;2011;"Quissamã;Carapebus";9999994
132;4;2011;Arraial do Cabo;3300258
134;4;2011;Campos dos Goytacazes;3301009
135;4;2011;Itaocara;3302106
136;4;2011;"Santo Antônio de Pádua;Aperibé";9999993
137;4;2011;Miracema;3303005
138;4;2011;Laje do Muriaé;3302304
139;4;2011;Porciúncula;3304102
140;4;2011;"Natividade;Varre-Sai";9999997
141;4;2011;São Fidélis;3304805
142;4;2011;Cambuci;3300902
143;4;2011;"Itaperuna;São José de Ubá";9999996
144;4;2011;Bom Jesus de Itabapoana;3300605
145;4;2011;São João da Barra;3305000
146;4;2011;Campos dos Goytacazes;3301009
147;4;2011;São Francisco de Itabapoana;3304755
148;4;2011;"Cardoso Moreira;Italva";9999995
151;4;2011;Nova Friburgo;3303401
152;4;2011;Duas Barras;3301603
153;4;2011;Cantagalo;3301108
154;4;2011;"Cordeiro;Macuco";9999998
155;4;2011;São Sebastião do Alto;3305307
156;4;2011;Santa Maria Madalena;3304607
157;4;2011;Trajano de Morais;3305901
158;4;2011;Bom Jardim;3300506
159;4;2011;Cachoeiras de Macacu;3300803
165;4;2011;Mangaratiba;3302601
166;4;2011;Angra dos Reis;3300100
167;4;2011;Paraty;3303807
168;4;2011;Rio Claro;3304409
1;5;2011;Rio de Janeiro;3304557
4;5;2011;Rio de Janeiro;3304557
5;5;2011;Rio de Janeiro;3304557
6;5;2011;Rio de Janeiro;3304557
7;5;2011;Rio de Janeiro;3304557
9;5;2011;Rio de Janeiro;3304557
10;5;2011;Rio de Janeiro;3304557
12;5;2011;Rio de Janeiro;3304557
13;5;2011;Rio de Janeiro;3304557
14;5;2011;Rio de Janeiro;3304557
15;5;2011;Rio de Janeiro;3304557
16;5;2011;Rio de Janeiro;3304557
17;5;2011;Rio de Janeiro;3304557
18;5;2011;Rio de Janeiro;3304557
19;5;2011;Rio de Janeiro;3304557
20;5;2011;Rio de Janeiro;3304557
21;5;2011;Rio de Janeiro;3304557
22;5;2011;Rio de Janeiro;3304557
23;5;2011;Rio de Janeiro;3304557
24;5;2011;Rio de Janeiro;3304557
25;5;2011;Rio de Janeiro;3304557
26;5;2011;Rio de Janeiro;3304557
27;5;2011;Rio de Janeiro;3304557
28;5;2011;Rio de Janeiro;3304557
29;5;2011;Rio de Janeiro;3304557
30;5;2011;Rio de Janeiro;3304557
31;5;2011;Rio de Janeiro;3304557
32;5;2011;Rio de Janeiro;3304557
33;5;2011;Rio de Janeiro;3304557
34;5;2011;Rio de Janeiro;3304557
35;5;2011;Rio de Janeiro;3304557
36;5;2011;Rio de Janeiro;3304557
37;5;2011;Rio de Janeiro;3304557
38;5;2011;Rio de Janeiro;3304557
39;5;2011;Rio de Janeiro;3304557
40;5;2011;Rio de Janeiro;3304557
41;5;2011;Rio de Janeiro;3304557
42;5;2011;Rio de Janeiro;3304557
43;5;2011;Rio de Janeiro;3304557
44;5;2011;Rio de Janeiro;3304557
48;5;2011;Seropédica;3305554
50;5;2011;Itaguaí;3302007
51;5;2011;Paracambi;3303609
52;5;2011;Nova Iguaçu;3303500
53;5;2011;Mesquita;3302858
54;5;2011;Belford Roxo;3300456
55;5;2011;Queimados;3304144
56;5;2011;Nova Iguaçu;3303500
57;5;2011;Nilópolis;3303203
58;5;2011;Nova Iguaçu;3303500
59;5;2011;Duque de Caxias;3301702
60;5;2011;Duque de Caxias;3301702
61;5;2011;Duque de Caxias;3301702
62;5;2011;Duque de Caxias;3301702
63;5;2011;Japeri;3302270
64;5;2011;São João de Meriti;3305109
65;5;2011;Magé;3302502
66;5;2011;Magé;3302502
67;5;2011;Guapimirim;3301850
70;5;2011;Tanguá;3305752
71;5;2011;Itaboraí;3301900
72;5;2011;São Gonçalo;3304904
73;5;2011;São Gonçalo;3304904
74;5;2011;São Gonçalo;3304904
75;5;2011;São Gonçalo;3304904
76;5;2011;Niterói;3303302
77;5;2011;Niterói;3303302
78;5;2011;Niterói;3303302
79;5;2011;Niterói;3303302
81;5;2011;Niterói;3303302
82;5;2011;Maricá;3302700
88;5;2011;Barra do Pirai;3300308
89;5;2011;Resende;3304201
90;5;2011;Barra Mansa;3300407
91;5;2011;Valença;3306107
92;5;2011;Rio das Flores;3304508
93;5;2011;Volta Redonda;3306305
94;5;2011;Piraí;3304003
95;5;2011;Vassouras;3306206
96;5;2011;"Miguel Pereira;Paty dos Alferes";9999999
97;5;2011;Mendes;3302809
98;5;2011;Engenheiro Paulo de Frontin;3301801
99;5;2011;Itatiaia;3302254
100;5;2011;"Porto Real;Quatis";9999992
101;5;2011;Pinheiral;3303955
104;5;2011;São José do Vale do Rio Preto;3305158
105;5;2011;Petrópolis;3303906
106;5;2011;Petrópolis;3303906
107;5;2011;Paraíba do Sul;3303708
108;5;2011;"Comendador Levy Gasparian;Areal;Três Rios";9999991
109;5;2011;Sapucaia;3305406
110;5;2011;Teresópolis;3305802
111;5;2011;Sumidouro;3305703
112;5;2011;Carmo;3301207
118;5;2011;Araruama;3300209
119;5;2011;Rio Bonito;3304300
120;5;2011;Silva Jardim;3305604
121;5;2011;Casimiro de Abreu;3301306
122;5;2011;Conceição de Macabú;3301405
123;5;2011;Macaé;3302403
124;5;2011;Saquarema;3305505
125;5;2011;São Pedro da Aldeia;3305208
126;5;2011;Cabo Frio;3300704
127;5;2011;Armação dos Búzios;3300233
128;5;2011;Rio das Ostras;3304524
129;5;2011;Iguaba Grande;3301876
130;5;2011;"Quissamã;Carapebus";9999994
132;5;2011;Arraial do Cabo;3300258
134;5;2011;Campos dos Goytacazes;3301009
135;5;2011;Itaocara;3302106
136;5;2011;"Santo Antônio de Pádua;Aperibé";9999993
137;5;2011;Miracema;3303005
138;5;2011;Laje do Muriaé;3302304
139;5;2011;Porciúncula;3304102
140;5;2011;"Natividade;Varre-Sai";9999997
141;5;2011;São Fidélis;3304805
142;5;2011;Cambuci;3300902
143;5;2011;"Itaperuna;São José de Ubá";9999996
144;5;2011;Bom Jesus de Itabapoana;3300605
145;5;2011;São João da Barra;3305000
146;5;2011;Campos dos Goytacazes;3301009
147;5;2011;São Francisco de Itabapoana;3304755
148;5;2011;"Cardoso Moreira;Italva";9999995
151;5;2011;Nova Friburgo;3303401
152;5;2011;Duas Barras;3301603
153;5;2011;Cantagalo;3301108
154;5;2011;"Cordeiro;Macuco";9999998
155;5;2011;São Sebastião do Alto;3305307
156;5;2011;Santa Maria Madalena;3304607
157;5;2011;Trajano de Morais;3305901
158;5;2011;Bom Jardim;3300506
159;5;2011;Cachoeiras de Macacu;3300803
165;5;2011;Mangaratiba;3302601
166;5;2011;Angra dos Reis;3300100
167;5;2011;Paraty;3303807
168;5;2011;Rio Claro;3304409
1;6;2011;Rio de Janeiro;3304557
4;6;2011;Rio de Janeiro;3304557
5;6;2011;Rio de Janeiro;3304557
6;6;2011;Rio de Janeiro;3304557
7;6;2011;Rio de Janeiro;3304557
9;6;2011;Rio de Janeiro;3304557
10;6;2011;Rio de Janeiro;3304557
12;6;2011;Rio de Janeiro;3304557
13;6;2011;Rio de Janeiro;3304557
14;6;2011;Rio de Janeiro;3304557
15;6;2011;Rio de Janeiro;3304557
16;6;2011;Rio de Janeiro;3304557
17;6;2011;Rio de Janeiro;3304557
18;6;2011;Rio de Janeiro;3304557
19;6;2011;Rio de Janeiro;3304557
20;6;2011;Rio de Janeiro;3304557
21;6;2011;Rio de Janeiro;3304557
22;6;2011;Rio de Janeiro;3304557
23;6;2011;Rio de Janeiro;3304557
24;6;2011;Rio de Janeiro;3304557
25;6;2011;Rio de Janeiro;3304557
26;6;2011;Rio de Janeiro;3304557
27;6;2011;Rio de Janeiro;3304557
28;6;2011;Rio de Janeiro;3304557
29;6;2011;Rio de Janeiro;3304557
30;6;2011;Rio de Janeiro;3304557
31;6;2011;Rio de Janeiro;3304557
32;6;2011;Rio de Janeiro;3304557
33;6;2011;Rio de Janeiro;3304557
34;6;2011;Rio de Janeiro;3304557
35;6;2011;Rio de Janeiro;3304557
36;6;2011;Rio de Janeiro;3304557
37;6;2011;Rio de Janeiro;3304557
38;6;2011;Rio de Janeiro;3304557
39;6;2011;Rio de Janeiro;3304557
40;6;2011;Rio de Janeiro;3304557
41;6;2011;Rio de Janeiro;3304557
42;6;2011;Rio de Janeiro;3304557
43;6;2011;Rio de Janeiro;3304557
44;6;2011;Rio de Janeiro;3304557
48;6;2011;Seropédica;3305554
50;6;2011;Itaguaí;3302007
51;6;2011;Paracambi;3303609
52;6;2011;Nova Iguaçu;3303500
53;6;2011;Mesquita;3302858
54;6;2011;Belford Roxo;3300456
55;6;2011;Queimados;3304144
56;6;2011;Nova Iguaçu;3303500
57;6;2011;Nilópolis;3303203
58;6;2011;Nova Iguaçu;3303500
59;6;2011;Duque de Caxias;3301702
60;6;2011;Duque de Caxias;3301702
61;6;2011;Duque de Caxias;3301702
62;6;2011;Duque de Caxias;3301702
63;6;2011;Japeri;3302270
64;6;2011;São João de Meriti;3305109
65;6;2011;Magé;3302502
66;6;2011;Magé;3302502
67;6;2011;Guapimirim;3301850
70;6;2011;Tanguá;3305752
71;6;2011;Itaboraí;3301900
72;6;2011;São Gonçalo;3304904
73;6;2011;São Gonçalo;3304904
74;6;2011;São Gonçalo;3304904
75;6;2011;São Gonçalo;3304904
76;6;2011;Niterói;3303302
77;6;2011;Niterói;3303302
78;6;2011;Niterói;3303302
79;6;2011;Niterói;3303302
81;6;2011;Niterói;3303302
82;6;2011;Maricá;3302700
88;6;2011;Barra do Pirai;3300308
89;6;2011;Resende;3304201
90;6;2011;Barra Mansa;3300407
91;6;2011;Valença;3306107
92;6;2011;Rio das Flores;3304508
93;6;2011;Volta Redonda;3306305
94;6;2011;Piraí;3304003
95;6;2011;Vassouras;3306206
96;6;2011;"Miguel Pereira;Paty dos Alferes";9999999
97;6;2011;Mendes;3302809
98;6;2011;Engenheiro Paulo de Frontin;3301801
99;6;2011;Itatiaia;3302254
100;6;2011;"Porto Real;Quatis";9999992
101;6;2011;Pinheiral;3303955
104;6;2011;São José do Vale do Rio Preto;3305158
105;6;2011;Petrópolis;3303906
106;6;2011;Petrópolis;3303906
107;6;2011;Paraíba do Sul;3303708
108;6;2011;"Comendador Levy Gasparian;Areal;Três Rios";9999991
109;6;2011;Sapucaia;3305406
110;6;2011;Teresópolis;3305802
111;6;2011;Sumidouro;3305703
112;6;2011;Carmo;3301207
118;6;2011;Araruama;3300209
119;6;2011;Rio Bonito;3304300
120;6;2011;Silva Jardim;3305604
121;6;2011;Casimiro de Abreu;3301306
122;6;2011;Conceição de Macabú;3301405
123;6;2011;Macaé;3302403
124;6;2011;Saquarema;3305505
125;6;2011;São Pedro da Aldeia;3305208
126;6;2011;Cabo Frio;3300704
127;6;2011;Armação dos Búzios;3300233
128;6;2011;Rio das Ostras;3304524
129;6;2011;Iguaba Grande;3301876
130;6;2011;"Quissamã;Carapebus";9999994
132;6;2011;Arraial do Cabo;3300258
134;6;2011;Campos dos Goytacazes;3301009
135;6;2011;Itaocara;3302106
136;6;2011;"Santo Antônio de Pádua;Aperibé";9999993
137;6;2011;Miracema;3303005
138;6;2011;Laje do Muriaé;3302304
139;6;2011;Porciúncula;3304102
140;6;2011;"Natividade;Varre-Sai";9999997
141;6;2011;São Fidélis;3304805
142;6;2011;Cambuci;3300902
143;6;2011;"Itaperuna;São José de Ubá";9999996
144;6;2011;Bom Jesus de Itabapoana;3300605
145;6;2011;São João da Barra;3305000
146;6;2011;Campos dos Goytacazes;3301009
147;6;2011;São Francisco de Itabapoana;3304755
148;6;2011;"Cardoso Moreira;Italva";9999995
151;6;2011;Nova Friburgo;3303401
152;6;2011;Duas Barras;3301603
153;6;2011;Cantagalo;3301108
154;6;2011;"Cordeiro;Macuco";9999998
155;6;2011;São Sebastião do Alto;3305307
156;6;2011;Santa Maria Madalena;3304607
157;6;2011;Trajano de Morais;3305901
158;6;2011;Bom Jardim;3300506
159;6;2011;Cachoeiras de Macacu;3300803
165;6;2011;Mangaratiba;3302601
166;6;2011;Angra dos Reis;3300100
167;6;2011;Paraty;3303807
168;6;2011;Rio Claro;3304409
1;7;2011;Rio de Janeiro;3304557
4;7;2011;Rio de Janeiro;3304557
5;7;2011;Rio de Janeiro;3304557
6;7;2011;Rio de Janeiro;3304557
7;7;2011;Rio de Janeiro;3304557
9;7;2011;Rio de Janeiro;3304557
10;7;2011;Rio de Janeiro;3304557
12;7;2011;Rio de Janeiro;3304557
13;7;2011;Rio de Janeiro;3304557
14;7;2011;Rio de Janeiro;3304557
15;7;2011;Rio de Janeiro;3304557
16;7;2011;Rio de Janeiro;3304557
17;7;2011;Rio de Janeiro;3304557
18;7;2011;Rio de Janeiro;3304557
19;7;2011;Rio de Janeiro;3304557
20;7;2011;Rio de Janeiro;3304557
21;7;2011;Rio de Janeiro;3304557
22;7;2011;Rio de Janeiro;3304557
23;7;2011;Rio de Janeiro;3304557
24;7;2011;Rio de Janeiro;3304557
25;7;2011;Rio de Janeiro;3304557
26;7;2011;Rio de Janeiro;3304557
27;7;2011;Rio de Janeiro;3304557
28;7;2011;Rio de Janeiro;3304557
29;7;2011;Rio de Janeiro;3304557
30;7;2011;Rio de Janeiro;3304557
31;7;2011;Rio de Janeiro;3304557
32;7;2011;Rio de Janeiro;3304557
33;7;2011;Rio de Janeiro;3304557
34;7;2011;Rio de Janeiro;3304557
35;7;2011;Rio de Janeiro;3304557
36;7;2011;Rio de Janeiro;3304557
37;7;2011;Rio de Janeiro;3304557
38;7;2011;Rio de Janeiro;3304557
39;7;2011;Rio de Janeiro;3304557
40;7;2011;Rio de Janeiro;3304557
41;7;2011;Rio de Janeiro;3304557
42;7;2011;Rio de Janeiro;3304557
43;7;2011;Rio de Janeiro;3304557
44;7;2011;Rio de Janeiro;3304557
48;7;2011;Seropédica;3305554
50;7;2011;Itaguaí;3302007
51;7;2011;Paracambi;3303609
52;7;2011;Nova Iguaçu;3303500
53;7;2011;Mesquita;3302858
54;7;2011;Belford Roxo;3300456
55;7;2011;Queimados;3304144
56;7;2011;Nova Iguaçu;3303500
57;7;2011;Nilópolis;3303203
58;7;2011;Nova Iguaçu;3303500
59;7;2011;Duque de Caxias;3301702
60;7;2011;Duque de Caxias;3301702
61;7;2011;Duque de Caxias;3301702
62;7;2011;Duque de Caxias;3301702
63;7;2011;Japeri;3302270
64;7;2011;São João de Meriti;3305109
65;7;2011;Magé;3302502
66;7;2011;Magé;3302502
67;7;2011;Guapimirim;3301850
70;7;2011;Tanguá;3305752
71;7;2011;Itaboraí;3301900
72;7;2011;São Gonçalo;3304904
73;7;2011;São Gonçalo;3304904
74;7;2011;São Gonçalo;3304904
75;7;2011;São Gonçalo;3304904
76;7;2011;Niterói;3303302
77;7;2011;Niterói;3303302
78;7;2011;Niterói;3303302
79;7;2011;Niterói;3303302
81;7;2011;Niterói;3303302
82;7;2011;Maricá;3302700
88;7;2011;Barra do Pirai;3300308
89;7;2011;Resende;3304201
90;7;2011;Barra Mansa;3300407
91;7;2011;Valença;3306107
92;7;2011;Rio das Flores;3304508
93;7;2011;Volta Redonda;3306305
94;7;2011;Piraí;3304003
95;7;2011;Vassouras;3306206
96;7;2011;"Miguel Pereira;Paty dos Alferes";9999999
97;7;2011;Mendes;3302809
98;7;2011;Engenheiro Paulo de Frontin;3301801
99;7;2011;Itatiaia;3302254
100;7;2011;"Porto Real;Quatis";9999992
101;7;2011;Pinheiral;3303955
104;7;2011;São José do Vale do Rio Preto;3305158
105;7;2011;Petrópolis;3303906
106;7;2011;Petrópolis;3303906
107;7;2011;Paraíba do Sul;3303708
108;7;2011;"Comendador Levy Gasparian;Areal;Três Rios";9999991
109;7;2011;Sapucaia;3305406
110;7;2011;Teresópolis;3305802
111;7;2011;Sumidouro;3305703
112;7;2011;Carmo;3301207
118;7;2011;Araruama;3300209
119;7;2011;Rio Bonito;3304300
120;7;2011;Silva Jardim;3305604
121;7;2011;Casimiro de Abreu;3301306
122;7;2011;Conceição de Macabú;3301405
123;7;2011;Macaé;3302403
124;7;2011;Saquarema;3305505
125;7;2011;São Pedro da Aldeia;3305208
126;7;2011;Cabo Frio;3300704
127;7;2011;Armação dos Búzios;3300233
128;7;2011;Rio das Ostras;3304524
129;7;2011;Iguaba Grande;3301876
130;7;2011;"Quissamã;Carapebus";9999994
132;7;2011;Arraial do Cabo;3300258
134;7;2011;Campos dos Goytacazes;3301009
135;7;2011;Itaocara;3302106
136;7;2011;"Santo Antônio de Pádua;Aperibé";9999993
137;7;2011;Miracema;3303005
138;7;2011;Laje do Muriaé;3302304
139;7;2011;Porciúncula;3304102
140;7;2011;"Natividade;Varre-Sai";9999997
141;7;2011;São Fidélis;3304805
142;7;2011;Cambuci;3300902
143;7;2011;"Itaperuna;São José de Ubá";9999996
144;7;2011;Bom Jesus de Itabapoana;3300605
145;7;2011;São João da Barra;3305000
146;7;2011;Campos dos Goytacazes;3301009
147;7;2011;São Francisco de Itabapoana;3304755
148;7;2011;"Cardoso Moreira;Italva";9999995
151;7;2011;Nova Friburgo;3303401
152;7;2011;Duas Barras;3301603
153;7;2011;Cantagalo;3301108
154;7;2011;"Cordeiro;Macuco";9999998
155;7;2011;São Sebastião do Alto;3305307
156;7;2011;Santa Maria Madalena;3304607
157;7;2011;Trajano de Morais;3305901
158;7;2011;Bom Jardim;3300506
159;7;2011;Cachoeiras de Macacu;3300803
165;7;2011;Mangaratiba;3302601
166;7;2011;Angra dos Reis;3300100
167;7;2011;Paraty;3303807
168;7;2011;Rio Claro;3304409
1;8;2011;Rio de Janeiro;3304557
4;8;2011;Rio de Janeiro;3304557
5;8;2011;Rio de Janeiro;3304557
6;8;2011;Rio de Janeiro;3304557
7;8;2011;Rio de Janeiro;3304557
9;8;2011;Rio de Janeiro;3304557
10;8;2011;Rio de Janeiro;3304557
12;8;2011;Rio de Janeiro;3304557
13;8;2011;Rio de Janeiro;3304557
14;8;2011;Rio de Janeiro;3304557
15;8;2011;Rio de Janeiro;3304557
16;8;2011;Rio de Janeiro;3304557
17;8;2011;Rio de Janeiro;3304557
18;8;2011;Rio de Janeiro;3304557
19;8;2011;Rio de Janeiro;3304557
20;8;2011;Rio de Janeiro;3304557
21;8;2011;Rio de Janeiro;3304557
22;8;2011;Rio de Janeiro;3304557
23;8;2011;Rio de Janeiro;3304557
24;8;2011;Rio de Janeiro;3304557
25;8;2011;Rio de Janeiro;3304557
26;8;2011;Rio de Janeiro;3304557
27;8;2011;Rio de Janeiro;3304557
28;8;2011;Rio de Janeiro;3304557
29;8;2011;Rio de Janeiro;3304557
30;8;2011;Rio de Janeiro;3304557
31;8;2011;Rio de Janeiro;3304557
32;8;2011;Rio de Janeiro;3304557
33;8;2011;Rio de Janeiro;3304557
34;8;2011;Rio de Janeiro;3304557
35;8;2011;Rio de Janeiro;3304557
36;8;2011;Rio de Janeiro;3304557
37;8;2011;Rio de Janeiro;3304557
38;8;2011;Rio de Janeiro;3304557
39;8;2011;Rio de Janeiro;3304557
40;8;2011;Rio de Janeiro;3304557
41;8;2011;Rio de Janeiro;3304557
42;8;2011;Rio de Janeiro;3304557
43;8;2011;Rio de Janeiro;3304557
44;8;2011;Rio de Janeiro;3304557
48;8;2011;Seropédica;3305554
50;8;2011;Itaguaí;3302007
51;8;2011;Paracambi;3303609
52;8;2011;Nova Iguaçu;3303500
53;8;2011;Mesquita;3302858
54;8;2011;Belford Roxo;3300456
55;8;2011;Queimados;3304144
56;8;2011;Nova Iguaçu;3303500
57;8;2011;Nilópolis;3303203
58;8;2011;Nova Iguaçu;3303500
59;8;2011;Duque de Caxias;3301702
60;8;2011;Duque de Caxias;3301702
61;8;2011;Duque de Caxias;3301702
62;8;2011;Duque de Caxias;3301702
63;8;2011;Japeri;3302270
64;8;2011;São João de Meriti;3305109
65;8;2011;Magé;3302502
66;8;2011;Magé;3302502
67;8;2011;Guapimirim;3301850
70;8;2011;Tanguá;3305752
71;8;2011;Itaboraí;3301900
72;8;2011;São Gonçalo;3304904
73;8;2011;São Gonçalo;3304904
74;8;2011;São Gonçalo;3304904
75;8;2011;São Gonçalo;3304904
76;8;2011;Niterói;3303302
77;8;2011;Niterói;3303302
78;8;2011;Niterói;3303302
79;8;2011;Niterói;3303302
81;8;2011;Niterói;3303302
82;8;2011;Maricá;3302700
88;8;2011;Barra do Pirai;3300308
89;8;2011;Resende;3304201
90;8;2011;Barra Mansa;3300407
91;8;2011;Valença;3306107
92;8;2011;Rio das Flores;3304508
93;8;2011;Volta Redonda;3306305
94;8;2011;Piraí;3304003
95;8;2011;Vassouras;3306206
96;8;2011;"Miguel Pereira;Paty dos Alferes";9999999
97;8;2011;Mendes;3302809
98;8;2011;Engenheiro Paulo de Frontin;3301801
99;8;2011;Itatiaia;3302254
100;8;2011;"Porto Real;Quatis";9999992
101;8;2011;Pinheiral;3303955
104;8;2011;São José do Vale do Rio Preto;3305158
105;8;2011;Petrópolis;3303906
106;8;2011;Petrópolis;3303906
107;8;2011;Paraíba do Sul;3303708
108;8;2011;"Comendador Levy Gasparian;Areal;Três Rios";9999991
109;8;2011;Sapucaia;3305406
110;8;2011;Teresópolis;3305802
111;8;2011;Sumidouro;3305703
112;8;2011;Carmo;3301207
118;8;2011;Araruama;3300209
119;8;2011;Rio Bonito;3304300
120;8;2011;Silva Jardim;3305604
121;8;2011;Casimiro de Abreu;3301306
122;8;2011;Conceição de Macabú;3301405
123;8;2011;Macaé;3302403
124;8;2011;Saquarema;3305505
125;8;2011;São Pedro da Aldeia;3305208
126;8;2011;Cabo Frio;3300704
127;8;2011;Armação dos Búzios;3300233
128;8;2011;Rio das Ostras;3304524
129;8;2011;Iguaba Grande;3301876
130;8;2011;"Quissamã;Carapebus";9999994
132;8;2011;Arraial do Cabo;3300258
134;8;2011;Campos dos Goytacazes;3301009
135;8;2011;Itaocara;3302106
136;8;2011;"Santo Antônio de Pádua;Aperibé";9999993
137;8;2011;Miracema;3303005
138;8;2011;Laje do Muriaé;3302304
139;8;2011;Porciúncula;3304102
140;8;2011;"Natividade;Varre-Sai";9999997
141;8;2011;São Fidélis;3304805
142;8;2011;Cambuci;3300902
143;8;2011;"Itaperuna;São José de Ubá";9999996
144;8;2011;Bom Jesus de Itabapoana;3300605
145;8;2011;São João da Barra;3305000
146;8;2011;Campos dos Goytacazes;3301009
147;8;2011;São Francisco de Itabapoana;3304755
148;8;2011;"Cardoso Moreira;Italva";9999995
151;8;2011;Nova Friburgo;3303401
152;8;2011;Duas Barras;3301603
153;8;2011;Cantagalo;3301108
154;8;2011;"Cordeiro;Macuco";9999998
155;8;2011;São Sebastião do Alto;3305307
156;8;2011;Santa Maria Madalena;3304607
157;8;2011;Trajano de Morais;3305901
158;8;2011;Bom Jardim;3300506
159;8;2011;Cachoeiras de Macacu;3300803
165;8;2011;Mangaratiba;3302601
166;8;2011;Angra dos Reis;3300100
167;8;2011;Paraty;3303807
168;8;2011;Rio Claro;3304409
1;9;2011;Rio de Janeiro;3304557
4;9;2011;Rio de Janeiro;3304557
5;9;2011;Rio de Janeiro;3304557
6;9;2011;Rio de Janeiro;3304557
7;9;2011;Rio de Janeiro;3304557
9;9;2011;Rio de Janeiro;3304557
10;9;2011;Rio de Janeiro;3304557
12;9;2011;Rio de Janeiro;3304557
13;9;2011;Rio de Janeiro;3304557
14;9;2011;Rio de Janeiro;3304557
15;9;2011;Rio de Janeiro;3304557
16;9;2011;Rio de Janeiro;3304557
17;9;2011;Rio de Janeiro;3304557
18;9;2011;Rio de Janeiro;3304557
19;9;2011;Rio de Janeiro;3304557
20;9;2011;Rio de Janeiro;3304557
21;9;2011;Rio de Janeiro;3304557
22;9;2011;Rio de Janeiro;3304557
23;9;2011;Rio de Janeiro;3304557
24;9;2011;Rio de Janeiro;3304557
25;9;2011;Rio de Janeiro;3304557
26;9;2011;Rio de Janeiro;3304557
27;9;2011;Rio de Janeiro;3304557
28;9;2011;Rio de Janeiro;3304557
29;9;2011;Rio de Janeiro;3304557
30;9;2011;Rio de Janeiro;3304557
31;9;2011;Rio de Janeiro;3304557
32;9;2011;Rio de Janeiro;3304557
33;9;2011;Rio de Janeiro;3304557
34;9;2011;Rio de Janeiro;3304557
35;9;2011;Rio de Janeiro;3304557
36;9;2011;Rio de Janeiro;3304557
37;9;2011;Rio de Janeiro;3304557
38;9;2011;Rio de Janeiro;3304557
39;9;2011;Rio de Janeiro;3304557
40;9;2011;Rio de Janeiro;3304557
41;9;2011;Rio de Janeiro;3304557
42;9;2011;Rio de Janeiro;3304557
43;9;2011;Rio de Janeiro;3304557
44;9;2011;Rio de Janeiro;3304557
48;9;2011;Seropédica;3305554
50;9;2011;Itaguaí;3302007
51;9;2011;Paracambi;3303609
52;9;2011;Nova Iguaçu;3303500
53;9;2011;Mesquita;3302858
54;9;2011;Belford Roxo;3300456
55;9;2011;Queimados;3304144
56;9;2011;Nova Iguaçu;3303500
57;9;2011;Nilópolis;3303203
58;9;2011;Nova Iguaçu;3303500
59;9;2011;Duque de Caxias;3301702
60;9;2011;Duque de Caxias;3301702
61;9;2011;Duque de Caxias;3301702
62;9;2011;Duque de Caxias;3301702
63;9;2011;Japeri;3302270
64;9;2011;São João de Meriti;3305109
65;9;2011;Magé;3302502
66;9;2011;Magé;3302502
67;9;2011;Guapimirim;3301850
70;9;2011;Tanguá;3305752
71;9;2011;Itaboraí;3301900
72;9;2011;São Gonçalo;3304904
73;9;2011;São Gonçalo;3304904
74;9;2011;São Gonçalo;3304904
75;9;2011;São Gonçalo;3304904
76;9;2011;Niterói;3303302
77;9;2011;Niterói;3303302
78;9;2011;Niterói;3303302
79;9;2011;Niterói;3303302
81;9;2011;Niterói;3303302
82;9;2011;Maricá;3302700
88;9;2011;Barra do Pirai;3300308
89;9;2011;Resende;3304201
90;9;2011;Barra Mansa;3300407
91;9;2011;Valença;3306107
92;9;2011;Rio das Flores;3304508
93;9;2011;Volta Redonda;3306305
94;9;2011;Piraí;3304003
95;9;2011;Vassouras;3306206
96;9;2011;"Miguel Pereira;Paty dos Alferes";9999999
97;9;2011;Mendes;3302809
98;9;2011;Engenheiro Paulo de Frontin;3301801
99;9;2011;Itatiaia;3302254
100;9;2011;"Porto Real;Quatis";9999992
101;9;2011;Pinheiral;3303955
104;9;2011;São José do Vale do Rio Preto;3305158
105;9;2011;Petrópolis;3303906
106;9;2011;Petrópolis;3303906
107;9;2011;Paraíba do Sul;3303708
108;9;2011;"Comendador Levy Gasparian;Areal;Três Rios";9999991
109;9;2011;Sapucaia;3305406
110;9;2011;Teresópolis;3305802
111;9;2011;Sumidouro;3305703
112;9;2011;Carmo;3301207
118;9;2011;Araruama;3300209
119;9;2011;Rio Bonito;3304300
120;9;2011;Silva Jardim;3305604
121;9;2011;Casimiro de Abreu;3301306
122;9;2011;Conceição de Macabú;3301405
123;9;2011;Macaé;3302403
124;9;2011;Saquarema;3305505
125;9;2011;São Pedro da Aldeia;3305208
126;9;2011;Cabo Frio;3300704
127;9;2011;Armação dos Búzios;3300233
128;9;2011;Rio das Ostras;3304524
129;9;2011;Iguaba Grande;3301876
130;9;2011;"Quissamã;Carapebus";9999994
132;9;2011;Arraial do Cabo;3300258
134;9;2011;Campos dos Goytacazes;3301009
135;9;2011;Itaocara;3302106
136;9;2011;"Santo Antônio de Pádua;Aperibé";9999993
137;9;2011;Miracema;3303005
138;9;2011;Laje do Muriaé;3302304
139;9;2011;Porciúncula;3304102
140;9;2011;"Natividade;Varre-Sai";9999997
141;9;2011;São Fidélis;3304805
142;9;2011;Cambuci;3300902
143;9;2011;"Itaperuna;São José de Ubá";9999996
144;9;2011;Bom Jesus de Itabapoana;3300605
145;9;2011;São João da Barra;3305000
146;9;2011;Campos dos Goytacazes;3301009
147;9;2011;São Francisco de Itabapoana;3304755
148;9;2011;"Cardoso Moreira;Italva";9999995
151;9;2011;Nova Friburgo;3303401
152;9;2011;Duas Barras;3301603
153;9;2011;Cantagalo;3301108
154;9;2011;"Cordeiro;Macuco";9999998
155;9;2011;São Sebastião do Alto;3305307
156;9;2011;Santa Maria Madalena;3304607
157;9;2011;Trajano de Morais;3305901
158;9;2011;Bom Jardim;3300506
159;9;2011;Cachoeiras de Macacu;3300803
165;9;2011;Mangaratiba;3302601
166;9;2011;Angra dos Reis;3300100
167;9;2011;Paraty;3303807
168;9;2011;Rio Claro;3304409
1;10;2011;Rio de Janeiro;3304557
4;10;2011;Rio de Janeiro;3304557
5;10;2011;Rio de Janeiro;3304557
6;10;2011;Rio de Janeiro;3304557
7;10;2011;Rio de Janeiro;3304557
9;10;2011;Rio de Janeiro;3304557
10;10;2011;Rio de Janeiro;3304557
12;10;2011;Rio de Janeiro;3304557
13;10;2011;Rio de Janeiro;3304557
14;10;2011;Rio de Janeiro;3304557
15;10;2011;Rio de Janeiro;3304557
16;10;2011;Rio de Janeiro;3304557
17;10;2011;Rio de Janeiro;3304557
18;10;2011;Rio de Janeiro;3304557
19;10;2011;Rio de Janeiro;3304557
20;10;2011;Rio de Janeiro;3304557
21;10;2011;Rio de Janeiro;3304557
22;10;2011;Rio de Janeiro;3304557
23;10;2011;Rio de Janeiro;3304557
24;10;2011;Rio de Janeiro;3304557
25;10;2011;Rio de Janeiro;3304557
26;10;2011;Rio de Janeiro;3304557
27;10;2011;Rio de Janeiro;3304557
28;10;2011;Rio de Janeiro;3304557
29;10;2011;Rio de Janeiro;3304557
30;10;2011;Rio de Janeiro;3304557
31;10;2011;Rio de Janeiro;3304557
32;10;2011;Rio de Janeiro;3304557
33;10;2011;Rio de Janeiro;3304557
34;10;2011;Rio de Janeiro;3304557
35;10;2011;Rio de Janeiro;3304557
36;10;2011;Rio de Janeiro;3304557
37;10;2011;Rio de Janeiro;3304557
38;10;2011;Rio de Janeiro;3304557
39;10;2011;Rio de Janeiro;3304557
40;10;2011;Rio de Janeiro;3304557
41;10;2011;Rio de Janeiro;3304557
42;10;2011;Rio de Janeiro;3304557
43;10;2011;Rio de Janeiro;3304557
44;10;2011;Rio de Janeiro;3304557
48;10;2011;Seropédica;3305554
50;10;2011;Itaguaí;3302007
51;10;2011;Paracambi;3303609
52;10;2011;Nova Iguaçu;3303500
53;10;2011;Mesquita;3302858
54;10;2011;Belford Roxo;3300456
55;10;2011;Queimados;3304144
56;10;2011;Nova Iguaçu;3303500
57;10;2011;Nilópolis;3303203
58;10;2011;Nova Iguaçu;3303500
59;10;2011;Duque de Caxias;3301702
60;10;2011;Duque de Caxias;3301702
61;10;2011;Duque de Caxias;3301702
62;10;2011;Duque de Caxias;3301702
63;10;2011;Japeri;3302270
64;10;2011;São João de Meriti;3305109
65;10;2011;Magé;3302502
66;10;2011;Magé;3302502
67;10;2011;Guapimirim;3301850
70;10;2011;Tanguá;3305752
71;10;2011;Itaboraí;3301900
72;10;2011;São Gonçalo;3304904
73;10;2011;São Gonçalo;3304904
74;10;2011;São Gonçalo;3304904
75;10;2011;São Gonçalo;3304904
76;10;2011;Niterói;3303302
77;10;2011;Niterói;3303302
78;10;2011;Niterói;3303302
79;10;2011;Niterói;3303302
81;10;2011;Niterói;3303302
82;10;2011;Maricá;3302700
88;10;2011;Barra do Pirai;3300308
89;10;2011;Resende;3304201
90;10;2011;Barra Mansa;3300407
91;10;2011;Valença;3306107
92;10;2011;Rio das Flores;3304508
93;10;2011;Volta Redonda;3306305
94;10;2011;Piraí;3304003
95;10;2011;Vassouras;3306206
96;10;2011;"Miguel Pereira;Paty dos Alferes";9999999
97;10;2011;Mendes;3302809
98;10;2011;Engenheiro Paulo de Frontin;3301801
99;10;2011;Itatiaia;3302254
100;10;2011;"Porto Real;Quatis";9999992
101;10;2011;Pinheiral;3303955
104;10;2011;São José do Vale do Rio Preto;3305158
105;10;2011;Petrópolis;3303906
106;10;2011;Petrópolis;3303906
107;10;2011;Paraíba do Sul;3303708
108;10;2011;"Comendador Levy Gasparian;Areal;Três Rios";9999991
109;10;2011;Sapucaia;3305406
110;10;2011;Teresópolis;3305802
111;10;2011;Sumidouro;3305703
112;10;2011;Carmo;3301207
118;10;2011;Araruama;3300209
119;10;2011;Rio Bonito;3304300
120;10;2011;Silva Jardim;3305604
121;10;2011;Casimiro de Abreu;3301306
122;10;2011;Conceição de Macabú;3301405
123;10;2011;Macaé;3302403
124;10;2011;Saquarema;3305505
125;10;2011;São Pedro da Aldeia;3305208
126;10;2011;Cabo Frio;3300704
127;10;2011;Armação dos Búzios;3300233
128;10;2011;Rio das Ostras;3304524
129;10;2011;Iguaba Grande;3301876
130;10;2011;"Quissamã;Carapebus";9999994
132;10;2011;Arraial do Cabo;3300258
134;10;2011;Campos dos Goytacazes;3301009
135;10;2011;Itaocara;3302106
136;10;2011;"Santo Antônio de Pádua;Aperibé";9999993
137;10;2011;Miracema;3303005
138;10;2011;Laje do Muriaé;3302304
139;10;2011;Porciúncula;3304102
140;10;2011;"Natividade;Varre-Sai";9999997
141;10;2011;São Fidélis;3304805
142;10;2011;Cambuci;3300902
143;10;2011;"Itaperuna;São José de Ubá";9999996
144;10;2011;Bom Jesus de Itabapoana;3300605
145;10;2011;São João da Barra;3305000
146;10;2011;Campos dos Goytacazes;3301009
147;10;2011;São Francisco de Itabapoana;3304755
148;10;2011;"Cardoso Moreira;Italva";9999995
151;10;2011;Nova Friburgo;3303401
152;10;2011;Duas Barras;3301603
153;10;2011;Cantagalo;3301108
154;10;2011;"Cordeiro;Macuco";9999998
155;10;2011;São Sebastião do Alto;3305307
156;10;2011;Santa Maria Madalena;3304607
157;10;2011;Trajano de Morais;3305901
158;10;2011;Bom Jardim;3300506
159;10;2011;Cachoeiras de Macacu;3300803
165;10;2011;Mangaratiba;3302601
166;10;2011;Angra dos Reis;3300100
167;10;2011;Paraty;3303807
168;10;2011;Rio Claro;3304409
1;11;2011;Rio de Janeiro;3304557
4;11;2011;Rio de Janeiro;3304557
5;11;2011;Rio de Janeiro;3304557
6;11;2011;Rio de Janeiro;3304557
7;11;2011;Rio de Janeiro;3304557
9;11;2011;Rio de Janeiro;3304557
10;11;2011;Rio de Janeiro;3304557
12;11;2011;Rio de Janeiro;3304557
13;11;2011;Rio de Janeiro;3304557
14;11;2011;Rio de Janeiro;3304557
15;11;2011;Rio de Janeiro;3304557
16;11;2011;Rio de Janeiro;3304557
17;11;2011;Rio de Janeiro;3304557
18;11;2011;Rio de Janeiro;3304557
19;11;2011;Rio de Janeiro;3304557
20;11;2011;Rio de Janeiro;3304557
21;11;2011;Rio de Janeiro;3304557
22;11;2011;Rio de Janeiro;3304557
23;11;2011;Rio de Janeiro;3304557
24;11;2011;Rio de Janeiro;3304557
25;11;2011;Rio de Janeiro;3304557
26;11;2011;Rio de Janeiro;3304557
27;11;2011;Rio de Janeiro;3304557
28;11;2011;Rio de Janeiro;3304557
29;11;2011;Rio de Janeiro;3304557
30;11;2011;Rio de Janeiro;3304557
31;11;2011;Rio de Janeiro;3304557
32;11;2011;Rio de Janeiro;3304557
33;11;2011;Rio de Janeiro;3304557
34;11;2011;Rio de Janeiro;3304557
35;11;2011;Rio de Janeiro;3304557
36;11;2011;Rio de Janeiro;3304557
37;11;2011;Rio de Janeiro;3304557
38;11;2011;Rio de Janeiro;3304557
39;11;2011;Rio de Janeiro;3304557
40;11;2011;Rio de Janeiro;3304557
41;11;2011;Rio de Janeiro;3304557
42;11;2011;Rio de Janeiro;3304557
43;11;2011;Rio de Janeiro;3304557
44;11;2011;Rio de Janeiro;3304557
48;11;2011;Seropédica;3305554
50;11;2011;Itaguaí;3302007
51;11;2011;Paracambi;3303609
52;11;2011;Nova Iguaçu;3303500
53;11;2011;Mesquita;3302858
54;11;2011;Belford Roxo;3300456
55;11;2011;Queimados;3304144
56;11;2011;Nova Iguaçu;3303500
57;11;2011;Nilópolis;3303203
58;11;2011;Nova Iguaçu;3303500
59;11;2011;Duque de Caxias;3301702
60;11;2011;Duque de Caxias;3301702
61;11;2011;Duque de Caxias;3301702
62;11;2011;Duque de Caxias;3301702
63;11;2011;Japeri;3302270
64;11;2011;São João de Meriti;3305109
65;11;2011;Magé;3302502
66;11;2011;Magé;3302502
67;11;2011;Guapimirim;3301850
70;11;2011;Tanguá;3305752
71;11;2011;Itaboraí;3301900
72;11;2011;São Gonçalo;3304904
73;11;2011;São Gonçalo;3304904
74;11;2011;São Gonçalo;3304904
75;11;2011;São Gonçalo;3304904
76;11;2011;Niterói;3303302
77;11;2011;Niterói;3303302
78;11;2011;Niterói;3303302
79;11;2011;Niterói;3303302
81;11;2011;Niterói;3303302
82;11;2011;Maricá;3302700
88;11;2011;Barra do Pirai;3300308
89;11;2011;Resende;3304201
90;11;2011;Barra Mansa;3300407
91;11;2011;Valença;3306107
92;11;2011;Rio das Flores;3304508
93;11;2011;Volta Redonda;3306305
94;11;2011;Piraí;3304003
95;11;2011;Vassouras;3306206
96;11;2011;"Miguel Pereira;Paty dos Alferes";9999999
97;11;2011;Mendes;3302809
98;11;2011;Engenheiro Paulo de Frontin;3301801
99;11;2011;Itatiaia;3302254
100;11;2011;"Porto Real;Quatis";9999992
101;11;2011;Pinheiral;3303955
104;11;2011;São José do Vale do Rio Preto;3305158
105;11;2011;Petrópolis;3303906
106;11;2011;Petrópolis;3303906
107;11;2011;Paraíba do Sul;3303708
108;11;2011;"Comendador Levy Gasparian;Areal;Três Rios";9999991
109;11;2011;Sapucaia;3305406
110;11;2011;Teresópolis;3305802
111;11;2011;Sumidouro;3305703
112;11;2011;Carmo;3301207
118;11;2011;Araruama;3300209
119;11;2011;Rio Bonito;3304300
120;11;2011;Silva Jardim;3305604
121;11;2011;Casimiro de Abreu;3301306
122;11;2011;Conceição de Macabú;3301405
123;11;2011;Macaé;3302403
124;11;2011;Saquarema;3305505
125;11;2011;São Pedro da Aldeia;3305208
126;11;2011;Cabo Frio;3300704
127;11;2011;Armação dos Búzios;3300233
128;11;2011;Rio das Ostras;3304524
129;11;2011;Iguaba Grande;3301876
130;11;2011;"Quissamã;Carapebus";9999994
132;11;2011;Arraial do Cabo;3300258
134;11;2011;Campos dos Goytacazes;3301009
135;11;2011;Itaocara;3302106
136;11;2011;"Santo Antônio de Pádua;Aperibé";9999993
137;11;2011;Miracema;3303005
138;11;2011;Laje do Muriaé;3302304
139;11;2011;Porciúncula;3304102
140;11;2011;"Natividade;Varre-Sai";9999997
141;11;2011;São Fidélis;3304805
142;11;2011;Cambuci;3300902
143;11;2011;"Itaperuna;São José de Ubá";9999996
144;11;2011;Bom Jesus de Itabapoana;3300605
145;11;2011;São João da Barra;3305000
146;11;2011;Campos dos Goytacazes;3301009
147;11;2011;São Francisco de Itabapoana;3304755
148;11;2011;"Cardoso Moreira;Italva";9999995
151;11;2011;Nova Friburgo;3303401
152;11;2011;Duas Barras;3301603
153;11;2011;Cantagalo;3301108
154;11;2011;"Cordeiro;Macuco";9999998
155;11;2011;São Sebastião do Alto;3305307
156;11;2011;Santa Maria Madalena;3304607
157;11;2011;Trajano de Morais;3305901
158;11;2011;Bom Jardim;3300506
159;11;2011;Cachoeiras de Macacu;3300803
165;11;2011;Mangaratiba;3302601
166;11;2011;Angra dos Reis;3300100
167;11;2011;Paraty;3303807
168;11;2011;Rio Claro;3304409
1;12;2011;Rio de Janeiro;3304557
4;12;2011;Rio de Janeiro;3304557
5;12;2011;Rio de Janeiro;3304557
6;12;2011;Rio de Janeiro;3304557
7;12;2011;Rio de Janeiro;3304557
9;12;2011;Rio de Janeiro;3304557
10;12;2011;Rio de Janeiro;3304557
12;12;2011;Rio de Janeiro;3304557
13;12;2011;Rio de Janeiro;3304557
14;12;2011;Rio de Janeiro;3304557
15;12;2011;Rio de Janeiro;3304557
16;12;2011;Rio de Janeiro;3304557
17;12;2011;Rio de Janeiro;3304557
18;12;2011;Rio de Janeiro;3304557
19;12;2011;Rio de Janeiro;3304557
20;12;2011;Rio de Janeiro;3304557
21;12;2011;Rio de Janeiro;3304557
22;12;2011;Rio de Janeiro;3304557
23;12;2011;Rio de Janeiro;3304557
24;12;2011;Rio de Janeiro;3304557
25;12;2011;Rio de Janeiro;3304557
26;12;2011;Rio de Janeiro;3304557
27;12;2011;Rio de Janeiro;3304557
28;12;2011;Rio de Janeiro;3304557
29;12;2011;Rio de Janeiro;3304557
30;12;2011;Rio de Janeiro;3304557
31;12;2011;Rio de Janeiro;3304557
32;12;2011;Rio de Janeiro;3304557
33;12;2011;Rio de Janeiro;3304557
34;12;2011;Rio de Janeiro;3304557
35;12;2011;Rio de Janeiro;3304557
36;12;2011;Rio de Janeiro;3304557
37;12;2011;Rio de Janeiro;3304557
38;12;2011;Rio de Janeiro;3304557
39;12;2011;Rio de Janeiro;3304557
40;12;2011;Rio de Janeiro;3304557
41;12;2011;Rio de Janeiro;3304557
42;12;2011;Rio de Janeiro;3304557
43;12;2011;Rio de Janeiro;3304557
44;12;2011;Rio de Janeiro;3304557
48;12;2011;Seropédica;3305554
50;12;2011;Itaguaí;3302007
51;12;2011;Paracambi;3303609
52;12;2011;Nova Iguaçu;3303500
53;12;2011;Mesquita;3302858
54;12;2011;Belford Roxo;3300456
55;12;2011;Queimados;3304144
56;12;2011;Nova Iguaçu;3303500
57;12;2011;Nilópolis;3303203
58;12;2011;Nova Iguaçu;3303500
59;12;2011;Duque de Caxias;3301702
60;12;2011;Duque de Caxias;3301702
61;12;2011;Duque de Caxias;3301702
62;12;2011;Duque de Caxias;3301702
63;12;2011;Japeri;3302270
64;12;2011;São João de Meriti;3305109
65;12;2011;Magé;3302502
66;12;2011;Magé;3302502
67;12;2011;Guapimirim;3301850
70;12;2011;Tanguá;3305752
71;12;2011;Itaboraí;3301900
72;12;2011;São Gonçalo;3304904
73;12;2011;São Gonçalo;3304904
74;12;2011;São Gonçalo;3304904
75;12;2011;São Gonçalo;3304904
76;12;2011;Niterói;3303302
77;12;2011;Niterói;3303302
78;12;2011;Niterói;3303302
79;12;2011;Niterói;3303302
81;12;2011;Niterói;3303302
82;12;2011;Maricá;3302700
88;12;2011;Barra do Pirai;3300308
89;12;2011;Resende;3304201
90;12;2011;Barra Mansa;3300407
91;12;2011;Valença;3306107
92;12;2011;Rio das Flores;3304508
93;12;2011;Volta Redonda;3306305
94;12;2011;Piraí;3304003
95;12;2011;Vassouras;3306206
96;12;2011;"Miguel Pereira;Paty dos Alferes";9999999
97;12;2011;Mendes;3302809
98;12;2011;Engenheiro Paulo de Frontin;3301801
99;12;2011;Itatiaia;3302254
100;12;2011;"Porto Real;Quatis";9999992
101;12;2011;Pinheiral;3303955
104;12;2011;São José do Vale do Rio Preto;3305158
105;12;2011;Petrópolis;3303906
106;12;2011;Petrópolis;3303906
107;12;2011;Paraíba do Sul;3303708
108;12;2011;"Comendador Levy Gasparian;Areal;Três Rios";9999991
109;12;2011;Sapucaia;3305406
110;12;2011;Teresópolis;3305802
111;12;2011;Sumidouro;3305703
112;12;2011;Carmo;3301207
118;12;2011;Araruama;3300209
119;12;2011;Rio Bonito;3304300
120;12;2011;Silva Jardim;3305604
121;12;2011;Casimiro de Abreu;3301306
122;12;2011;Conceição de Macabú;3301405
123;12;2011;Macaé;3302403
124;12;2011;Saquarema;3305505
125;12;2011;São Pedro da Aldeia;3305208
126;12;2011;Cabo Frio;3300704
127;12;2011;Armação dos Búzios;3300233
128;12;2011;Rio das Ostras;3304524
129;12;2011;Iguaba Grande;3301876
130;12;2011;"Quissamã;Carapebus";9999994
132;12;2011;Arraial do Cabo;3300258
134;12;2011;Campos dos Goytacazes;3301009
135;12;2011;Itaocara;3302106
136;12;2011;"Santo Antônio de Pádua;Aperibé";9999993
137;12;2011;Miracema;3303005
138;12;2011;Laje do Muriaé;3302304
139;12;2011;Porciúncula;3304102
140;12;2011;"Natividade;Varre-Sai";9999997
141;12;2011;São Fidélis;3304805
142;12;2011;Cambuci;3300902
143;12;2011;"Itaperuna;São José de Ubá";9999996
144;12;2011;Bom Jesus de Itabapoana;3300605
145;12;2011;São João da Barra;3305000
146;12;2011;Campos dos Goytacazes;3301009
147;12;2011;São Francisco de Itabapoana;3304755
148;12;2011;"Cardoso Moreira;Italva";9999995
151;12;2011;Nova Friburgo;3303401
152;12;2011;Duas Barras;3301603
153;12;2011;Cantagalo;3301108
154;12;2011;"Cordeiro;Macuco";9999998
155;12;2011;São Sebastião do Alto;3305307
156;12;2011;Santa Maria Madalena;3304607
157;12;2011;Trajano de Morais;3305901
158;12;2011;Bom Jardim;3300506
159;12;2011;Cachoeiras de Macacu;3300803
165;12;2011;Mangaratiba;3302601
166;12;2011;Angra dos Reis;3300100
167;12;2011;Paraty;3303807
168;12;2011;Rio Claro;3304409
1;1;2012;Rio de Janeiro;3304557
4;1;2012;Rio de Janeiro;3304557
5;1;2012;Rio de Janeiro;3304557
6;1;2012;Rio de Janeiro;3304557
7;1;2012;Rio de Janeiro;3304557
9;1;2012;Rio de Janeiro;3304557
10;1;2012;Rio de Janeiro;3304557
12;1;2012;Rio de Janeiro;3304557
13;1;2012;Rio de Janeiro;3304557
14;1;2012;Rio de Janeiro;3304557
15;1;2012;Rio de Janeiro;3304557
16;1;2012;Rio de Janeiro;3304557
17;1;2012;Rio de Janeiro;3304557
18;1;2012;Rio de Janeiro;3304557
19;1;2012;Rio de Janeiro;3304557
20;1;2012;Rio de Janeiro;3304557
21;1;2012;Rio de Janeiro;3304557
22;1;2012;Rio de Janeiro;3304557
23;1;2012;Rio de Janeiro;3304557
24;1;2012;Rio de Janeiro;3304557
25;1;2012;Rio de Janeiro;3304557
26;1;2012;Rio de Janeiro;3304557
27;1;2012;Rio de Janeiro;3304557
28;1;2012;Rio de Janeiro;3304557
29;1;2012;Rio de Janeiro;3304557
30;1;2012;Rio de Janeiro;3304557
31;1;2012;Rio de Janeiro;3304557
32;1;2012;Rio de Janeiro;3304557
33;1;2012;Rio de Janeiro;3304557
34;1;2012;Rio de Janeiro;3304557
35;1;2012;Rio de Janeiro;3304557
36;1;2012;Rio de Janeiro;3304557
37;1;2012;Rio de Janeiro;3304557
38;1;2012;Rio de Janeiro;3304557
39;1;2012;Rio de Janeiro;3304557
40;1;2012;Rio de Janeiro;3304557
41;1;2012;Rio de Janeiro;3304557
42;1;2012;Rio de Janeiro;3304557
43;1;2012;Rio de Janeiro;3304557
44;1;2012;Rio de Janeiro;3304557
48;1;2012;Seropédica;3305554
50;1;2012;Itaguaí;3302007
51;1;2012;Paracambi;3303609
52;1;2012;Nova Iguaçu;3303500
53;1;2012;Mesquita;3302858
54;1;2012;Belford Roxo;3300456
55;1;2012;Queimados;3304144
56;1;2012;Nova Iguaçu;3303500
57;1;2012;Nilópolis;3303203
58;1;2012;Nova Iguaçu;3303500
59;1;2012;Duque de Caxias;3301702
60;1;2012;Duque de Caxias;3301702
61;1;2012;Duque de Caxias;3301702
62;1;2012;Duque de Caxias;3301702
63;1;2012;Japeri;3302270
64;1;2012;São João de Meriti;3305109
65;1;2012;Magé;3302502
66;1;2012;Magé;3302502
67;1;2012;Guapimirim;3301850
70;1;2012;Tanguá;3305752
71;1;2012;Itaboraí;3301900
72;1;2012;São Gonçalo;3304904
73;1;2012;São Gonçalo;3304904
74;1;2012;São Gonçalo;3304904
75;1;2012;São Gonçalo;3304904
76;1;2012;Niterói;3303302
77;1;2012;Niterói;3303302
78;1;2012;Niterói;3303302
79;1;2012;Niterói;3303302
81;1;2012;Niterói;3303302
82;1;2012;Maricá;3302700
88;1;2012;Barra do Pirai;3300308
89;1;2012;Resende;3304201
90;1;2012;Barra Mansa;3300407
91;1;2012;Valença;3306107
92;1;2012;Rio das Flores;3304508
93;1;2012;Volta Redonda;3306305
94;1;2012;Piraí;3304003
95;1;2012;Vassouras;3306206
96;1;2012;"Miguel Pereira;Paty dos Alferes";9999999
97;1;2012;Mendes;3302809
98;1;2012;Engenheiro Paulo de Frontin;3301801
99;1;2012;Itatiaia;3302254
100;1;2012;"Porto Real;Quatis";9999992
101;1;2012;Pinheiral;3303955
104;1;2012;São José do Vale do Rio Preto;3305158
105;1;2012;Petrópolis;3303906
106;1;2012;Petrópolis;3303906
107;1;2012;Paraíba do Sul;3303708
108;1;2012;"Comendador Levy Gasparian;Areal;Três Rios";9999991
109;1;2012;Sapucaia;3305406
110;1;2012;Teresópolis;3305802
111;1;2012;Sumidouro;3305703
112;1;2012;Carmo;3301207
118;1;2012;Araruama;3300209
119;1;2012;Rio Bonito;3304300
120;1;2012;Silva Jardim;3305604
121;1;2012;Casimiro de Abreu;3301306
122;1;2012;Conceição de Macabú;3301405
123;1;2012;Macaé;3302403
124;1;2012;Saquarema;3305505
125;1;2012;São Pedro da Aldeia;3305208
126;1;2012;Cabo Frio;3300704
127;1;2012;Armação dos Búzios;3300233
128;1;2012;Rio das Ostras;3304524
129;1;2012;Iguaba Grande;3301876
130;1;2012;"Quissamã;Carapebus";9999994
132;1;2012;Arraial do Cabo;3300258
134;1;2012;Campos dos Goytacazes;3301009
135;1;2012;Itaocara;3302106
136;1;2012;"Santo Antônio de Pádua;Aperibé";9999993
137;1;2012;Miracema;3303005
138;1;2012;Laje do Muriaé;3302304
139;1;2012;Porciúncula;3304102
140;1;2012;"Natividade;Varre-Sai";9999997
141;1;2012;São Fidélis;3304805
142;1;2012;Cambuci;3300902
143;1;2012;"Itaperuna;São José de Ubá";9999996
144;1;2012;Bom Jesus de Itabapoana;3300605
145;1;2012;São João da Barra;3305000
146;1;2012;Campos dos Goytacazes;3301009
147;1;2012;São Francisco de Itabapoana;3304755
148;1;2012;"Cardoso Moreira;Italva";9999995
151;1;2012;Nova Friburgo;3303401
152;1;2012;Duas Barras;3301603
153;1;2012;Cantagalo;3301108
154;1;2012;"Cordeiro;Macuco";9999998
155;1;2012;São Sebastião do Alto;3305307
156;1;2012;Santa Maria Madalena;3304607
157;1;2012;Trajano de Morais;3305901
158;1;2012;Bom Jardim;3300506
159;1;2012;Cachoeiras de Macacu;3300803
165;1;2012;Mangaratiba;3302601
166;1;2012;Angra dos Reis;3300100
167;1;2012;Paraty;3303807
168;1;2012;Rio Claro;3304409
1;2;2012;Rio de Janeiro;3304557
4;2;2012;Rio de Janeiro;3304557
5;2;2012;Rio de Janeiro;3304557
6;2;2012;Rio de Janeiro;3304557
7;2;2012;Rio de Janeiro;3304557
9;2;2012;Rio de Janeiro;3304557
10;2;2012;Rio de Janeiro;3304557
12;2;2012;Rio de Janeiro;3304557
13;2;2012;Rio de Janeiro;3304557
14;2;2012;Rio de Janeiro;3304557
15;2;2012;Rio de Janeiro;3304557
16;2;2012;Rio de Janeiro;3304557
17;2;2012;Rio de Janeiro;3304557
18;2;2012;Rio de Janeiro;3304557
19;2;2012;Rio de Janeiro;3304557
20;2;2012;Rio de Janeiro;3304557
21;2;2012;Rio de Janeiro;3304557
22;2;2012;Rio de Janeiro;3304557
23;2;2012;Rio de Janeiro;3304557
24;2;2012;Rio de Janeiro;3304557
25;2;2012;Rio de Janeiro;3304557
26;2;2012;Rio de Janeiro;3304557
27;2;2012;Rio de Janeiro;3304557
28;2;2012;Rio de Janeiro;3304557
29;2;2012;Rio de Janeiro;3304557
30;2;2012;Rio de Janeiro;3304557
31;2;2012;Rio de Janeiro;3304557
32;2;2012;Rio de Janeiro;3304557
33;2;2012;Rio de Janeiro;3304557
34;2;2012;Rio de Janeiro;3304557
35;2;2012;Rio de Janeiro;3304557
36;2;2012;Rio de Janeiro;3304557
37;2;2012;Rio de Janeiro;3304557
38;2;2012;Rio de Janeiro;3304557
39;2;2012;Rio de Janeiro;3304557
40;2;2012;Rio de Janeiro;3304557
41;2;2012;Rio de Janeiro;3304557
42;2;2012;Rio de Janeiro;3304557
43;2;2012;Rio de Janeiro;3304557
44;2;2012;Rio de Janeiro;3304557
48;2;2012;Seropédica;3305554
50;2;2012;Itaguaí;3302007
51;2;2012;Paracambi;3303609
52;2;2012;Nova Iguaçu;3303500
53;2;2012;Mesquita;3302858
54;2;2012;Belford Roxo;3300456
55;2;2012;Queimados;3304144
56;2;2012;Nova Iguaçu;3303500
57;2;2012;Nilópolis;3303203
58;2;2012;Nova Iguaçu;3303500
59;2;2012;Duque de Caxias;3301702
60;2;2012;Duque de Caxias;3301702
61;2;2012;Duque de Caxias;3301702
62;2;2012;Duque de Caxias;3301702
63;2;2012;Japeri;3302270
64;2;2012;São João de Meriti;3305109
65;2;2012;Magé;3302502
66;2;2012;Magé;3302502
67;2;2012;Guapimirim;3301850
70;2;2012;Tanguá;3305752
71;2;2012;Itaboraí;3301900
72;2;2012;São Gonçalo;3304904
73;2;2012;São Gonçalo;3304904
74;2;2012;São Gonçalo;3304904
75;2;2012;São Gonçalo;3304904
76;2;2012;Niterói;3303302
77;2;2012;Niterói;3303302
78;2;2012;Niterói;3303302
79;2;2012;Niterói;3303302
81;2;2012;Niterói;3303302
82;2;2012;Maricá;3302700
88;2;2012;Barra do Pirai;3300308
89;2;2012;Resende;3304201
90;2;2012;Barra Mansa;3300407
91;2;2012;Valença;3306107
92;2;2012;Rio das Flores;3304508
93;2;2012;Volta Redonda;3306305
94;2;2012;Piraí;3304003
95;2;2012;Vassouras;3306206
96;2;2012;"Miguel Pereira;Paty dos Alferes";9999999
97;2;2012;Mendes;3302809
98;2;2012;Engenheiro Paulo de Frontin;3301801
99;2;2012;Itatiaia;3302254
100;2;2012;"Porto Real;Quatis";9999992
101;2;2012;Pinheiral;3303955
104;2;2012;São José do Vale do Rio Preto;3305158
105;2;2012;Petrópolis;3303906
106;2;2012;Petrópolis;3303906
107;2;2012;Paraíba do Sul;3303708
108;2;2012;"Comendador Levy Gasparian;Areal;Três Rios";9999991
109;2;2012;Sapucaia;3305406
110;2;2012;Teresópolis;3305802
111;2;2012;Sumidouro;3305703
112;2;2012;Carmo;3301207
118;2;2012;Araruama;3300209
119;2;2012;Rio Bonito;3304300
120;2;2012;Silva Jardim;3305604
121;2;2012;Casimiro de Abreu;3301306
122;2;2012;Conceição de Macabú;3301405
123;2;2012;Macaé;3302403
124;2;2012;Saquarema;3305505
125;2;2012;São Pedro da Aldeia;3305208
126;2;2012;Cabo Frio;3300704
127;2;2012;Armação dos Búzios;3300233
128;2;2012;Rio das Ostras;3304524
129;2;2012;Iguaba Grande;3301876
130;2;2012;"Quissamã;Carapebus";9999994
132;2;2012;Arraial do Cabo;3300258
134;2;2012;Campos dos Goytacazes;3301009
135;2;2012;Itaocara;3302106
136;2;2012;"Santo Antônio de Pádua;Aperibé";9999993
137;2;2012;Miracema;3303005
138;2;2012;Laje do Muriaé;3302304
139;2;2012;Porciúncula;3304102
140;2;2012;"Natividade;Varre-Sai";9999997
141;2;2012;São Fidélis;3304805
142;2;2012;Cambuci;3300902
143;2;2012;"Itaperuna;São José de Ubá";9999996
144;2;2012;Bom Jesus de Itabapoana;3300605
145;2;2012;São João da Barra;3305000
146;2;2012;Campos dos Goytacazes;3301009
147;2;2012;São Francisco de Itabapoana;3304755
148;2;2012;"Cardoso Moreira;Italva";9999995
151;2;2012;Nova Friburgo;3303401
152;2;2012;Duas Barras;3301603
153;2;2012;Cantagalo;3301108
154;2;2012;"Cordeiro;Macuco";9999998
155;2;2012;São Sebastião do Alto;3305307
156;2;2012;Santa Maria Madalena;3304607
157;2;2012;Trajano de Morais;3305901
158;2;2012;Bom Jardim;3300506
159;2;2012;Cachoeiras de Macacu;3300803
165;2;2012;Mangaratiba;3302601
166;2;2012;Angra dos Reis;3300100
167;2;2012;Paraty;3303807
168;2;2012;Rio Claro;3304409
1;3;2012;Rio de Janeiro;3304557
4;3;2012;Rio de Janeiro;3304557
5;3;2012;Rio de Janeiro;3304557
6;3;2012;Rio de Janeiro;3304557
7;3;2012;Rio de Janeiro;3304557
9;3;2012;Rio de Janeiro;3304557
10;3;2012;Rio de Janeiro;3304557
12;3;2012;Rio de Janeiro;3304557
13;3;2012;Rio de Janeiro;3304557
14;3;2012;Rio de Janeiro;3304557
15;3;2012;Rio de Janeiro;3304557
16;3;2012;Rio de Janeiro;3304557
17;3;2012;Rio de Janeiro;3304557
18;3;2012;Rio de Janeiro;3304557
19;3;2012;Rio de Janeiro;3304557
20;3;2012;Rio de Janeiro;3304557
21;3;2012;Rio de Janeiro;3304557
22;3;2012;Rio de Janeiro;3304557
23;3;2012;Rio de Janeiro;3304557
24;3;2012;Rio de Janeiro;3304557
25;3;2012;Rio de Janeiro;3304557
26;3;2012;Rio de Janeiro;3304557
27;3;2012;Rio de Janeiro;3304557
28;3;2012;Rio de Janeiro;3304557
29;3;2012;Rio de Janeiro;3304557
30;3;2012;Rio de Janeiro;3304557
31;3;2012;Rio de Janeiro;3304557
32;3;2012;Rio de Janeiro;3304557
33;3;2012;Rio de Janeiro;3304557
34;3;2012;Rio de Janeiro;3304557
35;3;2012;Rio de Janeiro;3304557
36;3;2012;Rio de Janeiro;3304557
37;3;2012;Rio de Janeiro;3304557
38;3;2012;Rio de Janeiro;3304557
39;3;2012;Rio de Janeiro;3304557
40;3;2012;Rio de Janeiro;3304557
41;3;2012;Rio de Janeiro;3304557
42;3;2012;Rio de Janeiro;3304557
43;3;2012;Rio de Janeiro;3304557
44;3;2012;Rio de Janeiro;3304557
48;3;2012;Seropédica;3305554
50;3;2012;Itaguaí;3302007
51;3;2012;Paracambi;3303609
52;3;2012;Nova Iguaçu;3303500
53;3;2012;Mesquita;3302858
54;3;2012;Belford Roxo;3300456
55;3;2012;Queimados;3304144
56;3;2012;Nova Iguaçu;3303500
57;3;2012;Nilópolis;3303203
58;3;2012;Nova Iguaçu;3303500
59;3;2012;Duque de Caxias;3301702
60;3;2012;Duque de Caxias;3301702
61;3;2012;Duque de Caxias;3301702
62;3;2012;Duque de Caxias;3301702
63;3;2012;Japeri;3302270
64;3;2012;São João de Meriti;3305109
65;3;2012;Magé;3302502
66;3;2012;Magé;3302502
67;3;2012;Guapimirim;3301850
70;3;2012;Tanguá;3305752
71;3;2012;Itaboraí;3301900
72;3;2012;São Gonçalo;3304904
73;3;2012;São Gonçalo;3304904
74;3;2012;São Gonçalo;3304904
75;3;2012;São Gonçalo;3304904
76;3;2012;Niterói;3303302
77;3;2012;Niterói;3303302
78;3;2012;Niterói;3303302
79;3;2012;Niterói;3303302
81;3;2012;Niterói;3303302
82;3;2012;Maricá;3302700
88;3;2012;Barra do Pirai;3300308
89;3;2012;Resende;3304201
90;3;2012;Barra Mansa;3300407
91;3;2012;Valença;3306107
92;3;2012;Rio das Flores;3304508
93;3;2012;Volta Redonda;3306305
94;3;2012;Piraí;3304003
95;3;2012;Vassouras;3306206
96;3;2012;"Miguel Pereira;Paty dos Alferes";9999999
97;3;2012;Mendes;3302809
98;3;2012;Engenheiro Paulo de Frontin;3301801
99;3;2012;Itatiaia;3302254
100;3;2012;"Porto Real;Quatis";9999992
101;3;2012;Pinheiral;3303955
104;3;2012;São José do Vale do Rio Preto;3305158
105;3;2012;Petrópolis;3303906
106;3;2012;Petrópolis;3303906
107;3;2012;Paraíba do Sul;3303708
108;3;2012;"Comendador Levy Gasparian;Areal;Três Rios";9999991
109;3;2012;Sapucaia;3305406
110;3;2012;Teresópolis;3305802
111;3;2012;Sumidouro;3305703
112;3;2012;Carmo;3301207
118;3;2012;Araruama;3300209
119;3;2012;Rio Bonito;3304300
120;3;2012;Silva Jardim;3305604
121;3;2012;Casimiro de Abreu;3301306
122;3;2012;Conceição de Macabú;3301405
123;3;2012;Macaé;3302403
124;3;2012;Saquarema;3305505
125;3;2012;São Pedro da Aldeia;3305208
126;3;2012;Cabo Frio;3300704
127;3;2012;Armação dos Búzios;3300233
128;3;2012;Rio das Ostras;3304524
129;3;2012;Iguaba Grande;3301876
130;3;2012;"Quissamã;Carapebus";9999994
132;3;2012;Arraial do Cabo;3300258
134;3;2012;Campos dos Goytacazes;3301009
135;3;2012;Itaocara;3302106
136;3;2012;"Santo Antônio de Pádua;Aperibé";9999993
137;3;2012;Miracema;3303005
138;3;2012;Laje do Muriaé;3302304
139;3;2012;Porciúncula;3304102
140;3;2012;"Natividade;Varre-Sai";9999997
141;3;2012;São Fidélis;3304805
142;3;2012;Cambuci;3300902
143;3;2012;"Itaperuna;São José de Ubá";9999996
144;3;2012;Bom Jesus de Itabapoana;3300605
145;3;2012;São João da Barra;3305000
146;3;2012;Campos dos Goytacazes;3301009
147;3;2012;São Francisco de Itabapoana;3304755
148;3;2012;"Cardoso Moreira;Italva";9999995
151;3;2012;Nova Friburgo;3303401
152;3;2012;Duas Barras;3301603
153;3;2012;Cantagalo;3301108
154;3;2012;"Cordeiro;Macuco";9999998
155;3;2012;São Sebastião do Alto;3305307
156;3;2012;Santa Maria Madalena;3304607
157;3;2012;Trajano de Morais;3305901
158;3;2012;Bom Jardim;3300506
159;3;2012;Cachoeiras de Macacu;3300803
165;3;2012;Mangaratiba;3302601
166;3;2012;Angra dos Reis;3300100
167;3;2012;Paraty;3303807
168;3;2012;Rio Claro;3304409
1;4;2012;Rio de Janeiro;3304557
4;4;2012;Rio de Janeiro;3304557
5;4;2012;Rio de Janeiro;3304557
6;4;2012;Rio de Janeiro;3304557
7;4;2012;Rio de Janeiro;3304557
9;4;2012;Rio de Janeiro;3304557
10;4;2012;Rio de Janeiro;3304557
12;4;2012;Rio de Janeiro;3304557
13;4;2012;Rio de Janeiro;3304557
14;4;2012;Rio de Janeiro;3304557
15;4;2012;Rio de Janeiro;3304557
16;4;2012;Rio de Janeiro;3304557
17;4;2012;Rio de Janeiro;3304557
18;4;2012;Rio de Janeiro;3304557
19;4;2012;Rio de Janeiro;3304557
20;4;2012;Rio de Janeiro;3304557
21;4;2012;Rio de Janeiro;3304557
22;4;2012;Rio de Janeiro;3304557
23;4;2012;Rio de Janeiro;3304557
24;4;2012;Rio de Janeiro;3304557
25;4;2012;Rio de Janeiro;3304557
26;4;2012;Rio de Janeiro;3304557
27;4;2012;Rio de Janeiro;3304557
28;4;2012;Rio de Janeiro;3304557
29;4;2012;Rio de Janeiro;3304557
30;4;2012;Rio de Janeiro;3304557
31;4;2012;Rio de Janeiro;3304557
32;4;2012;Rio de Janeiro;3304557
33;4;2012;Rio de Janeiro;3304557
34;4;2012;Rio de Janeiro;3304557
35;4;2012;Rio de Janeiro;3304557
36;4;2012;Rio de Janeiro;3304557
37;4;2012;Rio de Janeiro;3304557
38;4;2012;Rio de Janeiro;3304557
39;4;2012;Rio de Janeiro;3304557
40;4;2012;Rio de Janeiro;3304557
41;4;2012;Rio de Janeiro;3304557
42;4;2012;Rio de Janeiro;3304557
43;4;2012;Rio de Janeiro;3304557
44;4;2012;Rio de Janeiro;3304557
48;4;2012;Seropédica;3305554
50;4;2012;Itaguaí;3302007
51;4;2012;Paracambi;3303609
52;4;2012;Nova Iguaçu;3303500
53;4;2012;Mesquita;3302858
54;4;2012;Belford Roxo;3300456
55;4;2012;Queimados;3304144
56;4;2012;Nova Iguaçu;3303500
57;4;2012;Nilópolis;3303203
58;4;2012;Nova Iguaçu;3303500
59;4;2012;Duque de Caxias;3301702
60;4;2012;Duque de Caxias;3301702
61;4;2012;Duque de Caxias;3301702
62;4;2012;Duque de Caxias;3301702
63;4;2012;Japeri;3302270
64;4;2012;São João de Meriti;3305109
65;4;2012;Magé;3302502
66;4;2012;Magé;3302502
67;4;2012;Guapimirim;3301850
70;4;2012;Tanguá;3305752
71;4;2012;Itaboraí;3301900
72;4;2012;São Gonçalo;3304904
73;4;2012;São Gonçalo;3304904
74;4;2012;São Gonçalo;3304904
75;4;2012;São Gonçalo;3304904
76;4;2012;Niterói;3303302
77;4;2012;Niterói;3303302
78;4;2012;Niterói;3303302
79;4;2012;Niterói;3303302
81;4;2012;Niterói;3303302
82;4;2012;Maricá;3302700
88;4;2012;Barra do Pirai;3300308
89;4;2012;Resende;3304201
90;4;2012;Barra Mansa;3300407
91;4;2012;Valença;3306107
92;4;2012;Rio das Flores;3304508
93;4;2012;Volta Redonda;3306305
94;4;2012;Piraí;3304003
95;4;2012;Vassouras;3306206
96;4;2012;"Miguel Pereira;Paty dos Alferes";9999999
97;4;2012;Mendes;3302809
98;4;2012;Engenheiro Paulo de Frontin;3301801
99;4;2012;Itatiaia;3302254
100;4;2012;"Porto Real;Quatis";9999992
101;4;2012;Pinheiral;3303955
104;4;2012;São José do Vale do Rio Preto;3305158
105;4;2012;Petrópolis;3303906
106;4;2012;Petrópolis;3303906
107;4;2012;Paraíba do Sul;3303708
108;4;2012;"Comendador Levy Gasparian;Areal;Três Rios";9999991
109;4;2012;Sapucaia;3305406
110;4;2012;Teresópolis;3305802
111;4;2012;Sumidouro;3305703
112;4;2012;Carmo;3301207
118;4;2012;Araruama;3300209
119;4;2012;Rio Bonito;3304300
120;4;2012;Silva Jardim;3305604
121;4;2012;Casimiro de Abreu;3301306
122;4;2012;Conceição de Macabú;3301405
123;4;2012;Macaé;3302403
124;4;2012;Saquarema;3305505
125;4;2012;São Pedro da Aldeia;3305208
126;4;2012;Cabo Frio;3300704
127;4;2012;Armação dos Búzios;3300233
128;4;2012;Rio das Ostras;3304524
129;4;2012;Iguaba Grande;3301876
130;4;2012;"Quissamã;Carapebus";9999994
132;4;2012;Arraial do Cabo;3300258
134;4;2012;Campos dos Goytacazes;3301009
135;4;2012;Itaocara;3302106
136;4;2012;"Santo Antônio de Pádua;Aperibé";9999993
137;4;2012;Miracema;3303005
138;4;2012;Laje do Muriaé;3302304
139;4;2012;Porciúncula;3304102
140;4;2012;"Natividade;Varre-Sai";9999997
141;4;2012;São Fidélis;3304805
142;4;2012;Cambuci;3300902
143;4;2012;"Itaperuna;São José de Ubá";9999996
144;4;2012;Bom Jesus de Itabapoana;3300605
145;4;2012;São João da Barra;3305000
146;4;2012;Campos dos Goytacazes;3301009
147;4;2012;São Francisco de Itabapoana;3304755
148;4;2012;"Cardoso Moreira;Italva";9999995
151;4;2012;Nova Friburgo;3303401
152;4;2012;Duas Barras;3301603
153;4;2012;Cantagalo;3301108
154;4;2012;"Cordeiro;Macuco";9999998
155;4;2012;São Sebastião do Alto;3305307
156;4;2012;Santa Maria Madalena;3304607
157;4;2012;Trajano de Morais;3305901
158;4;2012;Bom Jardim;3300506
159;4;2012;Cachoeiras de Macacu;3300803
165;4;2012;Mangaratiba;3302601
166;4;2012;Angra dos Reis;3300100
167;4;2012;Paraty;3303807
168;4;2012;Rio Claro;3304409
1;5;2012;Rio de Janeiro;3304557
4;5;2012;Rio de Janeiro;3304557
5;5;2012;Rio de Janeiro;3304557
6;5;2012;Rio de Janeiro;3304557
7;5;2012;Rio de Janeiro;3304557
9;5;2012;Rio de Janeiro;3304557
10;5;2012;Rio de Janeiro;3304557
12;5;2012;Rio de Janeiro;3304557
13;5;2012;Rio de Janeiro;3304557
14;5;2012;Rio de Janeiro;3304557
15;5;2012;Rio de Janeiro;3304557
16;5;2012;Rio de Janeiro;3304557
17;5;2012;Rio de Janeiro;3304557
18;5;2012;Rio de Janeiro;3304557
19;5;2012;Rio de Janeiro;3304557
20;5;2012;Rio de Janeiro;3304557
21;5;2012;Rio de Janeiro;3304557
22;5;2012;Rio de Janeiro;3304557
23;5;2012;Rio de Janeiro;3304557
24;5;2012;Rio de Janeiro;3304557
25;5;2012;Rio de Janeiro;3304557
26;5;2012;Rio de Janeiro;3304557
27;5;2012;Rio de Janeiro;3304557
28;5;2012;Rio de Janeiro;3304557
29;5;2012;Rio de Janeiro;3304557
30;5;2012;Rio de Janeiro;3304557
31;5;2012;Rio de Janeiro;3304557
32;5;2012;Rio de Janeiro;3304557
33;5;2012;Rio de Janeiro;3304557
34;5;2012;Rio de Janeiro;3304557
35;5;2012;Rio de Janeiro;3304557
36;5;2012;Rio de Janeiro;3304557
37;5;2012;Rio de Janeiro;3304557
38;5;2012;Rio de Janeiro;3304557
39;5;2012;Rio de Janeiro;3304557
40;5;2012;Rio de Janeiro;3304557
41;5;2012;Rio de Janeiro;3304557
42;5;2012;Rio de Janeiro;3304557
43;5;2012;Rio de Janeiro;3304557
44;5;2012;Rio de Janeiro;3304557
48;5;2012;Seropédica;3305554
50;5;2012;Itaguaí;3302007
51;5;2012;Paracambi;3303609
52;5;2012;Nova Iguaçu;3303500
53;5;2012;Mesquita;3302858
54;5;2012;Belford Roxo;3300456
55;5;2012;Queimados;3304144
56;5;2012;Nova Iguaçu;3303500
57;5;2012;Nilópolis;3303203
58;5;2012;Nova Iguaçu;3303500
59;5;2012;Duque de Caxias;3301702
60;5;2012;Duque de Caxias;3301702
61;5;2012;Duque de Caxias;3301702
62;5;2012;Duque de Caxias;3301702
63;5;2012;Japeri;3302270
64;5;2012;São João de Meriti;3305109
65;5;2012;Magé;3302502
66;5;2012;Magé;3302502
67;5;2012;Guapimirim;3301850
70;5;2012;Tanguá;3305752
71;5;2012;Itaboraí;3301900
72;5;2012;São Gonçalo;3304904
73;5;2012;São Gonçalo;3304904
74;5;2012;São Gonçalo;3304904
75;5;2012;São Gonçalo;3304904
76;5;2012;Niterói;3303302
77;5;2012;Niterói;3303302
78;5;2012;Niterói;3303302
79;5;2012;Niterói;3303302
81;5;2012;Niterói;3303302
82;5;2012;Maricá;3302700
88;5;2012;Barra do Pirai;3300308
89;5;2012;Resende;3304201
90;5;2012;Barra Mansa;3300407
91;5;2012;Valença;3306107
92;5;2012;Rio das Flores;3304508
93;5;2012;Volta Redonda;3306305
94;5;2012;Piraí;3304003
95;5;2012;Vassouras;3306206
96;5;2012;"Miguel Pereira;Paty dos Alferes";9999999
97;5;2012;Mendes;3302809
98;5;2012;Engenheiro Paulo de Frontin;3301801
99;5;2012;Itatiaia;3302254
100;5;2012;"Porto Real;Quatis";9999992
101;5;2012;Pinheiral;3303955
104;5;2012;São José do Vale do Rio Preto;3305158
105;5;2012;Petrópolis;3303906
106;5;2012;Petrópolis;3303906
107;5;2012;Paraíba do Sul;3303708
108;5;2012;"Comendador Levy Gasparian;Areal;Três Rios";9999991
109;5;2012;Sapucaia;3305406
110;5;2012;Teresópolis;3305802
111;5;2012;Sumidouro;3305703
112;5;2012;Carmo;3301207
118;5;2012;Araruama;3300209
119;5;2012;Rio Bonito;3304300
120;5;2012;Silva Jardim;3305604
121;5;2012;Casimiro de Abreu;3301306
122;5;2012;Conceição de Macabú;3301405
123;5;2012;Macaé;3302403
124;5;2012;Saquarema;3305505
125;5;2012;São Pedro da Aldeia;3305208
126;5;2012;Cabo Frio;3300704
127;5;2012;Armação dos Búzios;3300233
128;5;2012;Rio das Ostras;3304524
129;5;2012;Iguaba Grande;3301876
130;5;2012;"Quissamã;Carapebus";9999994
132;5;2012;Arraial do Cabo;3300258
134;5;2012;Campos dos Goytacazes;3301009
135;5;2012;Itaocara;3302106
136;5;2012;"Santo Antônio de Pádua;Aperibé";9999993
137;5;2012;Miracema;3303005
138;5;2012;Laje do Muriaé;3302304
139;5;2012;Porciúncula;3304102
140;5;2012;"Natividade;Varre-Sai";9999997
141;5;2012;São Fidélis;3304805
142;5;2012;Cambuci;3300902
143;5;2012;"Itaperuna;São José de Ubá";9999996
144;5;2012;Bom Jesus de Itabapoana;3300605
145;5;2012;São João da Barra;3305000
146;5;2012;Campos dos Goytacazes;3301009
147;5;2012;São Francisco de Itabapoana;3304755
148;5;2012;"Cardoso Moreira;Italva";9999995
151;5;2012;Nova Friburgo;3303401
152;5;2012;Duas Barras;3301603
153;5;2012;Cantagalo;3301108
154;5;2012;"Cordeiro;Macuco";9999998
155;5;2012;São Sebastião do Alto;3305307
156;5;2012;Santa Maria Madalena;3304607
157;5;2012;Trajano de Morais;3305901
158;5;2012;Bom Jardim;3300506
159;5;2012;Cachoeiras de Macacu;3300803
165;5;2012;Mangaratiba;3302601
166;5;2012;Angra dos Reis;3300100
167;5;2012;Paraty;3303807
168;5;2012;Rio Claro;3304409
1;6;2012;Rio de Janeiro;3304557
4;6;2012;Rio de Janeiro;3304557
5;6;2012;Rio de Janeiro;3304557
6;6;2012;Rio de Janeiro;3304557
7;6;2012;Rio de Janeiro;3304557
9;6;2012;Rio de Janeiro;3304557
10;6;2012;Rio de Janeiro;3304557
12;6;2012;Rio de Janeiro;3304557
13;6;2012;Rio de Janeiro;3304557
14;6;2012;Rio de Janeiro;3304557
15;6;2012;Rio de Janeiro;3304557
16;6;2012;Rio de Janeiro;3304557
17;6;2012;Rio de Janeiro;3304557
18;6;2012;Rio de Janeiro;3304557
19;6;2012;Rio de Janeiro;3304557
20;6;2012;Rio de Janeiro;3304557
21;6;2012;Rio de Janeiro;3304557
22;6;2012;Rio de Janeiro;3304557
23;6;2012;Rio de Janeiro;3304557
24;6;2012;Rio de Janeiro;3304557
25;6;2012;Rio de Janeiro;3304557
26;6;2012;Rio de Janeiro;3304557
27;6;2012;Rio de Janeiro;3304557
28;6;2012;Rio de Janeiro;3304557
29;6;2012;Rio de Janeiro;3304557
30;6;2012;Rio de Janeiro;3304557
31;6;2012;Rio de Janeiro;3304557
32;6;2012;Rio de Janeiro;3304557
33;6;2012;Rio de Janeiro;3304557
34;6;2012;Rio de Janeiro;3304557
35;6;2012;Rio de Janeiro;3304557
36;6;2012;Rio de Janeiro;3304557
37;6;2012;Rio de Janeiro;3304557
38;6;2012;Rio de Janeiro;3304557
39;6;2012;Rio de Janeiro;3304557
40;6;2012;Rio de Janeiro;3304557
41;6;2012;Rio de Janeiro;3304557
42;6;2012;Rio de Janeiro;3304557
43;6;2012;Rio de Janeiro;3304557
44;6;2012;Rio de Janeiro;3304557
48;6;2012;Seropédica;3305554
50;6;2012;Itaguaí;3302007
51;6;2012;Paracambi;3303609
52;6;2012;Nova Iguaçu;3303500
53;6;2012;Mesquita;3302858
54;6;2012;Belford Roxo;3300456
55;6;2012;Queimados;3304144
56;6;2012;Nova Iguaçu;3303500
57;6;2012;Nilópolis;3303203
58;6;2012;Nova Iguaçu;3303500
59;6;2012;Duque de Caxias;3301702
60;6;2012;Duque de Caxias;3301702
61;6;2012;Duque de Caxias;3301702
62;6;2012;Duque de Caxias;3301702
63;6;2012;Japeri;3302270
64;6;2012;São João de Meriti;3305109
65;6;2012;Magé;3302502
66;6;2012;Magé;3302502
67;6;2012;Guapimirim;3301850
70;6;2012;Tanguá;3305752
71;6;2012;Itaboraí;3301900
72;6;2012;São Gonçalo;3304904
73;6;2012;São Gonçalo;3304904
74;6;2012;São Gonçalo;3304904
75;6;2012;São Gonçalo;3304904
76;6;2012;Niterói;3303302
77;6;2012;Niterói;3303302
78;6;2012;Niterói;3303302
79;6;2012;Niterói;3303302
81;6;2012;Niterói;3303302
82;6;2012;Maricá;3302700
88;6;2012;Barra do Pirai;3300308
89;6;2012;Resende;3304201
90;6;2012;Barra Mansa;3300407
91;6;2012;Valença;3306107
92;6;2012;Rio das Flores;3304508
93;6;2012;Volta Redonda;3306305
94;6;2012;Piraí;3304003
95;6;2012;Vassouras;3306206
96;6;2012;"Miguel Pereira;Paty dos Alferes";9999999
97;6;2012;Mendes;3302809
98;6;2012;Engenheiro Paulo de Frontin;3301801
99;6;2012;Itatiaia;3302254
100;6;2012;"Porto Real;Quatis";9999992
101;6;2012;Pinheiral;3303955
104;6;2012;São José do Vale do Rio Preto;3305158
105;6;2012;Petrópolis;3303906
106;6;2012;Petrópolis;3303906
107;6;2012;Paraíba do Sul;3303708
108;6;2012;"Comendador Levy Gasparian;Areal;Três Rios";9999991
109;6;2012;Sapucaia;3305406
110;6;2012;Teresópolis;3305802
111;6;2012;Sumidouro;3305703
112;6;2012;Carmo;3301207
118;6;2012;Araruama;3300209
119;6;2012;Rio Bonito;3304300
120;6;2012;Silva Jardim;3305604
121;6;2012;Casimiro de Abreu;3301306
122;6;2012;Conceição de Macabú;3301405
123;6;2012;Macaé;3302403
124;6;2012;Saquarema;3305505
125;6;2012;São Pedro da Aldeia;3305208
126;6;2012;Cabo Frio;3300704
127;6;2012;Armação dos Búzios;3300233
128;6;2012;Rio das Ostras;3304524
129;6;2012;Iguaba Grande;3301876
130;6;2012;"Quissamã;Carapebus";9999994
132;6;2012;Arraial do Cabo;3300258
134;6;2012;Campos dos Goytacazes;3301009
135;6;2012;Itaocara;3302106
136;6;2012;"Santo Antônio de Pádua;Aperibé";9999993
137;6;2012;Miracema;3303005
138;6;2012;Laje do Muriaé;3302304
139;6;2012;Porciúncula;3304102
140;6;2012;"Natividade;Varre-Sai";9999997
141;6;2012;São Fidélis;3304805
142;6;2012;Cambuci;3300902
143;6;2012;"Itaperuna;São José de Ubá";9999996
144;6;2012;Bom Jesus de Itabapoana;3300605
145;6;2012;São João da Barra;3305000
146;6;2012;Campos dos Goytacazes;3301009
147;6;2012;São Francisco de Itabapoana;3304755
148;6;2012;"Cardoso Moreira;Italva";9999995
151;6;2012;Nova Friburgo;3303401
152;6;2012;Duas Barras;3301603
153;6;2012;Cantagalo;3301108
154;6;2012;"Cordeiro;Macuco";9999998
155;6;2012;São Sebastião do Alto;3305307
156;6;2012;Santa Maria Madalena;3304607
157;6;2012;Trajano de Morais;3305901
158;6;2012;Bom Jardim;3300506
159;6;2012;Cachoeiras de Macacu;3300803
165;6;2012;Mangaratiba;3302601
166;6;2012;Angra dos Reis;3300100
167;6;2012;Paraty;3303807
168;6;2012;Rio Claro;3304409
1;7;2012;Rio de Janeiro;3304557
4;7;2012;Rio de Janeiro;3304557
5;7;2012;Rio de Janeiro;3304557
6;7;2012;Rio de Janeiro;3304557
7;7;2012;Rio de Janeiro;3304557
9;7;2012;Rio de Janeiro;3304557
10;7;2012;Rio de Janeiro;3304557
12;7;2012;Rio de Janeiro;3304557
13;7;2012;Rio de Janeiro;3304557
14;7;2012;Rio de Janeiro;3304557
15;7;2012;Rio de Janeiro;3304557
16;7;2012;Rio de Janeiro;3304557
17;7;2012;Rio de Janeiro;3304557
18;7;2012;Rio de Janeiro;3304557
19;7;2012;Rio de Janeiro;3304557
20;7;2012;Rio de Janeiro;3304557
21;7;2012;Rio de Janeiro;3304557
22;7;2012;Rio de Janeiro;3304557
23;7;2012;Rio de Janeiro;3304557
24;7;2012;Rio de Janeiro;3304557
25;7;2012;Rio de Janeiro;3304557
26;7;2012;Rio de Janeiro;3304557
27;7;2012;Rio de Janeiro;3304557
28;7;2012;Rio de Janeiro;3304557
29;7;2012;Rio de Janeiro;3304557
30;7;2012;Rio de Janeiro;3304557
31;7;2012;Rio de Janeiro;3304557
32;7;2012;Rio de Janeiro;3304557
33;7;2012;Rio de Janeiro;3304557
34;7;2012;Rio de Janeiro;3304557
35;7;2012;Rio de Janeiro;3304557
36;7;2012;Rio de Janeiro;3304557
37;7;2012;Rio de Janeiro;3304557
38;7;2012;Rio de Janeiro;3304557
39;7;2012;Rio de Janeiro;3304557
40;7;2012;Rio de Janeiro;3304557
41;7;2012;Rio de Janeiro;3304557
42;7;2012;Rio de Janeiro;3304557
43;7;2012;Rio de Janeiro;3304557
44;7;2012;Rio de Janeiro;3304557
48;7;2012;Seropédica;3305554
50;7;2012;Itaguaí;3302007
51;7;2012;Paracambi;3303609
52;7;2012;Nova Iguaçu;3303500
53;7;2012;Mesquita;3302858
54;7;2012;Belford Roxo;3300456
55;7;2012;Queimados;3304144
56;7;2012;Nova Iguaçu;3303500
57;7;2012;Nilópolis;3303203
58;7;2012;Nova Iguaçu;3303500
59;7;2012;Duque de Caxias;3301702
60;7;2012;Duque de Caxias;3301702
61;7;2012;Duque de Caxias;3301702
62;7;2012;Duque de Caxias;3301702
63;7;2012;Japeri;3302270
64;7;2012;São João de Meriti;3305109
65;7;2012;Magé;3302502
66;7;2012;Magé;3302502
67;7;2012;Guapimirim;3301850
70;7;2012;Tanguá;3305752
71;7;2012;Itaboraí;3301900
72;7;2012;São Gonçalo;3304904
73;7;2012;São Gonçalo;3304904
74;7;2012;São Gonçalo;3304904
75;7;2012;São Gonçalo;3304904
76;7;2012;Niterói;3303302
77;7;2012;Niterói;3303302
78;7;2012;Niterói;3303302
79;7;2012;Niterói;3303302
81;7;2012;Niterói;3303302
82;7;2012;Maricá;3302700
88;7;2012;Barra do Pirai;3300308
89;7;2012;Resende;3304201
90;7;2012;Barra Mansa;3300407
91;7;2012;Valença;3306107
92;7;2012;Rio das Flores;3304508
93;7;2012;Volta Redonda;3306305
94;7;2012;Piraí;3304003
95;7;2012;Vassouras;3306206
96;7;2012;"Miguel Pereira;Paty dos Alferes";9999999
97;7;2012;Mendes;3302809
98;7;2012;Engenheiro Paulo de Frontin;3301801
99;7;2012;Itatiaia;3302254
100;7;2012;"Porto Real;Quatis";9999992
101;7;2012;Pinheiral;3303955
104;7;2012;São José do Vale do Rio Preto;3305158
105;7;2012;Petrópolis;3303906
106;7;2012;Petrópolis;3303906
107;7;2012;Paraíba do Sul;3303708
108;7;2012;"Comendador Levy Gasparian;Areal;Três Rios";9999991
109;7;2012;Sapucaia;3305406
110;7;2012;Teresópolis;3305802
111;7;2012;Sumidouro;3305703
112;7;2012;Carmo;3301207
118;7;2012;Araruama;3300209
119;7;2012;Rio Bonito;3304300
120;7;2012;Silva Jardim;3305604
121;7;2012;Casimiro de Abreu;3301306
122;7;2012;Conceição de Macabú;3301405
123;7;2012;Macaé;3302403
124;7;2012;Saquarema;3305505
125;7;2012;São Pedro da Aldeia;3305208
126;7;2012;Cabo Frio;3300704
127;7;2012;Armação dos Búzios;3300233
128;7;2012;Rio das Ostras;3304524
129;7;2012;Iguaba Grande;3301876
130;7;2012;"Quissamã;Carapebus";9999994
132;7;2012;Arraial do Cabo;3300258
134;7;2012;Campos dos Goytacazes;3301009
135;7;2012;Itaocara;3302106
136;7;2012;"Santo Antônio de Pádua;Aperibé";9999993
137;7;2012;Miracema;3303005
138;7;2012;Laje do Muriaé;3302304
139;7;2012;Porciúncula;3304102
140;7;2012;"Natividade;Varre-Sai";9999997
141;7;2012;São Fidélis;3304805
142;7;2012;Cambuci;3300902
143;7;2012;"Itaperuna;São José de Ubá";9999996
144;7;2012;Bom Jesus de Itabapoana;3300605
145;7;2012;São João da Barra;3305000
146;7;2012;Campos dos Goytacazes;3301009
147;7;2012;São Francisco de Itabapoana;3304755
148;7;2012;"Cardoso Moreira;Italva";9999995
151;7;2012;Nova Friburgo;3303401
152;7;2012;Duas Barras;3301603
153;7;2012;Cantagalo;3301108
154;7;2012;"Cordeiro;Macuco";9999998
155;7;2012;São Sebastião do Alto;3305307
156;7;2012;Santa Maria Madalena;3304607
157;7;2012;Trajano de Morais;3305901
158;7;2012;Bom Jardim;3300506
159;7;2012;Cachoeiras de Macacu;3300803
165;7;2012;Mangaratiba;3302601
166;7;2012;Angra dos Reis;3300100
167;7;2012;Paraty;3303807
168;7;2012;Rio Claro;3304409
1;8;2012;Rio de Janeiro;3304557
4;8;2012;Rio de Janeiro;3304557
5;8;2012;Rio de Janeiro;3304557
6;8;2012;Rio de Janeiro;3304557
7;8;2012;Rio de Janeiro;3304557
9;8;2012;Rio de Janeiro;3304557
10;8;2012;Rio de Janeiro;3304557
12;8;2012;Rio de Janeiro;3304557
13;8;2012;Rio de Janeiro;3304557
14;8;2012;Rio de Janeiro;3304557
15;8;2012;Rio de Janeiro;3304557
16;8;2012;Rio de Janeiro;3304557
17;8;2012;Rio de Janeiro;3304557
18;8;2012;Rio de Janeiro;3304557
19;8;2012;Rio de Janeiro;3304557
20;8;2012;Rio de Janeiro;3304557
21;8;2012;Rio de Janeiro;3304557
22;8;2012;Rio de Janeiro;3304557
23;8;2012;Rio de Janeiro;3304557
24;8;2012;Rio de Janeiro;3304557
25;8;2012;Rio de Janeiro;3304557
26;8;2012;Rio de Janeiro;3304557
27;8;2012;Rio de Janeiro;3304557
28;8;2012;Rio de Janeiro;3304557
29;8;2012;Rio de Janeiro;3304557
30;8;2012;Rio de Janeiro;3304557
31;8;2012;Rio de Janeiro;3304557
32;8;2012;Rio de Janeiro;3304557
33;8;2012;Rio de Janeiro;3304557
34;8;2012;Rio de Janeiro;3304557
35;8;2012;Rio de Janeiro;3304557
36;8;2012;Rio de Janeiro;3304557
37;8;2012;Rio de Janeiro;3304557
38;8;2012;Rio de Janeiro;3304557
39;8;2012;Rio de Janeiro;3304557
40;8;2012;Rio de Janeiro;3304557
41;8;2012;Rio de Janeiro;3304557
42;8;2012;Rio de Janeiro;3304557
43;8;2012;Rio de Janeiro;3304557
44;8;2012;Rio de Janeiro;3304557
48;8;2012;Seropédica;3305554
50;8;2012;Itaguaí;3302007
51;8;2012;Paracambi;3303609
52;8;2012;Nova Iguaçu;3303500
53;8;2012;Mesquita;3302858
54;8;2012;Belford Roxo;3300456
55;8;2012;Queimados;3304144
56;8;2012;Nova Iguaçu;3303500
57;8;2012;Nilópolis;3303203
58;8;2012;Nova Iguaçu;3303500
59;8;2012;Duque de Caxias;3301702
60;8;2012;Duque de Caxias;3301702
61;8;2012;Duque de Caxias;3301702
62;8;2012;Duque de Caxias;3301702
63;8;2012;Japeri;3302270
64;8;2012;São João de Meriti;3305109
65;8;2012;Magé;3302502
66;8;2012;Magé;3302502
67;8;2012;Guapimirim;3301850
70;8;2012;Tanguá;3305752
71;8;2012;Itaboraí;3301900
72;8;2012;São Gonçalo;3304904
73;8;2012;São Gonçalo;3304904
74;8;2012;São Gonçalo;3304904
75;8;2012;São Gonçalo;3304904
76;8;2012;Niterói;3303302
77;8;2012;Niterói;3303302
78;8;2012;Niterói;3303302
79;8;2012;Niterói;3303302
81;8;2012;Niterói;3303302
82;8;2012;Maricá;3302700
88;8;2012;Barra do Pirai;3300308
89;8;2012;Resende;3304201
90;8;2012;Barra Mansa;3300407
91;8;2012;Valença;3306107
92;8;2012;Rio das Flores;3304508
93;8;2012;Volta Redonda;3306305
94;8;2012;Piraí;3304003
95;8;2012;Vassouras;3306206
96;8;2012;"Miguel Pereira;Paty dos Alferes";9999999
97;8;2012;Mendes;3302809
98;8;2012;Engenheiro Paulo de Frontin;3301801
99;8;2012;Itatiaia;3302254
100;8;2012;"Porto Real;Quatis";9999992
101;8;2012;Pinheiral;3303955
104;8;2012;São José do Vale do Rio Preto;3305158
105;8;2012;Petrópolis;3303906
106;8;2012;Petrópolis;3303906
107;8;2012;Paraíba do Sul;3303708
108;8;2012;"Comendador Levy Gasparian;Areal;Três Rios";9999991
109;8;2012;Sapucaia;3305406
110;8;2012;Teresópolis;3305802
111;8;2012;Sumidouro;3305703
112;8;2012;Carmo;3301207
118;8;2012;Araruama;3300209
119;8;2012;Rio Bonito;3304300
120;8;2012;Silva Jardim;3305604
121;8;2012;Casimiro de Abreu;3301306
122;8;2012;Conceição de Macabú;3301405
123;8;2012;Macaé;3302403
124;8;2012;Saquarema;3305505
125;8;2012;São Pedro da Aldeia;3305208
126;8;2012;Cabo Frio;3300704
127;8;2012;Armação dos Búzios;3300233
128;8;2012;Rio das Ostras;3304524
129;8;2012;Iguaba Grande;3301876
130;8;2012;"Quissamã;Carapebus";9999994
132;8;2012;Arraial do Cabo;3300258
134;8;2012;Campos dos Goytacazes;3301009
135;8;2012;Itaocara;3302106
136;8;2012;"Santo Antônio de Pádua;Aperibé";9999993
137;8;2012;Miracema;3303005
138;8;2012;Laje do Muriaé;3302304
139;8;2012;Porciúncula;3304102
140;8;2012;"Natividade;Varre-Sai";9999997
141;8;2012;São Fidélis;3304805
142;8;2012;Cambuci;3300902
143;8;2012;"Itaperuna;São José de Ubá";9999996
144;8;2012;Bom Jesus de Itabapoana;3300605
145;8;2012;São João da Barra;3305000
146;8;2012;Campos dos Goytacazes;3301009
147;8;2012;São Francisco de Itabapoana;3304755
148;8;2012;"Cardoso Moreira;Italva";9999995
151;8;2012;Nova Friburgo;3303401
152;8;2012;Duas Barras;3301603
153;8;2012;Cantagalo;3301108
154;8;2012;"Cordeiro;Macuco";9999998
155;8;2012;São Sebastião do Alto;3305307
156;8;2012;Santa Maria Madalena;3304607
157;8;2012;Trajano de Morais;3305901
158;8;2012;Bom Jardim;3300506
159;8;2012;Cachoeiras de Macacu;3300803
165;8;2012;Mangaratiba;3302601
166;8;2012;Angra dos Reis;3300100
167;8;2012;Paraty;3303807
168;8;2012;Rio Claro;3304409
1;9;2012;Rio de Janeiro;3304557
4;9;2012;Rio de Janeiro;3304557
5;9;2012;Rio de Janeiro;3304557
6;9;2012;Rio de Janeiro;3304557
7;9;2012;Rio de Janeiro;3304557
9;9;2012;Rio de Janeiro;3304557
10;9;2012;Rio de Janeiro;3304557
12;9;2012;Rio de Janeiro;3304557
13;9;2012;Rio de Janeiro;3304557
14;9;2012;Rio de Janeiro;3304557
15;9;2012;Rio de Janeiro;3304557
16;9;2012;Rio de Janeiro;3304557
17;9;2012;Rio de Janeiro;3304557
18;9;2012;Rio de Janeiro;3304557
19;9;2012;Rio de Janeiro;3304557
20;9;2012;Rio de Janeiro;3304557
21;9;2012;Rio de Janeiro;3304557
22;9;2012;Rio de Janeiro;3304557
23;9;2012;Rio de Janeiro;3304557
24;9;2012;Rio de Janeiro;3304557
25;9;2012;Rio de Janeiro;3304557
26;9;2012;Rio de Janeiro;3304557
27;9;2012;Rio de Janeiro;3304557
28;9;2012;Rio de Janeiro;3304557
29;9;2012;Rio de Janeiro;3304557
30;9;2012;Rio de Janeiro;3304557
31;9;2012;Rio de Janeiro;3304557
32;9;2012;Rio de Janeiro;3304557
33;9;2012;Rio de Janeiro;3304557
34;9;2012;Rio de Janeiro;3304557
35;9;2012;Rio de Janeiro;3304557
36;9;2012;Rio de Janeiro;3304557
37;9;2012;Rio de Janeiro;3304557
38;9;2012;Rio de Janeiro;3304557
39;9;2012;Rio de Janeiro;3304557
40;9;2012;Rio de Janeiro;3304557
41;9;2012;Rio de Janeiro;3304557
42;9;2012;Rio de Janeiro;3304557
43;9;2012;Rio de Janeiro;3304557
44;9;2012;Rio de Janeiro;3304557
48;9;2012;Seropédica;3305554
50;9;2012;Itaguaí;3302007
51;9;2012;Paracambi;3303609
52;9;2012;Nova Iguaçu;3303500
53;9;2012;Mesquita;3302858
54;9;2012;Belford Roxo;3300456
55;9;2012;Queimados;3304144
56;9;2012;Nova Iguaçu;3303500
57;9;2012;Nilópolis;3303203
58;9;2012;Nova Iguaçu;3303500
59;9;2012;Duque de Caxias;3301702
60;9;2012;Duque de Caxias;3301702
61;9;2012;Duque de Caxias;3301702
62;9;2012;Duque de Caxias;3301702
63;9;2012;Japeri;3302270
64;9;2012;São João de Meriti;3305109
65;9;2012;Magé;3302502
66;9;2012;Magé;3302502
67;9;2012;Guapimirim;3301850
70;9;2012;Tanguá;3305752
71;9;2012;Itaboraí;3301900
72;9;2012;São Gonçalo;3304904
73;9;2012;São Gonçalo;3304904
74;9;2012;São Gonçalo;3304904
75;9;2012;São Gonçalo;3304904
76;9;2012;Niterói;3303302
77;9;2012;Niterói;3303302
78;9;2012;Niterói;3303302
79;9;2012;Niterói;3303302
81;9;2012;Niterói;3303302
82;9;2012;Maricá;3302700
88;9;2012;Barra do Pirai;3300308
89;9;2012;Resende;3304201
90;9;2012;Barra Mansa;3300407
91;9;2012;Valença;3306107
92;9;2012;Rio das Flores;3304508
93;9;2012;Volta Redonda;3306305
94;9;2012;Piraí;3304003
95;9;2012;Vassouras;3306206
96;9;2012;"Miguel Pereira;Paty dos Alferes";9999999
97;9;2012;Mendes;3302809
98;9;2012;Engenheiro Paulo de Frontin;3301801
99;9;2012;Itatiaia;3302254
100;9;2012;"Porto Real;Quatis";9999992
101;9;2012;Pinheiral;3303955
104;9;2012;São José do Vale do Rio Preto;3305158
105;9;2012;Petrópolis;3303906
106;9;2012;Petrópolis;3303906
107;9;2012;Paraíba do Sul;3303708
108;9;2012;"Comendador Levy Gasparian;Areal;Três Rios";9999991
109;9;2012;Sapucaia;3305406
110;9;2012;Teresópolis;3305802
111;9;2012;Sumidouro;3305703
112;9;2012;Carmo;3301207
118;9;2012;Araruama;3300209
119;9;2012;Rio Bonito;3304300
120;9;2012;Silva Jardim;3305604
121;9;2012;Casimiro de Abreu;3301306
122;9;2012;Conceição de Macabú;3301405
123;9;2012;Macaé;3302403
124;9;2012;Saquarema;3305505
125;9;2012;São Pedro da Aldeia;3305208
126;9;2012;Cabo Frio;3300704
127;9;2012;Armação dos Búzios;3300233
128;9;2012;Rio das Ostras;3304524
129;9;2012;Iguaba Grande;3301876
130;9;2012;"Quissamã;Carapebus";9999994
132;9;2012;Arraial do Cabo;3300258
134;9;2012;Campos dos Goytacazes;3301009
135;9;2012;Itaocara;3302106
136;9;2012;"Santo Antônio de Pádua;Aperibé";9999993
137;9;2012;Miracema;3303005
138;9;2012;Laje do Muriaé;3302304
139;9;2012;Porciúncula;3304102
140;9;2012;"Natividade;Varre-Sai";9999997
141;9;2012;São Fidélis;3304805
142;9;2012;Cambuci;3300902
143;9;2012;"Itaperuna;São José de Ubá";9999996
144;9;2012;Bom Jesus de Itabapoana;3300605
145;9;2012;São João da Barra;3305000
146;9;2012;Campos dos Goytacazes;3301009
147;9;2012;São Francisco de Itabapoana;3304755
148;9;2012;"Cardoso Moreira;Italva";9999995
151;9;2012;Nova Friburgo;3303401
152;9;2012;Duas Barras;3301603
153;9;2012;Cantagalo;3301108
154;9;2012;"Cordeiro;Macuco";9999998
155;9;2012;São Sebastião do Alto;3305307
156;9;2012;Santa Maria Madalena;3304607
157;9;2012;Trajano de Morais;3305901
158;9;2012;Bom Jardim;3300506
159;9;2012;Cachoeiras de Macacu;3300803
165;9;2012;Mangaratiba;3302601
166;9;2012;Angra dos Reis;3300100
167;9;2012;Paraty;3303807
168;9;2012;Rio Claro;3304409
1;10;2012;Rio de Janeiro;3304557
4;10;2012;Rio de Janeiro;3304557
5;10;2012;Rio de Janeiro;3304557
6;10;2012;Rio de Janeiro;3304557
7;10;2012;Rio de Janeiro;3304557
9;10;2012;Rio de Janeiro;3304557
10;10;2012;Rio de Janeiro;3304557
12;10;2012;Rio de Janeiro;3304557
13;10;2012;Rio de Janeiro;3304557
14;10;2012;Rio de Janeiro;3304557
15;10;2012;Rio de Janeiro;3304557
16;10;2012;Rio de Janeiro;3304557
17;10;2012;Rio de Janeiro;3304557
18;10;2012;Rio de Janeiro;3304557
19;10;2012;Rio de Janeiro;3304557
20;10;2012;Rio de Janeiro;3304557
21;10;2012;Rio de Janeiro;3304557
22;10;2012;Rio de Janeiro;3304557
23;10;2012;Rio de Janeiro;3304557
24;10;2012;Rio de Janeiro;3304557
25;10;2012;Rio de Janeiro;3304557
26;10;2012;Rio de Janeiro;3304557
27;10;2012;Rio de Janeiro;3304557
28;10;2012;Rio de Janeiro;3304557
29;10;2012;Rio de Janeiro;3304557
30;10;2012;Rio de Janeiro;3304557
31;10;2012;Rio de Janeiro;3304557
32;10;2012;Rio de Janeiro;3304557
33;10;2012;Rio de Janeiro;3304557
34;10;2012;Rio de Janeiro;3304557
35;10;2012;Rio de Janeiro;3304557
36;10;2012;Rio de Janeiro;3304557
37;10;2012;Rio de Janeiro;3304557
38;10;2012;Rio de Janeiro;3304557
39;10;2012;Rio de Janeiro;3304557
40;10;2012;Rio de Janeiro;3304557
41;10;2012;Rio de Janeiro;3304557
42;10;2012;Rio de Janeiro;3304557
43;10;2012;Rio de Janeiro;3304557
44;10;2012;Rio de Janeiro;3304557
48;10;2012;Seropédica;3305554
50;10;2012;Itaguaí;3302007
51;10;2012;Paracambi;3303609
52;10;2012;Nova Iguaçu;3303500
53;10;2012;Mesquita;3302858
54;10;2012;Belford Roxo;3300456
55;10;2012;Queimados;3304144
56;10;2012;Nova Iguaçu;3303500
57;10;2012;Nilópolis;3303203
58;10;2012;Nova Iguaçu;3303500
59;10;2012;Duque de Caxias;3301702
60;10;2012;Duque de Caxias;3301702
61;10;2012;Duque de Caxias;3301702
62;10;2012;Duque de Caxias;3301702
63;10;2012;Japeri;3302270
64;10;2012;São João de Meriti;3305109
65;10;2012;Magé;3302502
66;10;2012;Magé;3302502
67;10;2012;Guapimirim;3301850
70;10;2012;Tanguá;3305752
71;10;2012;Itaboraí;3301900
72;10;2012;São Gonçalo;3304904
73;10;2012;São Gonçalo;3304904
74;10;2012;São Gonçalo;3304904
75;10;2012;São Gonçalo;3304904
76;10;2012;Niterói;3303302
77;10;2012;Niterói;3303302
78;10;2012;Niterói;3303302
79;10;2012;Niterói;3303302
81;10;2012;Niterói;3303302
82;10;2012;Maricá;3302700
88;10;2012;Barra do Pirai;3300308
89;10;2012;Resende;3304201
90;10;2012;Barra Mansa;3300407
91;10;2012;Valença;3306107
92;10;2012;Rio das Flores;3304508
93;10;2012;Volta Redonda;3306305
94;10;2012;Piraí;3304003
95;10;2012;Vassouras;3306206
96;10;2012;"Miguel Pereira;Paty dos Alferes";9999999
97;10;2012;Mendes;3302809
98;10;2012;Engenheiro Paulo de Frontin;3301801
99;10;2012;Itatiaia;3302254
100;10;2012;"Porto Real;Quatis";9999992
101;10;2012;Pinheiral;3303955
104;10;2012;São José do Vale do Rio Preto;3305158
105;10;2012;Petrópolis;3303906
106;10;2012;Petrópolis;3303906
107;10;2012;Paraíba do Sul;3303708
108;10;2012;"Comendador Levy Gasparian;Areal;Três Rios";9999991
109;10;2012;Sapucaia;3305406
110;10;2012;Teresópolis;3305802
111;10;2012;Sumidouro;3305703
112;10;2012;Carmo;3301207
118;10;2012;Araruama;3300209
119;10;2012;Rio Bonito;3304300
120;10;2012;Silva Jardim;3305604
121;10;2012;Casimiro de Abreu;3301306
122;10;2012;Conceição de Macabú;3301405
123;10;2012;Macaé;3302403
124;10;2012;Saquarema;3305505
125;10;2012;São Pedro da Aldeia;3305208
126;10;2012;Cabo Frio;3300704
127;10;2012;Armação dos Búzios;3300233
128;10;2012;Rio das Ostras;3304524
129;10;2012;Iguaba Grande;3301876
130;10;2012;"Quissamã;Carapebus";9999994
132;10;2012;Arraial do Cabo;3300258
134;10;2012;Campos dos Goytacazes;3301009
135;10;2012;Itaocara;3302106
136;10;2012;"Santo Antônio de Pádua;Aperibé";9999993
137;10;2012;Miracema;3303005
138;10;2012;Laje do Muriaé;3302304
139;10;2012;Porciúncula;3304102
140;10;2012;"Natividade;Varre-Sai";9999997
141;10;2012;São Fidélis;3304805
142;10;2012;Cambuci;3300902
143;10;2012;"Itaperuna;São José de Ubá";9999996
144;10;2012;Bom Jesus de Itabapoana;3300605
145;10;2012;São João da Barra;3305000
146;10;2012;Campos dos Goytacazes;3301009
147;10;2012;São Francisco de Itabapoana;3304755
148;10;2012;"Cardoso Moreira;Italva";9999995
151;10;2012;Nova Friburgo;3303401
152;10;2012;Duas Barras;3301603
153;10;2012;Cantagalo;3301108
154;10;2012;"Cordeiro;Macuco";9999998
155;10;2012;São Sebastião do Alto;3305307
156;10;2012;Santa Maria Madalena;3304607
157;10;2012;Trajano de Morais;3305901
158;10;2012;Bom Jardim;3300506
159;10;2012;Cachoeiras de Macacu;3300803
165;10;2012;Mangaratiba;3302601
166;10;2012;Angra dos Reis;3300100
167;10;2012;Paraty;3303807
168;10;2012;Rio Claro;3304409
1;11;2012;Rio de Janeiro;3304557
4;11;2012;Rio de Janeiro;3304557
5;11;2012;Rio de Janeiro;3304557
6;11;2012;Rio de Janeiro;3304557
7;11;2012;Rio de Janeiro;3304557
9;11;2012;Rio de Janeiro;3304557
10;11;2012;Rio de Janeiro;3304557
12;11;2012;Rio de Janeiro;3304557
13;11;2012;Rio de Janeiro;3304557
14;11;2012;Rio de Janeiro;3304557
15;11;2012;Rio de Janeiro;3304557
16;11;2012;Rio de Janeiro;3304557
17;11;2012;Rio de Janeiro;3304557
18;11;2012;Rio de Janeiro;3304557
19;11;2012;Rio de Janeiro;3304557
20;11;2012;Rio de Janeiro;3304557
21;11;2012;Rio de Janeiro;3304557
22;11;2012;Rio de Janeiro;3304557
23;11;2012;Rio de Janeiro;3304557
24;11;2012;Rio de Janeiro;3304557
25;11;2012;Rio de Janeiro;3304557
26;11;2012;Rio de Janeiro;3304557
27;11;2012;Rio de Janeiro;3304557
28;11;2012;Rio de Janeiro;3304557
29;11;2012;Rio de Janeiro;3304557
30;11;2012;Rio de Janeiro;3304557
31;11;2012;Rio de Janeiro;3304557
32;11;2012;Rio de Janeiro;3304557
33;11;2012;Rio de Janeiro;3304557
34;11;2012;Rio de Janeiro;3304557
35;11;2012;Rio de Janeiro;3304557
36;11;2012;Rio de Janeiro;3304557
37;11;2012;Rio de Janeiro;3304557
38;11;2012;Rio de Janeiro;3304557
39;11;2012;Rio de Janeiro;3304557
40;11;2012;Rio de Janeiro;3304557
41;11;2012;Rio de Janeiro;3304557
42;11;2012;Rio de Janeiro;3304557
43;11;2012;Rio de Janeiro;3304557
44;11;2012;Rio de Janeiro;3304557
48;11;2012;Seropédica;3305554
50;11;2012;Itaguaí;3302007
51;11;2012;Paracambi;3303609
52;11;2012;Nova Iguaçu;3303500
53;11;2012;Mesquita;3302858
54;11;2012;Belford Roxo;3300456
55;11;2012;Queimados;3304144
56;11;2012;Nova Iguaçu;3303500
57;11;2012;Nilópolis;3303203
58;11;2012;Nova Iguaçu;3303500
59;11;2012;Duque de Caxias;3301702
60;11;2012;Duque de Caxias;3301702
61;11;2012;Duque de Caxias;3301702
62;11;2012;Duque de Caxias;3301702
63;11;2012;Japeri;3302270
64;11;2012;São João de Meriti;3305109
65;11;2012;Magé;3302502
66;11;2012;Magé;3302502
67;11;2012;Guapimirim;3301850
70;11;2012;Tanguá;3305752
71;11;2012;Itaboraí;3301900
72;11;2012;São Gonçalo;3304904
73;11;2012;São Gonçalo;3304904
74;11;2012;São Gonçalo;3304904
75;11;2012;São Gonçalo;3304904
76;11;2012;Niterói;3303302
77;11;2012;Niterói;3303302
78;11;2012;Niterói;3303302
79;11;2012;Niterói;3303302
81;11;2012;Niterói;3303302
82;11;2012;Maricá;3302700
88;11;2012;Barra do Pirai;3300308
89;11;2012;Resende;3304201
90;11;2012;Barra Mansa;3300407
91;11;2012;Valença;3306107
92;11;2012;Rio das Flores;3304508
93;11;2012;Volta Redonda;3306305
94;11;2012;Piraí;3304003
95;11;2012;Vassouras;3306206
96;11;2012;"Miguel Pereira;Paty dos Alferes";9999999
97;11;2012;Mendes;3302809
98;11;2012;Engenheiro Paulo de Frontin;3301801
99;11;2012;Itatiaia;3302254
100;11;2012;"Porto Real;Quatis";9999992
101;11;2012;Pinheiral;3303955
104;11;2012;São José do Vale do Rio Preto;3305158
105;11;2012;Petrópolis;3303906
106;11;2012;Petrópolis;3303906
107;11;2012;Paraíba do Sul;3303708
108;11;2012;"Comendador Levy Gasparian;Areal;Três Rios";9999991
109;11;2012;Sapucaia;3305406
110;11;2012;Teresópolis;3305802
111;11;2012;Sumidouro;3305703
112;11;2012;Carmo;3301207
118;11;2012;Araruama;3300209
119;11;2012;Rio Bonito;3304300
120;11;2012;Silva Jardim;3305604
121;11;2012;Casimiro de Abreu;3301306
122;11;2012;Conceição de Macabú;3301405
123;11;2012;Macaé;3302403
124;11;2012;Saquarema;3305505
125;11;2012;São Pedro da Aldeia;3305208
126;11;2012;Cabo Frio;3300704
127;11;2012;Armação dos Búzios;3300233
128;11;2012;Rio das Ostras;3304524
129;11;2012;Iguaba Grande;3301876
130;11;2012;"Quissamã;Carapebus";9999994
132;11;2012;Arraial do Cabo;3300258
134;11;2012;Campos dos Goytacazes;3301009
135;11;2012;Itaocara;3302106
136;11;2012;"Santo Antônio de Pádua;Aperibé";9999993
137;11;2012;Miracema;3303005
138;11;2012;Laje do Muriaé;3302304
139;11;2012;Porciúncula;3304102
140;11;2012;"Natividade;Varre-Sai";9999997
141;11;2012;São Fidélis;3304805
142;11;2012;Cambuci;3300902
143;11;2012;"Itaperuna;São José de Ubá";9999996
144;11;2012;Bom Jesus de Itabapoana;3300605
145;11;2012;São João da Barra;3305000
146;11;2012;Campos dos Goytacazes;3301009
147;11;2012;São Francisco de Itabapoana;3304755
148;11;2012;"Cardoso Moreira;Italva";9999995
151;11;2012;Nova Friburgo;3303401
152;11;2012;Duas Barras;3301603
153;11;2012;Cantagalo;3301108
154;11;2012;"Cordeiro;Macuco";9999998
155;11;2012;São Sebastião do Alto;3305307
156;11;2012;Santa Maria Madalena;3304607
157;11;2012;Trajano de Morais;3305901
158;11;2012;Bom Jardim;3300506
159;11;2012;Cachoeiras de Macacu;3300803
165;11;2012;Mangaratiba;3302601
166;11;2012;Angra dos Reis;3300100
167;11;2012;Paraty;3303807
168;11;2012;Rio Claro;3304409
1;12;2012;Rio de Janeiro;3304557
4;12;2012;Rio de Janeiro;3304557
5;12;2012;Rio de Janeiro;3304557
6;12;2012;Rio de Janeiro;3304557
7;12;2012;Rio de Janeiro;3304557
9;12;2012;Rio de Janeiro;3304557
10;12;2012;Rio de Janeiro;3304557
12;12;2012;Rio de Janeiro;3304557
13;12;2012;Rio de Janeiro;3304557
14;12;2012;Rio de Janeiro;3304557
15;12;2012;Rio de Janeiro;3304557
16;12;2012;Rio de Janeiro;3304557
17;12;2012;Rio de Janeiro;3304557
18;12;2012;Rio de Janeiro;3304557
19;12;2012;Rio de Janeiro;3304557
20;12;2012;Rio de Janeiro;3304557
21;12;2012;Rio de Janeiro;3304557
22;12;2012;Rio de Janeiro;3304557
23;12;2012;Rio de Janeiro;3304557
24;12;2012;Rio de Janeiro;3304557
25;12;2012;Rio de Janeiro;3304557
26;12;2012;Rio de Janeiro;3304557
27;12;2012;Rio de Janeiro;3304557
28;12;2012;Rio de Janeiro;3304557
29;12;2012;Rio de Janeiro;3304557
30;12;2012;Rio de Janeiro;3304557
31;12;2012;Rio de Janeiro;3304557
32;12;2012;Rio de Janeiro;3304557
33;12;2012;Rio de Janeiro;3304557
34;12;2012;Rio de Janeiro;3304557
35;12;2012;Rio de Janeiro;3304557
36;12;2012;Rio de Janeiro;3304557
37;12;2012;Rio de Janeiro;3304557
38;12;2012;Rio de Janeiro;3304557
39;12;2012;Rio de Janeiro;3304557
40;12;2012;Rio de Janeiro;3304557
41;12;2012;Rio de Janeiro;3304557
42;12;2012;Rio de Janeiro;3304557
43;12;2012;Rio de Janeiro;3304557
44;12;2012;Rio de Janeiro;3304557
48;12;2012;Seropédica;3305554
50;12;2012;Itaguaí;3302007
51;12;2012;Paracambi;3303609
52;12;2012;Nova Iguaçu;3303500
53;12;2012;Mesquita;3302858
54;12;2012;Belford Roxo;3300456
55;12;2012;Queimados;3304144
56;12;2012;Nova Iguaçu;3303500
57;12;2012;Nilópolis;3303203
58;12;2012;Nova Iguaçu;3303500
59;12;2012;Duque de Caxias;3301702
60;12;2012;Duque de Caxias;3301702
61;12;2012;Duque de Caxias;3301702
62;12;2012;Duque de Caxias;3301702
63;12;2012;Japeri;3302270
64;12;2012;São João de Meriti;3305109
65;12;2012;Magé;3302502
66;12;2012;Magé;3302502
67;12;2012;Guapimirim;3301850
70;12;2012;Tanguá;3305752
71;12;2012;Itaboraí;3301900
72;12;2012;São Gonçalo;3304904
73;12;2012;São Gonçalo;3304904
74;12;2012;São Gonçalo;3304904
75;12;2012;São Gonçalo;3304904
76;12;2012;Niterói;3303302
77;12;2012;Niterói;3303302
78;12;2012;Niterói;3303302
79;12;2012;Niterói;3303302
81;12;2012;Niterói;3303302
82;12;2012;Maricá;3302700
88;12;2012;Barra do Pirai;3300308
89;12;2012;Resende;3304201
90;12;2012;Barra Mansa;3300407
91;12;2012;Valença;3306107
92;12;2012;Rio das Flores;3304508
93;12;2012;Volta Redonda;3306305
94;12;2012;Piraí;3304003
95;12;2012;Vassouras;3306206
96;12;2012;"Miguel Pereira;Paty dos Alferes";9999999
97;12;2012;Mendes;3302809
98;12;2012;Engenheiro Paulo de Frontin;3301801
99;12;2012;Itatiaia;3302254
100;12;2012;"Porto Real;Quatis";9999992
101;12;2012;Pinheiral;3303955
104;12;2012;São José do Vale do Rio Preto;3305158
105;12;2012;Petrópolis;3303906
106;12;2012;Petrópolis;3303906
107;12;2012;Paraíba do Sul;3303708
108;12;2012;"Comendador Levy Gasparian;Areal;Três Rios";9999991
109;12;2012;Sapucaia;3305406
110;12;2012;Teresópolis;3305802
111;12;2012;Sumidouro;3305703
112;12;2012;Carmo;3301207
118;12;2012;Araruama;3300209
119;12;2012;Rio Bonito;3304300
120;12;2012;Silva Jardim;3305604
121;12;2012;Casimiro de Abreu;3301306
122;12;2012;Conceição de Macabú;3301405
123;12;2012;Macaé;3302403
124;12;2012;Saquarema;3305505
125;12;2012;São Pedro da Aldeia;3305208
126;12;2012;Cabo Frio;3300704
127;12;2012;Armação dos Búzios;3300233
128;12;2012;Rio das Ostras;3304524
129;12;2012;Iguaba Grande;3301876
130;12;2012;"Quissamã;Carapebus";9999994
132;12;2012;Arraial do Cabo;3300258
134;12;2012;Campos dos Goytacazes;3301009
135;12;2012;Itaocara;3302106
136;12;2012;"Santo Antônio de Pádua;Aperibé";9999993
137;12;2012;Miracema;3303005
138;12;2012;Laje do Muriaé;3302304
139;12;2012;Porciúncula;3304102
140;12;2012;"Natividade;Varre-Sai";9999997
141;12;2012;São Fidélis;3304805
142;12;2012;Cambuci;3300902
143;12;2012;"Itaperuna;São José de Ubá";9999996
144;12;2012;Bom Jesus de Itabapoana;3300605
145;12;2012;São João da Barra;3305000
146;12;2012;Campos dos Goytacazes;3301009
147;12;2012;São Francisco de Itabapoana;3304755
148;12;2012;"Cardoso Moreira;Italva";9999995
151;12;2012;Nova Friburgo;3303401
152;12;2012;Duas Barras;3301603
153;12;2012;Cantagalo;3301108
154;12;2012;"Cordeiro;Macuco";9999998
155;12;2012;São Sebastião do Alto;3305307
156;12;2012;Santa Maria Madalena;3304607
157;12;2012;Trajano de Morais;3305901
158;12;2012;Bom Jardim;3300506
159;12;2012;Cachoeiras de Macacu;3300803
165;12;2012;Mangaratiba;3302601
166;12;2012;Angra dos Reis;3300100
167;12;2012;Paraty;3303807
168;12;2012;Rio Claro;3304409
1;1;2013;Rio de Janeiro;3304557
4;1;2013;Rio de Janeiro;3304557
5;1;2013;Rio de Janeiro;3304557
6;1;2013;Rio de Janeiro;3304557
7;1;2013;Rio de Janeiro;3304557
9;1;2013;Rio de Janeiro;3304557
10;1;2013;Rio de Janeiro;3304557
12;1;2013;Rio de Janeiro;3304557
13;1;2013;Rio de Janeiro;3304557
14;1;2013;Rio de Janeiro;3304557
15;1;2013;Rio de Janeiro;3304557
16;1;2013;Rio de Janeiro;3304557
17;1;2013;Rio de Janeiro;3304557
18;1;2013;Rio de Janeiro;3304557
19;1;2013;Rio de Janeiro;3304557
20;1;2013;Rio de Janeiro;3304557
21;1;2013;Rio de Janeiro;3304557
22;1;2013;Rio de Janeiro;3304557
23;1;2013;Rio de Janeiro;3304557
24;1;2013;Rio de Janeiro;3304557
25;1;2013;Rio de Janeiro;3304557
26;1;2013;Rio de Janeiro;3304557
27;1;2013;Rio de Janeiro;3304557
28;1;2013;Rio de Janeiro;3304557
29;1;2013;Rio de Janeiro;3304557
30;1;2013;Rio de Janeiro;3304557
31;1;2013;Rio de Janeiro;3304557
32;1;2013;Rio de Janeiro;3304557
33;1;2013;Rio de Janeiro;3304557
34;1;2013;Rio de Janeiro;3304557
35;1;2013;Rio de Janeiro;3304557
36;1;2013;Rio de Janeiro;3304557
37;1;2013;Rio de Janeiro;3304557
38;1;2013;Rio de Janeiro;3304557
39;1;2013;Rio de Janeiro;3304557
40;1;2013;Rio de Janeiro;3304557
41;1;2013;Rio de Janeiro;3304557
42;1;2013;Rio de Janeiro;3304557
43;1;2013;Rio de Janeiro;3304557
44;1;2013;Rio de Janeiro;3304557
48;1;2013;Seropédica;3305554
50;1;2013;Itaguaí;3302007
51;1;2013;Paracambi;3303609
52;1;2013;Nova Iguaçu;3303500
53;1;2013;Mesquita;3302858
54;1;2013;Belford Roxo;3300456
55;1;2013;Queimados;3304144
56;1;2013;Nova Iguaçu;3303500
57;1;2013;Nilópolis;3303203
58;1;2013;Nova Iguaçu;3303500
59;1;2013;Duque de Caxias;3301702
60;1;2013;Duque de Caxias;3301702
61;1;2013;Duque de Caxias;3301702
62;1;2013;Duque de Caxias;3301702
63;1;2013;Japeri;3302270
64;1;2013;São João de Meriti;3305109
65;1;2013;Magé;3302502
66;1;2013;Magé;3302502
67;1;2013;Guapimirim;3301850
70;1;2013;Tanguá;3305752
71;1;2013;Itaboraí;3301900
72;1;2013;São Gonçalo;3304904
73;1;2013;São Gonçalo;3304904
74;1;2013;São Gonçalo;3304904
75;1;2013;São Gonçalo;3304904
76;1;2013;Niterói;3303302
77;1;2013;Niterói;3303302
78;1;2013;Niterói;3303302
79;1;2013;Niterói;3303302
81;1;2013;Niterói;3303302
82;1;2013;Maricá;3302700
88;1;2013;Barra do Pirai;3300308
89;1;2013;Resende;3304201
90;1;2013;Barra Mansa;3300407
91;1;2013;Valença;3306107
92;1;2013;Rio das Flores;3304508
93;1;2013;Volta Redonda;3306305
94;1;2013;Piraí;3304003
95;1;2013;Vassouras;3306206
96;1;2013;"Miguel Pereira;Paty dos Alferes";9999999
97;1;2013;Mendes;3302809
98;1;2013;Engenheiro Paulo de Frontin;3301801
99;1;2013;Itatiaia;3302254
100;1;2013;"Porto Real;Quatis";9999992
101;1;2013;Pinheiral;3303955
104;1;2013;São José do Vale do Rio Preto;3305158
105;1;2013;Petrópolis;3303906
106;1;2013;Petrópolis;3303906
107;1;2013;Paraíba do Sul;3303708
108;1;2013;"Comendador Levy Gasparian;Areal;Três Rios";9999991
109;1;2013;Sapucaia;3305406
110;1;2013;Teresópolis;3305802
111;1;2013;Sumidouro;3305703
112;1;2013;Carmo;3301207
118;1;2013;Araruama;3300209
119;1;2013;Rio Bonito;3304300
120;1;2013;Silva Jardim;3305604
121;1;2013;Casimiro de Abreu;3301306
122;1;2013;Conceição de Macabú;3301405
123;1;2013;Macaé;3302403
124;1;2013;Saquarema;3305505
125;1;2013;São Pedro da Aldeia;3305208
126;1;2013;Cabo Frio;3300704
127;1;2013;Armação dos Búzios;3300233
128;1;2013;Rio das Ostras;3304524
129;1;2013;Iguaba Grande;3301876
130;1;2013;"Quissamã;Carapebus";9999994
132;1;2013;Arraial do Cabo;3300258
134;1;2013;Campos dos Goytacazes;3301009
135;1;2013;Itaocara;3302106
136;1;2013;"Santo Antônio de Pádua;Aperibé";9999993
137;1;2013;Miracema;3303005
138;1;2013;Laje do Muriaé;3302304
139;1;2013;Porciúncula;3304102
140;1;2013;"Natividade;Varre-Sai";9999997
141;1;2013;São Fidélis;3304805
142;1;2013;Cambuci;3300902
143;1;2013;"Itaperuna;São José de Ubá";9999996
144;1;2013;Bom Jesus de Itabapoana;3300605
145;1;2013;São João da Barra;3305000
146;1;2013;Campos dos Goytacazes;3301009
147;1;2013;São Francisco de Itabapoana;3304755
148;1;2013;"Cardoso Moreira;Italva";9999995
151;1;2013;Nova Friburgo;3303401
152;1;2013;Duas Barras;3301603
153;1;2013;Cantagalo;3301108
154;1;2013;"Cordeiro;Macuco";9999998
155;1;2013;São Sebastião do Alto;3305307
156;1;2013;Santa Maria Madalena;3304607
157;1;2013;Trajano de Morais;3305901
158;1;2013;Bom Jardim;3300506
159;1;2013;Cachoeiras de Macacu;3300803
165;1;2013;Mangaratiba;3302601
166;1;2013;Angra dos Reis;3300100
167;1;2013;Paraty;3303807
168;1;2013;Rio Claro;3304409
1;2;2013;Rio de Janeiro;3304557
4;2;2013;Rio de Janeiro;3304557
5;2;2013;Rio de Janeiro;3304557
6;2;2013;Rio de Janeiro;3304557
7;2;2013;Rio de Janeiro;3304557
9;2;2013;Rio de Janeiro;3304557
10;2;2013;Rio de Janeiro;3304557
12;2;2013;Rio de Janeiro;3304557
13;2;2013;Rio de Janeiro;3304557
14;2;2013;Rio de Janeiro;3304557
15;2;2013;Rio de Janeiro;3304557
16;2;2013;Rio de Janeiro;3304557
17;2;2013;Rio de Janeiro;3304557
18;2;2013;Rio de Janeiro;3304557
19;2;2013;Rio de Janeiro;3304557
20;2;2013;Rio de Janeiro;3304557
21;2;2013;Rio de Janeiro;3304557
22;2;2013;Rio de Janeiro;3304557
23;2;2013;Rio de Janeiro;3304557
24;2;2013;Rio de Janeiro;3304557
25;2;2013;Rio de Janeiro;3304557
26;2;2013;Rio de Janeiro;3304557
27;2;2013;Rio de Janeiro;3304557
28;2;2013;Rio de Janeiro;3304557
29;2;2013;Rio de Janeiro;3304557
30;2;2013;Rio de Janeiro;3304557
31;2;2013;Rio de Janeiro;3304557
32;2;2013;Rio de Janeiro;3304557
33;2;2013;Rio de Janeiro;3304557
34;2;2013;Rio de Janeiro;3304557
35;2;2013;Rio de Janeiro;3304557
36;2;2013;Rio de Janeiro;3304557
37;2;2013;Rio de Janeiro;3304557
38;2;2013;Rio de Janeiro;3304557
39;2;2013;Rio de Janeiro;3304557
40;2;2013;Rio de Janeiro;3304557
41;2;2013;Rio de Janeiro;3304557
42;2;2013;Rio de Janeiro;3304557
43;2;2013;Rio de Janeiro;3304557
44;2;2013;Rio de Janeiro;3304557
48;2;2013;Seropédica;3305554
50;2;2013;Itaguaí;3302007
51;2;2013;Paracambi;3303609
52;2;2013;Nova Iguaçu;3303500
53;2;2013;Mesquita;3302858
54;2;2013;Belford Roxo;3300456
55;2;2013;Queimados;3304144
56;2;2013;Nova Iguaçu;3303500
57;2;2013;Nilópolis;3303203
58;2;2013;Nova Iguaçu;3303500
59;2;2013;Duque de Caxias;3301702
60;2;2013;Duque de Caxias;3301702
61;2;2013;Duque de Caxias;3301702
62;2;2013;Duque de Caxias;3301702
63;2;2013;Japeri;3302270
64;2;2013;São João de Meriti;3305109
65;2;2013;Magé;3302502
66;2;2013;Magé;3302502
67;2;2013;Guapimirim;3301850
70;2;2013;Tanguá;3305752
71;2;2013;Itaboraí;3301900
72;2;2013;São Gonçalo;3304904
73;2;2013;São Gonçalo;3304904
74;2;2013;São Gonçalo;3304904
75;2;2013;São Gonçalo;3304904
76;2;2013;Niterói;3303302
77;2;2013;Niterói;3303302
78;2;2013;Niterói;3303302
79;2;2013;Niterói;3303302
81;2;2013;Niterói;3303302
82;2;2013;Maricá;3302700
88;2;2013;Barra do Pirai;3300308
89;2;2013;Resende;3304201
90;2;2013;Barra Mansa;3300407
91;2;2013;Valença;3306107
92;2;2013;Rio das Flores;3304508
93;2;2013;Volta Redonda;3306305
94;2;2013;Piraí;3304003
95;2;2013;Vassouras;3306206
96;2;2013;"Miguel Pereira;Paty dos Alferes";9999999
97;2;2013;Mendes;3302809
98;2;2013;Engenheiro Paulo de Frontin;3301801
99;2;2013;Itatiaia;3302254
100;2;2013;"Porto Real;Quatis";9999992
101;2;2013;Pinheiral;3303955
104;2;2013;São José do Vale do Rio Preto;3305158
105;2;2013;Petrópolis;3303906
106;2;2013;Petrópolis;3303906
107;2;2013;Paraíba do Sul;3303708
108;2;2013;"Comendador Levy Gasparian;Areal;Três Rios";9999991
109;2;2013;Sapucaia;3305406
110;2;2013;Teresópolis;3305802
111;2;2013;Sumidouro;3305703
112;2;2013;Carmo;3301207
118;2;2013;Araruama;3300209
119;2;2013;Rio Bonito;3304300
120;2;2013;Silva Jardim;3305604
121;2;2013;Casimiro de Abreu;3301306
122;2;2013;Conceição de Macabú;3301405
123;2;2013;Macaé;3302403
124;2;2013;Saquarema;3305505
125;2;2013;São Pedro da Aldeia;3305208
126;2;2013;Cabo Frio;3300704
127;2;2013;Armação dos Búzios;3300233
128;2;2013;Rio das Ostras;3304524
129;2;2013;Iguaba Grande;3301876
130;2;2013;"Quissamã;Carapebus";9999994
132;2;2013;Arraial do Cabo;3300258
134;2;2013;Campos dos Goytacazes;3301009
135;2;2013;Itaocara;3302106
136;2;2013;"Santo Antônio de Pádua;Aperibé";9999993
137;2;2013;Miracema;3303005
138;2;2013;Laje do Muriaé;3302304
139;2;2013;Porciúncula;3304102
140;2;2013;"Natividade;Varre-Sai";9999997
141;2;2013;São Fidélis;3304805
142;2;2013;Cambuci;3300902
143;2;2013;"Itaperuna;São José de Ubá";9999996
144;2;2013;Bom Jesus de Itabapoana;3300605
145;2;2013;São João da Barra;3305000
146;2;2013;Campos dos Goytacazes;3301009
147;2;2013;São Francisco de Itabapoana;3304755
148;2;2013;"Cardoso Moreira;Italva";9999995
151;2;2013;Nova Friburgo;3303401
152;2;2013;Duas Barras;3301603
153;2;2013;Cantagalo;3301108
154;2;2013;"Cordeiro;Macuco";9999998
155;2;2013;São Sebastião do Alto;3305307
156;2;2013;Santa Maria Madalena;3304607
157;2;2013;Trajano de Morais;3305901
158;2;2013;Bom Jardim;3300506
159;2;2013;Cachoeiras de Macacu;3300803
165;2;2013;Mangaratiba;3302601
166;2;2013;Angra dos Reis;3300100
167;2;2013;Paraty;3303807
168;2;2013;Rio Claro;3304409
1;3;2013;Rio de Janeiro;3304557
4;3;2013;Rio de Janeiro;3304557
5;3;2013;Rio de Janeiro;3304557
6;3;2013;Rio de Janeiro;3304557
7;3;2013;Rio de Janeiro;3304557
9;3;2013;Rio de Janeiro;3304557
10;3;2013;Rio de Janeiro;3304557
12;3;2013;Rio de Janeiro;3304557
13;3;2013;Rio de Janeiro;3304557
14;3;2013;Rio de Janeiro;3304557
15;3;2013;Rio de Janeiro;3304557
16;3;2013;Rio de Janeiro;3304557
17;3;2013;Rio de Janeiro;3304557
18;3;2013;Rio de Janeiro;3304557
19;3;2013;Rio de Janeiro;3304557
20;3;2013;Rio de Janeiro;3304557
21;3;2013;Rio de Janeiro;3304557
22;3;2013;Rio de Janeiro;3304557
23;3;2013;Rio de Janeiro;3304557
24;3;2013;Rio de Janeiro;3304557
25;3;2013;Rio de Janeiro;3304557
26;3;2013;Rio de Janeiro;3304557
27;3;2013;Rio de Janeiro;3304557
28;3;2013;Rio de Janeiro;3304557
29;3;2013;Rio de Janeiro;3304557
30;3;2013;Rio de Janeiro;3304557
31;3;2013;Rio de Janeiro;3304557
32;3;2013;Rio de Janeiro;3304557
33;3;2013;Rio de Janeiro;3304557
34;3;2013;Rio de Janeiro;3304557
35;3;2013;Rio de Janeiro;3304557
36;3;2013;Rio de Janeiro;3304557
37;3;2013;Rio de Janeiro;3304557
38;3;2013;Rio de Janeiro;3304557
39;3;2013;Rio de Janeiro;3304557
40;3;2013;Rio de Janeiro;3304557
41;3;2013;Rio de Janeiro;3304557
42;3;2013;Rio de Janeiro;3304557
43;3;2013;Rio de Janeiro;3304557
44;3;2013;Rio de Janeiro;3304557
48;3;2013;Seropédica;3305554
50;3;2013;Itaguaí;3302007
51;3;2013;Paracambi;3303609
52;3;2013;Nova Iguaçu;3303500
53;3;2013;Mesquita;3302858
54;3;2013;Belford Roxo;3300456
55;3;2013;Queimados;3304144
56;3;2013;Nova Iguaçu;3303500
57;3;2013;Nilópolis;3303203
58;3;2013;Nova Iguaçu;3303500
59;3;2013;Duque de Caxias;3301702
60;3;2013;Duque de Caxias;3301702
61;3;2013;Duque de Caxias;3301702
62;3;2013;Duque de Caxias;3301702
63;3;2013;Japeri;3302270
64;3;2013;São João de Meriti;3305109
65;3;2013;Magé;3302502
66;3;2013;Magé;3302502
67;3;2013;Guapimirim;3301850
70;3;2013;Tanguá;3305752
71;3;2013;Itaboraí;3301900
72;3;2013;São Gonçalo;3304904
73;3;2013;São Gonçalo;3304904
74;3;2013;São Gonçalo;3304904
75;3;2013;São Gonçalo;3304904
76;3;2013;Niterói;3303302
77;3;2013;Niterói;3303302
78;3;2013;Niterói;3303302
79;3;2013;Niterói;3303302
81;3;2013;Niterói;3303302
82;3;2013;Maricá;3302700
88;3;2013;Barra do Pirai;3300308
89;3;2013;Resende;3304201
90;3;2013;Barra Mansa;3300407
91;3;2013;Valença;3306107
92;3;2013;Rio das Flores;3304508
93;3;2013;Volta Redonda;3306305
94;3;2013;Piraí;3304003
95;3;2013;Vassouras;3306206
96;3;2013;"Miguel Pereira;Paty dos Alferes";9999999
97;3;2013;Mendes;3302809
98;3;2013;Engenheiro Paulo de Frontin;3301801
99;3;2013;Itatiaia;3302254
100;3;2013;"Porto Real;Quatis";9999992
101;3;2013;Pinheiral;3303955
104;3;2013;São José do Vale do Rio Preto;3305158
105;3;2013;Petrópolis;3303906
106;3;2013;Petrópolis;3303906
107;3;2013;Paraíba do Sul;3303708
108;3;2013;"Comendador Levy Gasparian;Areal;Três Rios";9999991
109;3;2013;Sapucaia;3305406
110;3;2013;Teresópolis;3305802
111;3;2013;Sumidouro;3305703
112;3;2013;Carmo;3301207
118;3;2013;Araruama;3300209
119;3;2013;Rio Bonito;3304300
120;3;2013;Silva Jardim;3305604
121;3;2013;Casimiro de Abreu;3301306
122;3;2013;Conceição de Macabú;3301405
123;3;2013;Macaé;3302403
124;3;2013;Saquarema;3305505
125;3;2013;São Pedro da Aldeia;3305208
126;3;2013;Cabo Frio;3300704
127;3;2013;Armação dos Búzios;3300233
128;3;2013;Rio das Ostras;3304524
129;3;2013;Iguaba Grande;3301876
130;3;2013;"Quissamã;Carapebus";9999994
132;3;2013;Arraial do Cabo;3300258
134;3;2013;Campos dos Goytacazes;3301009
135;3;2013;Itaocara;3302106
136;3;2013;"Santo Antônio de Pádua;Aperibé";9999993
137;3;2013;Miracema;3303005
138;3;2013;Laje do Muriaé;3302304
139;3;2013;Porciúncula;3304102
140;3;2013;"Natividade;Varre-Sai";9999997
141;3;2013;São Fidélis;3304805
142;3;2013;Cambuci;3300902
143;3;2013;"Itaperuna;São José de Ubá";9999996
144;3;2013;Bom Jesus de Itabapoana;3300605
145;3;2013;São João da Barra;3305000
146;3;2013;Campos dos Goytacazes;3301009
147;3;2013;São Francisco de Itabapoana;3304755
148;3;2013;"Cardoso Moreira;Italva";9999995
151;3;2013;Nova Friburgo;3303401
152;3;2013;Duas Barras;3301603
153;3;2013;Cantagalo;3301108
154;3;2013;"Cordeiro;Macuco";9999998
155;3;2013;São Sebastião do Alto;3305307
156;3;2013;Santa Maria Madalena;3304607
157;3;2013;Trajano de Morais;3305901
158;3;2013;Bom Jardim;3300506
159;3;2013;Cachoeiras de Macacu;3300803
165;3;2013;Mangaratiba;3302601
166;3;2013;Angra dos Reis;3300100
167;3;2013;Paraty;3303807
168;3;2013;Rio Claro;3304409
1;4;2013;Rio de Janeiro;3304557
4;4;2013;Rio de Janeiro;3304557
5;4;2013;Rio de Janeiro;3304557
6;4;2013;Rio de Janeiro;3304557
7;4;2013;Rio de Janeiro;3304557
9;4;2013;Rio de Janeiro;3304557
10;4;2013;Rio de Janeiro;3304557
12;4;2013;Rio de Janeiro;3304557
13;4;2013;Rio de Janeiro;3304557
14;4;2013;Rio de Janeiro;3304557
15;4;2013;Rio de Janeiro;3304557
16;4;2013;Rio de Janeiro;3304557
17;4;2013;Rio de Janeiro;3304557
18;4;2013;Rio de Janeiro;3304557
19;4;2013;Rio de Janeiro;3304557
20;4;2013;Rio de Janeiro;3304557
21;4;2013;Rio de Janeiro;3304557
22;4;2013;Rio de Janeiro;3304557
23;4;2013;Rio de Janeiro;3304557
24;4;2013;Rio de Janeiro;3304557
25;4;2013;Rio de Janeiro;3304557
26;4;2013;Rio de Janeiro;3304557
27;4;2013;Rio de Janeiro;3304557
28;4;2013;Rio de Janeiro;3304557
29;4;2013;Rio de Janeiro;3304557
30;4;2013;Rio de Janeiro;3304557
31;4;2013;Rio de Janeiro;3304557
32;4;2013;Rio de Janeiro;3304557
33;4;2013;Rio de Janeiro;3304557
34;4;2013;Rio de Janeiro;3304557
35;4;2013;Rio de Janeiro;3304557
36;4;2013;Rio de Janeiro;3304557
37;4;2013;Rio de Janeiro;3304557
38;4;2013;Rio de Janeiro;3304557
39;4;2013;Rio de Janeiro;3304557
40;4;2013;Rio de Janeiro;3304557
41;4;2013;Rio de Janeiro;3304557
42;4;2013;Rio de Janeiro;3304557
43;4;2013;Rio de Janeiro;3304557
44;4;2013;Rio de Janeiro;3304557
48;4;2013;Seropédica;3305554
50;4;2013;Itaguaí;3302007
51;4;2013;Paracambi;3303609
52;4;2013;Nova Iguaçu;3303500
53;4;2013;Mesquita;3302858
54;4;2013;Belford Roxo;3300456
55;4;2013;Queimados;3304144
56;4;2013;Nova Iguaçu;3303500
57;4;2013;Nilópolis;3303203
58;4;2013;Nova Iguaçu;3303500
59;4;2013;Duque de Caxias;3301702
60;4;2013;Duque de Caxias;3301702
61;4;2013;Duque de Caxias;3301702
62;4;2013;Duque de Caxias;3301702
63;4;2013;Japeri;3302270
64;4;2013;São João de Meriti;3305109
65;4;2013;Magé;3302502
66;4;2013;Magé;3302502
67;4;2013;Guapimirim;3301850
70;4;2013;Tanguá;3305752
71;4;2013;Itaboraí;3301900
72;4;2013;São Gonçalo;3304904
73;4;2013;São Gonçalo;3304904
74;4;2013;São Gonçalo;3304904
75;4;2013;São Gonçalo;3304904
76;4;2013;Niterói;3303302
77;4;2013;Niterói;3303302
78;4;2013;Niterói;3303302
79;4;2013;Niterói;3303302
81;4;2013;Niterói;3303302
82;4;2013;Maricá;3302700
88;4;2013;Barra do Pirai;3300308
89;4;2013;Resende;3304201
90;4;2013;Barra Mansa;3300407
91;4;2013;Valença;3306107
92;4;2013;Rio das Flores;3304508
93;4;2013;Volta Redonda;3306305
94;4;2013;Piraí;3304003
95;4;2013;Vassouras;3306206
96;4;2013;"Miguel Pereira;Paty dos Alferes";9999999
97;4;2013;Mendes;3302809
98;4;2013;Engenheiro Paulo de Frontin;3301801
99;4;2013;Itatiaia;3302254
100;4;2013;"Porto Real;Quatis";9999992
101;4;2013;Pinheiral;3303955
104;4;2013;São José do Vale do Rio Preto;3305158
105;4;2013;Petrópolis;3303906
106;4;2013;Petrópolis;3303906
107;4;2013;Paraíba do Sul;3303708
108;4;2013;"Comendador Levy Gasparian;Areal;Três Rios";9999991
109;4;2013;Sapucaia;3305406
110;4;2013;Teresópolis;3305802
111;4;2013;Sumidouro;3305703
112;4;2013;Carmo;3301207
118;4;2013;Araruama;3300209
119;4;2013;Rio Bonito;3304300
120;4;2013;Silva Jardim;3305604
121;4;2013;Casimiro de Abreu;3301306
122;4;2013;Conceição de Macabú;3301405
123;4;2013;Macaé;3302403
124;4;2013;Saquarema;3305505
125;4;2013;São Pedro da Aldeia;3305208
126;4;2013;Cabo Frio;3300704
127;4;2013;Armação dos Búzios;3300233
128;4;2013;Rio das Ostras;3304524
129;4;2013;Iguaba Grande;3301876
130;4;2013;"Quissamã;Carapebus";9999994
132;4;2013;Arraial do Cabo;3300258
134;4;2013;Campos dos Goytacazes;3301009
135;4;2013;Itaocara;3302106
136;4;2013;"Santo Antônio de Pádua;Aperibé";9999993
137;4;2013;Miracema;3303005
138;4;2013;Laje do Muriaé;3302304
139;4;2013;Porciúncula;3304102
140;4;2013;"Natividade;Varre-Sai";9999997
141;4;2013;São Fidélis;3304805
142;4;2013;Cambuci;3300902
143;4;2013;"Itaperuna;São José de Ubá";9999996
144;4;2013;Bom Jesus de Itabapoana;3300605
145;4;2013;São João da Barra;3305000
146;4;2013;Campos dos Goytacazes;3301009
147;4;2013;São Francisco de Itabapoana;3304755
148;4;2013;"Cardoso Moreira;Italva";9999995
151;4;2013;Nova Friburgo;3303401
152;4;2013;Duas Barras;3301603
153;4;2013;Cantagalo;3301108
154;4;2013;"Cordeiro;Macuco";9999998
155;4;2013;São Sebastião do Alto;3305307
156;4;2013;Santa Maria Madalena;3304607
157;4;2013;Trajano de Morais;3305901
158;4;2013;Bom Jardim;3300506
159;4;2013;Cachoeiras de Macacu;3300803
165;4;2013;Mangaratiba;3302601
166;4;2013;Angra dos Reis;3300100
167;4;2013;Paraty;3303807
168;4;2013;Rio Claro;3304409
1;5;2013;Rio de Janeiro;3304557
4;5;2013;Rio de Janeiro;3304557
5;5;2013;Rio de Janeiro;3304557
6;5;2013;Rio de Janeiro;3304557
7;5;2013;Rio de Janeiro;3304557
9;5;2013;Rio de Janeiro;3304557
10;5;2013;Rio de Janeiro;3304557
12;5;2013;Rio de Janeiro;3304557
13;5;2013;Rio de Janeiro;3304557
14;5;2013;Rio de Janeiro;3304557
15;5;2013;Rio de Janeiro;3304557
16;5;2013;Rio de Janeiro;3304557
17;5;2013;Rio de Janeiro;3304557
18;5;2013;Rio de Janeiro;3304557
19;5;2013;Rio de Janeiro;3304557
20;5;2013;Rio de Janeiro;3304557
21;5;2013;Rio de Janeiro;3304557
22;5;2013;Rio de Janeiro;3304557
23;5;2013;Rio de Janeiro;3304557
24;5;2013;Rio de Janeiro;3304557
25;5;2013;Rio de Janeiro;3304557
26;5;2013;Rio de Janeiro;3304557
27;5;2013;Rio de Janeiro;3304557
28;5;2013;Rio de Janeiro;3304557
29;5;2013;Rio de Janeiro;3304557
30;5;2013;Rio de Janeiro;3304557
31;5;2013;Rio de Janeiro;3304557
32;5;2013;Rio de Janeiro;3304557
33;5;2013;Rio de Janeiro;3304557
34;5;2013;Rio de Janeiro;3304557
35;5;2013;Rio de Janeiro;3304557
36;5;2013;Rio de Janeiro;3304557
37;5;2013;Rio de Janeiro;3304557
38;5;2013;Rio de Janeiro;3304557
39;5;2013;Rio de Janeiro;3304557
40;5;2013;Rio de Janeiro;3304557
41;5;2013;Rio de Janeiro;3304557
42;5;2013;Rio de Janeiro;3304557
43;5;2013;Rio de Janeiro;3304557
44;5;2013;Rio de Janeiro;3304557
48;5;2013;Seropédica;3305554
50;5;2013;Itaguaí;3302007
51;5;2013;Paracambi;3303609
52;5;2013;Nova Iguaçu;3303500
53;5;2013;Mesquita;3302858
54;5;2013;Belford Roxo;3300456
55;5;2013;Queimados;3304144
56;5;2013;Nova Iguaçu;3303500
57;5;2013;Nilópolis;3303203
58;5;2013;Nova Iguaçu;3303500
59;5;2013;Duque de Caxias;3301702
60;5;2013;Duque de Caxias;3301702
61;5;2013;Duque de Caxias;3301702
62;5;2013;Duque de Caxias;3301702
63;5;2013;Japeri;3302270
64;5;2013;São João de Meriti;3305109
65;5;2013;Magé;3302502
66;5;2013;Magé;3302502
67;5;2013;Guapimirim;3301850
70;5;2013;Tanguá;3305752
71;5;2013;Itaboraí;3301900
72;5;2013;São Gonçalo;3304904
73;5;2013;São Gonçalo;3304904
74;5;2013;São Gonçalo;3304904
75;5;2013;São Gonçalo;3304904
76;5;2013;Niterói;3303302
77;5;2013;Niterói;3303302
78;5;2013;Niterói;3303302
79;5;2013;Niterói;3303302
81;5;2013;Niterói;3303302
82;5;2013;Maricá;3302700
88;5;2013;Barra do Pirai;3300308
89;5;2013;Resende;3304201
90;5;2013;Barra Mansa;3300407
91;5;2013;Valença;3306107
92;5;2013;Rio das Flores;3304508
93;5;2013;Volta Redonda;3306305
94;5;2013;Piraí;3304003
95;5;2013;Vassouras;3306206
96;5;2013;"Miguel Pereira;Paty dos Alferes";9999999
97;5;2013;Mendes;3302809
98;5;2013;Engenheiro Paulo de Frontin;3301801
99;5;2013;Itatiaia;3302254
100;5;2013;"Porto Real;Quatis";9999992
101;5;2013;Pinheiral;3303955
104;5;2013;São José do Vale do Rio Preto;3305158
105;5;2013;Petrópolis;3303906
106;5;2013;Petrópolis;3303906
107;5;2013;Paraíba do Sul;3303708
108;5;2013;"Comendador Levy Gasparian;Areal;Três Rios";9999991
109;5;2013;Sapucaia;3305406
110;5;2013;Teresópolis;3305802
111;5;2013;Sumidouro;3305703
112;5;2013;Carmo;3301207
118;5;2013;Araruama;3300209
119;5;2013;Rio Bonito;3304300
120;5;2013;Silva Jardim;3305604
121;5;2013;Casimiro de Abreu;3301306
122;5;2013;Conceição de Macabú;3301405
123;5;2013;Macaé;3302403
124;5;2013;Saquarema;3305505
125;5;2013;São Pedro da Aldeia;3305208
126;5;2013;Cabo Frio;3300704
127;5;2013;Armação dos Búzios;3300233
128;5;2013;Rio das Ostras;3304524
129;5;2013;Iguaba Grande;3301876
130;5;2013;"Quissamã;Carapebus";9999994
132;5;2013;Arraial do Cabo;3300258
134;5;2013;Campos dos Goytacazes;3301009
135;5;2013;Itaocara;3302106
136;5;2013;"Santo Antônio de Pádua;Aperibé";9999993
137;5;2013;Miracema;3303005
138;5;2013;Laje do Muriaé;3302304
139;5;2013;Porciúncula;3304102
140;5;2013;"Natividade;Varre-Sai";9999997
141;5;2013;São Fidélis;3304805
142;5;2013;Cambuci;3300902
143;5;2013;"Itaperuna;São José de Ubá";9999996
144;5;2013;Bom Jesus de Itabapoana;3300605
145;5;2013;São João da Barra;3305000
146;5;2013;Campos dos Goytacazes;3301009
147;5;2013;São Francisco de Itabapoana;3304755
148;5;2013;"Cardoso Moreira;Italva";9999995
151;5;2013;Nova Friburgo;3303401
152;5;2013;Duas Barras;3301603
153;5;2013;Cantagalo;3301108
154;5;2013;"Cordeiro;Macuco";9999998
155;5;2013;São Sebastião do Alto;3305307
156;5;2013;Santa Maria Madalena;3304607
157;5;2013;Trajano de Morais;3305901
158;5;2013;Bom Jardim;3300506
159;5;2013;Cachoeiras de Macacu;3300803
165;5;2013;Mangaratiba;3302601
166;5;2013;Angra dos Reis;3300100
167;5;2013;Paraty;3303807
168;5;2013;Rio Claro;3304409
1;6;2013;Rio de Janeiro;3304557
4;6;2013;Rio de Janeiro;3304557
5;6;2013;Rio de Janeiro;3304557
6;6;2013;Rio de Janeiro;3304557
7;6;2013;Rio de Janeiro;3304557
9;6;2013;Rio de Janeiro;3304557
10;6;2013;Rio de Janeiro;3304557
12;6;2013;Rio de Janeiro;3304557
13;6;2013;Rio de Janeiro;3304557
14;6;2013;Rio de Janeiro;3304557
15;6;2013;Rio de Janeiro;3304557
16;6;2013;Rio de Janeiro;3304557
17;6;2013;Rio de Janeiro;3304557
18;6;2013;Rio de Janeiro;3304557
19;6;2013;Rio de Janeiro;3304557
20;6;2013;Rio de Janeiro;3304557
21;6;2013;Rio de Janeiro;3304557
22;6;2013;Rio de Janeiro;3304557
23;6;2013;Rio de Janeiro;3304557
24;6;2013;Rio de Janeiro;3304557
25;6;2013;Rio de Janeiro;3304557
26;6;2013;Rio de Janeiro;3304557
27;6;2013;Rio de Janeiro;3304557
28;6;2013;Rio de Janeiro;3304557
29;6;2013;Rio de Janeiro;3304557
30;6;2013;Rio de Janeiro;3304557
31;6;2013;Rio de Janeiro;3304557
32;6;2013;Rio de Janeiro;3304557
33;6;2013;Rio de Janeiro;3304557
34;6;2013;Rio de Janeiro;3304557
35;6;2013;Rio de Janeiro;3304557
36;6;2013;Rio de Janeiro;3304557
37;6;2013;Rio de Janeiro;3304557
38;6;2013;Rio de Janeiro;3304557
39;6;2013;Rio de Janeiro;3304557
40;6;2013;Rio de Janeiro;3304557
41;6;2013;Rio de Janeiro;3304557
42;6;2013;Rio de Janeiro;3304557
43;6;2013;Rio de Janeiro;3304557
44;6;2013;Rio de Janeiro;3304557
48;6;2013;Seropédica;3305554
50;6;2013;Itaguaí;3302007
51;6;2013;Paracambi;3303609
52;6;2013;Nova Iguaçu;3303500
53;6;2013;Mesquita;3302858
54;6;2013;Belford Roxo;3300456
55;6;2013;Queimados;3304144
56;6;2013;Nova Iguaçu;3303500
57;6;2013;Nilópolis;3303203
58;6;2013;Nova Iguaçu;3303500
59;6;2013;Duque de Caxias;3301702
60;6;2013;Duque de Caxias;3301702
61;6;2013;Duque de Caxias;3301702
62;6;2013;Duque de Caxias;3301702
63;6;2013;Japeri;3302270
64;6;2013;São João de Meriti;3305109
65;6;2013;Magé;3302502
66;6;2013;Magé;3302502
67;6;2013;Guapimirim;3301850
70;6;2013;Tanguá;3305752
71;6;2013;Itaboraí;3301900
72;6;2013;São Gonçalo;3304904
73;6;2013;São Gonçalo;3304904
74;6;2013;São Gonçalo;3304904
75;6;2013;São Gonçalo;3304904
76;6;2013;Niterói;3303302
77;6;2013;Niterói;3303302
78;6;2013;Niterói;3303302
79;6;2013;Niterói;3303302
81;6;2013;Niterói;3303302
82;6;2013;Maricá;3302700
88;6;2013;Barra do Pirai;3300308
89;6;2013;Resende;3304201
90;6;2013;Barra Mansa;3300407
91;6;2013;Valença;3306107
92;6;2013;Rio das Flores;3304508
93;6;2013;Volta Redonda;3306305
94;6;2013;Piraí;3304003
95;6;2013;Vassouras;3306206
96;6;2013;"Miguel Pereira;Paty dos Alferes";9999999
97;6;2013;Mendes;3302809
98;6;2013;Engenheiro Paulo de Frontin;3301801
99;6;2013;Itatiaia;3302254
100;6;2013;"Porto Real;Quatis";9999992
101;6;2013;Pinheiral;3303955
104;6;2013;São José do Vale do Rio Preto;3305158
105;6;2013;Petrópolis;3303906
106;6;2013;Petrópolis;3303906
107;6;2013;Paraíba do Sul;3303708
108;6;2013;"Comendador Levy Gasparian;Areal;Três Rios";9999991
109;6;2013;Sapucaia;3305406
110;6;2013;Teresópolis;3305802
111;6;2013;Sumidouro;3305703
112;6;2013;Carmo;3301207
118;6;2013;Araruama;3300209
119;6;2013;Rio Bonito;3304300
120;6;2013;Silva Jardim;3305604
121;6;2013;Casimiro de Abreu;3301306
122;6;2013;Conceição de Macabú;3301405
123;6;2013;Macaé;3302403
124;6;2013;Saquarema;3305505
125;6;2013;São Pedro da Aldeia;3305208
126;6;2013;Cabo Frio;3300704
127;6;2013;Armação dos Búzios;3300233
128;6;2013;Rio das Ostras;3304524
129;6;2013;Iguaba Grande;3301876
130;6;2013;"Quissamã;Carapebus";9999994
132;6;2013;Arraial do Cabo;3300258
134;6;2013;Campos dos Goytacazes;3301009
135;6;2013;Itaocara;3302106
136;6;2013;"Santo Antônio de Pádua;Aperibé";9999993
137;6;2013;Miracema;3303005
138;6;2013;Laje do Muriaé;3302304
139;6;2013;Porciúncula;3304102
140;6;2013;"Natividade;Varre-Sai";9999997
141;6;2013;São Fidélis;3304805
142;6;2013;Cambuci;3300902
143;6;2013;"Itaperuna;São José de Ubá";9999996
144;6;2013;Bom Jesus de Itabapoana;3300605
145;6;2013;São João da Barra;3305000
146;6;2013;Campos dos Goytacazes;3301009
147;6;2013;São Francisco de Itabapoana;3304755
148;6;2013;"Cardoso Moreira;Italva";9999995
151;6;2013;Nova Friburgo;3303401
152;6;2013;Duas Barras;3301603
153;6;2013;Cantagalo;3301108
154;6;2013;"Cordeiro;Macuco";9999998
155;6;2013;São Sebastião do Alto;3305307
156;6;2013;Santa Maria Madalena;3304607
157;6;2013;Trajano de Morais;3305901
158;6;2013;Bom Jardim;3300506
159;6;2013;Cachoeiras de Macacu;3300803
165;6;2013;Mangaratiba;3302601
166;6;2013;Angra dos Reis;3300100
167;6;2013;Paraty;3303807
168;6;2013;Rio Claro;3304409
1;7;2013;Rio de Janeiro;3304557
4;7;2013;Rio de Janeiro;3304557
5;7;2013;Rio de Janeiro;3304557
6;7;2013;Rio de Janeiro;3304557
7;7;2013;Rio de Janeiro;3304557
9;7;2013;Rio de Janeiro;3304557
10;7;2013;Rio de Janeiro;3304557
12;7;2013;Rio de Janeiro;3304557
13;7;2013;Rio de Janeiro;3304557
14;7;2013;Rio de Janeiro;3304557
15;7;2013;Rio de Janeiro;3304557
16;7;2013;Rio de Janeiro;3304557
17;7;2013;Rio de Janeiro;3304557
18;7;2013;Rio de Janeiro;3304557
19;7;2013;Rio de Janeiro;3304557
20;7;2013;Rio de Janeiro;3304557
21;7;2013;Rio de Janeiro;3304557
22;7;2013;Rio de Janeiro;3304557
23;7;2013;Rio de Janeiro;3304557
24;7;2013;Rio de Janeiro;3304557
25;7;2013;Rio de Janeiro;3304557
26;7;2013;Rio de Janeiro;3304557
27;7;2013;Rio de Janeiro;3304557
28;7;2013;Rio de Janeiro;3304557
29;7;2013;Rio de Janeiro;3304557
30;7;2013;Rio de Janeiro;3304557
31;7;2013;Rio de Janeiro;3304557
32;7;2013;Rio de Janeiro;3304557
33;7;2013;Rio de Janeiro;3304557
34;7;2013;Rio de Janeiro;3304557
35;7;2013;Rio de Janeiro;3304557
36;7;2013;Rio de Janeiro;3304557
37;7;2013;Rio de Janeiro;3304557
38;7;2013;Rio de Janeiro;3304557
39;7;2013;Rio de Janeiro;3304557
40;7;2013;Rio de Janeiro;3304557
41;7;2013;Rio de Janeiro;3304557
42;7;2013;Rio de Janeiro;3304557
43;7;2013;Rio de Janeiro;3304557
44;7;2013;Rio de Janeiro;3304557
48;7;2013;Seropédica;3305554
50;7;2013;Itaguaí;3302007
51;7;2013;Paracambi;3303609
52;7;2013;Nova Iguaçu;3303500
53;7;2013;Mesquita;3302858
54;7;2013;Belford Roxo;3300456
55;7;2013;Queimados;3304144
56;7;2013;Nova Iguaçu;3303500
57;7;2013;Nilópolis;3303203
58;7;2013;Nova Iguaçu;3303500
59;7;2013;Duque de Caxias;3301702
60;7;2013;Duque de Caxias;3301702
61;7;2013;Duque de Caxias;3301702
62;7;2013;Duque de Caxias;3301702
63;7;2013;Japeri;3302270
64;7;2013;São João de Meriti;3305109
65;7;2013;Magé;3302502
66;7;2013;Magé;3302502
67;7;2013;Guapimirim;3301850
70;7;2013;Tanguá;3305752
71;7;2013;Itaboraí;3301900
72;7;2013;São Gonçalo;3304904
73;7;2013;São Gonçalo;3304904
74;7;2013;São Gonçalo;3304904
75;7;2013;São Gonçalo;3304904
76;7;2013;Niterói;3303302
77;7;2013;Niterói;3303302
78;7;2013;Niterói;3303302
79;7;2013;Niterói;3303302
81;7;2013;Niterói;3303302
82;7;2013;Maricá;3302700
88;7;2013;Barra do Pirai;3300308
89;7;2013;Resende;3304201
90;7;2013;Barra Mansa;3300407
91;7;2013;Valença;3306107
92;7;2013;Rio das Flores;3304508
93;7;2013;Volta Redonda;3306305
94;7;2013;Piraí;3304003
95;7;2013;Vassouras;3306206
96;7;2013;"Miguel Pereira;Paty dos Alferes";9999999
97;7;2013;Mendes;3302809
98;7;2013;Engenheiro Paulo de Frontin;3301801
99;7;2013;Itatiaia;3302254
100;7;2013;"Porto Real;Quatis";9999992
101;7;2013;Pinheiral;3303955
104;7;2013;São José do Vale do Rio Preto;3305158
105;7;2013;Petrópolis;3303906
106;7;2013;Petrópolis;3303906
107;7;2013;Paraíba do Sul;3303708
108;7;2013;"Comendador Levy Gasparian;Areal;Três Rios";9999991
109;7;2013;Sapucaia;3305406
110;7;2013;Teresópolis;3305802
111;7;2013;Sumidouro;3305703
112;7;2013;Carmo;3301207
118;7;2013;Araruama;3300209
119;7;2013;Rio Bonito;3304300
120;7;2013;Silva Jardim;3305604
121;7;2013;Casimiro de Abreu;3301306
122;7;2013;Conceição de Macabú;3301405
123;7;2013;Macaé;3302403
124;7;2013;Saquarema;3305505
125;7;2013;São Pedro da Aldeia;3305208
126;7;2013;Cabo Frio;3300704
127;7;2013;Armação dos Búzios;3300233
128;7;2013;Rio das Ostras;3304524
129;7;2013;Iguaba Grande;3301876
130;7;2013;"Quissamã;Carapebus";9999994
132;7;2013;Arraial do Cabo;3300258
134;7;2013;Campos dos Goytacazes;3301009
135;7;2013;Itaocara;3302106
136;7;2013;"Santo Antônio de Pádua;Aperibé";9999993
137;7;2013;Miracema;3303005
138;7;2013;Laje do Muriaé;3302304
139;7;2013;Porciúncula;3304102
140;7;2013;"Natividade;Varre-Sai";9999997
141;7;2013;São Fidélis;3304805
142;7;2013;Cambuci;3300902
143;7;2013;"Itaperuna;São José de Ubá";9999996
144;7;2013;Bom Jesus de Itabapoana;3300605
145;7;2013;São João da Barra;3305000
146;7;2013;Campos dos Goytacazes;3301009
147;7;2013;São Francisco de Itabapoana;3304755
148;7;2013;"Cardoso Moreira;Italva";9999995
151;7;2013;Nova Friburgo;3303401
152;7;2013;Duas Barras;3301603
153;7;2013;Cantagalo;3301108
154;7;2013;"Cordeiro;Macuco";9999998
155;7;2013;São Sebastião do Alto;3305307
156;7;2013;Santa Maria Madalena;3304607
157;7;2013;Trajano de Morais;3305901
158;7;2013;Bom Jardim;3300506
159;7;2013;Cachoeiras de Macacu;3300803
165;7;2013;Mangaratiba;3302601
166;7;2013;Angra dos Reis;3300100
167;7;2013;Paraty;3303807
168;7;2013;Rio Claro;3304409
1;8;2013;Rio de Janeiro;3304557
4;8;2013;Rio de Janeiro;3304557
5;8;2013;Rio de Janeiro;3304557
6;8;2013;Rio de Janeiro;3304557
7;8;2013;Rio de Janeiro;3304557
9;8;2013;Rio de Janeiro;3304557
10;8;2013;Rio de Janeiro;3304557
12;8;2013;Rio de Janeiro;3304557
13;8;2013;Rio de Janeiro;3304557
14;8;2013;Rio de Janeiro;3304557
15;8;2013;Rio de Janeiro;3304557
16;8;2013;Rio de Janeiro;3304557
17;8;2013;Rio de Janeiro;3304557
18;8;2013;Rio de Janeiro;3304557
19;8;2013;Rio de Janeiro;3304557
20;8;2013;Rio de Janeiro;3304557
21;8;2013;Rio de Janeiro;3304557
22;8;2013;Rio de Janeiro;3304557
23;8;2013;Rio de Janeiro;3304557
24;8;2013;Rio de Janeiro;3304557
25;8;2013;Rio de Janeiro;3304557
26;8;2013;Rio de Janeiro;3304557
27;8;2013;Rio de Janeiro;3304557
28;8;2013;Rio de Janeiro;3304557
29;8;2013;Rio de Janeiro;3304557
30;8;2013;Rio de Janeiro;3304557
31;8;2013;Rio de Janeiro;3304557
32;8;2013;Rio de Janeiro;3304557
33;8;2013;Rio de Janeiro;3304557
34;8;2013;Rio de Janeiro;3304557
35;8;2013;Rio de Janeiro;3304557
36;8;2013;Rio de Janeiro;3304557
37;8;2013;Rio de Janeiro;3304557
38;8;2013;Rio de Janeiro;3304557
39;8;2013;Rio de Janeiro;3304557
40;8;2013;Rio de Janeiro;3304557
41;8;2013;Rio de Janeiro;3304557
42;8;2013;Rio de Janeiro;3304557
43;8;2013;Rio de Janeiro;3304557
44;8;2013;Rio de Janeiro;3304557
48;8;2013;Seropédica;3305554
50;8;2013;Itaguaí;3302007
51;8;2013;Paracambi;3303609
52;8;2013;Nova Iguaçu;3303500
53;8;2013;Mesquita;3302858
54;8;2013;Belford Roxo;3300456
55;8;2013;Queimados;3304144
56;8;2013;Nova Iguaçu;3303500
57;8;2013;Nilópolis;3303203
58;8;2013;Nova Iguaçu;3303500
59;8;2013;Duque de Caxias;3301702
60;8;2013;Duque de Caxias;3301702
61;8;2013;Duque de Caxias;3301702
62;8;2013;Duque de Caxias;3301702
63;8;2013;Japeri;3302270
64;8;2013;São João de Meriti;3305109
65;8;2013;Magé;3302502
66;8;2013;Magé;3302502
67;8;2013;Guapimirim;3301850
70;8;2013;Tanguá;3305752
71;8;2013;Itaboraí;3301900
72;8;2013;São Gonçalo;3304904
73;8;2013;São Gonçalo;3304904
74;8;2013;São Gonçalo;3304904
75;8;2013;São Gonçalo;3304904
76;8;2013;Niterói;3303302
77;8;2013;Niterói;3303302
78;8;2013;Niterói;3303302
79;8;2013;Niterói;3303302
81;8;2013;Niterói;3303302
82;8;2013;Maricá;3302700
88;8;2013;Barra do Pirai;3300308
89;8;2013;Resende;3304201
90;8;2013;Barra Mansa;3300407
91;8;2013;Valença;3306107
92;8;2013;Rio das Flores;3304508
93;8;2013;Volta Redonda;3306305
94;8;2013;Piraí;3304003
95;8;2013;Vassouras;3306206
96;8;2013;"Miguel Pereira;Paty dos Alferes";9999999
97;8;2013;Mendes;3302809
98;8;2013;Engenheiro Paulo de Frontin;3301801
99;8;2013;Itatiaia;3302254
100;8;2013;"Porto Real;Quatis";9999992
101;8;2013;Pinheiral;3303955
104;8;2013;São José do Vale do Rio Preto;3305158
105;8;2013;Petrópolis;3303906
106;8;2013;Petrópolis;3303906
107;8;2013;Paraíba do Sul;3303708
108;8;2013;"Comendador Levy Gasparian;Areal;Três Rios";9999991
109;8;2013;Sapucaia;3305406
110;8;2013;Teresópolis;3305802
111;8;2013;Sumidouro;3305703
112;8;2013;Carmo;3301207
118;8;2013;Araruama;3300209
119;8;2013;Rio Bonito;3304300
120;8;2013;Silva Jardim;3305604
121;8;2013;Casimiro de Abreu;3301306
122;8;2013;Conceição de Macabú;3301405
123;8;2013;Macaé;3302403
124;8;2013;Saquarema;3305505
125;8;2013;São Pedro da Aldeia;3305208
126;8;2013;Cabo Frio;3300704
127;8;2013;Armação dos Búzios;3300233
128;8;2013;Rio das Ostras;3304524
129;8;2013;Iguaba Grande;3301876
130;8;2013;"Quissamã;Carapebus";9999994
132;8;2013;Arraial do Cabo;3300258
134;8;2013;Campos dos Goytacazes;3301009
135;8;2013;Itaocara;3302106
136;8;2013;"Santo Antônio de Pádua;Aperibé";9999993
137;8;2013;Miracema;3303005
138;8;2013;Laje do Muriaé;3302304
139;8;2013;Porciúncula;3304102
140;8;2013;"Natividade;Varre-Sai";9999997
141;8;2013;São Fidélis;3304805
142;8;2013;Cambuci;3300902
143;8;2013;"Itaperuna;São José de Ubá";9999996
144;8;2013;Bom Jesus de Itabapoana;3300605
145;8;2013;São João da Barra;3305000
146;8;2013;Campos dos Goytacazes;3301009
147;8;2013;São Francisco de Itabapoana;3304755
148;8;2013;"Cardoso Moreira;Italva";9999995
151;8;2013;Nova Friburgo;3303401
152;8;2013;Duas Barras;3301603
153;8;2013;Cantagalo;3301108
154;8;2013;"Cordeiro;Macuco";9999998
155;8;2013;São Sebastião do Alto;3305307
156;8;2013;Santa Maria Madalena;3304607
157;8;2013;Trajano de Morais;3305901
158;8;2013;Bom Jardim;3300506
159;8;2013;Cachoeiras de Macacu;3300803
165;8;2013;Mangaratiba;3302601
166;8;2013;Angra dos Reis;3300100
167;8;2013;Paraty;3303807
168;8;2013;Rio Claro;3304409
1;9;2013;Rio de Janeiro;3304557
4;9;2013;Rio de Janeiro;3304557
5;9;2013;Rio de Janeiro;3304557
6;9;2013;Rio de Janeiro;3304557
7;9;2013;Rio de Janeiro;3304557
9;9;2013;Rio de Janeiro;3304557
10;9;2013;Rio de Janeiro;3304557
12;9;2013;Rio de Janeiro;3304557
13;9;2013;Rio de Janeiro;3304557
14;9;2013;Rio de Janeiro;3304557
15;9;2013;Rio de Janeiro;3304557
16;9;2013;Rio de Janeiro;3304557
17;9;2013;Rio de Janeiro;3304557
18;9;2013;Rio de Janeiro;3304557
19;9;2013;Rio de Janeiro;3304557
20;9;2013;Rio de Janeiro;3304557
21;9;2013;Rio de Janeiro;3304557
22;9;2013;Rio de Janeiro;3304557
23;9;2013;Rio de Janeiro;3304557
24;9;2013;Rio de Janeiro;3304557
25;9;2013;Rio de Janeiro;3304557
26;9;2013;Rio de Janeiro;3304557
27;9;2013;Rio de Janeiro;3304557
28;9;2013;Rio de Janeiro;3304557
29;9;2013;Rio de Janeiro;3304557
30;9;2013;Rio de Janeiro;3304557
31;9;2013;Rio de Janeiro;3304557
32;9;2013;Rio de Janeiro;3304557
33;9;2013;Rio de Janeiro;3304557
34;9;2013;Rio de Janeiro;3304557
35;9;2013;Rio de Janeiro;3304557
36;9;2013;Rio de Janeiro;3304557
37;9;2013;Rio de Janeiro;3304557
38;9;2013;Rio de Janeiro;3304557
39;9;2013;Rio de Janeiro;3304557
40;9;2013;Rio de Janeiro;3304557
41;9;2013;Rio de Janeiro;3304557
42;9;2013;Rio de Janeiro;3304557
43;9;2013;Rio de Janeiro;3304557
44;9;2013;Rio de Janeiro;3304557
48;9;2013;Seropédica;3305554
50;9;2013;Itaguaí;3302007
51;9;2013;Paracambi;3303609
52;9;2013;Nova Iguaçu;3303500
53;9;2013;Mesquita;3302858
54;9;2013;Belford Roxo;3300456
55;9;2013;Queimados;3304144
56;9;2013;Nova Iguaçu;3303500
57;9;2013;Nilópolis;3303203
58;9;2013;Nova Iguaçu;3303500
59;9;2013;Duque de Caxias;3301702
60;9;2013;Duque de Caxias;3301702
61;9;2013;Duque de Caxias;3301702
62;9;2013;Duque de Caxias;3301702
63;9;2013;Japeri;3302270
64;9;2013;São João de Meriti;3305109
65;9;2013;Magé;3302502
66;9;2013;Magé;3302502
67;9;2013;Guapimirim;3301850
70;9;2013;Tanguá;3305752
71;9;2013;Itaboraí;3301900
72;9;2013;São Gonçalo;3304904
73;9;2013;São Gonçalo;3304904
74;9;2013;São Gonçalo;3304904
75;9;2013;São Gonçalo;3304904
76;9;2013;Niterói;3303302
77;9;2013;Niterói;3303302
78;9;2013;Niterói;3303302
79;9;2013;Niterói;3303302
81;9;2013;Niterói;3303302
82;9;2013;Maricá;3302700
88;9;2013;Barra do Pirai;3300308
89;9;2013;Resende;3304201
90;9;2013;Barra Mansa;3300407
91;9;2013;Valença;3306107
92;9;2013;Rio das Flores;3304508
93;9;2013;Volta Redonda;3306305
94;9;2013;Piraí;3304003
95;9;2013;Vassouras;3306206
96;9;2013;"Miguel Pereira;Paty dos Alferes";9999999
97;9;2013;Mendes;3302809
98;9;2013;Engenheiro Paulo de Frontin;3301801
99;9;2013;Itatiaia;3302254
100;9;2013;"Porto Real;Quatis";9999992
101;9;2013;Pinheiral;3303955
104;9;2013;São José do Vale do Rio Preto;3305158
105;9;2013;Petrópolis;3303906
106;9;2013;Petrópolis;3303906
107;9;2013;Paraíba do Sul;3303708
108;9;2013;"Comendador Levy Gasparian;Areal;Três Rios";9999991
109;9;2013;Sapucaia;3305406
110;9;2013;Teresópolis;3305802
111;9;2013;Sumidouro;3305703
112;9;2013;Carmo;3301207
118;9;2013;Araruama;3300209
119;9;2013;Rio Bonito;3304300
120;9;2013;Silva Jardim;3305604
121;9;2013;Casimiro de Abreu;3301306
122;9;2013;Conceição de Macabú;3301405
123;9;2013;Macaé;3302403
124;9;2013;Saquarema;3305505
125;9;2013;São Pedro da Aldeia;3305208
126;9;2013;Cabo Frio;3300704
127;9;2013;Armação dos Búzios;3300233
128;9;2013;Rio das Ostras;3304524
129;9;2013;Iguaba Grande;3301876
130;9;2013;"Quissamã;Carapebus";9999994
132;9;2013;Arraial do Cabo;3300258
134;9;2013;Campos dos Goytacazes;3301009
135;9;2013;Itaocara;3302106
136;9;2013;"Santo Antônio de Pádua;Aperibé";9999993
137;9;2013;Miracema;3303005
138;9;2013;Laje do Muriaé;3302304
139;9;2013;Porciúncula;3304102
140;9;2013;"Natividade;Varre-Sai";9999997
141;9;2013;São Fidélis;3304805
142;9;2013;Cambuci;3300902
143;9;2013;"Itaperuna;São José de Ubá";9999996
144;9;2013;Bom Jesus de Itabapoana;3300605
145;9;2013;São João da Barra;3305000
146;9;2013;Campos dos Goytacazes;3301009
147;9;2013;São Francisco de Itabapoana;3304755
148;9;2013;"Cardoso Moreira;Italva";9999995
151;9;2013;Nova Friburgo;3303401
152;9;2013;Duas Barras;3301603
153;9;2013;Cantagalo;3301108
154;9;2013;"Cordeiro;Macuco";9999998
155;9;2013;São Sebastião do Alto;3305307
156;9;2013;Santa Maria Madalena;3304607
157;9;2013;Trajano de Morais;3305901
158;9;2013;Bom Jardim;3300506
159;9;2013;Cachoeiras de Macacu;3300803
165;9;2013;Mangaratiba;3302601
166;9;2013;Angra dos Reis;3300100
167;9;2013;Paraty;3303807
168;9;2013;Rio Claro;3304409
1;10;2013;Rio de Janeiro;3304557
4;10;2013;Rio de Janeiro;3304557
5;10;2013;Rio de Janeiro;3304557
6;10;2013;Rio de Janeiro;3304557
7;10;2013;Rio de Janeiro;3304557
9;10;2013;Rio de Janeiro;3304557
10;10;2013;Rio de Janeiro;3304557
12;10;2013;Rio de Janeiro;3304557
13;10;2013;Rio de Janeiro;3304557
14;10;2013;Rio de Janeiro;3304557
15;10;2013;Rio de Janeiro;3304557
16;10;2013;Rio de Janeiro;3304557
17;10;2013;Rio de Janeiro;3304557
18;10;2013;Rio de Janeiro;3304557
19;10;2013;Rio de Janeiro;3304557
20;10;2013;Rio de Janeiro;3304557
21;10;2013;Rio de Janeiro;3304557
22;10;2013;Rio de Janeiro;3304557
23;10;2013;Rio de Janeiro;3304557
24;10;2013;Rio de Janeiro;3304557
25;10;2013;Rio de Janeiro;3304557
26;10;2013;Rio de Janeiro;3304557
27;10;2013;Rio de Janeiro;3304557
28;10;2013;Rio de Janeiro;3304557
29;10;2013;Rio de Janeiro;3304557
30;10;2013;Rio de Janeiro;3304557
31;10;2013;Rio de Janeiro;3304557
32;10;2013;Rio de Janeiro;3304557
33;10;2013;Rio de Janeiro;3304557
34;10;2013;Rio de Janeiro;3304557
35;10;2013;Rio de Janeiro;3304557
36;10;2013;Rio de Janeiro;3304557
37;10;2013;Rio de Janeiro;3304557
38;10;2013;Rio de Janeiro;3304557
39;10;2013;Rio de Janeiro;3304557
40;10;2013;Rio de Janeiro;3304557
41;10;2013;Rio de Janeiro;3304557
42;10;2013;Rio de Janeiro;3304557
43;10;2013;Rio de Janeiro;3304557
44;10;2013;Rio de Janeiro;3304557
48;10;2013;Seropédica;3305554
50;10;2013;Itaguaí;3302007
51;10;2013;Paracambi;3303609
52;10;2013;Nova Iguaçu;3303500
53;10;2013;Mesquita;3302858
54;10;2013;Belford Roxo;3300456
55;10;2013;Queimados;3304144
56;10;2013;Nova Iguaçu;3303500
57;10;2013;Nilópolis;3303203
58;10;2013;Nova Iguaçu;3303500
59;10;2013;Duque de Caxias;3301702
60;10;2013;Duque de Caxias;3301702
61;10;2013;Duque de Caxias;3301702
62;10;2013;Duque de Caxias;3301702
63;10;2013;Japeri;3302270
64;10;2013;São João de Meriti;3305109
65;10;2013;Magé;3302502
66;10;2013;Magé;3302502
67;10;2013;Guapimirim;3301850
70;10;2013;Tanguá;3305752
71;10;2013;Itaboraí;3301900
72;10;2013;São Gonçalo;3304904
73;10;2013;São Gonçalo;3304904
74;10;2013;São Gonçalo;3304904
75;10;2013;São Gonçalo;3304904
76;10;2013;Niterói;3303302
77;10;2013;Niterói;3303302
78;10;2013;Niterói;3303302
79;10;2013;Niterói;3303302
81;10;2013;Niterói;3303302
82;10;2013;Maricá;3302700
88;10;2013;Barra do Pirai;3300308
89;10;2013;Resende;3304201
90;10;2013;Barra Mansa;3300407
91;10;2013;Valença;3306107
92;10;2013;Rio das Flores;3304508
93;10;2013;Volta Redonda;3306305
94;10;2013;Piraí;3304003
95;10;2013;Vassouras;3306206
96;10;2013;"Miguel Pereira;Paty dos Alferes";9999999
97;10;2013;Mendes;3302809
98;10;2013;Engenheiro Paulo de Frontin;3301801
99;10;2013;Itatiaia;3302254
100;10;2013;"Porto Real;Quatis";9999992
101;10;2013;Pinheiral;3303955
104;10;2013;São José do Vale do Rio Preto;3305158
105;10;2013;Petrópolis;3303906
106;10;2013;Petrópolis;3303906
107;10;2013;Paraíba do Sul;3303708
108;10;2013;"Comendador Levy Gasparian;Areal;Três Rios";9999991
109;10;2013;Sapucaia;3305406
110;10;2013;Teresópolis;3305802
111;10;2013;Sumidouro;3305703
112;10;2013;Carmo;3301207
118;10;2013;Araruama;3300209
119;10;2013;Rio Bonito;3304300
120;10;2013;Silva Jardim;3305604
121;10;2013;Casimiro de Abreu;3301306
122;10;2013;Conceição de Macabú;3301405
123;10;2013;Macaé;3302403
124;10;2013;Saquarema;3305505
125;10;2013;São Pedro da Aldeia;3305208
126;10;2013;Cabo Frio;3300704
127;10;2013;Armação dos Búzios;3300233
128;10;2013;Rio das Ostras;3304524
129;10;2013;Iguaba Grande;3301876
130;10;2013;"Quissamã;Carapebus";9999994
132;10;2013;Arraial do Cabo;3300258
134;10;2013;Campos dos Goytacazes;3301009
135;10;2013;Itaocara;3302106
136;10;2013;"Santo Antônio de Pádua;Aperibé";9999993
137;10;2013;Miracema;3303005
138;10;2013;Laje do Muriaé;3302304
139;10;2013;Porciúncula;3304102
140;10;2013;"Natividade;Varre-Sai";9999997
141;10;2013;São Fidélis;3304805
142;10;2013;Cambuci;3300902
143;10;2013;"Itaperuna;São José de Ubá";9999996
144;10;2013;Bom Jesus de Itabapoana;3300605
145;10;2013;São João da Barra;3305000
146;10;2013;Campos dos Goytacazes;3301009
147;10;2013;São Francisco de Itabapoana;3304755
148;10;2013;"Cardoso Moreira;Italva";9999995
151;10;2013;Nova Friburgo;3303401
152;10;2013;Duas Barras;3301603
153;10;2013;Cantagalo;3301108
154;10;2013;"Cordeiro;Macuco";9999998
155;10;2013;São Sebastião do Alto;3305307
156;10;2013;Santa Maria Madalena;3304607
157;10;2013;Trajano de Morais;3305901
158;10;2013;Bom Jardim;3300506
159;10;2013;Cachoeiras de Macacu;3300803
165;10;2013;Mangaratiba;3302601
166;10;2013;Angra dos Reis;3300100
167;10;2013;Paraty;3303807
168;10;2013;Rio Claro;3304409
1;11;2013;Rio de Janeiro;3304557
4;11;2013;Rio de Janeiro;3304557
5;11;2013;Rio de Janeiro;3304557
6;11;2013;Rio de Janeiro;3304557
7;11;2013;Rio de Janeiro;3304557
9;11;2013;Rio de Janeiro;3304557
10;11;2013;Rio de Janeiro;3304557
12;11;2013;Rio de Janeiro;3304557
13;11;2013;Rio de Janeiro;3304557
14;11;2013;Rio de Janeiro;3304557
15;11;2013;Rio de Janeiro;3304557
16;11;2013;Rio de Janeiro;3304557
17;11;2013;Rio de Janeiro;3304557
18;11;2013;Rio de Janeiro;3304557
19;11;2013;Rio de Janeiro;3304557
20;11;2013;Rio de Janeiro;3304557
21;11;2013;Rio de Janeiro;3304557
22;11;2013;Rio de Janeiro;3304557
23;11;2013;Rio de Janeiro;3304557
24;11;2013;Rio de Janeiro;3304557
25;11;2013;Rio de Janeiro;3304557
26;11;2013;Rio de Janeiro;3304557
27;11;2013;Rio de Janeiro;3304557
28;11;2013;Rio de Janeiro;3304557
29;11;2013;Rio de Janeiro;3304557
30;11;2013;Rio de Janeiro;3304557
31;11;2013;Rio de Janeiro;3304557
32;11;2013;Rio de Janeiro;3304557
33;11;2013;Rio de Janeiro;3304557
34;11;2013;Rio de Janeiro;3304557
35;11;2013;Rio de Janeiro;3304557
36;11;2013;Rio de Janeiro;3304557
37;11;2013;Rio de Janeiro;3304557
38;11;2013;Rio de Janeiro;3304557
39;11;2013;Rio de Janeiro;3304557
40;11;2013;Rio de Janeiro;3304557
41;11;2013;Rio de Janeiro;3304557
42;11;2013;Rio de Janeiro;3304557
43;11;2013;Rio de Janeiro;3304557
44;11;2013;Rio de Janeiro;3304557
48;11;2013;Seropédica;3305554
50;11;2013;Itaguaí;3302007
51;11;2013;Paracambi;3303609
52;11;2013;Nova Iguaçu;3303500
53;11;2013;Mesquita;3302858
54;11;2013;Belford Roxo;3300456
55;11;2013;Queimados;3304144
56;11;2013;Nova Iguaçu;3303500
57;11;2013;Nilópolis;3303203
58;11;2013;Nova Iguaçu;3303500
59;11;2013;Duque de Caxias;3301702
60;11;2013;Duque de Caxias;3301702
61;11;2013;Duque de Caxias;3301702
62;11;2013;Duque de Caxias;3301702
63;11;2013;Japeri;3302270
64;11;2013;São João de Meriti;3305109
65;11;2013;Magé;3302502
66;11;2013;Magé;3302502
67;11;2013;Guapimirim;3301850
70;11;2013;Tanguá;3305752
71;11;2013;Itaboraí;3301900
72;11;2013;São Gonçalo;3304904
73;11;2013;São Gonçalo;3304904
74;11;2013;São Gonçalo;3304904
75;11;2013;São Gonçalo;3304904
76;11;2013;Niterói;3303302
77;11;2013;Niterói;3303302
78;11;2013;Niterói;3303302
79;11;2013;Niterói;3303302
81;11;2013;Niterói;3303302
82;11;2013;Maricá;3302700
88;11;2013;Barra do Pirai;3300308
89;11;2013;Resende;3304201
90;11;2013;Barra Mansa;3300407
91;11;2013;Valença;3306107
92;11;2013;Rio das Flores;3304508
93;11;2013;Volta Redonda;3306305
94;11;2013;Piraí;3304003
95;11;2013;Vassouras;3306206
96;11;2013;"Miguel Pereira;Paty dos Alferes";9999999
97;11;2013;Mendes;3302809
98;11;2013;Engenheiro Paulo de Frontin;3301801
99;11;2013;Itatiaia;3302254
100;11;2013;"Porto Real;Quatis";9999992
101;11;2013;Pinheiral;3303955
104;11;2013;São José do Vale do Rio Preto;3305158
105;11;2013;Petrópolis;3303906
106;11;2013;Petrópolis;3303906
107;11;2013;Paraíba do Sul;3303708
108;11;2013;"Comendador Levy Gasparian;Areal;Três Rios";9999991
109;11;2013;Sapucaia;3305406
110;11;2013;Teresópolis;3305802
111;11;2013;Sumidouro;3305703
112;11;2013;Carmo;3301207
118;11;2013;Araruama;3300209
119;11;2013;Rio Bonito;3304300
120;11;2013;Silva Jardim;3305604
121;11;2013;Casimiro de Abreu;3301306
122;11;2013;Conceição de Macabú;3301405
123;11;2013;Macaé;3302403
124;11;2013;Saquarema;3305505
125;11;2013;São Pedro da Aldeia;3305208
126;11;2013;Cabo Frio;3300704
127;11;2013;Armação dos Búzios;3300233
128;11;2013;Rio das Ostras;3304524
129;11;2013;Iguaba Grande;3301876
130;11;2013;"Quissamã;Carapebus";9999994
132;11;2013;Arraial do Cabo;3300258
134;11;2013;Campos dos Goytacazes;3301009
135;11;2013;Itaocara;3302106
136;11;2013;"Santo Antônio de Pádua;Aperibé";9999993
137;11;2013;Miracema;3303005
138;11;2013;Laje do Muriaé;3302304
139;11;2013;Porciúncula;3304102
140;11;2013;"Natividade;Varre-Sai";9999997
141;11;2013;São Fidélis;3304805
142;11;2013;Cambuci;3300902
143;11;2013;"Itaperuna;São José de Ubá";9999996
144;11;2013;Bom Jesus de Itabapoana;3300605
145;11;2013;São João da Barra;3305000
146;11;2013;Campos dos Goytacazes;3301009
147;11;2013;São Francisco de Itabapoana;3304755
148;11;2013;"Cardoso Moreira;Italva";9999995
151;11;2013;Nova Friburgo;3303401
152;11;2013;Duas Barras;3301603
153;11;2013;Cantagalo;3301108
154;11;2013;"Cordeiro;Macuco";9999998
155;11;2013;São Sebastião do Alto;3305307
156;11;2013;Santa Maria Madalena;3304607
157;11;2013;Trajano de Morais;3305901
158;11;2013;Bom Jardim;3300506
159;11;2013;Cachoeiras de Macacu;3300803
165;11;2013;Mangaratiba;3302601
166;11;2013;Angra dos Reis;3300100
167;11;2013;Paraty;3303807
168;11;2013;Rio Claro;3304409
1;12;2013;Rio de Janeiro;3304557
4;12;2013;Rio de Janeiro;3304557
5;12;2013;Rio de Janeiro;3304557
6;12;2013;Rio de Janeiro;3304557
7;12;2013;Rio de Janeiro;3304557
9;12;2013;Rio de Janeiro;3304557
10;12;2013;Rio de Janeiro;3304557
11;12;2013;Rio de Janeiro;3304557
12;12;2013;Rio de Janeiro;3304557
13;12;2013;Rio de Janeiro;3304557
14;12;2013;Rio de Janeiro;3304557
15;12;2013;Rio de Janeiro;3304557
16;12;2013;Rio de Janeiro;3304557
17;12;2013;Rio de Janeiro;3304557
18;12;2013;Rio de Janeiro;3304557
19;12;2013;Rio de Janeiro;3304557
20;12;2013;Rio de Janeiro;3304557
21;12;2013;Rio de Janeiro;3304557
22;12;2013;Rio de Janeiro;3304557
23;12;2013;Rio de Janeiro;3304557
24;12;2013;Rio de Janeiro;3304557
25;12;2013;Rio de Janeiro;3304557
26;12;2013;Rio de Janeiro;3304557
27;12;2013;Rio de Janeiro;3304557
28;12;2013;Rio de Janeiro;3304557
29;12;2013;Rio de Janeiro;3304557
30;12;2013;Rio de Janeiro;3304557
31;12;2013;Rio de Janeiro;3304557
32;12;2013;Rio de Janeiro;3304557
33;12;2013;Rio de Janeiro;3304557
34;12;2013;Rio de Janeiro;3304557
35;12;2013;Rio de Janeiro;3304557
36;12;2013;Rio de Janeiro;3304557
37;12;2013;Rio de Janeiro;3304557
38;12;2013;Rio de Janeiro;3304557
39;12;2013;Rio de Janeiro;3304557
40;12;2013;Rio de Janeiro;3304557
41;12;2013;Rio de Janeiro;3304557
42;12;2013;Rio de Janeiro;3304557
43;12;2013;Rio de Janeiro;3304557
44;12;2013;Rio de Janeiro;3304557
45;12;2013;Rio de Janeiro;3304557
48;12;2013;Seropédica;3305554
50;12;2013;Itaguaí;3302007
51;12;2013;Paracambi;3303609
52;12;2013;Nova Iguaçu;3303500
53;12;2013;Mesquita;3302858
54;12;2013;Belford Roxo;3300456
55;12;2013;Queimados;3304144
56;12;2013;Nova Iguaçu;3303500
57;12;2013;Nilópolis;3303203
58;12;2013;Nova Iguaçu;3303500
59;12;2013;Duque de Caxias;3301702
60;12;2013;Duque de Caxias;3301702
61;12;2013;Duque de Caxias;3301702
62;12;2013;Duque de Caxias;3301702
63;12;2013;Japeri;3302270
64;12;2013;São João de Meriti;3305109
65;12;2013;Magé;3302502
66;12;2013;Magé;3302502
67;12;2013;Guapimirim;3301850
70;12;2013;Tanguá;3305752
71;12;2013;Itaboraí;3301900
72;12;2013;São Gonçalo;3304904
73;12;2013;São Gonçalo;3304904
74;12;2013;São Gonçalo;3304904
75;12;2013;São Gonçalo;3304904
76;12;2013;Niterói;3303302
77;12;2013;Niterói;3303302
78;12;2013;Niterói;3303302
79;12;2013;Niterói;3303302
81;12;2013;Niterói;3303302
82;12;2013;Maricá;3302700
88;12;2013;Barra do Pirai;3300308
89;12;2013;Resende;3304201
90;12;2013;Barra Mansa;3300407
91;12;2013;Valença;3306107
92;12;2013;Rio das Flores;3304508
93;12;2013;Volta Redonda;3306305
94;12;2013;Piraí;3304003
95;12;2013;Vassouras;3306206
96;12;2013;"Miguel Pereira;Paty dos Alferes";9999999
97;12;2013;Mendes;3302809
98;12;2013;Engenheiro Paulo de Frontin;3301801
99;12;2013;Itatiaia;3302254
100;12;2013;"Porto Real;Quatis";9999992
101;12;2013;Pinheiral;3303955
104;12;2013;São José do Vale do Rio Preto;3305158
105;12;2013;Petrópolis;3303906
106;12;2013;Petrópolis;3303906
107;12;2013;Paraíba do Sul;3303708
108;12;2013;"Comendador Levy Gasparian;Areal;Três Rios";9999991
109;12;2013;Sapucaia;3305406
110;12;2013;Teresópolis;3305802
111;12;2013;Sumidouro;3305703
112;12;2013;Carmo;3301207
118;12;2013;Araruama;3300209
119;12;2013;Rio Bonito;3304300
120;12;2013;Silva Jardim;3305604
121;12;2013;Casimiro de Abreu;3301306
122;12;2013;Conceição de Macabú;3301405
123;12;2013;Macaé;3302403
124;12;2013;Saquarema;3305505
125;12;2013;São Pedro da Aldeia;3305208
126;12;2013;Cabo Frio;3300704
127;12;2013;Armação dos Búzios;3300233
128;12;2013;Rio das Ostras;3304524
129;12;2013;Iguaba Grande;3301876
130;12;2013;"Quissamã;Carapebus";9999994
132;12;2013;Arraial do Cabo;3300258
134;12;2013;Campos dos Goytacazes;3301009
135;12;2013;Itaocara;3302106
136;12;2013;"Santo Antônio de Pádua;Aperibé";9999993
137;12;2013;Miracema;3303005
138;12;2013;Laje do Muriaé;3302304
139;12;2013;Porciúncula;3304102
140;12;2013;"Natividade;Varre-Sai";9999997
141;12;2013;São Fidélis;3304805
142;12;2013;Cambuci;3300902
143;12;2013;"Itaperuna;São José de Ubá";9999996
144;12;2013;Bom Jesus de Itabapoana;3300605
145;12;2013;São João da Barra;3305000
146;12;2013;Campos dos Goytacazes;3301009
147;12;2013;São Francisco de Itabapoana;3304755
148;12;2013;"Cardoso Moreira;Italva";9999995
151;12;2013;Nova Friburgo;3303401
152;12;2013;Duas Barras;3301603
153;12;2013;Cantagalo;3301108
154;12;2013;"Cordeiro;Macuco";9999998
155;12;2013;São Sebastião do Alto;3305307
156;12;2013;Santa Maria Madalena;3304607
157;12;2013;Trajano de Morais;3305901
158;12;2013;Bom Jardim;3300506
159;12;2013;Cachoeiras de Macacu;3300803
165;12;2013;Mangaratiba;3302601
166;12;2013;Angra dos Reis;3300100
167;12;2013;Paraty;3303807
168;12;2013;Rio Claro;3304409
1;1;2014;Rio de Janeiro;3304557
4;1;2014;Rio de Janeiro;3304557
5;1;2014;Rio de Janeiro;3304557
6;1;2014;Rio de Janeiro;3304557
7;1;2014;Rio de Janeiro;3304557
9;1;2014;Rio de Janeiro;3304557
10;1;2014;Rio de Janeiro;3304557
11;1;2014;Rio de Janeiro;3304557
12;1;2014;Rio de Janeiro;3304557
13;1;2014;Rio de Janeiro;3304557
14;1;2014;Rio de Janeiro;3304557
15;1;2014;Rio de Janeiro;3304557
16;1;2014;Rio de Janeiro;3304557
17;1;2014;Rio de Janeiro;3304557
18;1;2014;Rio de Janeiro;3304557
19;1;2014;Rio de Janeiro;3304557
20;1;2014;Rio de Janeiro;3304557
21;1;2014;Rio de Janeiro;3304557
22;1;2014;Rio de Janeiro;3304557
23;1;2014;Rio de Janeiro;3304557
24;1;2014;Rio de Janeiro;3304557
25;1;2014;Rio de Janeiro;3304557
26;1;2014;Rio de Janeiro;3304557
27;1;2014;Rio de Janeiro;3304557
28;1;2014;Rio de Janeiro;3304557
29;1;2014;Rio de Janeiro;3304557
30;1;2014;Rio de Janeiro;3304557
31;1;2014;Rio de Janeiro;3304557
32;1;2014;Rio de Janeiro;3304557
33;1;2014;Rio de Janeiro;3304557
34;1;2014;Rio de Janeiro;3304557
35;1;2014;Rio de Janeiro;3304557
36;1;2014;Rio de Janeiro;3304557
37;1;2014;Rio de Janeiro;3304557
38;1;2014;Rio de Janeiro;3304557
39;1;2014;Rio de Janeiro;3304557
40;1;2014;Rio de Janeiro;3304557
41;1;2014;Rio de Janeiro;3304557
42;1;2014;Rio de Janeiro;3304557
43;1;2014;Rio de Janeiro;3304557
44;1;2014;Rio de Janeiro;3304557
45;1;2014;Rio de Janeiro;3304557
48;1;2014;Seropédica;3305554
50;1;2014;Itaguaí;3302007
51;1;2014;Paracambi;3303609
52;1;2014;Nova Iguaçu;3303500
53;1;2014;Mesquita;3302858
54;1;2014;Belford Roxo;3300456
55;1;2014;Queimados;3304144
56;1;2014;Nova Iguaçu;3303500
57;1;2014;Nilópolis;3303203
58;1;2014;Nova Iguaçu;3303500
59;1;2014;Duque de Caxias;3301702
60;1;2014;Duque de Caxias;3301702
61;1;2014;Duque de Caxias;3301702
62;1;2014;Duque de Caxias;3301702
63;1;2014;Japeri;3302270
64;1;2014;São João de Meriti;3305109
65;1;2014;Magé;3302502
66;1;2014;Magé;3302502
67;1;2014;Guapimirim;3301850
70;1;2014;Tanguá;3305752
71;1;2014;Itaboraí;3301900
72;1;2014;São Gonçalo;3304904
73;1;2014;São Gonçalo;3304904
74;1;2014;São Gonçalo;3304904
75;1;2014;São Gonçalo;3304904
76;1;2014;Niterói;3303302
77;1;2014;Niterói;3303302
78;1;2014;Niterói;3303302
79;1;2014;Niterói;3303302
81;1;2014;Niterói;3303302
82;1;2014;Maricá;3302700
88;1;2014;Barra do Pirai;3300308
89;1;2014;Resende;3304201
90;1;2014;Barra Mansa;3300407
91;1;2014;Valença;3306107
92;1;2014;Rio das Flores;3304508
93;1;2014;Volta Redonda;3306305
94;1;2014;Piraí;3304003
95;1;2014;Vassouras;3306206
96;1;2014;"Miguel Pereira;Paty dos Alferes";9999999
97;1;2014;Mendes;3302809
98;1;2014;Engenheiro Paulo de Frontin;3301801
99;1;2014;Itatiaia;3302254
100;1;2014;"Porto Real;Quatis";9999992
101;1;2014;Pinheiral;3303955
104;1;2014;São José do Vale do Rio Preto;3305158
105;1;2014;Petrópolis;3303906
106;1;2014;Petrópolis;3303906
107;1;2014;Paraíba do Sul;3303708
108;1;2014;"Comendador Levy Gasparian;Areal;Três Rios";9999991
109;1;2014;Sapucaia;3305406
110;1;2014;Teresópolis;3305802
111;1;2014;Sumidouro;3305703
112;1;2014;Carmo;3301207
118;1;2014;Araruama;3300209
119;1;2014;Rio Bonito;3304300
120;1;2014;Silva Jardim;3305604
121;1;2014;Casimiro de Abreu;3301306
122;1;2014;Conceição de Macabú;3301405
123;1;2014;Macaé;3302403
124;1;2014;Saquarema;3305505
125;1;2014;São Pedro da Aldeia;3305208
126;1;2014;Cabo Frio;3300704
127;1;2014;Armação dos Búzios;3300233
128;1;2014;Rio das Ostras;3304524
129;1;2014;Iguaba Grande;3301876
130;1;2014;"Quissamã;Carapebus";9999994
132;1;2014;Arraial do Cabo;3300258
134;1;2014;Campos dos Goytacazes;3301009
135;1;2014;Itaocara;3302106
136;1;2014;"Santo Antônio de Pádua;Aperibé";9999993
137;1;2014;Miracema;3303005
138;1;2014;Laje do Muriaé;3302304
139;1;2014;Porciúncula;3304102
140;1;2014;"Natividade;Varre-Sai";9999997
141;1;2014;São Fidélis;3304805
142;1;2014;Cambuci;3300902
143;1;2014;"Itaperuna;São José de Ubá";9999996
144;1;2014;Bom Jesus de Itabapoana;3300605
145;1;2014;São João da Barra;3305000
146;1;2014;Campos dos Goytacazes;3301009
147;1;2014;São Francisco de Itabapoana;3304755
148;1;2014;"Cardoso Moreira;Italva";9999995
151;1;2014;Nova Friburgo;3303401
152;1;2014;Duas Barras;3301603
153;1;2014;Cantagalo;3301108
154;1;2014;"Cordeiro;Macuco";9999998
155;1;2014;São Sebastião do Alto;3305307
156;1;2014;Santa Maria Madalena;3304607
157;1;2014;Trajano de Morais;3305901
158;1;2014;Bom Jardim;3300506
159;1;2014;Cachoeiras de Macacu;3300803
165;1;2014;Mangaratiba;3302601
166;1;2014;Angra dos Reis;3300100
167;1;2014;Paraty;3303807
168;1;2014;Rio Claro;3304409
1;2;2014;Rio de Janeiro;3304557
4;2;2014;Rio de Janeiro;3304557
5;2;2014;Rio de Janeiro;3304557
6;2;2014;Rio de Janeiro;3304557
7;2;2014;Rio de Janeiro;3304557
9;2;2014;Rio de Janeiro;3304557
10;2;2014;Rio de Janeiro;3304557
11;2;2014;Rio de Janeiro;3304557
12;2;2014;Rio de Janeiro;3304557
13;2;2014;Rio de Janeiro;3304557
14;2;2014;Rio de Janeiro;3304557
15;2;2014;Rio de Janeiro;3304557
16;2;2014;Rio de Janeiro;3304557
17;2;2014;Rio de Janeiro;3304557
18;2;2014;Rio de Janeiro;3304557
19;2;2014;Rio de Janeiro;3304557
20;2;2014;Rio de Janeiro;3304557
21;2;2014;Rio de Janeiro;3304557
22;2;2014;Rio de Janeiro;3304557
23;2;2014;Rio de Janeiro;3304557
24;2;2014;Rio de Janeiro;3304557
25;2;2014;Rio de Janeiro;3304557
26;2;2014;Rio de Janeiro;3304557
27;2;2014;Rio de Janeiro;3304557
28;2;2014;Rio de Janeiro;3304557
29;2;2014;Rio de Janeiro;3304557
30;2;2014;Rio de Janeiro;3304557
31;2;2014;Rio de Janeiro;3304557
32;2;2014;Rio de Janeiro;3304557
33;2;2014;Rio de Janeiro;3304557
34;2;2014;Rio de Janeiro;3304557
35;2;2014;Rio de Janeiro;3304557
36;2;2014;Rio de Janeiro;3304557
37;2;2014;Rio de Janeiro;3304557
38;2;2014;Rio de Janeiro;3304557
39;2;2014;Rio de Janeiro;3304557
40;2;2014;Rio de Janeiro;3304557
41;2;2014;Rio de Janeiro;3304557
42;2;2014;Rio de Janeiro;3304557
43;2;2014;Rio de Janeiro;3304557
44;2;2014;Rio de Janeiro;3304557
45;2;2014;Rio de Janeiro;3304557
48;2;2014;Seropédica;3305554
50;2;2014;Itaguaí;3302007
51;2;2014;Paracambi;3303609
52;2;2014;Nova Iguaçu;3303500
53;2;2014;Mesquita;3302858
54;2;2014;Belford Roxo;3300456
55;2;2014;Queimados;3304144
56;2;2014;Nova Iguaçu;3303500
57;2;2014;Nilópolis;3303203
58;2;2014;Nova Iguaçu;3303500
59;2;2014;Duque de Caxias;3301702
60;2;2014;Duque de Caxias;3301702
61;2;2014;Duque de Caxias;3301702
62;2;2014;Duque de Caxias;3301702
63;2;2014;Japeri;3302270
64;2;2014;São João de Meriti;3305109
65;2;2014;Magé;3302502
66;2;2014;Magé;3302502
67;2;2014;Guapimirim;3301850
70;2;2014;Tanguá;3305752
71;2;2014;Itaboraí;3301900
72;2;2014;São Gonçalo;3304904
73;2;2014;São Gonçalo;3304904
74;2;2014;São Gonçalo;3304904
75;2;2014;São Gonçalo;3304904
76;2;2014;Niterói;3303302
77;2;2014;Niterói;3303302
78;2;2014;Niterói;3303302
79;2;2014;Niterói;3303302
81;2;2014;Niterói;3303302
82;2;2014;Maricá;3302700
88;2;2014;Barra do Pirai;3300308
89;2;2014;Resende;3304201
90;2;2014;Barra Mansa;3300407
91;2;2014;Valença;3306107
92;2;2014;Rio das Flores;3304508
93;2;2014;Volta Redonda;3306305
94;2;2014;Piraí;3304003
95;2;2014;Vassouras;3306206
96;2;2014;"Miguel Pereira;Paty dos Alferes";9999999
97;2;2014;Mendes;3302809
98;2;2014;Engenheiro Paulo de Frontin;3301801
99;2;2014;Itatiaia;3302254
100;2;2014;"Porto Real;Quatis";9999992
101;2;2014;Pinheiral;3303955
104;2;2014;São José do Vale do Rio Preto;3305158
105;2;2014;Petrópolis;3303906
106;2;2014;Petrópolis;3303906
107;2;2014;Paraíba do Sul;3303708
108;2;2014;"Comendador Levy Gasparian;Areal;Três Rios";9999991
109;2;2014;Sapucaia;3305406
110;2;2014;Teresópolis;3305802
111;2;2014;Sumidouro;3305703
112;2;2014;Carmo;3301207
118;2;2014;Araruama;3300209
119;2;2014;Rio Bonito;3304300
120;2;2014;Silva Jardim;3305604
121;2;2014;Casimiro de Abreu;3301306
122;2;2014;Conceição de Macabú;3301405
123;2;2014;Macaé;3302403
124;2;2014;Saquarema;3305505
125;2;2014;São Pedro da Aldeia;3305208
126;2;2014;Cabo Frio;3300704
127;2;2014;Armação dos Búzios;3300233
128;2;2014;Rio das Ostras;3304524
129;2;2014;Iguaba Grande;3301876
130;2;2014;"Quissamã;Carapebus";9999994
132;2;2014;Arraial do Cabo;3300258
134;2;2014;Campos dos Goytacazes;3301009
135;2;2014;Itaocara;3302106
136;2;2014;"Santo Antônio de Pádua;Aperibé";9999993
137;2;2014;Miracema;3303005
138;2;2014;Laje do Muriaé;3302304
139;2;2014;Porciúncula;3304102
140;2;2014;"Natividade;Varre-Sai";9999997
141;2;2014;São Fidélis;3304805
142;2;2014;Cambuci;3300902
143;2;2014;"Itaperuna;São José de Ubá";9999996
144;2;2014;Bom Jesus de Itabapoana;3300605
145;2;2014;São João da Barra;3305000
146;2;2014;Campos dos Goytacazes;3301009
147;2;2014;São Francisco de Itabapoana;3304755
148;2;2014;"Cardoso Moreira;Italva";9999995
151;2;2014;Nova Friburgo;3303401
152;2;2014;Duas Barras;3301603
153;2;2014;Cantagalo;3301108
154;2;2014;"Cordeiro;Macuco";9999998
155;2;2014;São Sebastião do Alto;3305307
156;2;2014;Santa Maria Madalena;3304607
157;2;2014;Trajano de Morais;3305901
158;2;2014;Bom Jardim;3300506
159;2;2014;Cachoeiras de Macacu;3300803
165;2;2014;Mangaratiba;3302601
166;2;2014;Angra dos Reis;3300100
167;2;2014;Paraty;3303807
168;2;2014;Rio Claro;3304409
1;3;2014;Rio de Janeiro;3304557
4;3;2014;Rio de Janeiro;3304557
5;3;2014;Rio de Janeiro;3304557
6;3;2014;Rio de Janeiro;3304557
7;3;2014;Rio de Janeiro;3304557
9;3;2014;Rio de Janeiro;3304557
10;3;2014;Rio de Janeiro;3304557
11;3;2014;Rio de Janeiro;3304557
12;3;2014;Rio de Janeiro;3304557
13;3;2014;Rio de Janeiro;3304557
14;3;2014;Rio de Janeiro;3304557
15;3;2014;Rio de Janeiro;3304557
16;3;2014;Rio de Janeiro;3304557
17;3;2014;Rio de Janeiro;3304557
18;3;2014;Rio de Janeiro;3304557
19;3;2014;Rio de Janeiro;3304557
20;3;2014;Rio de Janeiro;3304557
21;3;2014;Rio de Janeiro;3304557
22;3;2014;Rio de Janeiro;3304557
23;3;2014;Rio de Janeiro;3304557
24;3;2014;Rio de Janeiro;3304557
25;3;2014;Rio de Janeiro;3304557
26;3;2014;Rio de Janeiro;3304557
27;3;2014;Rio de Janeiro;3304557
28;3;2014;Rio de Janeiro;3304557
29;3;2014;Rio de Janeiro;3304557
30;3;2014;Rio de Janeiro;3304557
31;3;2014;Rio de Janeiro;3304557
32;3;2014;Rio de Janeiro;3304557
33;3;2014;Rio de Janeiro;3304557
34;3;2014;Rio de Janeiro;3304557
35;3;2014;Rio de Janeiro;3304557
36;3;2014;Rio de Janeiro;3304557
37;3;2014;Rio de Janeiro;3304557
38;3;2014;Rio de Janeiro;3304557
39;3;2014;Rio de Janeiro;3304557
40;3;2014;Rio de Janeiro;3304557
41;3;2014;Rio de Janeiro;3304557
42;3;2014;Rio de Janeiro;3304557
43;3;2014;Rio de Janeiro;3304557
44;3;2014;Rio de Janeiro;3304557
45;3;2014;Rio de Janeiro;3304557
48;3;2014;Seropédica;3305554
50;3;2014;Itaguaí;3302007
51;3;2014;Paracambi;3303609
52;3;2014;Nova Iguaçu;3303500
53;3;2014;Mesquita;3302858
54;3;2014;Belford Roxo;3300456
55;3;2014;Queimados;3304144
56;3;2014;Nova Iguaçu;3303500
57;3;2014;Nilópolis;3303203
58;3;2014;Nova Iguaçu;3303500
59;3;2014;Duque de Caxias;3301702
60;3;2014;Duque de Caxias;3301702
61;3;2014;Duque de Caxias;3301702
62;3;2014;Duque de Caxias;3301702
63;3;2014;Japeri;3302270
64;3;2014;São João de Meriti;3305109
65;3;2014;Magé;3302502
66;3;2014;Magé;3302502
67;3;2014;Guapimirim;3301850
70;3;2014;Tanguá;3305752
71;3;2014;Itaboraí;3301900
72;3;2014;São Gonçalo;3304904
73;3;2014;São Gonçalo;3304904
74;3;2014;São Gonçalo;3304904
75;3;2014;São Gonçalo;3304904
76;3;2014;Niterói;3303302
77;3;2014;Niterói;3303302
78;3;2014;Niterói;3303302
79;3;2014;Niterói;3303302
81;3;2014;Niterói;3303302
82;3;2014;Maricá;3302700
88;3;2014;Barra do Pirai;3300308
89;3;2014;Resende;3304201
90;3;2014;Barra Mansa;3300407
91;3;2014;Valença;3306107
92;3;2014;Rio das Flores;3304508
93;3;2014;Volta Redonda;3306305
94;3;2014;Piraí;3304003
95;3;2014;Vassouras;3306206
96;3;2014;"Miguel Pereira;Paty dos Alferes";9999999
97;3;2014;Mendes;3302809
98;3;2014;Engenheiro Paulo de Frontin;3301801
99;3;2014;Itatiaia;3302254
100;3;2014;"Porto Real;Quatis";9999992
101;3;2014;Pinheiral;3303955
104;3;2014;São José do Vale do Rio Preto;3305158
105;3;2014;Petrópolis;3303906
106;3;2014;Petrópolis;3303906
107;3;2014;Paraíba do Sul;3303708
108;3;2014;"Comendador Levy Gasparian;Areal;Três Rios";9999991
109;3;2014;Sapucaia;3305406
110;3;2014;Teresópolis;3305802
111;3;2014;Sumidouro;3305703
112;3;2014;Carmo;3301207
118;3;2014;Araruama;3300209
119;3;2014;Rio Bonito;3304300
120;3;2014;Silva Jardim;3305604
121;3;2014;Casimiro de Abreu;3301306
122;3;2014;Conceição de Macabú;3301405
123;3;2014;Macaé;3302403
124;3;2014;Saquarema;3305505
125;3;2014;São Pedro da Aldeia;3305208
126;3;2014;Cabo Frio;3300704
127;3;2014;Armação dos Búzios;3300233
128;3;2014;Rio das Ostras;3304524
129;3;2014;Iguaba Grande;3301876
130;3;2014;"Quissamã;Carapebus";9999994
132;3;2014;Arraial do Cabo;3300258
134;3;2014;Campos dos Goytacazes;3301009
135;3;2014;Itaocara;3302106
136;3;2014;"Santo Antônio de Pádua;Aperibé";9999993
137;3;2014;Miracema;3303005
138;3;2014;Laje do Muriaé;3302304
139;3;2014;Porciúncula;3304102
140;3;2014;"Natividade;Varre-Sai";9999997
141;3;2014;São Fidélis;3304805
142;3;2014;Cambuci;3300902
143;3;2014;"Itaperuna;São José de Ubá";9999996
144;3;2014;Bom Jesus de Itabapoana;3300605
145;3;2014;São João da Barra;3305000
146;3;2014;Campos dos Goytacazes;3301009
147;3;2014;São Francisco de Itabapoana;3304755
148;3;2014;"Cardoso Moreira;Italva";9999995
151;3;2014;Nova Friburgo;3303401
152;3;2014;Duas Barras;3301603
153;3;2014;Cantagalo;3301108
154;3;2014;"Cordeiro;Macuco";9999998
155;3;2014;São Sebastião do Alto;3305307
156;3;2014;Santa Maria Madalena;3304607
157;3;2014;Trajano de Morais;3305901
158;3;2014;Bom Jardim;3300506
159;3;2014;Cachoeiras de Macacu;3300803
165;3;2014;Mangaratiba;3302601
166;3;2014;Angra dos Reis;3300100
167;3;2014;Paraty;3303807
168;3;2014;Rio Claro;3304409
1;4;2014;Rio de Janeiro;3304557
4;4;2014;Rio de Janeiro;3304557
5;4;2014;Rio de Janeiro;3304557
6;4;2014;Rio de Janeiro;3304557
7;4;2014;Rio de Janeiro;3304557
9;4;2014;Rio de Janeiro;3304557
10;4;2014;Rio de Janeiro;3304557
11;4;2014;Rio de Janeiro;3304557
12;4;2014;Rio de Janeiro;3304557
13;4;2014;Rio de Janeiro;3304557
14;4;2014;Rio de Janeiro;3304557
15;4;2014;Rio de Janeiro;3304557
16;4;2014;Rio de Janeiro;3304557
17;4;2014;Rio de Janeiro;3304557
18;4;2014;Rio de Janeiro;3304557
19;4;2014;Rio de Janeiro;3304557
20;4;2014;Rio de Janeiro;3304557
21;4;2014;Rio de Janeiro;3304557
22;4;2014;Rio de Janeiro;3304557
23;4;2014;Rio de Janeiro;3304557
24;4;2014;Rio de Janeiro;3304557
25;4;2014;Rio de Janeiro;3304557
26;4;2014;Rio de Janeiro;3304557
27;4;2014;Rio de Janeiro;3304557
28;4;2014;Rio de Janeiro;3304557
29;4;2014;Rio de Janeiro;3304557
30;4;2014;Rio de Janeiro;3304557
31;4;2014;Rio de Janeiro;3304557
32;4;2014;Rio de Janeiro;3304557
33;4;2014;Rio de Janeiro;3304557
34;4;2014;Rio de Janeiro;3304557
35;4;2014;Rio de Janeiro;3304557
36;4;2014;Rio de Janeiro;3304557
37;4;2014;Rio de Janeiro;3304557
38;4;2014;Rio de Janeiro;3304557
39;4;2014;Rio de Janeiro;3304557
40;4;2014;Rio de Janeiro;3304557
41;4;2014;Rio de Janeiro;3304557
42;4;2014;Rio de Janeiro;3304557
43;4;2014;Rio de Janeiro;3304557
44;4;2014;Rio de Janeiro;3304557
45;4;2014;Rio de Janeiro;3304557
48;4;2014;Seropédica;3305554
50;4;2014;Itaguaí;3302007
51;4;2014;Paracambi;3303609
52;4;2014;Nova Iguaçu;3303500
53;4;2014;Mesquita;3302858
54;4;2014;Belford Roxo;3300456
55;4;2014;Queimados;3304144
56;4;2014;Nova Iguaçu;3303500
57;4;2014;Nilópolis;3303203
58;4;2014;Nova Iguaçu;3303500
59;4;2014;Duque de Caxias;3301702
60;4;2014;Duque de Caxias;3301702
61;4;2014;Duque de Caxias;3301702
62;4;2014;Duque de Caxias;3301702
63;4;2014;Japeri;3302270
64;4;2014;São João de Meriti;3305109
65;4;2014;Magé;3302502
66;4;2014;Magé;3302502
67;4;2014;Guapimirim;3301850
70;4;2014;Tanguá;3305752
71;4;2014;Itaboraí;3301900
72;4;2014;São Gonçalo;3304904
73;4;2014;São Gonçalo;3304904
74;4;2014;São Gonçalo;3304904
75;4;2014;São Gonçalo;3304904
76;4;2014;Niterói;3303302
77;4;2014;Niterói;3303302
78;4;2014;Niterói;3303302
79;4;2014;Niterói;3303302
81;4;2014;Niterói;3303302
82;4;2014;Maricá;3302700
88;4;2014;Barra do Pirai;3300308
89;4;2014;Resende;3304201
90;4;2014;Barra Mansa;3300407
91;4;2014;Valença;3306107
92;4;2014;Rio das Flores;3304508
93;4;2014;Volta Redonda;3306305
94;4;2014;Piraí;3304003
95;4;2014;Vassouras;3306206
96;4;2014;"Miguel Pereira;Paty dos Alferes";9999999
97;4;2014;Mendes;3302809
98;4;2014;Engenheiro Paulo de Frontin;3301801
99;4;2014;Itatiaia;3302254
100;4;2014;"Porto Real;Quatis";9999992
101;4;2014;Pinheiral;3303955
104;4;2014;São José do Vale do Rio Preto;3305158
105;4;2014;Petrópolis;3303906
106;4;2014;Petrópolis;3303906
107;4;2014;Paraíba do Sul;3303708
108;4;2014;"Comendador Levy Gasparian;Areal;Três Rios";9999991
109;4;2014;Sapucaia;3305406
110;4;2014;Teresópolis;3305802
111;4;2014;Sumidouro;3305703
112;4;2014;Carmo;3301207
118;4;2014;Araruama;3300209
119;4;2014;Rio Bonito;3304300
120;4;2014;Silva Jardim;3305604
121;4;2014;Casimiro de Abreu;3301306
122;4;2014;Conceição de Macabú;3301405
123;4;2014;Macaé;3302403
124;4;2014;Saquarema;3305505
125;4;2014;São Pedro da Aldeia;3305208
126;4;2014;Cabo Frio;3300704
127;4;2014;Armação dos Búzios;3300233
128;4;2014;Rio das Ostras;3304524
129;4;2014;Iguaba Grande;3301876
130;4;2014;"Quissamã;Carapebus";9999994
132;4;2014;Arraial do Cabo;3300258
134;4;2014;Campos dos Goytacazes;3301009
135;4;2014;Itaocara;3302106
136;4;2014;"Santo Antônio de Pádua;Aperibé";9999993
137;4;2014;Miracema;3303005
138;4;2014;Laje do Muriaé;3302304
139;4;2014;Porciúncula;3304102
140;4;2014;"Natividade;Varre-Sai";9999997
141;4;2014;São Fidélis;3304805
142;4;2014;Cambuci;3300902
143;4;2014;"Itaperuna;São José de Ubá";9999996
144;4;2014;Bom Jesus de Itabapoana;3300605
145;4;2014;São João da Barra;3305000
146;4;2014;Campos dos Goytacazes;3301009
147;4;2014;São Francisco de Itabapoana;3304755
148;4;2014;"Cardoso Moreira;Italva";9999995
151;4;2014;Nova Friburgo;3303401
152;4;2014;Duas Barras;3301603
153;4;2014;Cantagalo;3301108
154;4;2014;"Cordeiro;Macuco";9999998
155;4;2014;São Sebastião do Alto;3305307
156;4;2014;Santa Maria Madalena;3304607
157;4;2014;Trajano de Morais;3305901
158;4;2014;Bom Jardim;3300506
159;4;2014;Cachoeiras de Macacu;3300803
165;4;2014;Mangaratiba;3302601
166;4;2014;Angra dos Reis;3300100
167;4;2014;Paraty;3303807
168;4;2014;Rio Claro;3304409
1;5;2014;Rio de Janeiro;3304557
4;5;2014;Rio de Janeiro;3304557
5;5;2014;Rio de Janeiro;3304557
6;5;2014;Rio de Janeiro;3304557
7;5;2014;Rio de Janeiro;3304557
9;5;2014;Rio de Janeiro;3304557
10;5;2014;Rio de Janeiro;3304557
11;5;2014;Rio de Janeiro;3304557
12;5;2014;Rio de Janeiro;3304557
13;5;2014;Rio de Janeiro;3304557
14;5;2014;Rio de Janeiro;3304557
15;5;2014;Rio de Janeiro;3304557
16;5;2014;Rio de Janeiro;3304557
17;5;2014;Rio de Janeiro;3304557
18;5;2014;Rio de Janeiro;3304557
19;5;2014;Rio de Janeiro;3304557
20;5;2014;Rio de Janeiro;3304557
21;5;2014;Rio de Janeiro;3304557
22;5;2014;Rio de Janeiro;3304557
23;5;2014;Rio de Janeiro;3304557
24;5;2014;Rio de Janeiro;3304557
25;5;2014;Rio de Janeiro;3304557
26;5;2014;Rio de Janeiro;3304557
27;5;2014;Rio de Janeiro;3304557
28;5;2014;Rio de Janeiro;3304557
29;5;2014;Rio de Janeiro;3304557
30;5;2014;Rio de Janeiro;3304557
31;5;2014;Rio de Janeiro;3304557
32;5;2014;Rio de Janeiro;3304557
33;5;2014;Rio de Janeiro;3304557
34;5;2014;Rio de Janeiro;3304557
35;5;2014;Rio de Janeiro;3304557
36;5;2014;Rio de Janeiro;3304557
37;5;2014;Rio de Janeiro;3304557
38;5;2014;Rio de Janeiro;3304557
39;5;2014;Rio de Janeiro;3304557
40;5;2014;Rio de Janeiro;3304557
41;5;2014;Rio de Janeiro;3304557
42;5;2014;Rio de Janeiro;3304557
43;5;2014;Rio de Janeiro;3304557
44;5;2014;Rio de Janeiro;3304557
45;5;2014;Rio de Janeiro;3304557
48;5;2014;Seropédica;3305554
50;5;2014;Itaguaí;3302007
51;5;2014;Paracambi;3303609
52;5;2014;Nova Iguaçu;3303500
53;5;2014;Mesquita;3302858
54;5;2014;Belford Roxo;3300456
55;5;2014;Queimados;3304144
56;5;2014;Nova Iguaçu;3303500
57;5;2014;Nilópolis;3303203
58;5;2014;Nova Iguaçu;3303500
59;5;2014;Duque de Caxias;3301702
60;5;2014;Duque de Caxias;3301702
61;5;2014;Duque de Caxias;3301702
62;5;2014;Duque de Caxias;3301702
63;5;2014;Japeri;3302270
64;5;2014;São João de Meriti;3305109
65;5;2014;Magé;3302502
66;5;2014;Magé;3302502
67;5;2014;Guapimirim;3301850
70;5;2014;Tanguá;3305752
71;5;2014;Itaboraí;3301900
72;5;2014;São Gonçalo;3304904
73;5;2014;São Gonçalo;3304904
74;5;2014;São Gonçalo;3304904
75;5;2014;São Gonçalo;3304904
76;5;2014;Niterói;3303302
77;5;2014;Niterói;3303302
78;5;2014;Niterói;3303302
79;5;2014;Niterói;3303302
81;5;2014;Niterói;3303302
82;5;2014;Maricá;3302700
88;5;2014;Barra do Pirai;3300308
89;5;2014;Resende;3304201
90;5;2014;Barra Mansa;3300407
91;5;2014;Valença;3306107
92;5;2014;Rio das Flores;3304508
93;5;2014;Volta Redonda;3306305
94;5;2014;Piraí;3304003
95;5;2014;Vassouras;3306206
96;5;2014;"Miguel Pereira;Paty dos Alferes";9999999
97;5;2014;Mendes;3302809
98;5;2014;Engenheiro Paulo de Frontin;3301801
99;5;2014;Itatiaia;3302254
100;5;2014;"Porto Real;Quatis";9999992
101;5;2014;Pinheiral;3303955
104;5;2014;São José do Vale do Rio Preto;3305158
105;5;2014;Petrópolis;3303906
106;5;2014;Petrópolis;3303906
107;5;2014;Paraíba do Sul;3303708
108;5;2014;"Comendador Levy Gasparian;Areal;Três Rios";9999991
109;5;2014;Sapucaia;3305406
110;5;2014;Teresópolis;3305802
111;5;2014;Sumidouro;3305703
112;5;2014;Carmo;3301207
118;5;2014;Araruama;3300209
119;5;2014;Rio Bonito;3304300
120;5;2014;Silva Jardim;3305604
121;5;2014;Casimiro de Abreu;3301306
122;5;2014;Conceição de Macabú;3301405
123;5;2014;Macaé;3302403
124;5;2014;Saquarema;3305505
125;5;2014;São Pedro da Aldeia;3305208
126;5;2014;Cabo Frio;3300704
127;5;2014;Armação dos Búzios;3300233
128;5;2014;Rio das Ostras;3304524
129;5;2014;Iguaba Grande;3301876
130;5;2014;"Quissamã;Carapebus";9999994
132;5;2014;Arraial do Cabo;3300258
134;5;2014;Campos dos Goytacazes;3301009
135;5;2014;Itaocara;3302106
136;5;2014;"Santo Antônio de Pádua;Aperibé";9999993
137;5;2014;Miracema;3303005
138;5;2014;Laje do Muriaé;3302304
139;5;2014;Porciúncula;3304102
140;5;2014;"Natividade;Varre-Sai";9999997
141;5;2014;São Fidélis;3304805
142;5;2014;Cambuci;3300902
143;5;2014;"Itaperuna;São José de Ubá";9999996
144;5;2014;Bom Jesus de Itabapoana;3300605
145;5;2014;São João da Barra;3305000
146;5;2014;Campos dos Goytacazes;3301009
147;5;2014;São Francisco de Itabapoana;3304755
148;5;2014;"Cardoso Moreira;Italva";9999995
151;5;2014;Nova Friburgo;3303401
152;5;2014;Duas Barras;3301603
153;5;2014;Cantagalo;3301108
154;5;2014;"Cordeiro;Macuco";9999998
155;5;2014;São Sebastião do Alto;3305307
156;5;2014;Santa Maria Madalena;3304607
157;5;2014;Trajano de Morais;3305901
158;5;2014;Bom Jardim;3300506
159;5;2014;Cachoeiras de Macacu;3300803
165;5;2014;Mangaratiba;3302601
166;5;2014;Angra dos Reis;3300100
167;5;2014;Paraty;3303807
168;5;2014;Rio Claro;3304409
1;6;2014;Rio de Janeiro;3304557
4;6;2014;Rio de Janeiro;3304557
5;6;2014;Rio de Janeiro;3304557
6;6;2014;Rio de Janeiro;3304557
7;6;2014;Rio de Janeiro;3304557
9;6;2014;Rio de Janeiro;3304557
10;6;2014;Rio de Janeiro;3304557
11;6;2014;Rio de Janeiro;3304557
12;6;2014;Rio de Janeiro;3304557
13;6;2014;Rio de Janeiro;3304557
14;6;2014;Rio de Janeiro;3304557
15;6;2014;Rio de Janeiro;3304557
16;6;2014;Rio de Janeiro;3304557
17;6;2014;Rio de Janeiro;3304557
18;6;2014;Rio de Janeiro;3304557
19;6;2014;Rio de Janeiro;3304557
20;6;2014;Rio de Janeiro;3304557
21;6;2014;Rio de Janeiro;3304557
22;6;2014;Rio de Janeiro;3304557
23;6;2014;Rio de Janeiro;3304557
24;6;2014;Rio de Janeiro;3304557
25;6;2014;Rio de Janeiro;3304557
26;6;2014;Rio de Janeiro;3304557
27;6;2014;Rio de Janeiro;3304557
28;6;2014;Rio de Janeiro;3304557
29;6;2014;Rio de Janeiro;3304557
30;6;2014;Rio de Janeiro;3304557
31;6;2014;Rio de Janeiro;3304557
32;6;2014;Rio de Janeiro;3304557
33;6;2014;Rio de Janeiro;3304557
34;6;2014;Rio de Janeiro;3304557
35;6;2014;Rio de Janeiro;3304557
36;6;2014;Rio de Janeiro;3304557
37;6;2014;Rio de Janeiro;3304557
38;6;2014;Rio de Janeiro;3304557
39;6;2014;Rio de Janeiro;3304557
40;6;2014;Rio de Janeiro;3304557
41;6;2014;Rio de Janeiro;3304557
42;6;2014;Rio de Janeiro;3304557
43;6;2014;Rio de Janeiro;3304557
44;6;2014;Rio de Janeiro;3304557
45;6;2014;Rio de Janeiro;3304557
48;6;2014;Seropédica;3305554
50;6;2014;Itaguaí;3302007
51;6;2014;Paracambi;3303609
52;6;2014;Nova Iguaçu;3303500
53;6;2014;Mesquita;3302858
54;6;2014;Belford Roxo;3300456
55;6;2014;Queimados;3304144
56;6;2014;Nova Iguaçu;3303500
57;6;2014;Nilópolis;3303203
58;6;2014;Nova Iguaçu;3303500
59;6;2014;Duque de Caxias;3301702
60;6;2014;Duque de Caxias;3301702
61;6;2014;Duque de Caxias;3301702
62;6;2014;Duque de Caxias;3301702
63;6;2014;Japeri;3302270
64;6;2014;São João de Meriti;3305109
65;6;2014;Magé;3302502
66;6;2014;Magé;3302502
67;6;2014;Guapimirim;3301850
70;6;2014;Tanguá;3305752
71;6;2014;Itaboraí;3301900
72;6;2014;São Gonçalo;3304904
73;6;2014;São Gonçalo;3304904
74;6;2014;São Gonçalo;3304904
75;6;2014;São Gonçalo;3304904
76;6;2014;Niterói;3303302
77;6;2014;Niterói;3303302
78;6;2014;Niterói;3303302
79;6;2014;Niterói;3303302
81;6;2014;Niterói;3303302
82;6;2014;Maricá;3302700
88;6;2014;Barra do Pirai;3300308
89;6;2014;Resende;3304201
90;6;2014;Barra Mansa;3300407
91;6;2014;Valença;3306107
92;6;2014;Rio das Flores;3304508
93;6;2014;Volta Redonda;3306305
94;6;2014;Piraí;3304003
95;6;2014;Vassouras;3306206
96;6;2014;"Miguel Pereira;Paty dos Alferes";9999999
97;6;2014;Mendes;3302809
98;6;2014;Engenheiro Paulo de Frontin;3301801
99;6;2014;Itatiaia;3302254
100;6;2014;"Porto Real;Quatis";9999992
101;6;2014;Pinheiral;3303955
104;6;2014;São José do Vale do Rio Preto;3305158
105;6;2014;Petrópolis;3303906
106;6;2014;Petrópolis;3303906
107;6;2014;Paraíba do Sul;3303708
108;6;2014;"Comendador Levy Gasparian;Areal;Três Rios";9999991
109;6;2014;Sapucaia;3305406
110;6;2014;Teresópolis;3305802
111;6;2014;Sumidouro;3305703
112;6;2014;Carmo;3301207
118;6;2014;Araruama;3300209
119;6;2014;Rio Bonito;3304300
120;6;2014;Silva Jardim;3305604
121;6;2014;Casimiro de Abreu;3301306
122;6;2014;Conceição de Macabú;3301405
123;6;2014;Macaé;3302403
124;6;2014;Saquarema;3305505
125;6;2014;São Pedro da Aldeia;3305208
126;6;2014;Cabo Frio;3300704
127;6;2014;Armação dos Búzios;3300233
128;6;2014;Rio das Ostras;3304524
129;6;2014;Iguaba Grande;3301876
130;6;2014;"Quissamã;Carapebus";9999994
132;6;2014;Arraial do Cabo;3300258
134;6;2014;Campos dos Goytacazes;3301009
135;6;2014;Itaocara;3302106
136;6;2014;"Santo Antônio de Pádua;Aperibé";9999993
137;6;2014;Miracema;3303005
138;6;2014;Laje do Muriaé;3302304
139;6;2014;Porciúncula;3304102
140;6;2014;"Natividade;Varre-Sai";9999997
141;6;2014;São Fidélis;3304805
142;6;2014;Cambuci;3300902
143;6;2014;"Itaperuna;São José de Ubá";9999996
144;6;2014;Bom Jesus de Itabapoana;3300605
145;6;2014;São João da Barra;3305000
146;6;2014;Campos dos Goytacazes;3301009
147;6;2014;São Francisco de Itabapoana;3304755
148;6;2014;"Cardoso Moreira;Italva";9999995
151;6;2014;Nova Friburgo;3303401
152;6;2014;Duas Barras;3301603
153;6;2014;Cantagalo;3301108
154;6;2014;"Cordeiro;Macuco";9999998
155;6;2014;São Sebastião do Alto;3305307
156;6;2014;Santa Maria Madalena;3304607
157;6;2014;Trajano de Morais;3305901
158;6;2014;Bom Jardim;3300506
159;6;2014;Cachoeiras de Macacu;3300803
165;6;2014;Mangaratiba;3302601
166;6;2014;Angra dos Reis;3300100
167;6;2014;Paraty;3303807
168;6;2014;Rio Claro;3304409
1;7;2014;Rio de Janeiro;3304557
4;7;2014;Rio de Janeiro;3304557
5;7;2014;Rio de Janeiro;3304557
6;7;2014;Rio de Janeiro;3304557
7;7;2014;Rio de Janeiro;3304557
9;7;2014;Rio de Janeiro;3304557
10;7;2014;Rio de Janeiro;3304557
11;7;2014;Rio de Janeiro;3304557
12;7;2014;Rio de Janeiro;3304557
13;7;2014;Rio de Janeiro;3304557
14;7;2014;Rio de Janeiro;3304557
15;7;2014;Rio de Janeiro;3304557
16;7;2014;Rio de Janeiro;3304557
17;7;2014;Rio de Janeiro;3304557
18;7;2014;Rio de Janeiro;3304557
19;7;2014;Rio de Janeiro;3304557
20;7;2014;Rio de Janeiro;3304557
21;7;2014;Rio de Janeiro;3304557
22;7;2014;Rio de Janeiro;3304557
23;7;2014;Rio de Janeiro;3304557
24;7;2014;Rio de Janeiro;3304557
25;7;2014;Rio de Janeiro;3304557
26;7;2014;Rio de Janeiro;3304557
27;7;2014;Rio de Janeiro;3304557
28;7;2014;Rio de Janeiro;3304557
29;7;2014;Rio de Janeiro;3304557
30;7;2014;Rio de Janeiro;3304557
31;7;2014;Rio de Janeiro;3304557
32;7;2014;Rio de Janeiro;3304557
33;7;2014;Rio de Janeiro;3304557
34;7;2014;Rio de Janeiro;3304557
35;7;2014;Rio de Janeiro;3304557
36;7;2014;Rio de Janeiro;3304557
37;7;2014;Rio de Janeiro;3304557
38;7;2014;Rio de Janeiro;3304557
39;7;2014;Rio de Janeiro;3304557
40;7;2014;Rio de Janeiro;3304557
41;7;2014;Rio de Janeiro;3304557
42;7;2014;Rio de Janeiro;3304557
43;7;2014;Rio de Janeiro;3304557
44;7;2014;Rio de Janeiro;3304557
45;7;2014;Rio de Janeiro;3304557
48;7;2014;Seropédica;3305554
50;7;2014;Itaguaí;3302007
51;7;2014;Paracambi;3303609
52;7;2014;Nova Iguaçu;3303500
53;7;2014;Mesquita;3302858
54;7;2014;Belford Roxo;3300456
55;7;2014;Queimados;3304144
56;7;2014;Nova Iguaçu;3303500
57;7;2014;Nilópolis;3303203
58;7;2014;Nova Iguaçu;3303500
59;7;2014;Duque de Caxias;3301702
60;7;2014;Duque de Caxias;3301702
61;7;2014;Duque de Caxias;3301702
62;7;2014;Duque de Caxias;3301702
63;7;2014;Japeri;3302270
64;7;2014;São João de Meriti;3305109
65;7;2014;Magé;3302502
66;7;2014;Magé;3302502
67;7;2014;Guapimirim;3301850
70;7;2014;Tanguá;3305752
71;7;2014;Itaboraí;3301900
72;7;2014;São Gonçalo;3304904
73;7;2014;São Gonçalo;3304904
74;7;2014;São Gonçalo;3304904
75;7;2014;São Gonçalo;3304904
76;7;2014;Niterói;3303302
77;7;2014;Niterói;3303302
78;7;2014;Niterói;3303302
79;7;2014;Niterói;3303302
81;7;2014;Niterói;3303302
82;7;2014;Maricá;3302700
88;7;2014;Barra do Pirai;3300308
89;7;2014;Resende;3304201
90;7;2014;Barra Mansa;3300407
91;7;2014;Valença;3306107
92;7;2014;Rio das Flores;3304508
93;7;2014;Volta Redonda;3306305
94;7;2014;Piraí;3304003
95;7;2014;Vassouras;3306206
96;7;2014;"Miguel Pereira;Paty dos Alferes";9999999
97;7;2014;Mendes;3302809
98;7;2014;Engenheiro Paulo de Frontin;3301801
99;7;2014;Itatiaia;3302254
100;7;2014;"Porto Real;Quatis";9999992
101;7;2014;Pinheiral;3303955
104;7;2014;São José do Vale do Rio Preto;3305158
105;7;2014;Petrópolis;3303906
106;7;2014;Petrópolis;3303906
107;7;2014;Paraíba do Sul;3303708
108;7;2014;"Comendador Levy Gasparian;Areal;Três Rios";9999991
109;7;2014;Sapucaia;3305406
110;7;2014;Teresópolis;3305802
111;7;2014;Sumidouro;3305703
112;7;2014;Carmo;3301207
118;7;2014;Araruama;3300209
119;7;2014;Rio Bonito;3304300
120;7;2014;Silva Jardim;3305604
121;7;2014;Casimiro de Abreu;3301306
122;7;2014;Conceição de Macabú;3301405
123;7;2014;Macaé;3302403
124;7;2014;Saquarema;3305505
125;7;2014;São Pedro da Aldeia;3305208
126;7;2014;Cabo Frio;3300704
127;7;2014;Armação dos Búzios;3300233
128;7;2014;Rio das Ostras;3304524
129;7;2014;Iguaba Grande;3301876
130;7;2014;"Quissamã;Carapebus";9999994
132;7;2014;Arraial do Cabo;3300258
134;7;2014;Campos dos Goytacazes;3301009
135;7;2014;Itaocara;3302106
136;7;2014;"Santo Antônio de Pádua;Aperibé";9999993
137;7;2014;Miracema;3303005
138;7;2014;Laje do Muriaé;3302304
139;7;2014;Porciúncula;3304102
140;7;2014;"Natividade;Varre-Sai";9999997
141;7;2014;São Fidélis;3304805
142;7;2014;Cambuci;3300902
143;7;2014;"Itaperuna;São José de Ubá";9999996
144;7;2014;Bom Jesus de Itabapoana;3300605
145;7;2014;São João da Barra;3305000
146;7;2014;Campos dos Goytacazes;3301009
147;7;2014;São Francisco de Itabapoana;3304755
148;7;2014;"Cardoso Moreira;Italva";9999995
151;7;2014;Nova Friburgo;3303401
152;7;2014;Duas Barras;3301603
153;7;2014;Cantagalo;3301108
154;7;2014;"Cordeiro;Macuco";9999998
155;7;2014;São Sebastião do Alto;3305307
156;7;2014;Santa Maria Madalena;3304607
157;7;2014;Trajano de Morais;3305901
158;7;2014;Bom Jardim;3300506
159;7;2014;Cachoeiras de Macacu;3300803
165;7;2014;Mangaratiba;3302601
166;7;2014;Angra dos Reis;3300100
167;7;2014;Paraty;3303807
168;7;2014;Rio Claro;3304409
1;8;2014;Rio de Janeiro;3304557
4;8;2014;Rio de Janeiro;3304557
5;8;2014;Rio de Janeiro;3304557
6;8;2014;Rio de Janeiro;3304557
7;8;2014;Rio de Janeiro;3304557
9;8;2014;Rio de Janeiro;3304557
10;8;2014;Rio de Janeiro;3304557
11;8;2014;Rio de Janeiro;3304557
12;8;2014;Rio de Janeiro;3304557
13;8;2014;Rio de Janeiro;3304557
14;8;2014;Rio de Janeiro;3304557
15;8;2014;Rio de Janeiro;3304557
16;8;2014;Rio de Janeiro;3304557
17;8;2014;Rio de Janeiro;3304557
18;8;2014;Rio de Janeiro;3304557
19;8;2014;Rio de Janeiro;3304557
20;8;2014;Rio de Janeiro;3304557
21;8;2014;Rio de Janeiro;3304557
22;8;2014;Rio de Janeiro;3304557
23;8;2014;Rio de Janeiro;3304557
24;8;2014;Rio de Janeiro;3304557
25;8;2014;Rio de Janeiro;3304557
26;8;2014;Rio de Janeiro;3304557
27;8;2014;Rio de Janeiro;3304557
28;8;2014;Rio de Janeiro;3304557
29;8;2014;Rio de Janeiro;3304557
30;8;2014;Rio de Janeiro;3304557
31;8;2014;Rio de Janeiro;3304557
32;8;2014;Rio de Janeiro;3304557
33;8;2014;Rio de Janeiro;3304557
34;8;2014;Rio de Janeiro;3304557
35;8;2014;Rio de Janeiro;3304557
36;8;2014;Rio de Janeiro;3304557
37;8;2014;Rio de Janeiro;3304557
38;8;2014;Rio de Janeiro;3304557
39;8;2014;Rio de Janeiro;3304557
40;8;2014;Rio de Janeiro;3304557
41;8;2014;Rio de Janeiro;3304557
42;8;2014;Rio de Janeiro;3304557
43;8;2014;Rio de Janeiro;3304557
44;8;2014;Rio de Janeiro;3304557
45;8;2014;Rio de Janeiro;3304557
48;8;2014;Seropédica;3305554
50;8;2014;Itaguaí;3302007
51;8;2014;Paracambi;3303609
52;8;2014;Nova Iguaçu;3303500
53;8;2014;Mesquita;3302858
54;8;2014;Belford Roxo;3300456
55;8;2014;Queimados;3304144
56;8;2014;Nova Iguaçu;3303500
57;8;2014;Nilópolis;3303203
58;8;2014;Nova Iguaçu;3303500
59;8;2014;Duque de Caxias;3301702
60;8;2014;Duque de Caxias;3301702
61;8;2014;Duque de Caxias;3301702
62;8;2014;Duque de Caxias;3301702
63;8;2014;Japeri;3302270
64;8;2014;São João de Meriti;3305109
65;8;2014;Magé;3302502
66;8;2014;Magé;3302502
67;8;2014;Guapimirim;3301850
70;8;2014;Tanguá;3305752
71;8;2014;Itaboraí;3301900
72;8;2014;São Gonçalo;3304904
73;8;2014;São Gonçalo;3304904
74;8;2014;São Gonçalo;3304904
75;8;2014;São Gonçalo;3304904
76;8;2014;Niterói;3303302
77;8;2014;Niterói;3303302
78;8;2014;Niterói;3303302
79;8;2014;Niterói;3303302
81;8;2014;Niterói;3303302
82;8;2014;Maricá;3302700
88;8;2014;Barra do Pirai;3300308
89;8;2014;Resende;3304201
90;8;2014;Barra Mansa;3300407
91;8;2014;Valença;3306107
92;8;2014;Rio das Flores;3304508
93;8;2014;Volta Redonda;3306305
94;8;2014;Piraí;3304003
95;8;2014;Vassouras;3306206
96;8;2014;"Miguel Pereira;Paty dos Alferes";9999999
97;8;2014;Mendes;3302809
98;8;2014;Engenheiro Paulo de Frontin;3301801
99;8;2014;Itatiaia;3302254
100;8;2014;"Porto Real;Quatis";9999992
101;8;2014;Pinheiral;3303955
104;8;2014;São José do Vale do Rio Preto;3305158
105;8;2014;Petrópolis;3303906
106;8;2014;Petrópolis;3303906
107;8;2014;Paraíba do Sul;3303708
108;8;2014;"Comendador Levy Gasparian;Areal;Três Rios";9999991
109;8;2014;Sapucaia;3305406
110;8;2014;Teresópolis;3305802
111;8;2014;Sumidouro;3305703
112;8;2014;Carmo;3301207
118;8;2014;Araruama;3300209
119;8;2014;Rio Bonito;3304300
120;8;2014;Silva Jardim;3305604
121;8;2014;Casimiro de Abreu;3301306
122;8;2014;Conceição de Macabú;3301405
123;8;2014;Macaé;3302403
124;8;2014;Saquarema;3305505
125;8;2014;São Pedro da Aldeia;3305208
126;8;2014;Cabo Frio;3300704
127;8;2014;Armação dos Búzios;3300233
128;8;2014;Rio das Ostras;3304524
129;8;2014;Iguaba Grande;3301876
130;8;2014;"Quissamã;Carapebus";9999994
132;8;2014;Arraial do Cabo;3300258
134;8;2014;Campos dos Goytacazes;3301009
135;8;2014;Itaocara;3302106
136;8;2014;"Santo Antônio de Pádua;Aperibé";9999993
137;8;2014;Miracema;3303005
138;8;2014;Laje do Muriaé;3302304
139;8;2014;Porciúncula;3304102
140;8;2014;"Natividade;Varre-Sai";9999997
141;8;2014;São Fidélis;3304805
142;8;2014;Cambuci;3300902
143;8;2014;"Itaperuna;São José de Ubá";9999996
144;8;2014;Bom Jesus de Itabapoana;3300605
145;8;2014;São João da Barra;3305000
146;8;2014;Campos dos Goytacazes;3301009
147;8;2014;São Francisco de Itabapoana;3304755
148;8;2014;"Cardoso Moreira;Italva";9999995
151;8;2014;Nova Friburgo;3303401
152;8;2014;Duas Barras;3301603
153;8;2014;Cantagalo;3301108
154;8;2014;"Cordeiro;Macuco";9999998
155;8;2014;São Sebastião do Alto;3305307
156;8;2014;Santa Maria Madalena;3304607
157;8;2014;Trajano de Morais;3305901
158;8;2014;Bom Jardim;3300506
159;8;2014;Cachoeiras de Macacu;3300803
165;8;2014;Mangaratiba;3302601
166;8;2014;Angra dos Reis;3300100
167;8;2014;Paraty;3303807
168;8;2014;Rio Claro;3304409
1;9;2014;Rio de Janeiro;3304557
4;9;2014;Rio de Janeiro;3304557
5;9;2014;Rio de Janeiro;3304557
6;9;2014;Rio de Janeiro;3304557
7;9;2014;Rio de Janeiro;3304557
9;9;2014;Rio de Janeiro;3304557
10;9;2014;Rio de Janeiro;3304557
11;9;2014;Rio de Janeiro;3304557
12;9;2014;Rio de Janeiro;3304557
13;9;2014;Rio de Janeiro;3304557
14;9;2014;Rio de Janeiro;3304557
15;9;2014;Rio de Janeiro;3304557
16;9;2014;Rio de Janeiro;3304557
17;9;2014;Rio de Janeiro;3304557
18;9;2014;Rio de Janeiro;3304557
19;9;2014;Rio de Janeiro;3304557
20;9;2014;Rio de Janeiro;3304557
21;9;2014;Rio de Janeiro;3304557
22;9;2014;Rio de Janeiro;3304557
23;9;2014;Rio de Janeiro;3304557
24;9;2014;Rio de Janeiro;3304557
25;9;2014;Rio de Janeiro;3304557
26;9;2014;Rio de Janeiro;3304557
27;9;2014;Rio de Janeiro;3304557
28;9;2014;Rio de Janeiro;3304557
29;9;2014;Rio de Janeiro;3304557
30;9;2014;Rio de Janeiro;3304557
31;9;2014;Rio de Janeiro;3304557
32;9;2014;Rio de Janeiro;3304557
33;9;2014;Rio de Janeiro;3304557
34;9;2014;Rio de Janeiro;3304557
35;9;2014;Rio de Janeiro;3304557
36;9;2014;Rio de Janeiro;3304557
37;9;2014;Rio de Janeiro;3304557
38;9;2014;Rio de Janeiro;3304557
39;9;2014;Rio de Janeiro;3304557
40;9;2014;Rio de Janeiro;3304557
41;9;2014;Rio de Janeiro;3304557
42;9;2014;Rio de Janeiro;3304557
43;9;2014;Rio de Janeiro;3304557
44;9;2014;Rio de Janeiro;3304557
45;9;2014;Rio de Janeiro;3304557
48;9;2014;Seropédica;3305554
50;9;2014;Itaguaí;3302007
51;9;2014;Paracambi;3303609
52;9;2014;Nova Iguaçu;3303500
53;9;2014;Mesquita;3302858
54;9;2014;Belford Roxo;3300456
55;9;2014;Queimados;3304144
56;9;2014;Nova Iguaçu;3303500
57;9;2014;Nilópolis;3303203
58;9;2014;Nova Iguaçu;3303500
59;9;2014;Duque de Caxias;3301702
60;9;2014;Duque de Caxias;3301702
61;9;2014;Duque de Caxias;3301702
62;9;2014;Duque de Caxias;3301702
63;9;2014;Japeri;3302270
64;9;2014;São João de Meriti;3305109
65;9;2014;Magé;3302502
66;9;2014;Magé;3302502
67;9;2014;Guapimirim;3301850
70;9;2014;Tanguá;3305752
71;9;2014;Itaboraí;3301900
72;9;2014;São Gonçalo;3304904
73;9;2014;São Gonçalo;3304904
74;9;2014;São Gonçalo;3304904
75;9;2014;São Gonçalo;3304904
76;9;2014;Niterói;3303302
77;9;2014;Niterói;3303302
78;9;2014;Niterói;3303302
79;9;2014;Niterói;3303302
81;9;2014;Niterói;3303302
82;9;2014;Maricá;3302700
88;9;2014;Barra do Pirai;3300308
89;9;2014;Resende;3304201
90;9;2014;Barra Mansa;3300407
91;9;2014;Valença;3306107
92;9;2014;Rio das Flores;3304508
93;9;2014;Volta Redonda;3306305
94;9;2014;Piraí;3304003
95;9;2014;Vassouras;3306206
96;9;2014;"Miguel Pereira;Paty dos Alferes";9999999
97;9;2014;Mendes;3302809
98;9;2014;Engenheiro Paulo de Frontin;3301801
99;9;2014;Itatiaia;3302254
100;9;2014;"Porto Real;Quatis";9999992
101;9;2014;Pinheiral;3303955
104;9;2014;São José do Vale do Rio Preto;3305158
105;9;2014;Petrópolis;3303906
106;9;2014;Petrópolis;3303906
107;9;2014;Paraíba do Sul;3303708
108;9;2014;"Comendador Levy Gasparian;Areal;Três Rios";9999991
109;9;2014;Sapucaia;3305406
110;9;2014;Teresópolis;3305802
111;9;2014;Sumidouro;3305703
112;9;2014;Carmo;3301207
118;9;2014;Araruama;3300209
119;9;2014;Rio Bonito;3304300
120;9;2014;Silva Jardim;3305604
121;9;2014;Casimiro de Abreu;3301306
122;9;2014;Conceição de Macabú;3301405
123;9;2014;Macaé;3302403
124;9;2014;Saquarema;3305505
125;9;2014;São Pedro da Aldeia;3305208
126;9;2014;Cabo Frio;3300704
127;9;2014;Armação dos Búzios;3300233
128;9;2014;Rio das Ostras;3304524
129;9;2014;Iguaba Grande;3301876
130;9;2014;"Quissamã;Carapebus";9999994
132;9;2014;Arraial do Cabo;3300258
134;9;2014;Campos dos Goytacazes;3301009
135;9;2014;Itaocara;3302106
136;9;2014;"Santo Antônio de Pádua;Aperibé";9999993
137;9;2014;Miracema;3303005
138;9;2014;Laje do Muriaé;3302304
139;9;2014;Porciúncula;3304102
140;9;2014;"Natividade;Varre-Sai";9999997
141;9;2014;São Fidélis;3304805
142;9;2014;Cambuci;3300902
143;9;2014;"Itaperuna;São José de Ubá";9999996
144;9;2014;Bom Jesus de Itabapoana;3300605
145;9;2014;São João da Barra;3305000
146;9;2014;Campos dos Goytacazes;3301009
147;9;2014;São Francisco de Itabapoana;3304755
148;9;2014;"Cardoso Moreira;Italva";9999995
151;9;2014;Nova Friburgo;3303401
152;9;2014;Duas Barras;3301603
153;9;2014;Cantagalo;3301108
154;9;2014;"Cordeiro;Macuco";9999998
155;9;2014;São Sebastião do Alto;3305307
156;9;2014;Santa Maria Madalena;3304607
157;9;2014;Trajano de Morais;3305901
158;9;2014;Bom Jardim;3300506
159;9;2014;Cachoeiras de Macacu;3300803
165;9;2014;Mangaratiba;3302601
166;9;2014;Angra dos Reis;3300100
167;9;2014;Paraty;3303807
168;9;2014;Rio Claro;3304409
1;10;2014;Rio de Janeiro;3304557
4;10;2014;Rio de Janeiro;3304557
5;10;2014;Rio de Janeiro;3304557
6;10;2014;Rio de Janeiro;3304557
7;10;2014;Rio de Janeiro;3304557
9;10;2014;Rio de Janeiro;3304557
10;10;2014;Rio de Janeiro;3304557
11;10;2014;Rio de Janeiro;3304557
12;10;2014;Rio de Janeiro;3304557
13;10;2014;Rio de Janeiro;3304557
14;10;2014;Rio de Janeiro;3304557
15;10;2014;Rio de Janeiro;3304557
16;10;2014;Rio de Janeiro;3304557
17;10;2014;Rio de Janeiro;3304557
18;10;2014;Rio de Janeiro;3304557
19;10;2014;Rio de Janeiro;3304557
20;10;2014;Rio de Janeiro;3304557
21;10;2014;Rio de Janeiro;3304557
22;10;2014;Rio de Janeiro;3304557
23;10;2014;Rio de Janeiro;3304557
24;10;2014;Rio de Janeiro;3304557
25;10;2014;Rio de Janeiro;3304557
26;10;2014;Rio de Janeiro;3304557
27;10;2014;Rio de Janeiro;3304557
28;10;2014;Rio de Janeiro;3304557
29;10;2014;Rio de Janeiro;3304557
30;10;2014;Rio de Janeiro;3304557
31;10;2014;Rio de Janeiro;3304557
32;10;2014;Rio de Janeiro;3304557
33;10;2014;Rio de Janeiro;3304557
34;10;2014;Rio de Janeiro;3304557
35;10;2014;Rio de Janeiro;3304557
36;10;2014;Rio de Janeiro;3304557
37;10;2014;Rio de Janeiro;3304557
38;10;2014;Rio de Janeiro;3304557
39;10;2014;Rio de Janeiro;3304557
40;10;2014;Rio de Janeiro;3304557
41;10;2014;Rio de Janeiro;3304557
42;10;2014;Rio de Janeiro;3304557
43;10;2014;Rio de Janeiro;3304557
44;10;2014;Rio de Janeiro;3304557
45;10;2014;Rio de Janeiro;3304557
48;10;2014;Seropédica;3305554
50;10;2014;Itaguaí;3302007
51;10;2014;Paracambi;3303609
52;10;2014;Nova Iguaçu;3303500
53;10;2014;Mesquita;3302858
54;10;2014;Belford Roxo;3300456
55;10;2014;Queimados;3304144
56;10;2014;Nova Iguaçu;3303500
57;10;2014;Nilópolis;3303203
58;10;2014;Nova Iguaçu;3303500
59;10;2014;Duque de Caxias;3301702
60;10;2014;Duque de Caxias;3301702
61;10;2014;Duque de Caxias;3301702
62;10;2014;Duque de Caxias;3301702
63;10;2014;Japeri;3302270
64;10;2014;São João de Meriti;3305109
65;10;2014;Magé;3302502
66;10;2014;Magé;3302502
67;10;2014;Guapimirim;3301850
70;10;2014;Tanguá;3305752
71;10;2014;Itaboraí;3301900
72;10;2014;São Gonçalo;3304904
73;10;2014;São Gonçalo;3304904
74;10;2014;São Gonçalo;3304904
75;10;2014;São Gonçalo;3304904
76;10;2014;Niterói;3303302
77;10;2014;Niterói;3303302
78;10;2014;Niterói;3303302
79;10;2014;Niterói;3303302
81;10;2014;Niterói;3303302
82;10;2014;Maricá;3302700
88;10;2014;Barra do Pirai;3300308
89;10;2014;Resende;3304201
90;10;2014;Barra Mansa;3300407
91;10;2014;Valença;3306107
92;10;2014;Rio das Flores;3304508
93;10;2014;Volta Redonda;3306305
94;10;2014;Piraí;3304003
95;10;2014;Vassouras;3306206
96;10;2014;"Miguel Pereira;Paty dos Alferes";9999999
97;10;2014;Mendes;3302809
98;10;2014;Engenheiro Paulo de Frontin;3301801
99;10;2014;Itatiaia;3302254
100;10;2014;"Porto Real;Quatis";9999992
101;10;2014;Pinheiral;3303955
104;10;2014;São José do Vale do Rio Preto;3305158
105;10;2014;Petrópolis;3303906
106;10;2014;Petrópolis;3303906
107;10;2014;Paraíba do Sul;3303708
108;10;2014;"Comendador Levy Gasparian;Areal;Três Rios";9999991
109;10;2014;Sapucaia;3305406
110;10;2014;Teresópolis;3305802
111;10;2014;Sumidouro;3305703
112;10;2014;Carmo;3301207
118;10;2014;Araruama;3300209
119;10;2014;Rio Bonito;3304300
120;10;2014;Silva Jardim;3305604
121;10;2014;Casimiro de Abreu;3301306
122;10;2014;Conceição de Macabú;3301405
123;10;2014;Macaé;3302403
124;10;2014;Saquarema;3305505
125;10;2014;São Pedro da Aldeia;3305208
126;10;2014;Cabo Frio;3300704
127;10;2014;Armação dos Búzios;3300233
128;10;2014;Rio das Ostras;3304524
129;10;2014;Iguaba Grande;3301876
130;10;2014;"Quissamã;Carapebus";9999994
132;10;2014;Arraial do Cabo;3300258
134;10;2014;Campos dos Goytacazes;3301009
135;10;2014;Itaocara;3302106
136;10;2014;"Santo Antônio de Pádua;Aperibé";9999993
137;10;2014;Miracema;3303005
138;10;2014;Laje do Muriaé;3302304
139;10;2014;Porciúncula;3304102
140;10;2014;"Natividade;Varre-Sai";9999997
141;10;2014;São Fidélis;3304805
142;10;2014;Cambuci;3300902
143;10;2014;"Itaperuna;São José de Ubá";9999996
144;10;2014;Bom Jesus de Itabapoana;3300605
145;10;2014;São João da Barra;3305000
146;10;2014;Campos dos Goytacazes;3301009
147;10;2014;São Francisco de Itabapoana;3304755
148;10;2014;"Cardoso Moreira;Italva";9999995
151;10;2014;Nova Friburgo;3303401
152;10;2014;Duas Barras;3301603
153;10;2014;Cantagalo;3301108
154;10;2014;"Cordeiro;Macuco";9999998
155;10;2014;São Sebastião do Alto;3305307
156;10;2014;Santa Maria Madalena;3304607
157;10;2014;Trajano de Morais;3305901
158;10;2014;Bom Jardim;3300506
159;10;2014;Cachoeiras de Macacu;3300803
165;10;2014;Mangaratiba;3302601
166;10;2014;Angra dos Reis;3300100
167;10;2014;Paraty;3303807
168;10;2014;Rio Claro;3304409
1;11;2014;Rio de Janeiro;3304557
4;11;2014;Rio de Janeiro;3304557
5;11;2014;Rio de Janeiro;3304557
6;11;2014;Rio de Janeiro;3304557
7;11;2014;Rio de Janeiro;3304557
9;11;2014;Rio de Janeiro;3304557
10;11;2014;Rio de Janeiro;3304557
11;11;2014;Rio de Janeiro;3304557
12;11;2014;Rio de Janeiro;3304557
13;11;2014;Rio de Janeiro;3304557
14;11;2014;Rio de Janeiro;3304557
15;11;2014;Rio de Janeiro;3304557
16;11;2014;Rio de Janeiro;3304557
17;11;2014;Rio de Janeiro;3304557
18;11;2014;Rio de Janeiro;3304557
19;11;2014;Rio de Janeiro;3304557
20;11;2014;Rio de Janeiro;3304557
21;11;2014;Rio de Janeiro;3304557
22;11;2014;Rio de Janeiro;3304557
23;11;2014;Rio de Janeiro;3304557
24;11;2014;Rio de Janeiro;3304557
25;11;2014;Rio de Janeiro;3304557
26;11;2014;Rio de Janeiro;3304557
27;11;2014;Rio de Janeiro;3304557
28;11;2014;Rio de Janeiro;3304557
29;11;2014;Rio de Janeiro;3304557
30;11;2014;Rio de Janeiro;3304557
31;11;2014;Rio de Janeiro;3304557
32;11;2014;Rio de Janeiro;3304557
33;11;2014;Rio de Janeiro;3304557
34;11;2014;Rio de Janeiro;3304557
35;11;2014;Rio de Janeiro;3304557
36;11;2014;Rio de Janeiro;3304557
37;11;2014;Rio de Janeiro;3304557
38;11;2014;Rio de Janeiro;3304557
39;11;2014;Rio de Janeiro;3304557
40;11;2014;Rio de Janeiro;3304557
41;11;2014;Rio de Janeiro;3304557
42;11;2014;Rio de Janeiro;3304557
43;11;2014;Rio de Janeiro;3304557
44;11;2014;Rio de Janeiro;3304557
45;11;2014;Rio de Janeiro;3304557
48;11;2014;Seropédica;3305554
50;11;2014;Itaguaí;3302007
51;11;2014;Paracambi;3303609
52;11;2014;Nova Iguaçu;3303500
53;11;2014;Mesquita;3302858
54;11;2014;Belford Roxo;3300456
55;11;2014;Queimados;3304144
56;11;2014;Nova Iguaçu;3303500
57;11;2014;Nilópolis;3303203
58;11;2014;Nova Iguaçu;3303500
59;11;2014;Duque de Caxias;3301702
60;11;2014;Duque de Caxias;3301702
61;11;2014;Duque de Caxias;3301702
62;11;2014;Duque de Caxias;3301702
63;11;2014;Japeri;3302270
64;11;2014;São João de Meriti;3305109
65;11;2014;Magé;3302502
66;11;2014;Magé;3302502
67;11;2014;Guapimirim;3301850
70;11;2014;Tanguá;3305752
71;11;2014;Itaboraí;3301900
72;11;2014;São Gonçalo;3304904
73;11;2014;São Gonçalo;3304904
74;11;2014;São Gonçalo;3304904
75;11;2014;São Gonçalo;3304904
76;11;2014;Niterói;3303302
77;11;2014;Niterói;3303302
78;11;2014;Niterói;3303302
79;11;2014;Niterói;3303302
81;11;2014;Niterói;3303302
82;11;2014;Maricá;3302700
88;11;2014;Barra do Pirai;3300308
89;11;2014;Resende;3304201
90;11;2014;Barra Mansa;3300407
91;11;2014;Valença;3306107
92;11;2014;Rio das Flores;3304508
93;11;2014;Volta Redonda;3306305
94;11;2014;Piraí;3304003
95;11;2014;Vassouras;3306206
96;11;2014;"Miguel Pereira;Paty dos Alferes";9999999
97;11;2014;Mendes;3302809
98;11;2014;Engenheiro Paulo de Frontin;3301801
99;11;2014;Itatiaia;3302254
100;11;2014;"Porto Real;Quatis";9999992
101;11;2014;Pinheiral;3303955
104;11;2014;São José do Vale do Rio Preto;3305158
105;11;2014;Petrópolis;3303906
106;11;2014;Petrópolis;3303906
107;11;2014;Paraíba do Sul;3303708
108;11;2014;"Comendador Levy Gasparian;Areal;Três Rios";9999991
109;11;2014;Sapucaia;3305406
110;11;2014;Teresópolis;3305802
111;11;2014;Sumidouro;3305703
112;11;2014;Carmo;3301207
118;11;2014;Araruama;3300209
119;11;2014;Rio Bonito;3304300
120;11;2014;Silva Jardim;3305604
121;11;2014;Casimiro de Abreu;3301306
122;11;2014;Conceição de Macabú;3301405
123;11;2014;Macaé;3302403
124;11;2014;Saquarema;3305505
125;11;2014;São Pedro da Aldeia;3305208
126;11;2014;Cabo Frio;3300704
127;11;2014;Armação dos Búzios;3300233
128;11;2014;Rio das Ostras;3304524
129;11;2014;Iguaba Grande;3301876
130;11;2014;"Quissamã;Carapebus";9999994
132;11;2014;Arraial do Cabo;3300258
134;11;2014;Campos dos Goytacazes;3301009
135;11;2014;Itaocara;3302106
136;11;2014;"Santo Antônio de Pádua;Aperibé";9999993
137;11;2014;Miracema;3303005
138;11;2014;Laje do Muriaé;3302304
139;11;2014;Porciúncula;3304102
140;11;2014;"Natividade;Varre-Sai";9999997
141;11;2014;São Fidélis;3304805
142;11;2014;Cambuci;3300902
143;11;2014;"Itaperuna;São José de Ubá";9999996
144;11;2014;Bom Jesus de Itabapoana;3300605
145;11;2014;São João da Barra;3305000
146;11;2014;Campos dos Goytacazes;3301009
147;11;2014;São Francisco de Itabapoana;3304755
148;11;2014;"Cardoso Moreira;Italva";9999995
151;11;2014;Nova Friburgo;3303401
152;11;2014;Duas Barras;3301603
153;11;2014;Cantagalo;3301108
154;11;2014;"Cordeiro;Macuco";9999998
155;11;2014;São Sebastião do Alto;3305307
156;11;2014;Santa Maria Madalena;3304607
157;11;2014;Trajano de Morais;3305901
158;11;2014;Bom Jardim;3300506
159;11;2014;Cachoeiras de Macacu;3300803
165;11;2014;Mangaratiba;3302601
166;11;2014;Angra dos Reis;3300100
167;11;2014;Paraty;3303807
168;11;2014;Rio Claro;3304409
1;12;2014;Rio de Janeiro;3304557
4;12;2014;Rio de Janeiro;3304557
5;12;2014;Rio de Janeiro;3304557
6;12;2014;Rio de Janeiro;3304557
7;12;2014;Rio de Janeiro;3304557
9;12;2014;Rio de Janeiro;3304557
10;12;2014;Rio de Janeiro;3304557
11;12;2014;Rio de Janeiro;3304557
12;12;2014;Rio de Janeiro;3304557
13;12;2014;Rio de Janeiro;3304557
14;12;2014;Rio de Janeiro;3304557
15;12;2014;Rio de Janeiro;3304557
16;12;2014;Rio de Janeiro;3304557
17;12;2014;Rio de Janeiro;3304557
18;12;2014;Rio de Janeiro;3304557
19;12;2014;Rio de Janeiro;3304557
20;12;2014;Rio de Janeiro;3304557
21;12;2014;Rio de Janeiro;3304557
22;12;2014;Rio de Janeiro;3304557
23;12;2014;Rio de Janeiro;3304557
24;12;2014;Rio de Janeiro;3304557
25;12;2014;Rio de Janeiro;3304557
26;12;2014;Rio de Janeiro;3304557
27;12;2014;Rio de Janeiro;3304557
28;12;2014;Rio de Janeiro;3304557
29;12;2014;Rio de Janeiro;3304557
30;12;2014;Rio de Janeiro;3304557
31;12;2014;Rio de Janeiro;3304557
32;12;2014;Rio de Janeiro;3304557
33;12;2014;Rio de Janeiro;3304557
34;12;2014;Rio de Janeiro;3304557
35;12;2014;Rio de Janeiro;3304557
36;12;2014;Rio de Janeiro;3304557
37;12;2014;Rio de Janeiro;3304557
38;12;2014;Rio de Janeiro;3304557
39;12;2014;Rio de Janeiro;3304557
40;12;2014;Rio de Janeiro;3304557
41;12;2014;Rio de Janeiro;3304557
42;12;2014;Rio de Janeiro;3304557
43;12;2014;Rio de Janeiro;3304557
44;12;2014;Rio de Janeiro;3304557
45;12;2014;Rio de Janeiro;3304557
48;12;2014;Seropédica;3305554
50;12;2014;Itaguaí;3302007
51;12;2014;Paracambi;3303609
52;12;2014;Nova Iguaçu;3303500
53;12;2014;Mesquita;3302858
54;12;2014;Belford Roxo;3300456
55;12;2014;Queimados;3304144
56;12;2014;Nova Iguaçu;3303500
57;12;2014;Nilópolis;3303203
58;12;2014;Nova Iguaçu;3303500
59;12;2014;Duque de Caxias;3301702
60;12;2014;Duque de Caxias;3301702
61;12;2014;Duque de Caxias;3301702
62;12;2014;Duque de Caxias;3301702
63;12;2014;Japeri;3302270
64;12;2014;São João de Meriti;3305109
65;12;2014;Magé;3302502
66;12;2014;Magé;3302502
67;12;2014;Guapimirim;3301850
70;12;2014;Tanguá;3305752
71;12;2014;Itaboraí;3301900
72;12;2014;São Gonçalo;3304904
73;12;2014;São Gonçalo;3304904
74;12;2014;São Gonçalo;3304904
75;12;2014;São Gonçalo;3304904
76;12;2014;Niterói;3303302
77;12;2014;Niterói;3303302
78;12;2014;Niterói;3303302
79;12;2014;Niterói;3303302
81;12;2014;Niterói;3303302
82;12;2014;Maricá;3302700
88;12;2014;Barra do Pirai;3300308
89;12;2014;Resende;3304201
90;12;2014;Barra Mansa;3300407
91;12;2014;Valença;3306107
92;12;2014;Rio das Flores;3304508
93;12;2014;Volta Redonda;3306305
94;12;2014;Piraí;3304003
95;12;2014;Vassouras;3306206
96;12;2014;"Miguel Pereira;Paty dos Alferes";9999999
97;12;2014;Mendes;3302809
98;12;2014;Engenheiro Paulo de Frontin;3301801
99;12;2014;Itatiaia;3302254
100;12;2014;"Porto Real;Quatis";9999992
101;12;2014;Pinheiral;3303955
104;12;2014;São José do Vale do Rio Preto;3305158
105;12;2014;Petrópolis;3303906
106;12;2014;Petrópolis;3303906
107;12;2014;Paraíba do Sul;3303708
108;12;2014;"Comendador Levy Gasparian;Areal;Três Rios";9999991
109;12;2014;Sapucaia;3305406
110;12;2014;Teresópolis;3305802
111;12;2014;Sumidouro;3305703
112;12;2014;Carmo;3301207
118;12;2014;Araruama;3300209
119;12;2014;Rio Bonito;3304300
120;12;2014;Silva Jardim;3305604
121;12;2014;Casimiro de Abreu;3301306
122;12;2014;Conceição de Macabú;3301405
123;12;2014;Macaé;3302403
124;12;2014;Saquarema;3305505
125;12;2014;São Pedro da Aldeia;3305208
126;12;2014;Cabo Frio;3300704
127;12;2014;Armação dos Búzios;3300233
128;12;2014;Rio das Ostras;3304524
129;12;2014;Iguaba Grande;3301876
130;12;2014;"Quissamã;Carapebus";9999994
132;12;2014;Arraial do Cabo;3300258
134;12;2014;Campos dos Goytacazes;3301009
135;12;2014;Itaocara;3302106
136;12;2014;"Santo Antônio de Pádua;Aperibé";9999993
137;12;2014;Miracema;3303005
138;12;2014;Laje do Muriaé;3302304
139;12;2014;Porciúncula;3304102
140;12;2014;"Natividade;Varre-Sai";9999997
141;12;2014;São Fidélis;3304805
142;12;2014;Cambuci;3300902
143;12;2014;"Itaperuna;São José de Ubá";9999996
144;12;2014;Bom Jesus de Itabapoana;3300605
145;12;2014;São João da Barra;3305000
146;12;2014;Campos dos Goytacazes;3301009
147;12;2014;São Francisco de Itabapoana;3304755
148;12;2014;"Cardoso Moreira;Italva";9999995
151;12;2014;Nova Friburgo;3303401
152;12;2014;Duas Barras;3301603
153;12;2014;Cantagalo;3301108
154;12;2014;"Cordeiro;Macuco";9999998
155;12;2014;São Sebastião do Alto;3305307
156;12;2014;Santa Maria Madalena;3304607
157;12;2014;Trajano de Morais;3305901
158;12;2014;Bom Jardim;3300506
159;12;2014;Cachoeiras de Macacu;3300803
165;12;2014;Mangaratiba;3302601
166;12;2014;Angra dos Reis;3300100
167;12;2014;Paraty;3303807
168;12;2014;Rio Claro;3304409
1;1;2015;Rio de Janeiro;3304557
4;1;2015;Rio de Janeiro;3304557
5;1;2015;Rio de Janeiro;3304557
6;1;2015;Rio de Janeiro;3304557
7;1;2015;Rio de Janeiro;3304557
9;1;2015;Rio de Janeiro;3304557
10;1;2015;Rio de Janeiro;3304557
11;1;2015;Rio de Janeiro;3304557
12;1;2015;Rio de Janeiro;3304557
13;1;2015;Rio de Janeiro;3304557
14;1;2015;Rio de Janeiro;3304557
15;1;2015;Rio de Janeiro;3304557
16;1;2015;Rio de Janeiro;3304557
17;1;2015;Rio de Janeiro;3304557
18;1;2015;Rio de Janeiro;3304557
19;1;2015;Rio de Janeiro;3304557
20;1;2015;Rio de Janeiro;3304557
21;1;2015;Rio de Janeiro;3304557
22;1;2015;Rio de Janeiro;3304557
23;1;2015;Rio de Janeiro;3304557
24;1;2015;Rio de Janeiro;3304557
25;1;2015;Rio de Janeiro;3304557
26;1;2015;Rio de Janeiro;3304557
27;1;2015;Rio de Janeiro;3304557
28;1;2015;Rio de Janeiro;3304557
29;1;2015;Rio de Janeiro;3304557
30;1;2015;Rio de Janeiro;3304557
31;1;2015;Rio de Janeiro;3304557
32;1;2015;Rio de Janeiro;3304557
33;1;2015;Rio de Janeiro;3304557
34;1;2015;Rio de Janeiro;3304557
35;1;2015;Rio de Janeiro;3304557
36;1;2015;Rio de Janeiro;3304557
37;1;2015;Rio de Janeiro;3304557
38;1;2015;Rio de Janeiro;3304557
39;1;2015;Rio de Janeiro;3304557
40;1;2015;Rio de Janeiro;3304557
41;1;2015;Rio de Janeiro;3304557
42;1;2015;Rio de Janeiro;3304557
43;1;2015;Rio de Janeiro;3304557
44;1;2015;Rio de Janeiro;3304557
45;1;2015;Rio de Janeiro;3304557
48;1;2015;Seropédica;3305554
50;1;2015;Itaguaí;3302007
51;1;2015;Paracambi;3303609
52;1;2015;Nova Iguaçu;3303500
53;1;2015;Mesquita;3302858
54;1;2015;Belford Roxo;3300456
55;1;2015;Queimados;3304144
56;1;2015;Nova Iguaçu;3303500
57;1;2015;Nilópolis;3303203
58;1;2015;Nova Iguaçu;3303500
59;1;2015;Duque de Caxias;3301702
60;1;2015;Duque de Caxias;3301702
61;1;2015;Duque de Caxias;3301702
62;1;2015;Duque de Caxias;3301702
63;1;2015;Japeri;3302270
64;1;2015;São João de Meriti;3305109
65;1;2015;Magé;3302502
66;1;2015;Magé;3302502
67;1;2015;Guapimirim;3301850
70;1;2015;Tanguá;3305752
71;1;2015;Itaboraí;3301900
72;1;2015;São Gonçalo;3304904
73;1;2015;São Gonçalo;3304904
74;1;2015;São Gonçalo;3304904
75;1;2015;São Gonçalo;3304904
76;1;2015;Niterói;3303302
77;1;2015;Niterói;3303302
78;1;2015;Niterói;3303302
79;1;2015;Niterói;3303302
81;1;2015;Niterói;3303302
82;1;2015;Maricá;3302700
88;1;2015;Barra do Pirai;3300308
89;1;2015;Resende;3304201
90;1;2015;Barra Mansa;3300407
91;1;2015;Valença;3306107
92;1;2015;Rio das Flores;3304508
93;1;2015;Volta Redonda;3306305
94;1;2015;Piraí;3304003
95;1;2015;Vassouras;3306206
96;1;2015;"Miguel Pereira;Paty dos Alferes";9999999
97;1;2015;Mendes;3302809
98;1;2015;Engenheiro Paulo de Frontin;3301801
99;1;2015;Itatiaia;3302254
100;1;2015;"Porto Real;Quatis";9999992
101;1;2015;Pinheiral;3303955
104;1;2015;São José do Vale do Rio Preto;3305158
105;1;2015;Petrópolis;3303906
106;1;2015;Petrópolis;3303906
107;1;2015;Paraíba do Sul;3303708
108;1;2015;"Comendador Levy Gasparian;Areal;Três Rios";9999991
109;1;2015;Sapucaia;3305406
110;1;2015;Teresópolis;3305802
111;1;2015;Sumidouro;3305703
112;1;2015;Carmo;3301207
118;1;2015;Araruama;3300209
119;1;2015;Rio Bonito;3304300
120;1;2015;Silva Jardim;3305604
121;1;2015;Casimiro de Abreu;3301306
122;1;2015;Conceição de Macabú;3301405
123;1;2015;Macaé;3302403
124;1;2015;Saquarema;3305505
125;1;2015;São Pedro da Aldeia;3305208
126;1;2015;Cabo Frio;3300704
127;1;2015;Armação dos Búzios;3300233
128;1;2015;Rio das Ostras;3304524
129;1;2015;Iguaba Grande;3301876
130;1;2015;"Quissamã;Carapebus";9999994
132;1;2015;Arraial do Cabo;3300258
134;1;2015;Campos dos Goytacazes;3301009
135;1;2015;Itaocara;3302106
136;1;2015;"Santo Antônio de Pádua;Aperibé";9999993
137;1;2015;Miracema;3303005
138;1;2015;Laje do Muriaé;3302304
139;1;2015;Porciúncula;3304102
140;1;2015;"Natividade;Varre-Sai";9999997
141;1;2015;São Fidélis;3304805
142;1;2015;Cambuci;3300902
143;1;2015;"Itaperuna;São José de Ubá";9999996
144;1;2015;Bom Jesus de Itabapoana;3300605
145;1;2015;São João da Barra;3305000
146;1;2015;Campos dos Goytacazes;3301009
147;1;2015;São Francisco de Itabapoana;3304755
148;1;2015;"Cardoso Moreira;Italva";9999995
151;1;2015;Nova Friburgo;3303401
152;1;2015;Duas Barras;3301603
153;1;2015;Cantagalo;3301108
154;1;2015;"Cordeiro;Macuco";9999998
155;1;2015;São Sebastião do Alto;3305307
156;1;2015;Santa Maria Madalena;3304607
157;1;2015;Trajano de Morais;3305901
158;1;2015;Bom Jardim;3300506
159;1;2015;Cachoeiras de Macacu;3300803
165;1;2015;Mangaratiba;3302601
166;1;2015;Angra dos Reis;3300100
167;1;2015;Paraty;3303807
168;1;2015;Rio Claro;3304409
1;2;2015;Rio de Janeiro;3304557
4;2;2015;Rio de Janeiro;3304557
5;2;2015;Rio de Janeiro;3304557
6;2;2015;Rio de Janeiro;3304557
7;2;2015;Rio de Janeiro;3304557
9;2;2015;Rio de Janeiro;3304557
10;2;2015;Rio de Janeiro;3304557
11;2;2015;Rio de Janeiro;3304557
12;2;2015;Rio de Janeiro;3304557
13;2;2015;Rio de Janeiro;3304557
14;2;2015;Rio de Janeiro;3304557
15;2;2015;Rio de Janeiro;3304557
16;2;2015;Rio de Janeiro;3304557
17;2;2015;Rio de Janeiro;3304557
18;2;2015;Rio de Janeiro;3304557
19;2;2015;Rio de Janeiro;3304557
20;2;2015;Rio de Janeiro;3304557
21;2;2015;Rio de Janeiro;3304557
22;2;2015;Rio de Janeiro;3304557
23;2;2015;Rio de Janeiro;3304557
24;2;2015;Rio de Janeiro;3304557
25;2;2015;Rio de Janeiro;3304557
26;2;2015;Rio de Janeiro;3304557
27;2;2015;Rio de Janeiro;3304557
28;2;2015;Rio de Janeiro;3304557
29;2;2015;Rio de Janeiro;3304557
30;2;2015;Rio de Janeiro;3304557
31;2;2015;Rio de Janeiro;3304557
32;2;2015;Rio de Janeiro;3304557
33;2;2015;Rio de Janeiro;3304557
34;2;2015;Rio de Janeiro;3304557
35;2;2015;Rio de Janeiro;3304557
36;2;2015;Rio de Janeiro;3304557
37;2;2015;Rio de Janeiro;3304557
38;2;2015;Rio de Janeiro;3304557
39;2;2015;Rio de Janeiro;3304557
40;2;2015;Rio de Janeiro;3304557
41;2;2015;Rio de Janeiro;3304557
42;2;2015;Rio de Janeiro;3304557
43;2;2015;Rio de Janeiro;3304557
44;2;2015;Rio de Janeiro;3304557
45;2;2015;Rio de Janeiro;3304557
48;2;2015;Seropédica;3305554
50;2;2015;Itaguaí;3302007
51;2;2015;Paracambi;3303609
52;2;2015;Nova Iguaçu;3303500
53;2;2015;Mesquita;3302858
54;2;2015;Belford Roxo;3300456
55;2;2015;Queimados;3304144
56;2;2015;Nova Iguaçu;3303500
57;2;2015;Nilópolis;3303203
58;2;2015;Nova Iguaçu;3303500
59;2;2015;Duque de Caxias;3301702
60;2;2015;Duque de Caxias;3301702
61;2;2015;Duque de Caxias;3301702
62;2;2015;Duque de Caxias;3301702
63;2;2015;Japeri;3302270
64;2;2015;São João de Meriti;3305109
65;2;2015;Magé;3302502
66;2;2015;Magé;3302502
67;2;2015;Guapimirim;3301850
70;2;2015;Tanguá;3305752
71;2;2015;Itaboraí;3301900
72;2;2015;São Gonçalo;3304904
73;2;2015;São Gonçalo;3304904
74;2;2015;São Gonçalo;3304904
75;2;2015;São Gonçalo;3304904
76;2;2015;Niterói;3303302
77;2;2015;Niterói;3303302
78;2;2015;Niterói;3303302
79;2;2015;Niterói;3303302
81;2;2015;Niterói;3303302
82;2;2015;Maricá;3302700
88;2;2015;Barra do Pirai;3300308
89;2;2015;Resende;3304201
90;2;2015;Barra Mansa;3300407
91;2;2015;Valença;3306107
92;2;2015;Rio das Flores;3304508
93;2;2015;Volta Redonda;3306305
94;2;2015;Piraí;3304003
95;2;2015;Vassouras;3306206
96;2;2015;"Miguel Pereira;Paty dos Alferes";9999999
97;2;2015;Mendes;3302809
98;2;2015;Engenheiro Paulo de Frontin;3301801
99;2;2015;Itatiaia;3302254
100;2;2015;"Porto Real;Quatis";9999992
101;2;2015;Pinheiral;3303955
104;2;2015;São José do Vale do Rio Preto;3305158
105;2;2015;Petrópolis;3303906
106;2;2015;Petrópolis;3303906
107;2;2015;Paraíba do Sul;3303708
108;2;2015;"Comendador Levy Gasparian;Areal;Três Rios";9999991
109;2;2015;Sapucaia;3305406
110;2;2015;Teresópolis;3305802
111;2;2015;Sumidouro;3305703
112;2;2015;Carmo;3301207
118;2;2015;Araruama;3300209
119;2;2015;Rio Bonito;3304300
120;2;2015;Silva Jardim;3305604
121;2;2015;Casimiro de Abreu;3301306
122;2;2015;Conceição de Macabú;3301405
123;2;2015;Macaé;3302403
124;2;2015;Saquarema;3305505
125;2;2015;São Pedro da Aldeia;3305208
126;2;2015;Cabo Frio;3300704
127;2;2015;Armação dos Búzios;3300233
128;2;2015;Rio das Ostras;3304524
129;2;2015;Iguaba Grande;3301876
130;2;2015;"Quissamã;Carapebus";9999994
132;2;2015;Arraial do Cabo;3300258
134;2;2015;Campos dos Goytacazes;3301009
135;2;2015;Itaocara;3302106
136;2;2015;"Santo Antônio de Pádua;Aperibé";9999993
137;2;2015;Miracema;3303005
138;2;2015;Laje do Muriaé;3302304
139;2;2015;Porciúncula;3304102
140;2;2015;"Natividade;Varre-Sai";9999997
141;2;2015;São Fidélis;3304805
142;2;2015;Cambuci;3300902
143;2;2015;"Itaperuna;São José de Ubá";9999996
144;2;2015;Bom Jesus de Itabapoana;3300605
145;2;2015;São João da Barra;3305000
146;2;2015;Campos dos Goytacazes;3301009
147;2;2015;São Francisco de Itabapoana;3304755
148;2;2015;"Cardoso Moreira;Italva";9999995
151;2;2015;Nova Friburgo;3303401
152;2;2015;Duas Barras;3301603
153;2;2015;Cantagalo;3301108
154;2;2015;"Cordeiro;Macuco";9999998
155;2;2015;São Sebastião do Alto;3305307
156;2;2015;Santa Maria Madalena;3304607
157;2;2015;Trajano de Morais;3305901
158;2;2015;Bom Jardim;3300506
159;2;2015;Cachoeiras de Macacu;3300803
165;2;2015;Mangaratiba;3302601
166;2;2015;Angra dos Reis;3300100
167;2;2015;Paraty;3303807
168;2;2015;Rio Claro;3304409
1;3;2015;Rio de Janeiro;3304557
4;3;2015;Rio de Janeiro;3304557
5;3;2015;Rio de Janeiro;3304557
6;3;2015;Rio de Janeiro;3304557
7;3;2015;Rio de Janeiro;3304557
9;3;2015;Rio de Janeiro;3304557
10;3;2015;Rio de Janeiro;3304557
11;3;2015;Rio de Janeiro;3304557
12;3;2015;Rio de Janeiro;3304557
13;3;2015;Rio de Janeiro;3304557
14;3;2015;Rio de Janeiro;3304557
15;3;2015;Rio de Janeiro;3304557
16;3;2015;Rio de Janeiro;3304557
17;3;2015;Rio de Janeiro;3304557
18;3;2015;Rio de Janeiro;3304557
19;3;2015;Rio de Janeiro;3304557
20;3;2015;Rio de Janeiro;3304557
21;3;2015;Rio de Janeiro;3304557
22;3;2015;Rio de Janeiro;3304557
23;3;2015;Rio de Janeiro;3304557
24;3;2015;Rio de Janeiro;3304557
25;3;2015;Rio de Janeiro;3304557
26;3;2015;Rio de Janeiro;3304557
27;3;2015;Rio de Janeiro;3304557
28;3;2015;Rio de Janeiro;3304557
29;3;2015;Rio de Janeiro;3304557
30;3;2015;Rio de Janeiro;3304557
31;3;2015;Rio de Janeiro;3304557
32;3;2015;Rio de Janeiro;3304557
33;3;2015;Rio de Janeiro;3304557
34;3;2015;Rio de Janeiro;3304557
35;3;2015;Rio de Janeiro;3304557
36;3;2015;Rio de Janeiro;3304557
37;3;2015;Rio de Janeiro;3304557
38;3;2015;Rio de Janeiro;3304557
39;3;2015;Rio de Janeiro;3304557
40;3;2015;Rio de Janeiro;3304557
41;3;2015;Rio de Janeiro;3304557
42;3;2015;Rio de Janeiro;3304557
43;3;2015;Rio de Janeiro;3304557
44;3;2015;Rio de Janeiro;3304557
45;3;2015;Rio de Janeiro;3304557
48;3;2015;Seropédica;3305554
50;3;2015;Itaguaí;3302007
51;3;2015;Paracambi;3303609
52;3;2015;Nova Iguaçu;3303500
53;3;2015;Mesquita;3302858
54;3;2015;Belford Roxo;3300456
55;3;2015;Queimados;3304144
56;3;2015;Nova Iguaçu;3303500
57;3;2015;Nilópolis;3303203
58;3;2015;Nova Iguaçu;3303500
59;3;2015;Duque de Caxias;3301702
60;3;2015;Duque de Caxias;3301702
61;3;2015;Duque de Caxias;3301702
62;3;2015;Duque de Caxias;3301702
63;3;2015;Japeri;3302270
64;3;2015;São João de Meriti;3305109
65;3;2015;Magé;3302502
66;3;2015;Magé;3302502
67;3;2015;Guapimirim;3301850
70;3;2015;Tanguá;3305752
71;3;2015;Itaboraí;3301900
72;3;2015;São Gonçalo;3304904
73;3;2015;São Gonçalo;3304904
74;3;2015;São Gonçalo;3304904
75;3;2015;São Gonçalo;3304904
76;3;2015;Niterói;3303302
77;3;2015;Niterói;3303302
78;3;2015;Niterói;3303302
79;3;2015;Niterói;3303302
81;3;2015;Niterói;3303302
82;3;2015;Maricá;3302700
88;3;2015;Barra do Pirai;3300308
89;3;2015;Resende;3304201
90;3;2015;Barra Mansa;3300407
91;3;2015;Valença;3306107
92;3;2015;Rio das Flores;3304508
93;3;2015;Volta Redonda;3306305
94;3;2015;Piraí;3304003
95;3;2015;Vassouras;3306206
96;3;2015;"Miguel Pereira;Paty dos Alferes";9999999
97;3;2015;Mendes;3302809
98;3;2015;Engenheiro Paulo de Frontin;3301801
99;3;2015;Itatiaia;3302254
100;3;2015;"Porto Real;Quatis";9999992
101;3;2015;Pinheiral;3303955
104;3;2015;São José do Vale do Rio Preto;3305158
105;3;2015;Petrópolis;3303906
106;3;2015;Petrópolis;3303906
107;3;2015;Paraíba do Sul;3303708
108;3;2015;"Comendador Levy Gasparian;Areal;Três Rios";9999991
109;3;2015;Sapucaia;3305406
110;3;2015;Teresópolis;3305802
111;3;2015;Sumidouro;3305703
112;3;2015;Carmo;3301207
118;3;2015;Araruama;3300209
119;3;2015;Rio Bonito;3304300
120;3;2015;Silva Jardim;3305604
121;3;2015;Casimiro de Abreu;3301306
122;3;2015;Conceição de Macabú;3301405
123;3;2015;Macaé;3302403
124;3;2015;Saquarema;3305505
125;3;2015;São Pedro da Aldeia;3305208
126;3;2015;Cabo Frio;3300704
127;3;2015;Armação dos Búzios;3300233
128;3;2015;Rio das Ostras;3304524
129;3;2015;Iguaba Grande;3301876
130;3;2015;"Quissamã;Carapebus";9999994
132;3;2015;Arraial do Cabo;3300258
134;3;2015;Campos dos Goytacazes;3301009
135;3;2015;Itaocara;3302106
136;3;2015;"Santo Antônio de Pádua;Aperibé";9999993
137;3;2015;Miracema;3303005
138;3;2015;Laje do Muriaé;3302304
139;3;2015;Porciúncula;3304102
140;3;2015;"Natividade;Varre-Sai";9999997
141;3;2015;São Fidélis;3304805
142;3;2015;Cambuci;3300902
143;3;2015;"Itaperuna;São José de Ubá";9999996
144;3;2015;Bom Jesus de Itabapoana;3300605
145;3;2015;São João da Barra;3305000
146;3;2015;Campos dos Goytacazes;3301009
147;3;2015;São Francisco de Itabapoana;3304755
148;3;2015;"Cardoso Moreira;Italva";9999995
151;3;2015;Nova Friburgo;3303401
152;3;2015;Duas Barras;3301603
153;3;2015;Cantagalo;3301108
154;3;2015;"Cordeiro;Macuco";9999998
155;3;2015;São Sebastião do Alto;3305307
156;3;2015;Santa Maria Madalena;3304607
157;3;2015;Trajano de Morais;3305901
158;3;2015;Bom Jardim;3300506
159;3;2015;Cachoeiras de Macacu;3300803
165;3;2015;Mangaratiba;3302601
166;3;2015;Angra dos Reis;3300100
167;3;2015;Paraty;3303807
168;3;2015;Rio Claro;3304409
1;4;2015;Rio de Janeiro;3304557
4;4;2015;Rio de Janeiro;3304557
5;4;2015;Rio de Janeiro;3304557
6;4;2015;Rio de Janeiro;3304557
7;4;2015;Rio de Janeiro;3304557
9;4;2015;Rio de Janeiro;3304557
10;4;2015;Rio de Janeiro;3304557
11;4;2015;Rio de Janeiro;3304557
12;4;2015;Rio de Janeiro;3304557
13;4;2015;Rio de Janeiro;3304557
14;4;2015;Rio de Janeiro;3304557
15;4;2015;Rio de Janeiro;3304557
16;4;2015;Rio de Janeiro;3304557
17;4;2015;Rio de Janeiro;3304557
18;4;2015;Rio de Janeiro;3304557
19;4;2015;Rio de Janeiro;3304557
20;4;2015;Rio de Janeiro;3304557
21;4;2015;Rio de Janeiro;3304557
22;4;2015;Rio de Janeiro;3304557
23;4;2015;Rio de Janeiro;3304557
24;4;2015;Rio de Janeiro;3304557
25;4;2015;Rio de Janeiro;3304557
26;4;2015;Rio de Janeiro;3304557
27;4;2015;Rio de Janeiro;3304557
28;4;2015;Rio de Janeiro;3304557
29;4;2015;Rio de Janeiro;3304557
30;4;2015;Rio de Janeiro;3304557
31;4;2015;Rio de Janeiro;3304557
32;4;2015;Rio de Janeiro;3304557
33;4;2015;Rio de Janeiro;3304557
34;4;2015;Rio de Janeiro;3304557
35;4;2015;Rio de Janeiro;3304557
36;4;2015;Rio de Janeiro;3304557
37;4;2015;Rio de Janeiro;3304557
38;4;2015;Rio de Janeiro;3304557
39;4;2015;Rio de Janeiro;3304557
40;4;2015;Rio de Janeiro;3304557
41;4;2015;Rio de Janeiro;3304557
42;4;2015;Rio de Janeiro;3304557
43;4;2015;Rio de Janeiro;3304557
44;4;2015;Rio de Janeiro;3304557
45;4;2015;Rio de Janeiro;3304557
48;4;2015;Seropédica;3305554
50;4;2015;Itaguaí;3302007
51;4;2015;Paracambi;3303609
52;4;2015;Nova Iguaçu;3303500
53;4;2015;Mesquita;3302858
54;4;2015;Belford Roxo;3300456
55;4;2015;Queimados;3304144
56;4;2015;Nova Iguaçu;3303500
57;4;2015;Nilópolis;3303203
58;4;2015;Nova Iguaçu;3303500
59;4;2015;Duque de Caxias;3301702
60;4;2015;Duque de Caxias;3301702
61;4;2015;Duque de Caxias;3301702
62;4;2015;Duque de Caxias;3301702
63;4;2015;Japeri;3302270
64;4;2015;São João de Meriti;3305109
65;4;2015;Magé;3302502
66;4;2015;Magé;3302502
67;4;2015;Guapimirim;3301850
70;4;2015;Tanguá;3305752
71;4;2015;Itaboraí;3301900
72;4;2015;São Gonçalo;3304904
73;4;2015;São Gonçalo;3304904
74;4;2015;São Gonçalo;3304904
75;4;2015;São Gonçalo;3304904
76;4;2015;Niterói;3303302
77;4;2015;Niterói;3303302
78;4;2015;Niterói;3303302
79;4;2015;Niterói;3303302
81;4;2015;Niterói;3303302
82;4;2015;Maricá;3302700
88;4;2015;Barra do Pirai;3300308
89;4;2015;Resende;3304201
90;4;2015;Barra Mansa;3300407
91;4;2015;Valença;3306107
92;4;2015;Rio das Flores;3304508
93;4;2015;Volta Redonda;3306305
94;4;2015;Piraí;3304003
95;4;2015;Vassouras;3306206
96;4;2015;"Miguel Pereira;Paty dos Alferes";9999999
97;4;2015;Mendes;3302809
98;4;2015;Engenheiro Paulo de Frontin;3301801
99;4;2015;Itatiaia;3302254
100;4;2015;"Porto Real;Quatis";9999992
101;4;2015;Pinheiral;3303955
104;4;2015;São José do Vale do Rio Preto;3305158
105;4;2015;Petrópolis;3303906
106;4;2015;Petrópolis;3303906
107;4;2015;Paraíba do Sul;3303708
108;4;2015;"Comendador Levy Gasparian;Areal;Três Rios";9999991
109;4;2015;Sapucaia;3305406
110;4;2015;Teresópolis;3305802
111;4;2015;Sumidouro;3305703
112;4;2015;Carmo;3301207
118;4;2015;Araruama;3300209
119;4;2015;Rio Bonito;3304300
120;4;2015;Silva Jardim;3305604
121;4;2015;Casimiro de Abreu;3301306
122;4;2015;Conceição de Macabú;3301405
123;4;2015;Macaé;3302403
124;4;2015;Saquarema;3305505
125;4;2015;São Pedro da Aldeia;3305208
126;4;2015;Cabo Frio;3300704
127;4;2015;Armação dos Búzios;3300233
128;4;2015;Rio das Ostras;3304524
129;4;2015;Iguaba Grande;3301876
130;4;2015;"Quissamã;Carapebus";9999994
132;4;2015;Arraial do Cabo;3300258
134;4;2015;Campos dos Goytacazes;3301009
135;4;2015;Itaocara;3302106
136;4;2015;"Santo Antônio de Pádua;Aperibé";9999993
137;4;2015;Miracema;3303005
138;4;2015;Laje do Muriaé;3302304
139;4;2015;Porciúncula;3304102
140;4;2015;"Natividade;Varre-Sai";9999997
141;4;2015;São Fidélis;3304805
142;4;2015;Cambuci;3300902
143;4;2015;"Itaperuna;São José de Ubá";9999996
144;4;2015;Bom Jesus de Itabapoana;3300605
145;4;2015;São João da Barra;3305000
146;4;2015;Campos dos Goytacazes;3301009
147;4;2015;São Francisco de Itabapoana;3304755
148;4;2015;"Cardoso Moreira;Italva";9999995
151;4;2015;Nova Friburgo;3303401
152;4;2015;Duas Barras;3301603
153;4;2015;Cantagalo;3301108
154;4;2015;"Cordeiro;Macuco";9999998
155;4;2015;São Sebastião do Alto;3305307
156;4;2015;Santa Maria Madalena;3304607
157;4;2015;Trajano de Morais;3305901
158;4;2015;Bom Jardim;3300506
159;4;2015;Cachoeiras de Macacu;3300803
165;4;2015;Mangaratiba;3302601
166;4;2015;Angra dos Reis;3300100
167;4;2015;Paraty;3303807
168;4;2015;Rio Claro;3304409
1;5;2015;Rio de Janeiro;3304557
4;5;2015;Rio de Janeiro;3304557
5;5;2015;Rio de Janeiro;3304557
6;5;2015;Rio de Janeiro;3304557
7;5;2015;Rio de Janeiro;3304557
9;5;2015;Rio de Janeiro;3304557
10;5;2015;Rio de Janeiro;3304557
11;5;2015;Rio de Janeiro;3304557
12;5;2015;Rio de Janeiro;3304557
13;5;2015;Rio de Janeiro;3304557
14;5;2015;Rio de Janeiro;3304557
15;5;2015;Rio de Janeiro;3304557
16;5;2015;Rio de Janeiro;3304557
17;5;2015;Rio de Janeiro;3304557
18;5;2015;Rio de Janeiro;3304557
19;5;2015;Rio de Janeiro;3304557
20;5;2015;Rio de Janeiro;3304557
21;5;2015;Rio de Janeiro;3304557
22;5;2015;Rio de Janeiro;3304557
23;5;2015;Rio de Janeiro;3304557
24;5;2015;Rio de Janeiro;3304557
25;5;2015;Rio de Janeiro;3304557
26;5;2015;Rio de Janeiro;3304557
27;5;2015;Rio de Janeiro;3304557
28;5;2015;Rio de Janeiro;3304557
29;5;2015;Rio de Janeiro;3304557
30;5;2015;Rio de Janeiro;3304557
31;5;2015;Rio de Janeiro;3304557
32;5;2015;Rio de Janeiro;3304557
33;5;2015;Rio de Janeiro;3304557
34;5;2015;Rio de Janeiro;3304557
35;5;2015;Rio de Janeiro;3304557
36;5;2015;Rio de Janeiro;3304557
37;5;2015;Rio de Janeiro;3304557
38;5;2015;Rio de Janeiro;3304557
39;5;2015;Rio de Janeiro;3304557
40;5;2015;Rio de Janeiro;3304557
41;5;2015;Rio de Janeiro;3304557
42;5;2015;Rio de Janeiro;3304557
43;5;2015;Rio de Janeiro;3304557
44;5;2015;Rio de Janeiro;3304557
45;5;2015;Rio de Janeiro;3304557
48;5;2015;Seropédica;3305554
50;5;2015;Itaguaí;3302007
51;5;2015;Paracambi;3303609
52;5;2015;Nova Iguaçu;3303500
53;5;2015;Mesquita;3302858
54;5;2015;Belford Roxo;3300456
55;5;2015;Queimados;3304144
56;5;2015;Nova Iguaçu;3303500
57;5;2015;Nilópolis;3303203
58;5;2015;Nova Iguaçu;3303500
59;5;2015;Duque de Caxias;3301702
60;5;2015;Duque de Caxias;3301702
61;5;2015;Duque de Caxias;3301702
62;5;2015;Duque de Caxias;3301702
63;5;2015;Japeri;3302270
64;5;2015;São João de Meriti;3305109
65;5;2015;Magé;3302502
66;5;2015;Magé;3302502
67;5;2015;Guapimirim;3301850
70;5;2015;Tanguá;3305752
71;5;2015;Itaboraí;3301900
72;5;2015;São Gonçalo;3304904
73;5;2015;São Gonçalo;3304904
74;5;2015;São Gonçalo;3304904
75;5;2015;São Gonçalo;3304904
76;5;2015;Niterói;3303302
77;5;2015;Niterói;3303302
78;5;2015;Niterói;3303302
79;5;2015;Niterói;3303302
81;5;2015;Niterói;3303302
82;5;2015;Maricá;3302700
88;5;2015;Barra do Pirai;3300308
89;5;2015;Resende;3304201
90;5;2015;Barra Mansa;3300407
91;5;2015;Valença;3306107
92;5;2015;Rio das Flores;3304508
93;5;2015;Volta Redonda;3306305
94;5;2015;Piraí;3304003
95;5;2015;Vassouras;3306206
96;5;2015;"Miguel Pereira;Paty dos Alferes";9999999
97;5;2015;Mendes;3302809
98;5;2015;Engenheiro Paulo de Frontin;3301801
99;5;2015;Itatiaia;3302254
100;5;2015;"Porto Real;Quatis";9999992
101;5;2015;Pinheiral;3303955
104;5;2015;São José do Vale do Rio Preto;3305158
105;5;2015;Petrópolis;3303906
106;5;2015;Petrópolis;3303906
107;5;2015;Paraíba do Sul;3303708
108;5;2015;"Comendador Levy Gasparian;Areal;Três Rios";9999991
109;5;2015;Sapucaia;3305406
110;5;2015;Teresópolis;3305802
111;5;2015;Sumidouro;3305703
112;5;2015;Carmo;3301207
118;5;2015;Araruama;3300209
119;5;2015;Rio Bonito;3304300
120;5;2015;Silva Jardim;3305604
121;5;2015;Casimiro de Abreu;3301306
122;5;2015;Conceição de Macabú;3301405
123;5;2015;Macaé;3302403
124;5;2015;Saquarema;3305505
125;5;2015;São Pedro da Aldeia;3305208
126;5;2015;Cabo Frio;3300704
127;5;2015;Armação dos Búzios;3300233
128;5;2015;Rio das Ostras;3304524
129;5;2015;Iguaba Grande;3301876
130;5;2015;"Quissamã;Carapebus";9999994
132;5;2015;Arraial do Cabo;3300258
134;5;2015;Campos dos Goytacazes;3301009
135;5;2015;Itaocara;3302106
136;5;2015;"Santo Antônio de Pádua;Aperibé";9999993
137;5;2015;Miracema;3303005
138;5;2015;Laje do Muriaé;3302304
139;5;2015;Porciúncula;3304102
140;5;2015;"Natividade;Varre-Sai";9999997
141;5;2015;São Fidélis;3304805
142;5;2015;Cambuci;3300902
143;5;2015;"Itaperuna;São José de Ubá";9999996
144;5;2015;Bom Jesus de Itabapoana;3300605
145;5;2015;São João da Barra;3305000
146;5;2015;Campos dos Goytacazes;3301009
147;5;2015;São Francisco de Itabapoana;3304755
148;5;2015;"Cardoso Moreira;Italva";9999995
151;5;2015;Nova Friburgo;3303401
152;5;2015;Duas Barras;3301603
153;5;2015;Cantagalo;3301108
154;5;2015;"Cordeiro;Macuco";9999998
155;5;2015;São Sebastião do Alto;3305307
156;5;2015;Santa Maria Madalena;3304607
157;5;2015;Trajano de Morais;3305901
158;5;2015;Bom Jardim;3300506
159;5;2015;Cachoeiras de Macacu;3300803
165;5;2015;Mangaratiba;3302601
166;5;2015;Angra dos Reis;3300100
167;5;2015;Paraty;3303807
168;5;2015;Rio Claro;3304409
1;6;2015;Rio de Janeiro;3304557
4;6;2015;Rio de Janeiro;3304557
5;6;2015;Rio de Janeiro;3304557
6;6;2015;Rio de Janeiro;3304557
7;6;2015;Rio de Janeiro;3304557
9;6;2015;Rio de Janeiro;3304557
10;6;2015;Rio de Janeiro;3304557
11;6;2015;Rio de Janeiro;3304557
12;6;2015;Rio de Janeiro;3304557
13;6;2015;Rio de Janeiro;3304557
14;6;2015;Rio de Janeiro;3304557
15;6;2015;Rio de Janeiro;3304557
16;6;2015;Rio de Janeiro;3304557
17;6;2015;Rio de Janeiro;3304557
18;6;2015;Rio de Janeiro;3304557
19;6;2015;Rio de Janeiro;3304557
20;6;2015;Rio de Janeiro;3304557
21;6;2015;Rio de Janeiro;3304557
22;6;2015;Rio de Janeiro;3304557
23;6;2015;Rio de Janeiro;3304557
24;6;2015;Rio de Janeiro;3304557
25;6;2015;Rio de Janeiro;3304557
26;6;2015;Rio de Janeiro;3304557
27;6;2015;Rio de Janeiro;3304557
28;6;2015;Rio de Janeiro;3304557
29;6;2015;Rio de Janeiro;3304557
30;6;2015;Rio de Janeiro;3304557
31;6;2015;Rio de Janeiro;3304557
32;6;2015;Rio de Janeiro;3304557
33;6;2015;Rio de Janeiro;3304557
34;6;2015;Rio de Janeiro;3304557
35;6;2015;Rio de Janeiro;3304557
36;6;2015;Rio de Janeiro;3304557
37;6;2015;Rio de Janeiro;3304557
38;6;2015;Rio de Janeiro;3304557
39;6;2015;Rio de Janeiro;3304557
40;6;2015;Rio de Janeiro;3304557
41;6;2015;Rio de Janeiro;3304557
42;6;2015;Rio de Janeiro;3304557
43;6;2015;Rio de Janeiro;3304557
44;6;2015;Rio de Janeiro;3304557
45;6;2015;Rio de Janeiro;3304557
48;6;2015;Seropédica;3305554
50;6;2015;Itaguaí;3302007
51;6;2015;Paracambi;3303609
52;6;2015;Nova Iguaçu;3303500
53;6;2015;Mesquita;3302858
54;6;2015;Belford Roxo;3300456
55;6;2015;Queimados;3304144
56;6;2015;Nova Iguaçu;3303500
57;6;2015;Nilópolis;3303203
58;6;2015;Nova Iguaçu;3303500
59;6;2015;Duque de Caxias;3301702
60;6;2015;Duque de Caxias;3301702
61;6;2015;Duque de Caxias;3301702
62;6;2015;Duque de Caxias;3301702
63;6;2015;Japeri;3302270
64;6;2015;São João de Meriti;3305109
65;6;2015;Magé;3302502
66;6;2015;Magé;3302502
67;6;2015;Guapimirim;3301850
70;6;2015;Tanguá;3305752
71;6;2015;Itaboraí;3301900
72;6;2015;São Gonçalo;3304904
73;6;2015;São Gonçalo;3304904
74;6;2015;São Gonçalo;3304904
75;6;2015;São Gonçalo;3304904
76;6;2015;Niterói;3303302
77;6;2015;Niterói;3303302
78;6;2015;Niterói;3303302
79;6;2015;Niterói;3303302
81;6;2015;Niterói;3303302
82;6;2015;Maricá;3302700
88;6;2015;Barra do Pirai;3300308
89;6;2015;Resende;3304201
90;6;2015;Barra Mansa;3300407
91;6;2015;Valença;3306107
92;6;2015;Rio das Flores;3304508
93;6;2015;Volta Redonda;3306305
94;6;2015;Piraí;3304003
95;6;2015;Vassouras;3306206
96;6;2015;"Miguel Pereira;Paty dos Alferes";9999999
97;6;2015;Mendes;3302809
98;6;2015;Engenheiro Paulo de Frontin;3301801
99;6;2015;Itatiaia;3302254
100;6;2015;"Porto Real;Quatis";9999992
101;6;2015;Pinheiral;3303955
104;6;2015;São José do Vale do Rio Preto;3305158
105;6;2015;Petrópolis;3303906
106;6;2015;Petrópolis;3303906
107;6;2015;Paraíba do Sul;3303708
108;6;2015;"Comendador Levy Gasparian;Areal;Três Rios";9999991
109;6;2015;Sapucaia;3305406
110;6;2015;Teresópolis;3305802
111;6;2015;Sumidouro;3305703
112;6;2015;Carmo;3301207
118;6;2015;Araruama;3300209
119;6;2015;Rio Bonito;3304300
120;6;2015;Silva Jardim;3305604
121;6;2015;Casimiro de Abreu;3301306
122;6;2015;Conceição de Macabú;3301405
123;6;2015;Macaé;3302403
124;6;2015;Saquarema;3305505
125;6;2015;São Pedro da Aldeia;3305208
126;6;2015;Cabo Frio;3300704
127;6;2015;Armação dos Búzios;3300233
128;6;2015;Rio das Ostras;3304524
129;6;2015;Iguaba Grande;3301876
130;6;2015;"Quissamã;Carapebus";9999994
132;6;2015;Arraial do Cabo;3300258
134;6;2015;Campos dos Goytacazes;3301009
135;6;2015;Itaocara;3302106
136;6;2015;"Santo Antônio de Pádua;Aperibé";9999993
137;6;2015;Miracema;3303005
138;6;2015;Laje do Muriaé;3302304
139;6;2015;Porciúncula;3304102
140;6;2015;"Natividade;Varre-Sai";9999997
141;6;2015;São Fidélis;3304805
142;6;2015;Cambuci;3300902
143;6;2015;"Itaperuna;São José de Ubá";9999996
144;6;2015;Bom Jesus de Itabapoana;3300605
145;6;2015;São João da Barra;3305000
146;6;2015;Campos dos Goytacazes;3301009
147;6;2015;São Francisco de Itabapoana;3304755
148;6;2015;"Cardoso Moreira;Italva";9999995
151;6;2015;Nova Friburgo;3303401
152;6;2015;Duas Barras;3301603
153;6;2015;Cantagalo;3301108
154;6;2015;"Cordeiro;Macuco";9999998
155;6;2015;São Sebastião do Alto;3305307
156;6;2015;Santa Maria Madalena;3304607
157;6;2015;Trajano de Morais;3305901
158;6;2015;Bom Jardim;3300506
159;6;2015;Cachoeiras de Macacu;3300803
165;6;2015;Mangaratiba;3302601
166;6;2015;Angra dos Reis;3300100
167;6;2015;Paraty;3303807
168;6;2015;Rio Claro;3304409
1;7;2015;Rio de Janeiro;3304557
4;7;2015;Rio de Janeiro;3304557
5;7;2015;Rio de Janeiro;3304557
6;7;2015;Rio de Janeiro;3304557
7;7;2015;Rio de Janeiro;3304557
9;7;2015;Rio de Janeiro;3304557
10;7;2015;Rio de Janeiro;3304557
11;7;2015;Rio de Janeiro;3304557
12;7;2015;Rio de Janeiro;3304557
13;7;2015;Rio de Janeiro;3304557
14;7;2015;Rio de Janeiro;3304557
15;7;2015;Rio de Janeiro;3304557
16;7;2015;Rio de Janeiro;3304557
17;7;2015;Rio de Janeiro;3304557
18;7;2015;Rio de Janeiro;3304557
19;7;2015;Rio de Janeiro;3304557
20;7;2015;Rio de Janeiro;3304557
21;7;2015;Rio de Janeiro;3304557
22;7;2015;Rio de Janeiro;3304557
23;7;2015;Rio de Janeiro;3304557
24;7;2015;Rio de Janeiro;3304557
25;7;2015;Rio de Janeiro;3304557
26;7;2015;Rio de Janeiro;3304557
27;7;2015;Rio de Janeiro;3304557
28;7;2015;Rio de Janeiro;3304557
29;7;2015;Rio de Janeiro;3304557
30;7;2015;Rio de Janeiro;3304557
31;7;2015;Rio de Janeiro;3304557
32;7;2015;Rio de Janeiro;3304557
33;7;2015;Rio de Janeiro;3304557
34;7;2015;Rio de Janeiro;3304557
35;7;2015;Rio de Janeiro;3304557
36;7;2015;Rio de Janeiro;3304557
37;7;2015;Rio de Janeiro;3304557
38;7;2015;Rio de Janeiro;3304557
39;7;2015;Rio de Janeiro;3304557
40;7;2015;Rio de Janeiro;3304557
41;7;2015;Rio de Janeiro;3304557
42;7;2015;Rio de Janeiro;3304557
43;7;2015;Rio de Janeiro;3304557
44;7;2015;Rio de Janeiro;3304557
45;7;2015;Rio de Janeiro;3304557
48;7;2015;Seropédica;3305554
50;7;2015;Itaguaí;3302007
51;7;2015;Paracambi;3303609
52;7;2015;Nova Iguaçu;3303500
53;7;2015;Mesquita;3302858
54;7;2015;Belford Roxo;3300456
55;7;2015;Queimados;3304144
56;7;2015;Nova Iguaçu;3303500
57;7;2015;Nilópolis;3303203
58;7;2015;Nova Iguaçu;3303500
59;7;2015;Duque de Caxias;3301702
60;7;2015;Duque de Caxias;3301702
61;7;2015;Duque de Caxias;3301702
62;7;2015;Duque de Caxias;3301702
63;7;2015;Japeri;3302270
64;7;2015;São João de Meriti;3305109
65;7;2015;Magé;3302502
66;7;2015;Magé;3302502
67;7;2015;Guapimirim;3301850
70;7;2015;Tanguá;3305752
71;7;2015;Itaboraí;3301900
72;7;2015;São Gonçalo;3304904
73;7;2015;São Gonçalo;3304904
74;7;2015;São Gonçalo;3304904
75;7;2015;São Gonçalo;3304904
76;7;2015;Niterói;3303302
77;7;2015;Niterói;3303302
78;7;2015;Niterói;3303302
79;7;2015;Niterói;3303302
81;7;2015;Niterói;3303302
82;7;2015;Maricá;3302700
88;7;2015;Barra do Pirai;3300308
89;7;2015;Resende;3304201
90;7;2015;Barra Mansa;3300407
91;7;2015;Valença;3306107
92;7;2015;Rio das Flores;3304508
93;7;2015;Volta Redonda;3306305
94;7;2015;Piraí;3304003
95;7;2015;Vassouras;3306206
96;7;2015;"Miguel Pereira;Paty dos Alferes";9999999
97;7;2015;Mendes;3302809
98;7;2015;Engenheiro Paulo de Frontin;3301801
99;7;2015;Itatiaia;3302254
100;7;2015;"Porto Real;Quatis";9999992
101;7;2015;Pinheiral;3303955
104;7;2015;São José do Vale do Rio Preto;3305158
105;7;2015;Petrópolis;3303906
106;7;2015;Petrópolis;3303906
107;7;2015;Paraíba do Sul;3303708
108;7;2015;"Comendador Levy Gasparian;Areal;Três Rios";9999991
109;7;2015;Sapucaia;3305406
110;7;2015;Teresópolis;3305802
111;7;2015;Sumidouro;3305703
112;7;2015;Carmo;3301207
118;7;2015;Araruama;3300209
119;7;2015;Rio Bonito;3304300
120;7;2015;Silva Jardim;3305604
121;7;2015;Casimiro de Abreu;3301306
122;7;2015;Conceição de Macabú;3301405
123;7;2015;Macaé;3302403
124;7;2015;Saquarema;3305505
125;7;2015;São Pedro da Aldeia;3305208
126;7;2015;Cabo Frio;3300704
127;7;2015;Armação dos Búzios;3300233
128;7;2015;Rio das Ostras;3304524
129;7;2015;Iguaba Grande;3301876
130;7;2015;"Quissamã;Carapebus";9999994
132;7;2015;Arraial do Cabo;3300258
134;7;2015;Campos dos Goytacazes;3301009
135;7;2015;Itaocara;3302106
136;7;2015;"Santo Antônio de Pádua;Aperibé";9999993
137;7;2015;Miracema;3303005
138;7;2015;Laje do Muriaé;3302304
139;7;2015;Porciúncula;3304102
140;7;2015;"Natividade;Varre-Sai";9999997
141;7;2015;São Fidélis;3304805
142;7;2015;Cambuci;3300902
143;7;2015;"Itaperuna;São José de Ubá";9999996
144;7;2015;Bom Jesus de Itabapoana;3300605
145;7;2015;São João da Barra;3305000
146;7;2015;Campos dos Goytacazes;3301009
147;7;2015;São Francisco de Itabapoana;3304755
148;7;2015;"Cardoso Moreira;Italva";9999995
151;7;2015;Nova Friburgo;3303401
152;7;2015;Duas Barras;3301603
153;7;2015;Cantagalo;3301108
154;7;2015;"Cordeiro;Macuco";9999998
155;7;2015;São Sebastião do Alto;3305307
156;7;2015;Santa Maria Madalena;3304607
157;7;2015;Trajano de Morais;3305901
158;7;2015;Bom Jardim;3300506
159;7;2015;Cachoeiras de Macacu;3300803
165;7;2015;Mangaratiba;3302601
166;7;2015;Angra dos Reis;3300100
167;7;2015;Paraty;3303807
168;7;2015;Rio Claro;3304409
1;8;2015;Rio de Janeiro;3304557
4;8;2015;Rio de Janeiro;3304557
5;8;2015;Rio de Janeiro;3304557
6;8;2015;Rio de Janeiro;3304557
7;8;2015;Rio de Janeiro;3304557
9;8;2015;Rio de Janeiro;3304557
10;8;2015;Rio de Janeiro;3304557
11;8;2015;Rio de Janeiro;3304557
12;8;2015;Rio de Janeiro;3304557
13;8;2015;Rio de Janeiro;3304557
14;8;2015;Rio de Janeiro;3304557
15;8;2015;Rio de Janeiro;3304557
16;8;2015;Rio de Janeiro;3304557
17;8;2015;Rio de Janeiro;3304557
18;8;2015;Rio de Janeiro;3304557
19;8;2015;Rio de Janeiro;3304557
20;8;2015;Rio de Janeiro;3304557
21;8;2015;Rio de Janeiro;3304557
22;8;2015;Rio de Janeiro;3304557
23;8;2015;Rio de Janeiro;3304557
24;8;2015;Rio de Janeiro;3304557
25;8;2015;Rio de Janeiro;3304557
26;8;2015;Rio de Janeiro;3304557
27;8;2015;Rio de Janeiro;3304557
28;8;2015;Rio de Janeiro;3304557
29;8;2015;Rio de Janeiro;3304557
30;8;2015;Rio de Janeiro;3304557
31;8;2015;Rio de Janeiro;3304557
32;8;2015;Rio de Janeiro;3304557
33;8;2015;Rio de Janeiro;3304557
34;8;2015;Rio de Janeiro;3304557
35;8;2015;Rio de Janeiro;3304557
36;8;2015;Rio de Janeiro;3304557
37;8;2015;Rio de Janeiro;3304557
38;8;2015;Rio de Janeiro;3304557
39;8;2015;Rio de Janeiro;3304557
40;8;2015;Rio de Janeiro;3304557
41;8;2015;Rio de Janeiro;3304557
42;8;2015;Rio de Janeiro;3304557
43;8;2015;Rio de Janeiro;3304557
44;8;2015;Rio de Janeiro;3304557
45;8;2015;Rio de Janeiro;3304557
48;8;2015;Seropédica;3305554
50;8;2015;Itaguaí;3302007
51;8;2015;Paracambi;3303609
52;8;2015;Nova Iguaçu;3303500
53;8;2015;Mesquita;3302858
54;8;2015;Belford Roxo;3300456
55;8;2015;Queimados;3304144
56;8;2015;Nova Iguaçu;3303500
57;8;2015;Nilópolis;3303203
58;8;2015;Nova Iguaçu;3303500
59;8;2015;Duque de Caxias;3301702
60;8;2015;Duque de Caxias;3301702
61;8;2015;Duque de Caxias;3301702
62;8;2015;Duque de Caxias;3301702
63;8;2015;Japeri;3302270
64;8;2015;São João de Meriti;3305109
65;8;2015;Magé;3302502
66;8;2015;Magé;3302502
67;8;2015;Guapimirim;3301850
70;8;2015;Tanguá;3305752
71;8;2015;Itaboraí;3301900
72;8;2015;São Gonçalo;3304904
73;8;2015;São Gonçalo;3304904
74;8;2015;São Gonçalo;3304904
75;8;2015;São Gonçalo;3304904
76;8;2015;Niterói;3303302
77;8;2015;Niterói;3303302
78;8;2015;Niterói;3303302
79;8;2015;Niterói;3303302
81;8;2015;Niterói;3303302
82;8;2015;Maricá;3302700
88;8;2015;Barra do Pirai;3300308
89;8;2015;Resende;3304201
90;8;2015;Barra Mansa;3300407
91;8;2015;Valença;3306107
92;8;2015;Rio das Flores;3304508
93;8;2015;Volta Redonda;3306305
94;8;2015;Piraí;3304003
95;8;2015;Vassouras;3306206
96;8;2015;"Miguel Pereira;Paty dos Alferes";9999999
97;8;2015;Mendes;3302809
98;8;2015;Engenheiro Paulo de Frontin;3301801
99;8;2015;Itatiaia;3302254
100;8;2015;"Porto Real;Quatis";9999992
101;8;2015;Pinheiral;3303955
104;8;2015;São José do Vale do Rio Preto;3305158
105;8;2015;Petrópolis;3303906
106;8;2015;Petrópolis;3303906
107;8;2015;Paraíba do Sul;3303708
108;8;2015;"Comendador Levy Gasparian;Areal;Três Rios";9999991
109;8;2015;Sapucaia;3305406
110;8;2015;Teresópolis;3305802
111;8;2015;Sumidouro;3305703
112;8;2015;Carmo;3301207
118;8;2015;Araruama;3300209
119;8;2015;Rio Bonito;3304300
120;8;2015;Silva Jardim;3305604
121;8;2015;Casimiro de Abreu;3301306
122;8;2015;Conceição de Macabú;3301405
123;8;2015;Macaé;3302403
124;8;2015;Saquarema;3305505
125;8;2015;São Pedro da Aldeia;3305208
126;8;2015;Cabo Frio;3300704
127;8;2015;Armação dos Búzios;3300233
128;8;2015;Rio das Ostras;3304524
129;8;2015;Iguaba Grande;3301876
130;8;2015;"Quissamã;Carapebus";9999994
132;8;2015;Arraial do Cabo;3300258
134;8;2015;Campos dos Goytacazes;3301009
135;8;2015;Itaocara;3302106
136;8;2015;"Santo Antônio de Pádua;Aperibé";9999993
137;8;2015;Miracema;3303005
138;8;2015;Laje do Muriaé;3302304
139;8;2015;Porciúncula;3304102
140;8;2015;"Natividade;Varre-Sai";9999997
141;8;2015;São Fidélis;3304805
142;8;2015;Cambuci;3300902
143;8;2015;"Itaperuna;São José de Ubá";9999996
144;8;2015;Bom Jesus de Itabapoana;3300605
145;8;2015;São João da Barra;3305000
146;8;2015;Campos dos Goytacazes;3301009
147;8;2015;São Francisco de Itabapoana;3304755
148;8;2015;"Cardoso Moreira;Italva";9999995
151;8;2015;Nova Friburgo;3303401
152;8;2015;Duas Barras;3301603
153;8;2015;Cantagalo;3301108
154;8;2015;"Cordeiro;Macuco";9999998
155;8;2015;São Sebastião do Alto;3305307
156;8;2015;Santa Maria Madalena;3304607
157;8;2015;Trajano de Morais;3305901
158;8;2015;Bom Jardim;3300506
159;8;2015;Cachoeiras de Macacu;3300803
165;8;2015;Mangaratiba;3302601
166;8;2015;Angra dos Reis;3300100
167;8;2015;Paraty;3303807
168;8;2015;Rio Claro;3304409
1;9;2015;Rio de Janeiro;3304557
4;9;2015;Rio de Janeiro;3304557
5;9;2015;Rio de Janeiro;3304557
6;9;2015;Rio de Janeiro;3304557
7;9;2015;Rio de Janeiro;3304557
9;9;2015;Rio de Janeiro;3304557
10;9;2015;Rio de Janeiro;3304557
11;9;2015;Rio de Janeiro;3304557
12;9;2015;Rio de Janeiro;3304557
13;9;2015;Rio de Janeiro;3304557
14;9;2015;Rio de Janeiro;3304557
15;9;2015;Rio de Janeiro;3304557
16;9;2015;Rio de Janeiro;3304557
17;9;2015;Rio de Janeiro;3304557
18;9;2015;Rio de Janeiro;3304557
19;9;2015;Rio de Janeiro;3304557
20;9;2015;Rio de Janeiro;3304557
21;9;2015;Rio de Janeiro;3304557
22;9;2015;Rio de Janeiro;3304557
23;9;2015;Rio de Janeiro;3304557
24;9;2015;Rio de Janeiro;3304557
25;9;2015;Rio de Janeiro;3304557
26;9;2015;Rio de Janeiro;3304557
27;9;2015;Rio de Janeiro;3304557
28;9;2015;Rio de Janeiro;3304557
29;9;2015;Rio de Janeiro;3304557
30;9;2015;Rio de Janeiro;3304557
31;9;2015;Rio de Janeiro;3304557
32;9;2015;Rio de Janeiro;3304557
33;9;2015;Rio de Janeiro;3304557
34;9;2015;Rio de Janeiro;3304557
35;9;2015;Rio de Janeiro;3304557
36;9;2015;Rio de Janeiro;3304557
37;9;2015;Rio de Janeiro;3304557
38;9;2015;Rio de Janeiro;3304557
39;9;2015;Rio de Janeiro;3304557
40;9;2015;Rio de Janeiro;3304557
41;9;2015;Rio de Janeiro;3304557
42;9;2015;Rio de Janeiro;3304557
43;9;2015;Rio de Janeiro;3304557
44;9;2015;Rio de Janeiro;3304557
45;9;2015;Rio de Janeiro;3304557
48;9;2015;Seropédica;3305554
50;9;2015;Itaguaí;3302007
51;9;2015;Paracambi;3303609
52;9;2015;Nova Iguaçu;3303500
53;9;2015;Mesquita;3302858
54;9;2015;Belford Roxo;3300456
55;9;2015;Queimados;3304144
56;9;2015;Nova Iguaçu;3303500
57;9;2015;Nilópolis;3303203
58;9;2015;Nova Iguaçu;3303500
59;9;2015;Duque de Caxias;3301702
60;9;2015;Duque de Caxias;3301702
61;9;2015;Duque de Caxias;3301702
62;9;2015;Duque de Caxias;3301702
63;9;2015;Japeri;3302270
64;9;2015;São João de Meriti;3305109
65;9;2015;Magé;3302502
66;9;2015;Magé;3302502
67;9;2015;Guapimirim;3301850
70;9;2015;Tanguá;3305752
71;9;2015;Itaboraí;3301900
72;9;2015;São Gonçalo;3304904
73;9;2015;São Gonçalo;3304904
74;9;2015;São Gonçalo;3304904
75;9;2015;São Gonçalo;3304904
76;9;2015;Niterói;3303302
77;9;2015;Niterói;3303302
78;9;2015;Niterói;3303302
79;9;2015;Niterói;3303302
81;9;2015;Niterói;3303302
82;9;2015;Maricá;3302700
88;9;2015;Barra do Pirai;3300308
89;9;2015;Resende;3304201
90;9;2015;Barra Mansa;3300407
91;9;2015;Valença;3306107
92;9;2015;Rio das Flores;3304508
93;9;2015;Volta Redonda;3306305
94;9;2015;Piraí;3304003
95;9;2015;Vassouras;3306206
96;9;2015;"Miguel Pereira;Paty dos Alferes";9999999
97;9;2015;Mendes;3302809
98;9;2015;Engenheiro Paulo de Frontin;3301801
99;9;2015;Itatiaia;3302254
100;9;2015;"Porto Real;Quatis";9999992
101;9;2015;Pinheiral;3303955
104;9;2015;São José do Vale do Rio Preto;3305158
105;9;2015;Petrópolis;3303906
106;9;2015;Petrópolis;3303906
107;9;2015;Paraíba do Sul;3303708
108;9;2015;"Comendador Levy Gasparian;Areal;Três Rios";9999991
109;9;2015;Sapucaia;3305406
110;9;2015;Teresópolis;3305802
111;9;2015;Sumidouro;3305703
112;9;2015;Carmo;3301207
118;9;2015;Araruama;3300209
119;9;2015;Rio Bonito;3304300
120;9;2015;Silva Jardim;3305604
121;9;2015;Casimiro de Abreu;3301306
122;9;2015;Conceição de Macabú;3301405
123;9;2015;Macaé;3302403
124;9;2015;Saquarema;3305505
125;9;2015;São Pedro da Aldeia;3305208
126;9;2015;Cabo Frio;3300704
127;9;2015;Armação dos Búzios;3300233
128;9;2015;Rio das Ostras;3304524
129;9;2015;Iguaba Grande;3301876
130;9;2015;"Quissamã;Carapebus";9999994
132;9;2015;Arraial do Cabo;3300258
134;9;2015;Campos dos Goytacazes;3301009
135;9;2015;Itaocara;3302106
136;9;2015;"Santo Antônio de Pádua;Aperibé";9999993
137;9;2015;Miracema;3303005
138;9;2015;Laje do Muriaé;3302304
139;9;2015;Porciúncula;3304102
140;9;2015;"Natividade;Varre-Sai";9999997
141;9;2015;São Fidélis;3304805
142;9;2015;Cambuci;3300902
143;9;2015;"Itaperuna;São José de Ubá";9999996
144;9;2015;Bom Jesus de Itabapoana;3300605
145;9;2015;São João da Barra;3305000
146;9;2015;Campos dos Goytacazes;3301009
147;9;2015;São Francisco de Itabapoana;3304755
148;9;2015;"Cardoso Moreira;Italva";9999995
151;9;2015;Nova Friburgo;3303401
152;9;2015;Duas Barras;3301603
153;9;2015;Cantagalo;3301108
154;9;2015;"Cordeiro;Macuco";9999998
155;9;2015;São Sebastião do Alto;3305307
156;9;2015;Santa Maria Madalena;3304607
157;9;2015;Trajano de Morais;3305901
158;9;2015;Bom Jardim;3300506
159;9;2015;Cachoeiras de Macacu;3300803
165;9;2015;Mangaratiba;3302601
166;9;2015;Angra dos Reis;3300100
167;9;2015;Paraty;3303807
168;9;2015;Rio Claro;3304409
1;10;2015;Rio de Janeiro;3304557
4;10;2015;Rio de Janeiro;3304557
5;10;2015;Rio de Janeiro;3304557
6;10;2015;Rio de Janeiro;3304557
7;10;2015;Rio de Janeiro;3304557
9;10;2015;Rio de Janeiro;3304557
10;10;2015;Rio de Janeiro;3304557
11;10;2015;Rio de Janeiro;3304557
12;10;2015;Rio de Janeiro;3304557
13;10;2015;Rio de Janeiro;3304557
14;10;2015;Rio de Janeiro;3304557
15;10;2015;Rio de Janeiro;3304557
16;10;2015;Rio de Janeiro;3304557
17;10;2015;Rio de Janeiro;3304557
18;10;2015;Rio de Janeiro;3304557
19;10;2015;Rio de Janeiro;3304557
20;10;2015;Rio de Janeiro;3304557
21;10;2015;Rio de Janeiro;3304557
22;10;2015;Rio de Janeiro;3304557
23;10;2015;Rio de Janeiro;3304557
24;10;2015;Rio de Janeiro;3304557
25;10;2015;Rio de Janeiro;3304557
26;10;2015;Rio de Janeiro;3304557
27;10;2015;Rio de Janeiro;3304557
28;10;2015;Rio de Janeiro;3304557
29;10;2015;Rio de Janeiro;3304557
30;10;2015;Rio de Janeiro;3304557
31;10;2015;Rio de Janeiro;3304557
32;10;2015;Rio de Janeiro;3304557
33;10;2015;Rio de Janeiro;3304557
34;10;2015;Rio de Janeiro;3304557
35;10;2015;Rio de Janeiro;3304557
36;10;2015;Rio de Janeiro;3304557
37;10;2015;Rio de Janeiro;3304557
38;10;2015;Rio de Janeiro;3304557
39;10;2015;Rio de Janeiro;3304557
40;10;2015;Rio de Janeiro;3304557
41;10;2015;Rio de Janeiro;3304557
42;10;2015;Rio de Janeiro;3304557
43;10;2015;Rio de Janeiro;3304557
44;10;2015;Rio de Janeiro;3304557
45;10;2015;Rio de Janeiro;3304557
48;10;2015;Seropédica;3305554
50;10;2015;Itaguaí;3302007
51;10;2015;Paracambi;3303609
52;10;2015;Nova Iguaçu;3303500
53;10;2015;Mesquita;3302858
54;10;2015;Belford Roxo;3300456
55;10;2015;Queimados;3304144
56;10;2015;Nova Iguaçu;3303500
57;10;2015;Nilópolis;3303203
58;10;2015;Nova Iguaçu;3303500
59;10;2015;Duque de Caxias;3301702
60;10;2015;Duque de Caxias;3301702
61;10;2015;Duque de Caxias;3301702
62;10;2015;Duque de Caxias;3301702
63;10;2015;Japeri;3302270
64;10;2015;São João de Meriti;3305109
65;10;2015;Magé;3302502
66;10;2015;Magé;3302502
67;10;2015;Guapimirim;3301850
70;10;2015;Tanguá;3305752
71;10;2015;Itaboraí;3301900
72;10;2015;São Gonçalo;3304904
73;10;2015;São Gonçalo;3304904
74;10;2015;São Gonçalo;3304904
75;10;2015;São Gonçalo;3304904
76;10;2015;Niterói;3303302
77;10;2015;Niterói;3303302
78;10;2015;Niterói;3303302
79;10;2015;Niterói;3303302
81;10;2015;Niterói;3303302
82;10;2015;Maricá;3302700
88;10;2015;Barra do Pirai;3300308
89;10;2015;Resende;3304201
90;10;2015;Barra Mansa;3300407
91;10;2015;Valença;3306107
92;10;2015;Rio das Flores;3304508
93;10;2015;Volta Redonda;3306305
94;10;2015;Piraí;3304003
95;10;2015;Vassouras;3306206
96;10;2015;"Miguel Pereira;Paty dos Alferes";9999999
97;10;2015;Mendes;3302809
98;10;2015;Engenheiro Paulo de Frontin;3301801
99;10;2015;Itatiaia;3302254
100;10;2015;"Porto Real;Quatis";9999992
101;10;2015;Pinheiral;3303955
104;10;2015;São José do Vale do Rio Preto;3305158
105;10;2015;Petrópolis;3303906
106;10;2015;Petrópolis;3303906
107;10;2015;Paraíba do Sul;3303708
108;10;2015;"Comendador Levy Gasparian;Areal;Três Rios";9999991
109;10;2015;Sapucaia;3305406
110;10;2015;Teresópolis;3305802
111;10;2015;Sumidouro;3305703
112;10;2015;Carmo;3301207
118;10;2015;Araruama;3300209
119;10;2015;Rio Bonito;3304300
120;10;2015;Silva Jardim;3305604
121;10;2015;Casimiro de Abreu;3301306
122;10;2015;Conceição de Macabú;3301405
123;10;2015;Macaé;3302403
124;10;2015;Saquarema;3305505
125;10;2015;São Pedro da Aldeia;3305208
126;10;2015;Cabo Frio;3300704
127;10;2015;Armação dos Búzios;3300233
128;10;2015;Rio das Ostras;3304524
129;10;2015;Iguaba Grande;3301876
130;10;2015;"Quissamã;Carapebus";9999994
132;10;2015;Arraial do Cabo;3300258
134;10;2015;Campos dos Goytacazes;3301009
135;10;2015;Itaocara;3302106
136;10;2015;"Santo Antônio de Pádua;Aperibé";9999993
137;10;2015;Miracema;3303005
138;10;2015;Laje do Muriaé;3302304
139;10;2015;Porciúncula;3304102
140;10;2015;"Natividade;Varre-Sai";9999997
141;10;2015;São Fidélis;3304805
142;10;2015;Cambuci;3300902
143;10;2015;"Itaperuna;São José de Ubá";9999996
144;10;2015;Bom Jesus de Itabapoana;3300605
145;10;2015;São João da Barra;3305000
146;10;2015;Campos dos Goytacazes;3301009
147;10;2015;São Francisco de Itabapoana;3304755
148;10;2015;"Cardoso Moreira;Italva";9999995
151;10;2015;Nova Friburgo;3303401
152;10;2015;Duas Barras;3301603
153;10;2015;Cantagalo;3301108
154;10;2015;"Cordeiro;Macuco";9999998
155;10;2015;São Sebastião do Alto;3305307
156;10;2015;Santa Maria Madalena;3304607
157;10;2015;Trajano de Morais;3305901
158;10;2015;Bom Jardim;3300506
159;10;2015;Cachoeiras de Macacu;3300803
165;10;2015;Mangaratiba;3302601
166;10;2015;Angra dos Reis;3300100
167;10;2015;Paraty;3303807
168;10;2015;Rio Claro;3304409
1;11;2015;Rio de Janeiro;3304557
4;11;2015;Rio de Janeiro;3304557
5;11;2015;Rio de Janeiro;3304557
6;11;2015;Rio de Janeiro;3304557
7;11;2015;Rio de Janeiro;3304557
9;11;2015;Rio de Janeiro;3304557
10;11;2015;Rio de Janeiro;3304557
11;11;2015;Rio de Janeiro;3304557
12;11;2015;Rio de Janeiro;3304557
13;11;2015;Rio de Janeiro;3304557
14;11;2015;Rio de Janeiro;3304557
15;11;2015;Rio de Janeiro;3304557
16;11;2015;Rio de Janeiro;3304557
17;11;2015;Rio de Janeiro;3304557
18;11;2015;Rio de Janeiro;3304557
19;11;2015;Rio de Janeiro;3304557
20;11;2015;Rio de Janeiro;3304557
21;11;2015;Rio de Janeiro;3304557
22;11;2015;Rio de Janeiro;3304557
23;11;2015;Rio de Janeiro;3304557
24;11;2015;Rio de Janeiro;3304557
25;11;2015;Rio de Janeiro;3304557
26;11;2015;Rio de Janeiro;3304557
27;11;2015;Rio de Janeiro;3304557
28;11;2015;Rio de Janeiro;3304557
29;11;2015;Rio de Janeiro;3304557
30;11;2015;Rio de Janeiro;3304557
31;11;2015;Rio de Janeiro;3304557
32;11;2015;Rio de Janeiro;3304557
33;11;2015;Rio de Janeiro;3304557
34;11;2015;Rio de Janeiro;3304557
35;11;2015;Rio de Janeiro;3304557
36;11;2015;Rio de Janeiro;3304557
37;11;2015;Rio de Janeiro;3304557
38;11;2015;Rio de Janeiro;3304557
39;11;2015;Rio de Janeiro;3304557
40;11;2015;Rio de Janeiro;3304557
41;11;2015;Rio de Janeiro;3304557
42;11;2015;Rio de Janeiro;3304557
43;11;2015;Rio de Janeiro;3304557
44;11;2015;Rio de Janeiro;3304557
45;11;2015;Rio de Janeiro;3304557
48;11;2015;Seropédica;3305554
50;11;2015;Itaguaí;3302007
51;11;2015;Paracambi;3303609
52;11;2015;Nova Iguaçu;3303500
53;11;2015;Mesquita;3302858
54;11;2015;Belford Roxo;3300456
55;11;2015;Queimados;3304144
56;11;2015;Nova Iguaçu;3303500
57;11;2015;Nilópolis;3303203
58;11;2015;Nova Iguaçu;3303500
59;11;2015;Duque de Caxias;3301702
60;11;2015;Duque de Caxias;3301702
61;11;2015;Duque de Caxias;3301702
62;11;2015;Duque de Caxias;3301702
63;11;2015;Japeri;3302270
64;11;2015;São João de Meriti;3305109
65;11;2015;Magé;3302502
66;11;2015;Magé;3302502
67;11;2015;Guapimirim;3301850
70;11;2015;Tanguá;3305752
71;11;2015;Itaboraí;3301900
72;11;2015;São Gonçalo;3304904
73;11;2015;São Gonçalo;3304904
74;11;2015;São Gonçalo;3304904
75;11;2015;São Gonçalo;3304904
76;11;2015;Niterói;3303302
77;11;2015;Niterói;3303302
78;11;2015;Niterói;3303302
79;11;2015;Niterói;3303302
81;11;2015;Niterói;3303302
82;11;2015;Maricá;3302700
88;11;2015;Barra do Pirai;3300308
89;11;2015;Resende;3304201
90;11;2015;Barra Mansa;3300407
91;11;2015;Valença;3306107
92;11;2015;Rio das Flores;3304508
93;11;2015;Volta Redonda;3306305
94;11;2015;Piraí;3304003
95;11;2015;Vassouras;3306206
96;11;2015;"Miguel Pereira;Paty dos Alferes";9999999
97;11;2015;Mendes;3302809
98;11;2015;Engenheiro Paulo de Frontin;3301801
99;11;2015;Itatiaia;3302254
100;11;2015;"Porto Real;Quatis";9999992
101;11;2015;Pinheiral;3303955
104;11;2015;São José do Vale do Rio Preto;3305158
105;11;2015;Petrópolis;3303906
106;11;2015;Petrópolis;3303906
107;11;2015;Paraíba do Sul;3303708
108;11;2015;"Comendador Levy Gasparian;Areal;Três Rios";9999991
109;11;2015;Sapucaia;3305406
110;11;2015;Teresópolis;3305802
111;11;2015;Sumidouro;3305703
112;11;2015;Carmo;3301207
118;11;2015;Araruama;3300209
119;11;2015;Rio Bonito;3304300
120;11;2015;Silva Jardim;3305604
121;11;2015;Casimiro de Abreu;3301306
122;11;2015;Conceição de Macabú;3301405
123;11;2015;Macaé;3302403
124;11;2015;Saquarema;3305505
125;11;2015;São Pedro da Aldeia;3305208
126;11;2015;Cabo Frio;3300704
127;11;2015;Armação dos Búzios;3300233
128;11;2015;Rio das Ostras;3304524
129;11;2015;Iguaba Grande;3301876
130;11;2015;"Quissamã;Carapebus";9999994
132;11;2015;Arraial do Cabo;3300258
134;11;2015;Campos dos Goytacazes;3301009
135;11;2015;Itaocara;3302106
136;11;2015;"Santo Antônio de Pádua;Aperibé";9999993
137;11;2015;Miracema;3303005
138;11;2015;Laje do Muriaé;3302304
139;11;2015;Porciúncula;3304102
140;11;2015;"Natividade;Varre-Sai";9999997
141;11;2015;São Fidélis;3304805
142;11;2015;Cambuci;3300902
143;11;2015;"Itaperuna;São José de Ubá";9999996
144;11;2015;Bom Jesus de Itabapoana;3300605
145;11;2015;São João da Barra;3305000
146;11;2015;Campos dos Goytacazes;3301009
147;11;2015;São Francisco de Itabapoana;3304755
148;11;2015;"Cardoso Moreira;Italva";9999995
151;11;2015;Nova Friburgo;3303401
152;11;2015;Duas Barras;3301603
153;11;2015;Cantagalo;3301108
154;11;2015;"Cordeiro;Macuco";9999998
155;11;2015;São Sebastião do Alto;3305307
156;11;2015;Santa Maria Madalena;3304607
157;11;2015;Trajano de Morais;3305901
158;11;2015;Bom Jardim;3300506
159;11;2015;Cachoeiras de Macacu;3300803
165;11;2015;Mangaratiba;3302601
166;11;2015;Angra dos Reis;3300100
167;11;2015;Paraty;3303807
168;11;2015;Rio Claro;3304409
1;12;2015;Rio de Janeiro;3304557
4;12;2015;Rio de Janeiro;3304557
5;12;2015;Rio de Janeiro;3304557
6;12;2015;Rio de Janeiro;3304557
7;12;2015;Rio de Janeiro;3304557
9;12;2015;Rio de Janeiro;3304557
10;12;2015;Rio de Janeiro;3304557
11;12;2015;Rio de Janeiro;3304557
12;12;2015;Rio de Janeiro;3304557
13;12;2015;Rio de Janeiro;3304557
14;12;2015;Rio de Janeiro;3304557
15;12;2015;Rio de Janeiro;3304557
16;12;2015;Rio de Janeiro;3304557
17;12;2015;Rio de Janeiro;3304557
18;12;2015;Rio de Janeiro;3304557
19;12;2015;Rio de Janeiro;3304557
20;12;2015;Rio de Janeiro;3304557
21;12;2015;Rio de Janeiro;3304557
22;12;2015;Rio de Janeiro;3304557
23;12;2015;Rio de Janeiro;3304557
24;12;2015;Rio de Janeiro;3304557
25;12;2015;Rio de Janeiro;3304557
26;12;2015;Rio de Janeiro;3304557
27;12;2015;Rio de Janeiro;3304557
28;12;2015;Rio de Janeiro;3304557
29;12;2015;Rio de Janeiro;3304557
30;12;2015;Rio de Janeiro;3304557
31;12;2015;Rio de Janeiro;3304557
32;12;2015;Rio de Janeiro;3304557
33;12;2015;Rio de Janeiro;3304557
34;12;2015;Rio de Janeiro;3304557
35;12;2015;Rio de Janeiro;3304557
36;12;2015;Rio de Janeiro;3304557
37;12;2015;Rio de Janeiro;3304557
38;12;2015;Rio de Janeiro;3304557
39;12;2015;Rio de Janeiro;3304557
40;12;2015;Rio de Janeiro;3304557
41;12;2015;Rio de Janeiro;3304557
42;12;2015;Rio de Janeiro;3304557
43;12;2015;Rio de Janeiro;3304557
44;12;2015;Rio de Janeiro;3304557
45;12;2015;Rio de Janeiro;3304557
48;12;2015;Seropédica;3305554
50;12;2015;Itaguaí;3302007
51;12;2015;Paracambi;3303609
52;12;2015;Nova Iguaçu;3303500
53;12;2015;Mesquita;3302858
54;12;2015;Belford Roxo;3300456
55;12;2015;Queimados;3304144
56;12;2015;Nova Iguaçu;3303500
57;12;2015;Nilópolis;3303203
58;12;2015;Nova Iguaçu;3303500
59;12;2015;Duque de Caxias;3301702
60;12;2015;Duque de Caxias;3301702
61;12;2015;Duque de Caxias;3301702
62;12;2015;Duque de Caxias;3301702
63;12;2015;Japeri;3302270
64;12;2015;São João de Meriti;3305109
65;12;2015;Magé;3302502
66;12;2015;Magé;3302502
67;12;2015;Guapimirim;3301850
70;12;2015;Tanguá;3305752
71;12;2015;Itaboraí;3301900
72;12;2015;São Gonçalo;3304904
73;12;2015;São Gonçalo;3304904
74;12;2015;São Gonçalo;3304904
75;12;2015;São Gonçalo;3304904
76;12;2015;Niterói;3303302
77;12;2015;Niterói;3303302
78;12;2015;Niterói;3303302
79;12;2015;Niterói;3303302
81;12;2015;Niterói;3303302
82;12;2015;Maricá;3302700
88;12;2015;Barra do Pirai;3300308
89;12;2015;Resende;3304201
90;12;2015;Barra Mansa;3300407
91;12;2015;Valença;3306107
92;12;2015;Rio das Flores;3304508
93;12;2015;Volta Redonda;3306305
94;12;2015;Piraí;3304003
95;12;2015;Vassouras;3306206
96;12;2015;"Miguel Pereira;Paty dos Alferes";9999999
97;12;2015;Mendes;3302809
98;12;2015;Engenheiro Paulo de Frontin;3301801
99;12;2015;Itatiaia;3302254
100;12;2015;"Porto Real;Quatis";9999992
101;12;2015;Pinheiral;3303955
104;12;2015;São José do Vale do Rio Preto;3305158
105;12;2015;Petrópolis;3303906
106;12;2015;Petrópolis;3303906
107;12;2015;Paraíba do Sul;3303708
108;12;2015;"Comendador Levy Gasparian;Areal;Três Rios";9999991
109;12;2015;Sapucaia;3305406
110;12;2015;Teresópolis;3305802
111;12;2015;Sumidouro;3305703
112;12;2015;Carmo;3301207
118;12;2015;Araruama;3300209
119;12;2015;Rio Bonito;3304300
120;12;2015;Silva Jardim;3305604
121;12;2015;Casimiro de Abreu;3301306
122;12;2015;Conceição de Macabú;3301405
123;12;2015;Macaé;3302403
124;12;2015;Saquarema;3305505
125;12;2015;São Pedro da Aldeia;3305208
126;12;2015;Cabo Frio;3300704
127;12;2015;Armação dos Búzios;3300233
128;12;2015;Rio das Ostras;3304524
129;12;2015;Iguaba Grande;3301876
130;12;2015;"Quissamã;Carapebus";9999994
132;12;2015;Arraial do Cabo;3300258
134;12;2015;Campos dos Goytacazes;3301009
135;12;2015;Itaocara;3302106
136;12;2015;"Santo Antônio de Pádua;Aperibé";9999993
137;12;2015;Miracema;3303005
138;12;2015;Laje do Muriaé;3302304
139;12;2015;Porciúncula;3304102
140;12;2015;"Natividade;Varre-Sai";9999997
141;12;2015;São Fidélis;3304805
142;12;2015;Cambuci;3300902
143;12;2015;"Itaperuna;São José de Ubá";9999996
144;12;2015;Bom Jesus de Itabapoana;3300605
145;12;2015;São João da Barra;3305000
146;12;2015;Campos dos Goytacazes;3301009
147;12;2015;São Francisco de Itabapoana;3304755
148;12;2015;"Cardoso Moreira;Italva";9999995
151;12;2015;Nova Friburgo;3303401
152;12;2015;Duas Barras;3301603
153;12;2015;Cantagalo;3301108
154;12;2015;"Cordeiro;Macuco";9999998
155;12;2015;São Sebastião do Alto;3305307
156;12;2015;Santa Maria Madalena;3304607
157;12;2015;Trajano de Morais;3305901
158;12;2015;Bom Jardim;3300506
159;12;2015;Cachoeiras de Macacu;3300803
165;12;2015;Mangaratiba;3302601
166;12;2015;Angra dos Reis;3300100
167;12;2015;Paraty;3303807
168;12;2015;Rio Claro;3304409
1;1;2016;Rio de Janeiro;3304557
4;1;2016;Rio de Janeiro;3304557
5;1;2016;Rio de Janeiro;3304557
6;1;2016;Rio de Janeiro;3304557
7;1;2016;Rio de Janeiro;3304557
9;1;2016;Rio de Janeiro;3304557
10;1;2016;Rio de Janeiro;3304557
11;1;2016;Rio de Janeiro;3304557
12;1;2016;Rio de Janeiro;3304557
13;1;2016;Rio de Janeiro;3304557
14;1;2016;Rio de Janeiro;3304557
15;1;2016;Rio de Janeiro;3304557
16;1;2016;Rio de Janeiro;3304557
17;1;2016;Rio de Janeiro;3304557
18;1;2016;Rio de Janeiro;3304557
19;1;2016;Rio de Janeiro;3304557
20;1;2016;Rio de Janeiro;3304557
21;1;2016;Rio de Janeiro;3304557
22;1;2016;Rio de Janeiro;3304557
23;1;2016;Rio de Janeiro;3304557
24;1;2016;Rio de Janeiro;3304557
25;1;2016;Rio de Janeiro;3304557
26;1;2016;Rio de Janeiro;3304557
27;1;2016;Rio de Janeiro;3304557
28;1;2016;Rio de Janeiro;3304557
29;1;2016;Rio de Janeiro;3304557
30;1;2016;Rio de Janeiro;3304557
31;1;2016;Rio de Janeiro;3304557
32;1;2016;Rio de Janeiro;3304557
33;1;2016;Rio de Janeiro;3304557
34;1;2016;Rio de Janeiro;3304557
35;1;2016;Rio de Janeiro;3304557
36;1;2016;Rio de Janeiro;3304557
37;1;2016;Rio de Janeiro;3304557
38;1;2016;Rio de Janeiro;3304557
39;1;2016;Rio de Janeiro;3304557
40;1;2016;Rio de Janeiro;3304557
41;1;2016;Rio de Janeiro;3304557
42;1;2016;Rio de Janeiro;3304557
43;1;2016;Rio de Janeiro;3304557
44;1;2016;Rio de Janeiro;3304557
45;1;2016;Rio de Janeiro;3304557
48;1;2016;Seropédica;3305554
50;1;2016;Itaguaí;3302007
51;1;2016;Paracambi;3303609
52;1;2016;Nova Iguaçu;3303500
53;1;2016;Mesquita;3302858
54;1;2016;Belford Roxo;3300456
55;1;2016;Queimados;3304144
56;1;2016;Nova Iguaçu;3303500
57;1;2016;Nilópolis;3303203
58;1;2016;Nova Iguaçu;3303500
59;1;2016;Duque de Caxias;3301702
60;1;2016;Duque de Caxias;3301702
61;1;2016;Duque de Caxias;3301702
62;1;2016;Duque de Caxias;3301702
63;1;2016;Japeri;3302270
64;1;2016;São João de Meriti;3305109
65;1;2016;Magé;3302502
66;1;2016;Magé;3302502
67;1;2016;Guapimirim;3301850
70;1;2016;Tanguá;3305752
71;1;2016;Itaboraí;3301900
72;1;2016;São Gonçalo;3304904
73;1;2016;São Gonçalo;3304904
74;1;2016;São Gonçalo;3304904
75;1;2016;São Gonçalo;3304904
76;1;2016;Niterói;3303302
77;1;2016;Niterói;3303302
78;1;2016;Niterói;3303302
79;1;2016;Niterói;3303302
81;1;2016;Niterói;3303302
82;1;2016;Maricá;3302700
88;1;2016;Barra do Pirai;3300308
89;1;2016;Resende;3304201
90;1;2016;Barra Mansa;3300407
91;1;2016;Valença;3306107
92;1;2016;Rio das Flores;3304508
93;1;2016;Volta Redonda;3306305
94;1;2016;Piraí;3304003
95;1;2016;Vassouras;3306206
96;1;2016;"Miguel Pereira;Paty dos Alferes";9999999
97;1;2016;Mendes;3302809
98;1;2016;Engenheiro Paulo de Frontin;3301801
99;1;2016;Itatiaia;3302254
100;1;2016;"Porto Real;Quatis";9999992
101;1;2016;Pinheiral;3303955
104;1;2016;São José do Vale do Rio Preto;3305158
105;1;2016;Petrópolis;3303906
106;1;2016;Petrópolis;3303906
107;1;2016;Paraíba do Sul;3303708
108;1;2016;"Comendador Levy Gasparian;Areal;Três Rios";9999991
109;1;2016;Sapucaia;3305406
110;1;2016;Teresópolis;3305802
111;1;2016;Sumidouro;3305703
112;1;2016;Carmo;3301207
118;1;2016;Araruama;3300209
119;1;2016;Rio Bonito;3304300
120;1;2016;Silva Jardim;3305604
121;1;2016;Casimiro de Abreu;3301306
122;1;2016;Conceição de Macabú;3301405
123;1;2016;Macaé;3302403
124;1;2016;Saquarema;3305505
125;1;2016;São Pedro da Aldeia;3305208
126;1;2016;Cabo Frio;3300704
127;1;2016;Armação dos Búzios;3300233
128;1;2016;Rio das Ostras;3304524
129;1;2016;Iguaba Grande;3301876
130;1;2016;"Quissamã;Carapebus";9999994
132;1;2016;Arraial do Cabo;3300258
134;1;2016;Campos dos Goytacazes;3301009
135;1;2016;Itaocara;3302106
136;1;2016;"Santo Antônio de Pádua;Aperibé";9999993
137;1;2016;Miracema;3303005
138;1;2016;Laje do Muriaé;3302304
139;1;2016;Porciúncula;3304102
140;1;2016;"Natividade;Varre-Sai";9999997
141;1;2016;São Fidélis;3304805
142;1;2016;Cambuci;3300902
143;1;2016;"Itaperuna;São José de Ubá";9999996
144;1;2016;Bom Jesus de Itabapoana;3300605
145;1;2016;São João da Barra;3305000
146;1;2016;Campos dos Goytacazes;3301009
147;1;2016;São Francisco de Itabapoana;3304755
148;1;2016;"Cardoso Moreira;Italva";9999995
151;1;2016;Nova Friburgo;3303401
152;1;2016;Duas Barras;3301603
153;1;2016;Cantagalo;3301108
154;1;2016;"Cordeiro;Macuco";9999998
155;1;2016;São Sebastião do Alto;3305307
156;1;2016;Santa Maria Madalena;3304607
157;1;2016;Trajano de Morais;3305901
158;1;2016;Bom Jardim;3300506
159;1;2016;Cachoeiras de Macacu;3300803
165;1;2016;Mangaratiba;3302601
166;1;2016;Angra dos Reis;3300100
167;1;2016;Paraty;3303807
168;1;2016;Rio Claro;3304409
1;2;2016;Rio de Janeiro;3304557
4;2;2016;Rio de Janeiro;3304557
5;2;2016;Rio de Janeiro;3304557
6;2;2016;Rio de Janeiro;3304557
7;2;2016;Rio de Janeiro;3304557
9;2;2016;Rio de Janeiro;3304557
10;2;2016;Rio de Janeiro;3304557
11;2;2016;Rio de Janeiro;3304557
12;2;2016;Rio de Janeiro;3304557
13;2;2016;Rio de Janeiro;3304557
14;2;2016;Rio de Janeiro;3304557
15;2;2016;Rio de Janeiro;3304557
16;2;2016;Rio de Janeiro;3304557
17;2;2016;Rio de Janeiro;3304557
18;2;2016;Rio de Janeiro;3304557
19;2;2016;Rio de Janeiro;3304557
20;2;2016;Rio de Janeiro;3304557
21;2;2016;Rio de Janeiro;3304557
22;2;2016;Rio de Janeiro;3304557
23;2;2016;Rio de Janeiro;3304557
24;2;2016;Rio de Janeiro;3304557
25;2;2016;Rio de Janeiro;3304557
26;2;2016;Rio de Janeiro;3304557
27;2;2016;Rio de Janeiro;3304557
28;2;2016;Rio de Janeiro;3304557
29;2;2016;Rio de Janeiro;3304557
30;2;2016;Rio de Janeiro;3304557
31;2;2016;Rio de Janeiro;3304557
32;2;2016;Rio de Janeiro;3304557
33;2;2016;Rio de Janeiro;3304557
34;2;2016;Rio de Janeiro;3304557
35;2;2016;Rio de Janeiro;3304557
36;2;2016;Rio de Janeiro;3304557
37;2;2016;Rio de Janeiro;3304557
38;2;2016;Rio de Janeiro;3304557
39;2;2016;Rio de Janeiro;3304557
40;2;2016;Rio de Janeiro;3304557
41;2;2016;Rio de Janeiro;3304557
42;2;2016;Rio de Janeiro;3304557
43;2;2016;Rio de Janeiro;3304557
44;2;2016;Rio de Janeiro;3304557
45;2;2016;Rio de Janeiro;3304557
48;2;2016;Seropédica;3305554
50;2;2016;Itaguaí;3302007
51;2;2016;Paracambi;3303609
52;2;2016;Nova Iguaçu;3303500
53;2;2016;Mesquita;3302858
54;2;2016;Belford Roxo;3300456
55;2;2016;Queimados;3304144
56;2;2016;Nova Iguaçu;3303500
57;2;2016;Nilópolis;3303203
58;2;2016;Nova Iguaçu;3303500
59;2;2016;Duque de Caxias;3301702
60;2;2016;Duque de Caxias;3301702
61;2;2016;Duque de Caxias;3301702
62;2;2016;Duque de Caxias;3301702
63;2;2016;Japeri;3302270
64;2;2016;São João de Meriti;3305109
65;2;2016;Magé;3302502
66;2;2016;Magé;3302502
67;2;2016;Guapimirim;3301850
70;2;2016;Tanguá;3305752
71;2;2016;Itaboraí;3301900
72;2;2016;São Gonçalo;3304904
73;2;2016;São Gonçalo;3304904
74;2;2016;São Gonçalo;3304904
75;2;2016;São Gonçalo;3304904
76;2;2016;Niterói;3303302
77;2;2016;Niterói;3303302
78;2;2016;Niterói;3303302
79;2;2016;Niterói;3303302
81;2;2016;Niterói;3303302
82;2;2016;Maricá;3302700
88;2;2016;Barra do Pirai;3300308
89;2;2016;Resende;3304201
90;2;2016;Barra Mansa;3300407
91;2;2016;Valença;3306107
92;2;2016;Rio das Flores;3304508
93;2;2016;Volta Redonda;3306305
94;2;2016;Piraí;3304003
95;2;2016;Vassouras;3306206
96;2;2016;"Miguel Pereira;Paty dos Alferes";9999999
97;2;2016;Mendes;3302809
98;2;2016;Engenheiro Paulo de Frontin;3301801
99;2;2016;Itatiaia;3302254
100;2;2016;"Porto Real;Quatis";9999992
101;2;2016;Pinheiral;3303955
104;2;2016;São José do Vale do Rio Preto;3305158
105;2;2016;Petrópolis;3303906
106;2;2016;Petrópolis;3303906
107;2;2016;Paraíba do Sul;3303708
108;2;2016;"Comendador Levy Gasparian;Areal;Três Rios";9999991
109;2;2016;Sapucaia;3305406
110;2;2016;Teresópolis;3305802
111;2;2016;Sumidouro;3305703
112;2;2016;Carmo;3301207
118;2;2016;Araruama;3300209
119;2;2016;Rio Bonito;3304300
120;2;2016;Silva Jardim;3305604
121;2;2016;Casimiro de Abreu;3301306
122;2;2016;Conceição de Macabú;3301405
123;2;2016;Macaé;3302403
124;2;2016;Saquarema;3305505
125;2;2016;São Pedro da Aldeia;3305208
126;2;2016;Cabo Frio;3300704
127;2;2016;Armação dos Búzios;3300233
128;2;2016;Rio das Ostras;3304524
129;2;2016;Iguaba Grande;3301876
130;2;2016;"Quissamã;Carapebus";9999994
132;2;2016;Arraial do Cabo;3300258
134;2;2016;Campos dos Goytacazes;3301009
135;2;2016;Itaocara;3302106
136;2;2016;"Santo Antônio de Pádua;Aperibé";9999993
137;2;2016;Miracema;3303005
138;2;2016;Laje do Muriaé;3302304
139;2;2016;Porciúncula;3304102
140;2;2016;"Natividade;Varre-Sai";9999997
141;2;2016;São Fidélis;3304805
142;2;2016;Cambuci;3300902
143;2;2016;"Itaperuna;São José de Ubá";9999996
144;2;2016;Bom Jesus de Itabapoana;3300605
145;2;2016;São João da Barra;3305000
146;2;2016;Campos dos Goytacazes;3301009
147;2;2016;São Francisco de Itabapoana;3304755
148;2;2016;"Cardoso Moreira;Italva";9999995
151;2;2016;Nova Friburgo;3303401
152;2;2016;Duas Barras;3301603
153;2;2016;Cantagalo;3301108
154;2;2016;"Cordeiro;Macuco";9999998
155;2;2016;São Sebastião do Alto;3305307
156;2;2016;Santa Maria Madalena;3304607
157;2;2016;Trajano de Morais;3305901
158;2;2016;Bom Jardim;3300506
159;2;2016;Cachoeiras de Macacu;3300803
165;2;2016;Mangaratiba;3302601
166;2;2016;Angra dos Reis;3300100
167;2;2016;Paraty;3303807
168;2;2016;Rio Claro;3304409
1;3;2016;Rio de Janeiro;3304557
4;3;2016;Rio de Janeiro;3304557
5;3;2016;Rio de Janeiro;3304557
6;3;2016;Rio de Janeiro;3304557
7;3;2016;Rio de Janeiro;3304557
9;3;2016;Rio de Janeiro;3304557
10;3;2016;Rio de Janeiro;3304557
11;3;2016;Rio de Janeiro;3304557
12;3;2016;Rio de Janeiro;3304557
13;3;2016;Rio de Janeiro;3304557
14;3;2016;Rio de Janeiro;3304557
15;3;2016;Rio de Janeiro;3304557
16;3;2016;Rio de Janeiro;3304557
17;3;2016;Rio de Janeiro;3304557
18;3;2016;Rio de Janeiro;3304557
19;3;2016;Rio de Janeiro;3304557
20;3;2016;Rio de Janeiro;3304557
21;3;2016;Rio de Janeiro;3304557
22;3;2016;Rio de Janeiro;3304557
23;3;2016;Rio de Janeiro;3304557
24;3;2016;Rio de Janeiro;3304557
25;3;2016;Rio de Janeiro;3304557
26;3;2016;Rio de Janeiro;3304557
27;3;2016;Rio de Janeiro;3304557
28;3;2016;Rio de Janeiro;3304557
29;3;2016;Rio de Janeiro;3304557
30;3;2016;Rio de Janeiro;3304557
31;3;2016;Rio de Janeiro;3304557
32;3;2016;Rio de Janeiro;3304557
33;3;2016;Rio de Janeiro;3304557
34;3;2016;Rio de Janeiro;3304557
35;3;2016;Rio de Janeiro;3304557
36;3;2016;Rio de Janeiro;3304557
37;3;2016;Rio de Janeiro;3304557
38;3;2016;Rio de Janeiro;3304557
39;3;2016;Rio de Janeiro;3304557
40;3;2016;Rio de Janeiro;3304557
41;3;2016;Rio de Janeiro;3304557
42;3;2016;Rio de Janeiro;3304557
43;3;2016;Rio de Janeiro;3304557
44;3;2016;Rio de Janeiro;3304557
45;3;2016;Rio de Janeiro;3304557
48;3;2016;Seropédica;3305554
50;3;2016;Itaguaí;3302007
51;3;2016;Paracambi;3303609
52;3;2016;Nova Iguaçu;3303500
53;3;2016;Mesquita;3302858
54;3;2016;Belford Roxo;3300456
55;3;2016;Queimados;3304144
56;3;2016;Nova Iguaçu;3303500
57;3;2016;Nilópolis;3303203
58;3;2016;Nova Iguaçu;3303500
59;3;2016;Duque de Caxias;3301702
60;3;2016;Duque de Caxias;3301702
61;3;2016;Duque de Caxias;3301702
62;3;2016;Duque de Caxias;3301702
63;3;2016;Japeri;3302270
64;3;2016;São João de Meriti;3305109
65;3;2016;Magé;3302502
66;3;2016;Magé;3302502
67;3;2016;Guapimirim;3301850
70;3;2016;Tanguá;3305752
71;3;2016;Itaboraí;3301900
72;3;2016;São Gonçalo;3304904
73;3;2016;São Gonçalo;3304904
74;3;2016;São Gonçalo;3304904
75;3;2016;São Gonçalo;3304904
76;3;2016;Niterói;3303302
77;3;2016;Niterói;3303302
78;3;2016;Niterói;3303302
79;3;2016;Niterói;3303302
81;3;2016;Niterói;3303302
82;3;2016;Maricá;3302700
88;3;2016;Barra do Pirai;3300308
89;3;2016;Resende;3304201
90;3;2016;Barra Mansa;3300407
91;3;2016;Valença;3306107
92;3;2016;Rio das Flores;3304508
93;3;2016;Volta Redonda;3306305
94;3;2016;Piraí;3304003
95;3;2016;Vassouras;3306206
96;3;2016;"Miguel Pereira;Paty dos Alferes";9999999
97;3;2016;Mendes;3302809
98;3;2016;Engenheiro Paulo de Frontin;3301801
99;3;2016;Itatiaia;3302254
100;3;2016;"Porto Real;Quatis";9999992
101;3;2016;Pinheiral;3303955
104;3;2016;São José do Vale do Rio Preto;3305158
105;3;2016;Petrópolis;3303906
106;3;2016;Petrópolis;3303906
107;3;2016;Paraíba do Sul;3303708
108;3;2016;"Comendador Levy Gasparian;Areal;Três Rios";9999991
109;3;2016;Sapucaia;3305406
110;3;2016;Teresópolis;3305802
111;3;2016;Sumidouro;3305703
112;3;2016;Carmo;3301207
118;3;2016;Araruama;3300209
119;3;2016;Rio Bonito;3304300
120;3;2016;Silva Jardim;3305604
121;3;2016;Casimiro de Abreu;3301306
122;3;2016;Conceição de Macabú;3301405
123;3;2016;Macaé;3302403
124;3;2016;Saquarema;3305505
125;3;2016;São Pedro da Aldeia;3305208
126;3;2016;Cabo Frio;3300704
127;3;2016;Armação dos Búzios;3300233
128;3;2016;Rio das Ostras;3304524
129;3;2016;Iguaba Grande;3301876
130;3;2016;"Quissamã;Carapebus";9999994
132;3;2016;Arraial do Cabo;3300258
134;3;2016;Campos dos Goytacazes;3301009
135;3;2016;Itaocara;3302106
136;3;2016;"Santo Antônio de Pádua;Aperibé";9999993
137;3;2016;Miracema;3303005
138;3;2016;Laje do Muriaé;3302304
139;3;2016;Porciúncula;3304102
140;3;2016;"Natividade;Varre-Sai";9999997
141;3;2016;São Fidélis;3304805
142;3;2016;Cambuci;3300902
143;3;2016;"Itaperuna;São José de Ubá";9999996
144;3;2016;Bom Jesus de Itabapoana;3300605
145;3;2016;São João da Barra;3305000
146;3;2016;Campos dos Goytacazes;3301009
147;3;2016;São Francisco de Itabapoana;3304755
148;3;2016;"Cardoso Moreira;Italva";9999995
151;3;2016;Nova Friburgo;3303401
152;3;2016;Duas Barras;3301603
153;3;2016;Cantagalo;3301108
154;3;2016;"Cordeiro;Macuco";9999998
155;3;2016;São Sebastião do Alto;3305307
156;3;2016;Santa Maria Madalena;3304607
157;3;2016;Trajano de Morais;3305901
158;3;2016;Bom Jardim;3300506
159;3;2016;Cachoeiras de Macacu;3300803
165;3;2016;Mangaratiba;3302601
166;3;2016;Angra dos Reis;3300100
167;3;2016;Paraty;3303807
168;3;2016;Rio Claro;3304409
1;4;2016;Rio de Janeiro;3304557
4;4;2016;Rio de Janeiro;3304557
5;4;2016;Rio de Janeiro;3304557
6;4;2016;Rio de Janeiro;3304557
7;4;2016;Rio de Janeiro;3304557
9;4;2016;Rio de Janeiro;3304557
10;4;2016;Rio de Janeiro;3304557
11;4;2016;Rio de Janeiro;3304557
12;4;2016;Rio de Janeiro;3304557
13;4;2016;Rio de Janeiro;3304557
14;4;2016;Rio de Janeiro;3304557
15;4;2016;Rio de Janeiro;3304557
16;4;2016;Rio de Janeiro;3304557
17;4;2016;Rio de Janeiro;3304557
18;4;2016;Rio de Janeiro;3304557
19;4;2016;Rio de Janeiro;3304557
20;4;2016;Rio de Janeiro;3304557
21;4;2016;Rio de Janeiro;3304557
22;4;2016;Rio de Janeiro;3304557
23;4;2016;Rio de Janeiro;3304557
24;4;2016;Rio de Janeiro;3304557
25;4;2016;Rio de Janeiro;3304557
26;4;2016;Rio de Janeiro;3304557
27;4;2016;Rio de Janeiro;3304557
28;4;2016;Rio de Janeiro;3304557
29;4;2016;Rio de Janeiro;3304557
30;4;2016;Rio de Janeiro;3304557
31;4;2016;Rio de Janeiro;3304557
32;4;2016;Rio de Janeiro;3304557
33;4;2016;Rio de Janeiro;3304557
34;4;2016;Rio de Janeiro;3304557
35;4;2016;Rio de Janeiro;3304557
36;4;2016;Rio de Janeiro;3304557
37;4;2016;Rio de Janeiro;3304557
38;4;2016;Rio de Janeiro;3304557
39;4;2016;Rio de Janeiro;3304557
40;4;2016;Rio de Janeiro;3304557
41;4;2016;Rio de Janeiro;3304557
42;4;2016;Rio de Janeiro;3304557
43;4;2016;Rio de Janeiro;3304557
44;4;2016;Rio de Janeiro;3304557
45;4;2016;Rio de Janeiro;3304557
48;4;2016;Seropédica;3305554
50;4;2016;Itaguaí;3302007
51;4;2016;Paracambi;3303609
52;4;2016;Nova Iguaçu;3303500
53;4;2016;Mesquita;3302858
54;4;2016;Belford Roxo;3300456
55;4;2016;Queimados;3304144
56;4;2016;Nova Iguaçu;3303500
57;4;2016;Nilópolis;3303203
58;4;2016;Nova Iguaçu;3303500
59;4;2016;Duque de Caxias;3301702
60;4;2016;Duque de Caxias;3301702
61;4;2016;Duque de Caxias;3301702
62;4;2016;Duque de Caxias;3301702
63;4;2016;Japeri;3302270
64;4;2016;São João de Meriti;3305109
65;4;2016;Magé;3302502
66;4;2016;Magé;3302502
67;4;2016;Guapimirim;3301850
70;4;2016;Tanguá;3305752
71;4;2016;Itaboraí;3301900
72;4;2016;São Gonçalo;3304904
73;4;2016;São Gonçalo;3304904
74;4;2016;São Gonçalo;3304904
75;4;2016;São Gonçalo;3304904
76;4;2016;Niterói;3303302
77;4;2016;Niterói;3303302
78;4;2016;Niterói;3303302
79;4;2016;Niterói;3303302
81;4;2016;Niterói;3303302
82;4;2016;Maricá;3302700
88;4;2016;Barra do Pirai;3300308
89;4;2016;Resende;3304201
90;4;2016;Barra Mansa;3300407
91;4;2016;Valença;3306107
92;4;2016;Rio das Flores;3304508
93;4;2016;Volta Redonda;3306305
94;4;2016;Piraí;3304003
95;4;2016;Vassouras;3306206
96;4;2016;"Miguel Pereira;Paty dos Alferes";9999999
97;4;2016;Mendes;3302809
98;4;2016;Engenheiro Paulo de Frontin;3301801
99;4;2016;Itatiaia;3302254
100;4;2016;"Porto Real;Quatis";9999992
101;4;2016;Pinheiral;3303955
104;4;2016;São José do Vale do Rio Preto;3305158
105;4;2016;Petrópolis;3303906
106;4;2016;Petrópolis;3303906
107;4;2016;Paraíba do Sul;3303708
108;4;2016;"Comendador Levy Gasparian;Areal;Três Rios";9999991
109;4;2016;Sapucaia;3305406
110;4;2016;Teresópolis;3305802
111;4;2016;Sumidouro;3305703
112;4;2016;Carmo;3301207
118;4;2016;Araruama;3300209
119;4;2016;Rio Bonito;3304300
120;4;2016;Silva Jardim;3305604
121;4;2016;Casimiro de Abreu;3301306
122;4;2016;Conceição de Macabú;3301405
123;4;2016;Macaé;3302403
124;4;2016;Saquarema;3305505
125;4;2016;São Pedro da Aldeia;3305208
126;4;2016;Cabo Frio;3300704
127;4;2016;Armação dos Búzios;3300233
128;4;2016;Rio das Ostras;3304524
129;4;2016;Iguaba Grande;3301876
130;4;2016;"Quissamã;Carapebus";9999994
132;4;2016;Arraial do Cabo;3300258
134;4;2016;Campos dos Goytacazes;3301009
135;4;2016;Itaocara;3302106
136;4;2016;"Santo Antônio de Pádua;Aperibé";9999993
137;4;2016;Miracema;3303005
138;4;2016;Laje do Muriaé;3302304
139;4;2016;Porciúncula;3304102
140;4;2016;"Natividade;Varre-Sai";9999997
141;4;2016;São Fidélis;3304805
142;4;2016;Cambuci;3300902
143;4;2016;"Itaperuna;São José de Ubá";9999996
144;4;2016;Bom Jesus de Itabapoana;3300605
145;4;2016;São João da Barra;3305000
146;4;2016;Campos dos Goytacazes;3301009
147;4;2016;São Francisco de Itabapoana;3304755
148;4;2016;"Cardoso Moreira;Italva";9999995
151;4;2016;Nova Friburgo;3303401
152;4;2016;Duas Barras;3301603
153;4;2016;Cantagalo;3301108
154;4;2016;"Cordeiro;Macuco";9999998
155;4;2016;São Sebastião do Alto;3305307
156;4;2016;Santa Maria Madalena;3304607
157;4;2016;Trajano de Morais;3305901
158;4;2016;Bom Jardim;3300506
159;4;2016;Cachoeiras de Macacu;3300803
165;4;2016;Mangaratiba;3302601
166;4;2016;Angra dos Reis;3300100
167;4;2016;Paraty;3303807
168;4;2016;Rio Claro;3304409
1;5;2016;Rio de Janeiro;3304557
4;5;2016;Rio de Janeiro;3304557
5;5;2016;Rio de Janeiro;3304557
6;5;2016;Rio de Janeiro;3304557
7;5;2016;Rio de Janeiro;3304557
9;5;2016;Rio de Janeiro;3304557
10;5;2016;Rio de Janeiro;3304557
11;5;2016;Rio de Janeiro;3304557
12;5;2016;Rio de Janeiro;3304557
13;5;2016;Rio de Janeiro;3304557
14;5;2016;Rio de Janeiro;3304557
15;5;2016;Rio de Janeiro;3304557
16;5;2016;Rio de Janeiro;3304557
17;5;2016;Rio de Janeiro;3304557
18;5;2016;Rio de Janeiro;3304557
19;5;2016;Rio de Janeiro;3304557
20;5;2016;Rio de Janeiro;3304557
21;5;2016;Rio de Janeiro;3304557
22;5;2016;Rio de Janeiro;3304557
23;5;2016;Rio de Janeiro;3304557
24;5;2016;Rio de Janeiro;3304557
25;5;2016;Rio de Janeiro;3304557
26;5;2016;Rio de Janeiro;3304557
27;5;2016;Rio de Janeiro;3304557
28;5;2016;Rio de Janeiro;3304557
29;5;2016;Rio de Janeiro;3304557
30;5;2016;Rio de Janeiro;3304557
31;5;2016;Rio de Janeiro;3304557
32;5;2016;Rio de Janeiro;3304557
33;5;2016;Rio de Janeiro;3304557
34;5;2016;Rio de Janeiro;3304557
35;5;2016;Rio de Janeiro;3304557
36;5;2016;Rio de Janeiro;3304557
37;5;2016;Rio de Janeiro;3304557
38;5;2016;Rio de Janeiro;3304557
39;5;2016;Rio de Janeiro;3304557
40;5;2016;Rio de Janeiro;3304557
41;5;2016;Rio de Janeiro;3304557
42;5;2016;Rio de Janeiro;3304557
43;5;2016;Rio de Janeiro;3304557
44;5;2016;Rio de Janeiro;3304557
45;5;2016;Rio de Janeiro;3304557
48;5;2016;Seropédica;3305554
50;5;2016;Itaguaí;3302007
51;5;2016;Paracambi;3303609
52;5;2016;Nova Iguaçu;3303500
53;5;2016;Mesquita;3302858
54;5;2016;Belford Roxo;3300456
55;5;2016;Queimados;3304144
56;5;2016;Nova Iguaçu;3303500
57;5;2016;Nilópolis;3303203
58;5;2016;Nova Iguaçu;3303500
59;5;2016;Duque de Caxias;3301702
60;5;2016;Duque de Caxias;3301702
61;5;2016;Duque de Caxias;3301702
62;5;2016;Duque de Caxias;3301702
63;5;2016;Japeri;3302270
64;5;2016;São João de Meriti;3305109
65;5;2016;Magé;3302502
66;5;2016;Magé;3302502
67;5;2016;Guapimirim;3301850
70;5;2016;Tanguá;3305752
71;5;2016;Itaboraí;3301900
72;5;2016;São Gonçalo;3304904
73;5;2016;São Gonçalo;3304904
74;5;2016;São Gonçalo;3304904
75;5;2016;São Gonçalo;3304904
76;5;2016;Niterói;3303302
77;5;2016;Niterói;3303302
78;5;2016;Niterói;3303302
79;5;2016;Niterói;3303302
81;5;2016;Niterói;3303302
82;5;2016;Maricá;3302700
88;5;2016;Barra do Pirai;3300308
89;5;2016;Resende;3304201
90;5;2016;Barra Mansa;3300407
91;5;2016;Valença;3306107
92;5;2016;Rio das Flores;3304508
93;5;2016;Volta Redonda;3306305
94;5;2016;Piraí;3304003
95;5;2016;Vassouras;3306206
96;5;2016;"Miguel Pereira;Paty dos Alferes";9999999
97;5;2016;Mendes;3302809
98;5;2016;Engenheiro Paulo de Frontin;3301801
99;5;2016;Itatiaia;3302254
100;5;2016;"Porto Real;Quatis";9999992
101;5;2016;Pinheiral;3303955
104;5;2016;São José do Vale do Rio Preto;3305158
105;5;2016;Petrópolis;3303906
106;5;2016;Petrópolis;3303906
107;5;2016;Paraíba do Sul;3303708
108;5;2016;"Comendador Levy Gasparian;Areal;Três Rios";9999991
109;5;2016;Sapucaia;3305406
110;5;2016;Teresópolis;3305802
111;5;2016;Sumidouro;3305703
112;5;2016;Carmo;3301207
118;5;2016;Araruama;3300209
119;5;2016;Rio Bonito;3304300
120;5;2016;Silva Jardim;3305604
121;5;2016;Casimiro de Abreu;3301306
122;5;2016;Conceição de Macabú;3301405
123;5;2016;Macaé;3302403
124;5;2016;Saquarema;3305505
125;5;2016;São Pedro da Aldeia;3305208
126;5;2016;Cabo Frio;3300704
127;5;2016;Armação dos Búzios;3300233
128;5;2016;Rio das Ostras;3304524
129;5;2016;Iguaba Grande;3301876
130;5;2016;"Quissamã;Carapebus";9999994
132;5;2016;Arraial do Cabo;3300258
134;5;2016;Campos dos Goytacazes;3301009
135;5;2016;Itaocara;3302106
136;5;2016;"Santo Antônio de Pádua;Aperibé";9999993
137;5;2016;Miracema;3303005
138;5;2016;Laje do Muriaé;3302304
139;5;2016;Porciúncula;3304102
140;5;2016;"Natividade;Varre-Sai";9999997
141;5;2016;São Fidélis;3304805
142;5;2016;Cambuci;3300902
143;5;2016;"Itaperuna;São José de Ubá";9999996
144;5;2016;Bom Jesus de Itabapoana;3300605
145;5;2016;São João da Barra;3305000
146;5;2016;Campos dos Goytacazes;3301009
147;5;2016;São Francisco de Itabapoana;3304755
148;5;2016;"Cardoso Moreira;Italva";9999995
151;5;2016;Nova Friburgo;3303401
152;5;2016;Duas Barras;3301603
153;5;2016;Cantagalo;3301108
154;5;2016;"Cordeiro;Macuco";9999998
155;5;2016;São Sebastião do Alto;3305307
156;5;2016;Santa Maria Madalena;3304607
157;5;2016;Trajano de Morais;3305901
158;5;2016;Bom Jardim;3300506
159;5;2016;Cachoeiras de Macacu;3300803
165;5;2016;Mangaratiba;3302601
166;5;2016;Angra dos Reis;3300100
167;5;2016;Paraty;3303807
168;5;2016;Rio Claro;3304409
1;6;2016;Rio de Janeiro;3304557
4;6;2016;Rio de Janeiro;3304557
5;6;2016;Rio de Janeiro;3304557
6;6;2016;Rio de Janeiro;3304557
7;6;2016;Rio de Janeiro;3304557
9;6;2016;Rio de Janeiro;3304557
10;6;2016;Rio de Janeiro;3304557
11;6;2016;Rio de Janeiro;3304557
12;6;2016;Rio de Janeiro;3304557
13;6;2016;Rio de Janeiro;3304557
14;6;2016;Rio de Janeiro;3304557
15;6;2016;Rio de Janeiro;3304557
16;6;2016;Rio de Janeiro;3304557
17;6;2016;Rio de Janeiro;3304557
18;6;2016;Rio de Janeiro;3304557
19;6;2016;Rio de Janeiro;3304557
20;6;2016;Rio de Janeiro;3304557
21;6;2016;Rio de Janeiro;3304557
22;6;2016;Rio de Janeiro;3304557
23;6;2016;Rio de Janeiro;3304557
24;6;2016;Rio de Janeiro;3304557
25;6;2016;Rio de Janeiro;3304557
26;6;2016;Rio de Janeiro;3304557
27;6;2016;Rio de Janeiro;3304557
28;6;2016;Rio de Janeiro;3304557
29;6;2016;Rio de Janeiro;3304557
30;6;2016;Rio de Janeiro;3304557
31;6;2016;Rio de Janeiro;3304557
32;6;2016;Rio de Janeiro;3304557
33;6;2016;Rio de Janeiro;3304557
34;6;2016;Rio de Janeiro;3304557
35;6;2016;Rio de Janeiro;3304557
36;6;2016;Rio de Janeiro;3304557
37;6;2016;Rio de Janeiro;3304557
38;6;2016;Rio de Janeiro;3304557
39;6;2016;Rio de Janeiro;3304557
40;6;2016;Rio de Janeiro;3304557
41;6;2016;Rio de Janeiro;3304557
42;6;2016;Rio de Janeiro;3304557
43;6;2016;Rio de Janeiro;3304557
44;6;2016;Rio de Janeiro;3304557
45;6;2016;Rio de Janeiro;3304557
48;6;2016;Seropédica;3305554
50;6;2016;Itaguaí;3302007
51;6;2016;Paracambi;3303609
52;6;2016;Nova Iguaçu;3303500
53;6;2016;Mesquita;3302858
54;6;2016;Belford Roxo;3300456
55;6;2016;Queimados;3304144
56;6;2016;Nova Iguaçu;3303500
57;6;2016;Nilópolis;3303203
58;6;2016;Nova Iguaçu;3303500
59;6;2016;Duque de Caxias;3301702
60;6;2016;Duque de Caxias;3301702
61;6;2016;Duque de Caxias;3301702
62;6;2016;Duque de Caxias;3301702
63;6;2016;Japeri;3302270
64;6;2016;São João de Meriti;3305109
65;6;2016;Magé;3302502
66;6;2016;Magé;3302502
67;6;2016;Guapimirim;3301850
70;6;2016;Tanguá;3305752
71;6;2016;Itaboraí;3301900
72;6;2016;São Gonçalo;3304904
73;6;2016;São Gonçalo;3304904
74;6;2016;São Gonçalo;3304904
75;6;2016;São Gonçalo;3304904
76;6;2016;Niterói;3303302
77;6;2016;Niterói;3303302
78;6;2016;Niterói;3303302
79;6;2016;Niterói;3303302
81;6;2016;Niterói;3303302
82;6;2016;Maricá;3302700
88;6;2016;Barra do Pirai;3300308
89;6;2016;Resende;3304201
90;6;2016;Barra Mansa;3300407
91;6;2016;Valença;3306107
92;6;2016;Rio das Flores;3304508
93;6;2016;Volta Redonda;3306305
94;6;2016;Piraí;3304003
95;6;2016;Vassouras;3306206
96;6;2016;"Miguel Pereira;Paty dos Alferes";9999999
97;6;2016;Mendes;3302809
98;6;2016;Engenheiro Paulo de Frontin;3301801
99;6;2016;Itatiaia;3302254
100;6;2016;"Porto Real;Quatis";9999992
101;6;2016;Pinheiral;3303955
104;6;2016;São José do Vale do Rio Preto;3305158
105;6;2016;Petrópolis;3303906
106;6;2016;Petrópolis;3303906
107;6;2016;Paraíba do Sul;3303708
108;6;2016;"Comendador Levy Gasparian;Areal;Três Rios";9999991
109;6;2016;Sapucaia;3305406
110;6;2016;Teresópolis;3305802
111;6;2016;Sumidouro;3305703
112;6;2016;Carmo;3301207
118;6;2016;Araruama;3300209
119;6;2016;Rio Bonito;3304300
120;6;2016;Silva Jardim;3305604
121;6;2016;Casimiro de Abreu;3301306
122;6;2016;Conceição de Macabú;3301405
123;6;2016;Macaé;3302403
124;6;2016;Saquarema;3305505
125;6;2016;São Pedro da Aldeia;3305208
126;6;2016;Cabo Frio;3300704
127;6;2016;Armação dos Búzios;3300233
128;6;2016;Rio das Ostras;3304524
129;6;2016;Iguaba Grande;3301876
130;6;2016;"Quissamã;Carapebus";9999994
132;6;2016;Arraial do Cabo;3300258
134;6;2016;Campos dos Goytacazes;3301009
135;6;2016;Itaocara;3302106
136;6;2016;"Santo Antônio de Pádua;Aperibé";9999993
137;6;2016;Miracema;3303005
138;6;2016;Laje do Muriaé;3302304
139;6;2016;Porciúncula;3304102
140;6;2016;"Natividade;Varre-Sai";9999997
141;6;2016;São Fidélis;3304805
142;6;2016;Cambuci;3300902
143;6;2016;"Itaperuna;São José de Ubá";9999996
144;6;2016;Bom Jesus de Itabapoana;3300605
145;6;2016;São João da Barra;3305000
146;6;2016;Campos dos Goytacazes;3301009
147;6;2016;São Francisco de Itabapoana;3304755
148;6;2016;"Cardoso Moreira;Italva";9999995
151;6;2016;Nova Friburgo;3303401
152;6;2016;Duas Barras;3301603
153;6;2016;Cantagalo;3301108
154;6;2016;"Cordeiro;Macuco";9999998
155;6;2016;São Sebastião do Alto;3305307
156;6;2016;Santa Maria Madalena;3304607
157;6;2016;Trajano de Morais;3305901
158;6;2016;Bom Jardim;3300506
159;6;2016;Cachoeiras de Macacu;3300803
165;6;2016;Mangaratiba;3302601
166;6;2016;Angra dos Reis;3300100
167;6;2016;Paraty;3303807
168;6;2016;Rio Claro;3304409
1;7;2016;Rio de Janeiro;3304557
4;7;2016;Rio de Janeiro;3304557
5;7;2016;Rio de Janeiro;3304557
6;7;2016;Rio de Janeiro;3304557
7;7;2016;Rio de Janeiro;3304557
9;7;2016;Rio de Janeiro;3304557
10;7;2016;Rio de Janeiro;3304557
11;7;2016;Rio de Janeiro;3304557
12;7;2016;Rio de Janeiro;3304557
13;7;2016;Rio de Janeiro;3304557
14;7;2016;Rio de Janeiro;3304557
15;7;2016;Rio de Janeiro;3304557
16;7;2016;Rio de Janeiro;3304557
17;7;2016;Rio de Janeiro;3304557
18;7;2016;Rio de Janeiro;3304557
19;7;2016;Rio de Janeiro;3304557
20;7;2016;Rio de Janeiro;3304557
21;7;2016;Rio de Janeiro;3304557
22;7;2016;Rio de Janeiro;3304557
23;7;2016;Rio de Janeiro;3304557
24;7;2016;Rio de Janeiro;3304557
25;7;2016;Rio de Janeiro;3304557
26;7;2016;Rio de Janeiro;3304557
27;7;2016;Rio de Janeiro;3304557
28;7;2016;Rio de Janeiro;3304557
29;7;2016;Rio de Janeiro;3304557
30;7;2016;Rio de Janeiro;3304557
31;7;2016;Rio de Janeiro;3304557
32;7;2016;Rio de Janeiro;3304557
33;7;2016;Rio de Janeiro;3304557
34;7;2016;Rio de Janeiro;3304557
35;7;2016;Rio de Janeiro;3304557
36;7;2016;Rio de Janeiro;3304557
37;7;2016;Rio de Janeiro;3304557
38;7;2016;Rio de Janeiro;3304557
39;7;2016;Rio de Janeiro;3304557
40;7;2016;Rio de Janeiro;3304557
41;7;2016;Rio de Janeiro;3304557
42;7;2016;Rio de Janeiro;3304557
43;7;2016;Rio de Janeiro;3304557
44;7;2016;Rio de Janeiro;3304557
45;7;2016;Rio de Janeiro;3304557
48;7;2016;Seropédica;3305554
50;7;2016;Itaguaí;3302007
51;7;2016;Paracambi;3303609
52;7;2016;Nova Iguaçu;3303500
53;7;2016;Mesquita;3302858
54;7;2016;Belford Roxo;3300456
55;7;2016;Queimados;3304144
56;7;2016;Nova Iguaçu;3303500
57;7;2016;Nilópolis;3303203
58;7;2016;Nova Iguaçu;3303500
59;7;2016;Duque de Caxias;3301702
60;7;2016;Duque de Caxias;3301702
61;7;2016;Duque de Caxias;3301702
62;7;2016;Duque de Caxias;3301702
63;7;2016;Japeri;3302270
64;7;2016;São João de Meriti;3305109
65;7;2016;Magé;3302502
66;7;2016;Magé;3302502
67;7;2016;Guapimirim;3301850
70;7;2016;Tanguá;3305752
71;7;2016;Itaboraí;3301900
72;7;2016;São Gonçalo;3304904
73;7;2016;São Gonçalo;3304904
74;7;2016;São Gonçalo;3304904
75;7;2016;São Gonçalo;3304904
76;7;2016;Niterói;3303302
77;7;2016;Niterói;3303302
78;7;2016;Niterói;3303302
79;7;2016;Niterói;3303302
81;7;2016;Niterói;3303302
82;7;2016;Maricá;3302700
88;7;2016;Barra do Pirai;3300308
89;7;2016;Resende;3304201
90;7;2016;Barra Mansa;3300407
91;7;2016;Valença;3306107
92;7;2016;Rio das Flores;3304508
93;7;2016;Volta Redonda;3306305
94;7;2016;Piraí;3304003
95;7;2016;Vassouras;3306206
96;7;2016;"Miguel Pereira;Paty dos Alferes";9999999
97;7;2016;Mendes;3302809
98;7;2016;Engenheiro Paulo de Frontin;3301801
99;7;2016;Itatiaia;3302254
100;7;2016;"Porto Real;Quatis";9999992
101;7;2016;Pinheiral;3303955
104;7;2016;São José do Vale do Rio Preto;3305158
105;7;2016;Petrópolis;3303906
106;7;2016;Petrópolis;3303906
107;7;2016;Paraíba do Sul;3303708
108;7;2016;"Comendador Levy Gasparian;Areal;Três Rios";9999991
109;7;2016;Sapucaia;3305406
110;7;2016;Teresópolis;3305802
111;7;2016;Sumidouro;3305703
112;7;2016;Carmo;3301207
118;7;2016;Araruama;3300209
119;7;2016;Rio Bonito;3304300
120;7;2016;Silva Jardim;3305604
121;7;2016;Casimiro de Abreu;3301306
122;7;2016;Conceição de Macabú;3301405
123;7;2016;Macaé;3302403
124;7;2016;Saquarema;3305505
125;7;2016;São Pedro da Aldeia;3305208
126;7;2016;Cabo Frio;3300704
127;7;2016;Armação dos Búzios;3300233
128;7;2016;Rio das Ostras;3304524
129;7;2016;Iguaba Grande;3301876
130;7;2016;"Quissamã;Carapebus";9999994
132;7;2016;Arraial do Cabo;3300258
134;7;2016;Campos dos Goytacazes;3301009
135;7;2016;Itaocara;3302106
136;7;2016;"Santo Antônio de Pádua;Aperibé";9999993
137;7;2016;Miracema;3303005
138;7;2016;Laje do Muriaé;3302304
139;7;2016;Porciúncula;3304102
140;7;2016;"Natividade;Varre-Sai";9999997
141;7;2016;São Fidélis;3304805
142;7;2016;Cambuci;3300902
143;7;2016;"Itaperuna;São José de Ubá";9999996
144;7;2016;Bom Jesus de Itabapoana;3300605
145;7;2016;São João da Barra;3305000
146;7;2016;Campos dos Goytacazes;3301009
147;7;2016;São Francisco de Itabapoana;3304755
148;7;2016;"Cardoso Moreira;Italva";9999995
151;7;2016;Nova Friburgo;3303401
152;7;2016;Duas Barras;3301603
153;7;2016;Cantagalo;3301108
154;7;2016;"Cordeiro;Macuco";9999998
155;7;2016;São Sebastião do Alto;3305307
156;7;2016;Santa Maria Madalena;3304607
157;7;2016;Trajano de Morais;3305901
158;7;2016;Bom Jardim;3300506
159;7;2016;Cachoeiras de Macacu;3300803
165;7;2016;Mangaratiba;3302601
166;7;2016;Angra dos Reis;3300100
167;7;2016;Paraty;3303807
168;7;2016;Rio Claro;3304409
1;8;2016;Rio de Janeiro;3304557
4;8;2016;Rio de Janeiro;3304557
5;8;2016;Rio de Janeiro;3304557
6;8;2016;Rio de Janeiro;3304557
7;8;2016;Rio de Janeiro;3304557
9;8;2016;Rio de Janeiro;3304557
10;8;2016;Rio de Janeiro;3304557
11;8;2016;Rio de Janeiro;3304557
12;8;2016;Rio de Janeiro;3304557
13;8;2016;Rio de Janeiro;3304557
14;8;2016;Rio de Janeiro;3304557
15;8;2016;Rio de Janeiro;3304557
16;8;2016;Rio de Janeiro;3304557
17;8;2016;Rio de Janeiro;3304557
18;8;2016;Rio de Janeiro;3304557
19;8;2016;Rio de Janeiro;3304557
20;8;2016;Rio de Janeiro;3304557
21;8;2016;Rio de Janeiro;3304557
22;8;2016;Rio de Janeiro;3304557
23;8;2016;Rio de Janeiro;3304557
24;8;2016;Rio de Janeiro;3304557
25;8;2016;Rio de Janeiro;3304557
26;8;2016;Rio de Janeiro;3304557
27;8;2016;Rio de Janeiro;3304557
28;8;2016;Rio de Janeiro;3304557
29;8;2016;Rio de Janeiro;3304557
30;8;2016;Rio de Janeiro;3304557
31;8;2016;Rio de Janeiro;3304557
32;8;2016;Rio de Janeiro;3304557
33;8;2016;Rio de Janeiro;3304557
34;8;2016;Rio de Janeiro;3304557
35;8;2016;Rio de Janeiro;3304557
36;8;2016;Rio de Janeiro;3304557
37;8;2016;Rio de Janeiro;3304557
38;8;2016;Rio de Janeiro;3304557
39;8;2016;Rio de Janeiro;3304557
40;8;2016;Rio de Janeiro;3304557
41;8;2016;Rio de Janeiro;3304557
42;8;2016;Rio de Janeiro;3304557
43;8;2016;Rio de Janeiro;3304557
44;8;2016;Rio de Janeiro;3304557
45;8;2016;Rio de Janeiro;3304557
48;8;2016;Seropédica;3305554
50;8;2016;Itaguaí;3302007
51;8;2016;Paracambi;3303609
52;8;2016;Nova Iguaçu;3303500
53;8;2016;Mesquita;3302858
54;8;2016;Belford Roxo;3300456
55;8;2016;Queimados;3304144
56;8;2016;Nova Iguaçu;3303500
57;8;2016;Nilópolis;3303203
58;8;2016;Nova Iguaçu;3303500
59;8;2016;Duque de Caxias;3301702
60;8;2016;Duque de Caxias;3301702
61;8;2016;Duque de Caxias;3301702
62;8;2016;Duque de Caxias;3301702
63;8;2016;Japeri;3302270
64;8;2016;São João de Meriti;3305109
65;8;2016;Magé;3302502
66;8;2016;Magé;3302502
67;8;2016;Guapimirim;3301850
70;8;2016;Tanguá;3305752
71;8;2016;Itaboraí;3301900
72;8;2016;São Gonçalo;3304904
73;8;2016;São Gonçalo;3304904
74;8;2016;São Gonçalo;3304904
75;8;2016;São Gonçalo;3304904
76;8;2016;Niterói;3303302
77;8;2016;Niterói;3303302
78;8;2016;Niterói;3303302
79;8;2016;Niterói;3303302
81;8;2016;Niterói;3303302
82;8;2016;Maricá;3302700
88;8;2016;Barra do Pirai;3300308
89;8;2016;Resende;3304201
90;8;2016;Barra Mansa;3300407
91;8;2016;Valença;3306107
92;8;2016;Rio das Flores;3304508
93;8;2016;Volta Redonda;3306305
94;8;2016;Piraí;3304003
95;8;2016;Vassouras;3306206
96;8;2016;"Miguel Pereira;Paty dos Alferes";9999999
97;8;2016;Mendes;3302809
98;8;2016;Engenheiro Paulo de Frontin;3301801
99;8;2016;Itatiaia;3302254
100;8;2016;"Porto Real;Quatis";9999992
101;8;2016;Pinheiral;3303955
104;8;2016;São José do Vale do Rio Preto;3305158
105;8;2016;Petrópolis;3303906
106;8;2016;Petrópolis;3303906
107;8;2016;Paraíba do Sul;3303708
108;8;2016;"Comendador Levy Gasparian;Areal;Três Rios";9999991
109;8;2016;Sapucaia;3305406
110;8;2016;Teresópolis;3305802
111;8;2016;Sumidouro;3305703
112;8;2016;Carmo;3301207
118;8;2016;Araruama;3300209
119;8;2016;Rio Bonito;3304300
120;8;2016;Silva Jardim;3305604
121;8;2016;Casimiro de Abreu;3301306
122;8;2016;Conceição de Macabú;3301405
123;8;2016;Macaé;3302403
124;8;2016;Saquarema;3305505
125;8;2016;São Pedro da Aldeia;3305208
126;8;2016;Cabo Frio;3300704
127;8;2016;Armação dos Búzios;3300233
128;8;2016;Rio das Ostras;3304524
129;8;2016;Iguaba Grande;3301876
130;8;2016;"Quissamã;Carapebus";9999994
132;8;2016;Arraial do Cabo;3300258
134;8;2016;Campos dos Goytacazes;3301009
135;8;2016;Itaocara;3302106
136;8;2016;"Santo Antônio de Pádua;Aperibé";9999993
137;8;2016;Miracema;3303005
138;8;2016;Laje do Muriaé;3302304
139;8;2016;Porciúncula;3304102
140;8;2016;"Natividade;Varre-Sai";9999997
141;8;2016;São Fidélis;3304805
142;8;2016;Cambuci;3300902
143;8;2016;"Itaperuna;São José de Ubá";9999996
144;8;2016;Bom Jesus de Itabapoana;3300605
145;8;2016;São João da Barra;3305000
146;8;2016;Campos dos Goytacazes;3301009
147;8;2016;São Francisco de Itabapoana;3304755
148;8;2016;"Cardoso Moreira;Italva";9999995
151;8;2016;Nova Friburgo;3303401
152;8;2016;Duas Barras;3301603
153;8;2016;Cantagalo;3301108
154;8;2016;"Cordeiro;Macuco";9999998
155;8;2016;São Sebastião do Alto;3305307
156;8;2016;Santa Maria Madalena;3304607
157;8;2016;Trajano de Morais;3305901
158;8;2016;Bom Jardim;3300506
159;8;2016;Cachoeiras de Macacu;3300803
165;8;2016;Mangaratiba;3302601
166;8;2016;Angra dos Reis;3300100
167;8;2016;Paraty;3303807
168;8;2016;Rio Claro;3304409
1;9;2016;Rio de Janeiro;3304557
4;9;2016;Rio de Janeiro;3304557
5;9;2016;Rio de Janeiro;3304557
6;9;2016;Rio de Janeiro;3304557
7;9;2016;Rio de Janeiro;3304557
9;9;2016;Rio de Janeiro;3304557
10;9;2016;Rio de Janeiro;3304557
11;9;2016;Rio de Janeiro;3304557
12;9;2016;Rio de Janeiro;3304557
13;9;2016;Rio de Janeiro;3304557
14;9;2016;Rio de Janeiro;3304557
15;9;2016;Rio de Janeiro;3304557
16;9;2016;Rio de Janeiro;3304557
17;9;2016;Rio de Janeiro;3304557
18;9;2016;Rio de Janeiro;3304557
19;9;2016;Rio de Janeiro;3304557
20;9;2016;Rio de Janeiro;3304557
21;9;2016;Rio de Janeiro;3304557
22;9;2016;Rio de Janeiro;3304557
23;9;2016;Rio de Janeiro;3304557
24;9;2016;Rio de Janeiro;3304557
25;9;2016;Rio de Janeiro;3304557
26;9;2016;Rio de Janeiro;3304557
27;9;2016;Rio de Janeiro;3304557
28;9;2016;Rio de Janeiro;3304557
29;9;2016;Rio de Janeiro;3304557
30;9;2016;Rio de Janeiro;3304557
31;9;2016;Rio de Janeiro;3304557
32;9;2016;Rio de Janeiro;3304557
33;9;2016;Rio de Janeiro;3304557
34;9;2016;Rio de Janeiro;3304557
35;9;2016;Rio de Janeiro;3304557
36;9;2016;Rio de Janeiro;3304557
37;9;2016;Rio de Janeiro;3304557
38;9;2016;Rio de Janeiro;3304557
39;9;2016;Rio de Janeiro;3304557
40;9;2016;Rio de Janeiro;3304557
41;9;2016;Rio de Janeiro;3304557
42;9;2016;Rio de Janeiro;3304557
43;9;2016;Rio de Janeiro;3304557
44;9;2016;Rio de Janeiro;3304557
45;9;2016;Rio de Janeiro;3304557
48;9;2016;Seropédica;3305554
50;9;2016;Itaguaí;3302007
51;9;2016;Paracambi;3303609
52;9;2016;Nova Iguaçu;3303500
53;9;2016;Mesquita;3302858
54;9;2016;Belford Roxo;3300456
55;9;2016;Queimados;3304144
56;9;2016;Nova Iguaçu;3303500
57;9;2016;Nilópolis;3303203
58;9;2016;Nova Iguaçu;3303500
59;9;2016;Duque de Caxias;3301702
60;9;2016;Duque de Caxias;3301702
61;9;2016;Duque de Caxias;3301702
62;9;2016;Duque de Caxias;3301702
63;9;2016;Japeri;3302270
64;9;2016;São João de Meriti;3305109
65;9;2016;Magé;3302502
66;9;2016;Magé;3302502
67;9;2016;Guapimirim;3301850
70;9;2016;Tanguá;3305752
71;9;2016;Itaboraí;3301900
72;9;2016;São Gonçalo;3304904
73;9;2016;São Gonçalo;3304904
74;9;2016;São Gonçalo;3304904
75;9;2016;São Gonçalo;3304904
76;9;2016;Niterói;3303302
77;9;2016;Niterói;3303302
78;9;2016;Niterói;3303302
79;9;2016;Niterói;3303302
81;9;2016;Niterói;3303302
82;9;2016;Maricá;3302700
88;9;2016;Barra do Pirai;3300308
89;9;2016;Resende;3304201
90;9;2016;Barra Mansa;3300407
91;9;2016;Valença;3306107
92;9;2016;Rio das Flores;3304508
93;9;2016;Volta Redonda;3306305
94;9;2016;Piraí;3304003
95;9;2016;Vassouras;3306206
96;9;2016;"Miguel Pereira;Paty dos Alferes";9999999
97;9;2016;Mendes;3302809
98;9;2016;Engenheiro Paulo de Frontin;3301801
99;9;2016;Itatiaia;3302254
100;9;2016;"Porto Real;Quatis";9999992
101;9;2016;Pinheiral;3303955
104;9;2016;São José do Vale do Rio Preto;3305158
105;9;2016;Petrópolis;3303906
106;9;2016;Petrópolis;3303906
107;9;2016;Paraíba do Sul;3303708
108;9;2016;"Comendador Levy Gasparian;Areal;Três Rios";9999991
109;9;2016;Sapucaia;3305406
110;9;2016;Teresópolis;3305802
111;9;2016;Sumidouro;3305703
112;9;2016;Carmo;3301207
118;9;2016;Araruama;3300209
119;9;2016;Rio Bonito;3304300
120;9;2016;Silva Jardim;3305604
121;9;2016;Casimiro de Abreu;3301306
122;9;2016;Conceição de Macabú;3301405
123;9;2016;Macaé;3302403
124;9;2016;Saquarema;3305505
125;9;2016;São Pedro da Aldeia;3305208
126;9;2016;Cabo Frio;3300704
127;9;2016;Armação dos Búzios;3300233
128;9;2016;Rio das Ostras;3304524
129;9;2016;Iguaba Grande;3301876
130;9;2016;"Quissamã;Carapebus";9999994
132;9;2016;Arraial do Cabo;3300258
134;9;2016;Campos dos Goytacazes;3301009
135;9;2016;Itaocara;3302106
136;9;2016;"Santo Antônio de Pádua;Aperibé";9999993
137;9;2016;Miracema;3303005
138;9;2016;Laje do Muriaé;3302304
139;9;2016;Porciúncula;3304102
140;9;2016;"Natividade;Varre-Sai";9999997
141;9;2016;São Fidélis;3304805
142;9;2016;Cambuci;3300902
143;9;2016;"Itaperuna;São José de Ubá";9999996
144;9;2016;Bom Jesus de Itabapoana;3300605
145;9;2016;São João da Barra;3305000
146;9;2016;Campos dos Goytacazes;3301009
147;9;2016;São Francisco de Itabapoana;3304755
148;9;2016;"Cardoso Moreira;Italva";9999995
151;9;2016;Nova Friburgo;3303401
152;9;2016;Duas Barras;3301603
153;9;2016;Cantagalo;3301108
154;9;2016;"Cordeiro;Macuco";9999998
155;9;2016;São Sebastião do Alto;3305307
156;9;2016;Santa Maria Madalena;3304607
157;9;2016;Trajano de Morais;3305901
158;9;2016;Bom Jardim;3300506
159;9;2016;Cachoeiras de Macacu;3300803
165;9;2016;Mangaratiba;3302601
166;9;2016;Angra dos Reis;3300100
167;9;2016;Paraty;3303807
168;9;2016;Rio Claro;3304409
1;10;2016;Rio de Janeiro;3304557
4;10;2016;Rio de Janeiro;3304557
5;10;2016;Rio de Janeiro;3304557
6;10;2016;Rio de Janeiro;3304557
7;10;2016;Rio de Janeiro;3304557
9;10;2016;Rio de Janeiro;3304557
10;10;2016;Rio de Janeiro;3304557
11;10;2016;Rio de Janeiro;3304557
12;10;2016;Rio de Janeiro;3304557
13;10;2016;Rio de Janeiro;3304557
14;10;2016;Rio de Janeiro;3304557
15;10;2016;Rio de Janeiro;3304557
16;10;2016;Rio de Janeiro;3304557
17;10;2016;Rio de Janeiro;3304557
18;10;2016;Rio de Janeiro;3304557
19;10;2016;Rio de Janeiro;3304557
20;10;2016;Rio de Janeiro;3304557
21;10;2016;Rio de Janeiro;3304557
22;10;2016;Rio de Janeiro;3304557
23;10;2016;Rio de Janeiro;3304557
24;10;2016;Rio de Janeiro;3304557
25;10;2016;Rio de Janeiro;3304557
26;10;2016;Rio de Janeiro;3304557
27;10;2016;Rio de Janeiro;3304557
28;10;2016;Rio de Janeiro;3304557
29;10;2016;Rio de Janeiro;3304557
30;10;2016;Rio de Janeiro;3304557
31;10;2016;Rio de Janeiro;3304557
32;10;2016;Rio de Janeiro;3304557
33;10;2016;Rio de Janeiro;3304557
34;10;2016;Rio de Janeiro;3304557
35;10;2016;Rio de Janeiro;3304557
36;10;2016;Rio de Janeiro;3304557
37;10;2016;Rio de Janeiro;3304557
38;10;2016;Rio de Janeiro;3304557
39;10;2016;Rio de Janeiro;3304557
40;10;2016;Rio de Janeiro;3304557
41;10;2016;Rio de Janeiro;3304557
42;10;2016;Rio de Janeiro;3304557
43;10;2016;Rio de Janeiro;3304557
44;10;2016;Rio de Janeiro;3304557
45;10;2016;Rio de Janeiro;3304557
48;10;2016;Seropédica;3305554
50;10;2016;Itaguaí;3302007
51;10;2016;Paracambi;3303609
52;10;2016;Nova Iguaçu;3303500
53;10;2016;Mesquita;3302858
54;10;2016;Belford Roxo;3300456
55;10;2016;Queimados;3304144
56;10;2016;Nova Iguaçu;3303500
57;10;2016;Nilópolis;3303203
58;10;2016;Nova Iguaçu;3303500
59;10;2016;Duque de Caxias;3301702
60;10;2016;Duque de Caxias;3301702
61;10;2016;Duque de Caxias;3301702
62;10;2016;Duque de Caxias;3301702
63;10;2016;Japeri;3302270
64;10;2016;São João de Meriti;3305109
65;10;2016;Magé;3302502
66;10;2016;Magé;3302502
67;10;2016;Guapimirim;3301850
70;10;2016;Tanguá;3305752
71;10;2016;Itaboraí;3301900
72;10;2016;São Gonçalo;3304904
73;10;2016;São Gonçalo;3304904
74;10;2016;São Gonçalo;3304904
75;10;2016;São Gonçalo;3304904
76;10;2016;Niterói;3303302
77;10;2016;Niterói;3303302
78;10;2016;Niterói;3303302
79;10;2016;Niterói;3303302
81;10;2016;Niterói;3303302
82;10;2016;Maricá;3302700
88;10;2016;Barra do Pirai;3300308
89;10;2016;Resende;3304201
90;10;2016;Barra Mansa;3300407
91;10;2016;Valença;3306107
92;10;2016;Rio das Flores;3304508
93;10;2016;Volta Redonda;3306305
94;10;2016;Piraí;3304003
95;10;2016;Vassouras;3306206
96;10;2016;"Miguel Pereira;Paty dos Alferes";9999999
97;10;2016;Mendes;3302809
98;10;2016;Engenheiro Paulo de Frontin;3301801
99;10;2016;Itatiaia;3302254
100;10;2016;"Porto Real;Quatis";9999992
101;10;2016;Pinheiral;3303955
104;10;2016;São José do Vale do Rio Preto;3305158
105;10;2016;Petrópolis;3303906
106;10;2016;Petrópolis;3303906
107;10;2016;Paraíba do Sul;3303708
108;10;2016;"Comendador Levy Gasparian;Areal;Três Rios";9999991
109;10;2016;Sapucaia;3305406
110;10;2016;Teresópolis;3305802
111;10;2016;Sumidouro;3305703
112;10;2016;Carmo;3301207
118;10;2016;Araruama;3300209
119;10;2016;Rio Bonito;3304300
120;10;2016;Silva Jardim;3305604
121;10;2016;Casimiro de Abreu;3301306
122;10;2016;Conceição de Macabú;3301405
123;10;2016;Macaé;3302403
124;10;2016;Saquarema;3305505
125;10;2016;São Pedro da Aldeia;3305208
126;10;2016;Cabo Frio;3300704
127;10;2016;Armação dos Búzios;3300233
128;10;2016;Rio das Ostras;3304524
129;10;2016;Iguaba Grande;3301876
130;10;2016;"Quissamã;Carapebus";9999994
132;10;2016;Arraial do Cabo;3300258
134;10;2016;Campos dos Goytacazes;3301009
135;10;2016;Itaocara;3302106
136;10;2016;"Santo Antônio de Pádua;Aperibé";9999993
137;10;2016;Miracema;3303005
138;10;2016;Laje do Muriaé;3302304
139;10;2016;Porciúncula;3304102
140;10;2016;"Natividade;Varre-Sai";9999997
141;10;2016;São Fidélis;3304805
142;10;2016;Cambuci;3300902
143;10;2016;"Itaperuna;São José de Ubá";9999996
144;10;2016;Bom Jesus de Itabapoana;3300605
145;10;2016;São João da Barra;3305000
146;10;2016;Campos dos Goytacazes;3301009
147;10;2016;São Francisco de Itabapoana;3304755
148;10;2016;"Cardoso Moreira;Italva";9999995
151;10;2016;Nova Friburgo;3303401
152;10;2016;Duas Barras;3301603
153;10;2016;Cantagalo;3301108
154;10;2016;"Cordeiro;Macuco";9999998
155;10;2016;São Sebastião do Alto;3305307
156;10;2016;Santa Maria Madalena;3304607
157;10;2016;Trajano de Morais;3305901
158;10;2016;Bom Jardim;3300506
159;10;2016;Cachoeiras de Macacu;3300803
165;10;2016;Mangaratiba;3302601
166;10;2016;Angra dos Reis;3300100
167;10;2016;Paraty;3303807
168;10;2016;Rio Claro;3304409
1;11;2016;Rio de Janeiro;3304557
4;11;2016;Rio de Janeiro;3304557
5;11;2016;Rio de Janeiro;3304557
6;11;2016;Rio de Janeiro;3304557
7;11;2016;Rio de Janeiro;3304557
9;11;2016;Rio de Janeiro;3304557
10;11;2016;Rio de Janeiro;3304557
11;11;2016;Rio de Janeiro;3304557
12;11;2016;Rio de Janeiro;3304557
13;11;2016;Rio de Janeiro;3304557
14;11;2016;Rio de Janeiro;3304557
15;11;2016;Rio de Janeiro;3304557
16;11;2016;Rio de Janeiro;3304557
17;11;2016;Rio de Janeiro;3304557
18;11;2016;Rio de Janeiro;3304557
19;11;2016;Rio de Janeiro;3304557
20;11;2016;Rio de Janeiro;3304557
21;11;2016;Rio de Janeiro;3304557
22;11;2016;Rio de Janeiro;3304557
23;11;2016;Rio de Janeiro;3304557
24;11;2016;Rio de Janeiro;3304557
25;11;2016;Rio de Janeiro;3304557
26;11;2016;Rio de Janeiro;3304557
27;11;2016;Rio de Janeiro;3304557
28;11;2016;Rio de Janeiro;3304557
29;11;2016;Rio de Janeiro;3304557
30;11;2016;Rio de Janeiro;3304557
31;11;2016;Rio de Janeiro;3304557
32;11;2016;Rio de Janeiro;3304557
33;11;2016;Rio de Janeiro;3304557
34;11;2016;Rio de Janeiro;3304557
35;11;2016;Rio de Janeiro;3304557
36;11;2016;Rio de Janeiro;3304557
37;11;2016;Rio de Janeiro;3304557
38;11;2016;Rio de Janeiro;3304557
39;11;2016;Rio de Janeiro;3304557
40;11;2016;Rio de Janeiro;3304557
41;11;2016;Rio de Janeiro;3304557
42;11;2016;Rio de Janeiro;3304557
43;11;2016;Rio de Janeiro;3304557
44;11;2016;Rio de Janeiro;3304557
45;11;2016;Rio de Janeiro;3304557
48;11;2016;Seropédica;3305554
50;11;2016;Itaguaí;3302007
51;11;2016;Paracambi;3303609
52;11;2016;Nova Iguaçu;3303500
53;11;2016;Mesquita;3302858
54;11;2016;Belford Roxo;3300456
55;11;2016;Queimados;3304144
56;11;2016;Nova Iguaçu;3303500
57;11;2016;Nilópolis;3303203
58;11;2016;Nova Iguaçu;3303500
59;11;2016;Duque de Caxias;3301702
60;11;2016;Duque de Caxias;3301702
61;11;2016;Duque de Caxias;3301702
62;11;2016;Duque de Caxias;3301702
63;11;2016;Japeri;3302270
64;11;2016;São João de Meriti;3305109
65;11;2016;Magé;3302502
66;11;2016;Magé;3302502
67;11;2016;Guapimirim;3301850
70;11;2016;Tanguá;3305752
71;11;2016;Itaboraí;3301900
72;11;2016;São Gonçalo;3304904
73;11;2016;São Gonçalo;3304904
74;11;2016;São Gonçalo;3304904
75;11;2016;São Gonçalo;3304904
76;11;2016;Niterói;3303302
77;11;2016;Niterói;3303302
78;11;2016;Niterói;3303302
79;11;2016;Niterói;3303302
81;11;2016;Niterói;3303302
82;11;2016;Maricá;3302700
88;11;2016;Barra do Pirai;3300308
89;11;2016;Resende;3304201
90;11;2016;Barra Mansa;3300407
91;11;2016;Valença;3306107
92;11;2016;Rio das Flores;3304508
93;11;2016;Volta Redonda;3306305
94;11;2016;Piraí;3304003
95;11;2016;Vassouras;3306206
96;11;2016;"Miguel Pereira;Paty dos Alferes";9999999
97;11;2016;Mendes;3302809
98;11;2016;Engenheiro Paulo de Frontin;3301801
99;11;2016;Itatiaia;3302254
100;11;2016;"Porto Real;Quatis";9999992
101;11;2016;Pinheiral;3303955
104;11;2016;São José do Vale do Rio Preto;3305158
105;11;2016;Petrópolis;3303906
106;11;2016;Petrópolis;3303906
107;11;2016;Paraíba do Sul;3303708
108;11;2016;"Comendador Levy Gasparian;Areal;Três Rios";9999991
109;11;2016;Sapucaia;3305406
110;11;2016;Teresópolis;3305802
111;11;2016;Sumidouro;3305703
112;11;2016;Carmo;3301207
118;11;2016;Araruama;3300209
119;11;2016;Rio Bonito;3304300
120;11;2016;Silva Jardim;3305604
121;11;2016;Casimiro de Abreu;3301306
122;11;2016;Conceição de Macabú;3301405
123;11;2016;Macaé;3302403
124;11;2016;Saquarema;3305505
125;11;2016;São Pedro da Aldeia;3305208
126;11;2016;Cabo Frio;3300704
127;11;2016;Armação dos Búzios;3300233
128;11;2016;Rio das Ostras;3304524
129;11;2016;Iguaba Grande;3301876
130;11;2016;"Quissamã;Carapebus";9999994
132;11;2016;Arraial do Cabo;3300258
134;11;2016;Campos dos Goytacazes;3301009
135;11;2016;Itaocara;3302106
136;11;2016;"Santo Antônio de Pádua;Aperibé";9999993
137;11;2016;Miracema;3303005
138;11;2016;Laje do Muriaé;3302304
139;11;2016;Porciúncula;3304102
140;11;2016;"Natividade;Varre-Sai";9999997
141;11;2016;São Fidélis;3304805
142;11;2016;Cambuci;3300902
143;11;2016;"Itaperuna;São José de Ubá";9999996
144;11;2016;Bom Jesus de Itabapoana;3300605
145;11;2016;São João da Barra;3305000
146;11;2016;Campos dos Goytacazes;3301009
147;11;2016;São Francisco de Itabapoana;3304755
148;11;2016;"Cardoso Moreira;Italva";9999995
151;11;2016;Nova Friburgo;3303401
152;11;2016;Duas Barras;3301603
153;11;2016;Cantagalo;3301108
154;11;2016;"Cordeiro;Macuco";9999998
155;11;2016;São Sebastião do Alto;3305307
156;11;2016;Santa Maria Madalena;3304607
157;11;2016;Trajano de Morais;3305901
158;11;2016;Bom Jardim;3300506
159;11;2016;Cachoeiras de Macacu;3300803
165;11;2016;Mangaratiba;3302601
166;11;2016;Angra dos Reis;3300100
167;11;2016;Paraty;3303807
168;11;2016;Rio Claro;3304409
1;12;2016;Rio de Janeiro;3304557
4;12;2016;Rio de Janeiro;3304557
5;12;2016;Rio de Janeiro;3304557
6;12;2016;Rio de Janeiro;3304557
7;12;2016;Rio de Janeiro;3304557
9;12;2016;Rio de Janeiro;3304557
10;12;2016;Rio de Janeiro;3304557
11;12;2016;Rio de Janeiro;3304557
12;12;2016;Rio de Janeiro;3304557
13;12;2016;Rio de Janeiro;3304557
14;12;2016;Rio de Janeiro;3304557
15;12;2016;Rio de Janeiro;3304557
16;12;2016;Rio de Janeiro;3304557
17;12;2016;Rio de Janeiro;3304557
18;12;2016;Rio de Janeiro;3304557
19;12;2016;Rio de Janeiro;3304557
20;12;2016;Rio de Janeiro;3304557
21;12;2016;Rio de Janeiro;3304557
22;12;2016;Rio de Janeiro;3304557
23;12;2016;Rio de Janeiro;3304557
24;12;2016;Rio de Janeiro;3304557
25;12;2016;Rio de Janeiro;3304557
26;12;2016;Rio de Janeiro;3304557
27;12;2016;Rio de Janeiro;3304557
28;12;2016;Rio de Janeiro;3304557
29;12;2016;Rio de Janeiro;3304557
30;12;2016;Rio de Janeiro;3304557
31;12;2016;Rio de Janeiro;3304557
32;12;2016;Rio de Janeiro;3304557
33;12;2016;Rio de Janeiro;3304557
34;12;2016;Rio de Janeiro;3304557
35;12;2016;Rio de Janeiro;3304557
36;12;2016;Rio de Janeiro;3304557
37;12;2016;Rio de Janeiro;3304557
38;12;2016;Rio de Janeiro;3304557
39;12;2016;Rio de Janeiro;3304557
40;12;2016;Rio de Janeiro;3304557
41;12;2016;Rio de Janeiro;3304557
42;12;2016;Rio de Janeiro;3304557
43;12;2016;Rio de Janeiro;3304557
44;12;2016;Rio de Janeiro;3304557
45;12;2016;Rio de Janeiro;3304557
48;12;2016;Seropédica;3305554
50;12;2016;Itaguaí;3302007
51;12;2016;Paracambi;3303609
52;12;2016;Nova Iguaçu;3303500
53;12;2016;Mesquita;3302858
54;12;2016;Belford Roxo;3300456
55;12;2016;Queimados;3304144
56;12;2016;Nova Iguaçu;3303500
57;12;2016;Nilópolis;3303203
58;12;2016;Nova Iguaçu;3303500
59;12;2016;Duque de Caxias;3301702
60;12;2016;Duque de Caxias;3301702
61;12;2016;Duque de Caxias;3301702
62;12;2016;Duque de Caxias;3301702
63;12;2016;Japeri;3302270
64;12;2016;São João de Meriti;3305109
65;12;2016;Magé;3302502
66;12;2016;Magé;3302502
67;12;2016;Guapimirim;3301850
70;12;2016;Tanguá;3305752
71;12;2016;Itaboraí;3301900
72;12;2016;São Gonçalo;3304904
73;12;2016;São Gonçalo;3304904
74;12;2016;São Gonçalo;3304904
75;12;2016;São Gonçalo;3304904
76;12;2016;Niterói;3303302
77;12;2016;Niterói;3303302
78;12;2016;Niterói;3303302
79;12;2016;Niterói;3303302
81;12;2016;Niterói;3303302
82;12;2016;Maricá;3302700
88;12;2016;Barra do Pirai;3300308
89;12;2016;Resende;3304201
90;12;2016;Barra Mansa;3300407
91;12;2016;Valença;3306107
92;12;2016;Rio das Flores;3304508
93;12;2016;Volta Redonda;3306305
94;12;2016;Piraí;3304003
95;12;2016;Vassouras;3306206
96;12;2016;"Miguel Pereira;Paty dos Alferes";9999999
97;12;2016;Mendes;3302809
98;12;2016;Engenheiro Paulo de Frontin;3301801
99;12;2016;Itatiaia;3302254
100;12;2016;"Porto Real;Quatis";9999992
101;12;2016;Pinheiral;3303955
104;12;2016;São José do Vale do Rio Preto;3305158
105;12;2016;Petrópolis;3303906
106;12;2016;Petrópolis;3303906
107;12;2016;Paraíba do Sul;3303708
108;12;2016;"Comendador Levy Gasparian;Areal;Três Rios";9999991
109;12;2016;Sapucaia;3305406
110;12;2016;Teresópolis;3305802
111;12;2016;Sumidouro;3305703
112;12;2016;Carmo;3301207
118;12;2016;Araruama;3300209
119;12;2016;Rio Bonito;3304300
120;12;2016;Silva Jardim;3305604
121;12;2016;Casimiro de Abreu;3301306
122;12;2016;Conceição de Macabú;3301405
123;12;2016;Macaé;3302403
124;12;2016;Saquarema;3305505
125;12;2016;São Pedro da Aldeia;3305208
126;12;2016;Cabo Frio;3300704
127;12;2016;Armação dos Búzios;3300233
128;12;2016;Rio das Ostras;3304524
129;12;2016;Iguaba Grande;3301876
130;12;2016;"Quissamã;Carapebus";9999994
132;12;2016;Arraial do Cabo;3300258
134;12;2016;Campos dos Goytacazes;3301009
135;12;2016;Itaocara;3302106
136;12;2016;"Santo Antônio de Pádua;Aperibé";9999993
137;12;2016;Miracema;3303005
138;12;2016;Laje do Muriaé;3302304
139;12;2016;Porciúncula;3304102
140;12;2016;"Natividade;Varre-Sai";9999997
141;12;2016;São Fidélis;3304805
142;12;2016;Cambuci;3300902
143;12;2016;"Itaperuna;São José de Ubá";9999996
144;12;2016;Bom Jesus de Itabapoana;3300605
145;12;2016;São João da Barra;3305000
146;12;2016;Campos dos Goytacazes;3301009
147;12;2016;São Francisco de Itabapoana;3304755
148;12;2016;"Cardoso Moreira;Italva";9999995
151;12;2016;Nova Friburgo;3303401
152;12;2016;Duas Barras;3301603
153;12;2016;Cantagalo;3301108
154;12;2016;"Cordeiro;Macuco";9999998
155;12;2016;São Sebastião do Alto;3305307
156;12;2016;Santa Maria Madalena;3304607
157;12;2016;Trajano de Morais;3305901
158;12;2016;Bom Jardim;3300506
159;12;2016;Cachoeiras de Macacu;3300803
165;12;2016;Mangaratiba;3302601
166;12;2016;Angra dos Reis;3300100
167;12;2016;Paraty;3303807
168;12;2016;Rio Claro;3304409
1;1;2017;Rio de Janeiro;3304557
4;1;2017;Rio de Janeiro;3304557
5;1;2017;Rio de Janeiro;3304557
6;1;2017;Rio de Janeiro;3304557
7;1;2017;Rio de Janeiro;3304557
9;1;2017;Rio de Janeiro;3304557
10;1;2017;Rio de Janeiro;3304557
11;1;2017;Rio de Janeiro;3304557
12;1;2017;Rio de Janeiro;3304557
13;1;2017;Rio de Janeiro;3304557
14;1;2017;Rio de Janeiro;3304557
15;1;2017;Rio de Janeiro;3304557
16;1;2017;Rio de Janeiro;3304557
17;1;2017;Rio de Janeiro;3304557
18;1;2017;Rio de Janeiro;3304557
19;1;2017;Rio de Janeiro;3304557
20;1;2017;Rio de Janeiro;3304557
21;1;2017;Rio de Janeiro;3304557
22;1;2017;Rio de Janeiro;3304557
23;1;2017;Rio de Janeiro;3304557
24;1;2017;Rio de Janeiro;3304557
25;1;2017;Rio de Janeiro;3304557
26;1;2017;Rio de Janeiro;3304557
27;1;2017;Rio de Janeiro;3304557
28;1;2017;Rio de Janeiro;3304557
29;1;2017;Rio de Janeiro;3304557
30;1;2017;Rio de Janeiro;3304557
31;1;2017;Rio de Janeiro;3304557
32;1;2017;Rio de Janeiro;3304557
33;1;2017;Rio de Janeiro;3304557
34;1;2017;Rio de Janeiro;3304557
35;1;2017;Rio de Janeiro;3304557
36;1;2017;Rio de Janeiro;3304557
37;1;2017;Rio de Janeiro;3304557
38;1;2017;Rio de Janeiro;3304557
39;1;2017;Rio de Janeiro;3304557
40;1;2017;Rio de Janeiro;3304557
41;1;2017;Rio de Janeiro;3304557
42;1;2017;Rio de Janeiro;3304557
43;1;2017;Rio de Janeiro;3304557
44;1;2017;Rio de Janeiro;3304557
45;1;2017;Rio de Janeiro;3304557
48;1;2017;Seropédica;3305554
50;1;2017;Itaguaí;3302007
51;1;2017;Paracambi;3303609
52;1;2017;Nova Iguaçu;3303500
53;1;2017;Mesquita;3302858
54;1;2017;Belford Roxo;3300456
55;1;2017;Queimados;3304144
56;1;2017;Nova Iguaçu;3303500
57;1;2017;Nilópolis;3303203
58;1;2017;Nova Iguaçu;3303500
59;1;2017;Duque de Caxias;3301702
60;1;2017;Duque de Caxias;3301702
61;1;2017;Duque de Caxias;3301702
62;1;2017;Duque de Caxias;3301702
63;1;2017;Japeri;3302270
64;1;2017;São João de Meriti;3305109
65;1;2017;Magé;3302502
66;1;2017;Magé;3302502
67;1;2017;Guapimirim;3301850
70;1;2017;Tanguá;3305752
71;1;2017;Itaboraí;3301900
72;1;2017;São Gonçalo;3304904
73;1;2017;São Gonçalo;3304904
74;1;2017;São Gonçalo;3304904
75;1;2017;São Gonçalo;3304904
76;1;2017;Niterói;3303302
77;1;2017;Niterói;3303302
78;1;2017;Niterói;3303302
79;1;2017;Niterói;3303302
81;1;2017;Niterói;3303302
82;1;2017;Maricá;3302700
88;1;2017;Barra do Pirai;3300308
89;1;2017;Resende;3304201
90;1;2017;Barra Mansa;3300407
91;1;2017;Valença;3306107
92;1;2017;Rio das Flores;3304508
93;1;2017;Volta Redonda;3306305
94;1;2017;Piraí;3304003
95;1;2017;Vassouras;3306206
96;1;2017;"Miguel Pereira;Paty dos Alferes";9999999
97;1;2017;Mendes;3302809
98;1;2017;Engenheiro Paulo de Frontin;3301801
99;1;2017;Itatiaia;3302254
100;1;2017;"Porto Real;Quatis";9999992
101;1;2017;Pinheiral;3303955
104;1;2017;São José do Vale do Rio Preto;3305158
105;1;2017;Petrópolis;3303906
106;1;2017;Petrópolis;3303906
107;1;2017;Paraíba do Sul;3303708
108;1;2017;"Comendador Levy Gasparian;Areal;Três Rios";9999991
109;1;2017;Sapucaia;3305406
110;1;2017;Teresópolis;3305802
111;1;2017;Sumidouro;3305703
112;1;2017;Carmo;3301207
118;1;2017;Araruama;3300209
119;1;2017;Rio Bonito;3304300
120;1;2017;Silva Jardim;3305604
121;1;2017;Casimiro de Abreu;3301306
122;1;2017;Conceição de Macabú;3301405
123;1;2017;Macaé;3302403
124;1;2017;Saquarema;3305505
125;1;2017;São Pedro da Aldeia;3305208
126;1;2017;Cabo Frio;3300704
127;1;2017;Armação dos Búzios;3300233
128;1;2017;Rio das Ostras;3304524
129;1;2017;Iguaba Grande;3301876
130;1;2017;"Quissamã;Carapebus";9999994
132;1;2017;Arraial do Cabo;3300258
134;1;2017;Campos dos Goytacazes;3301009
135;1;2017;Itaocara;3302106
136;1;2017;"Santo Antônio de Pádua;Aperibé";9999993
137;1;2017;Miracema;3303005
138;1;2017;Laje do Muriaé;3302304
139;1;2017;Porciúncula;3304102
140;1;2017;"Natividade;Varre-Sai";9999997
141;1;2017;São Fidélis;3304805
142;1;2017;Cambuci;3300902
143;1;2017;"Itaperuna;São José de Ubá";9999996
144;1;2017;Bom Jesus de Itabapoana;3300605
145;1;2017;São João da Barra;3305000
146;1;2017;Campos dos Goytacazes;3301009
147;1;2017;São Francisco de Itabapoana;3304755
148;1;2017;"Cardoso Moreira;Italva";9999995
151;1;2017;Nova Friburgo;3303401
152;1;2017;Duas Barras;3301603
153;1;2017;Cantagalo;3301108
154;1;2017;"Cordeiro;Macuco";9999998
155;1;2017;São Sebastião do Alto;3305307
156;1;2017;Santa Maria Madalena;3304607
157;1;2017;Trajano de Morais;3305901
158;1;2017;Bom Jardim;3300506
159;1;2017;Cachoeiras de Macacu;3300803
165;1;2017;Mangaratiba;3302601
166;1;2017;Angra dos Reis;3300100
167;1;2017;Paraty;3303807
168;1;2017;Rio Claro;3304409
1;2;2017;Rio de Janeiro;3304557
4;2;2017;Rio de Janeiro;3304557
5;2;2017;Rio de Janeiro;3304557
6;2;2017;Rio de Janeiro;3304557
7;2;2017;Rio de Janeiro;3304557
9;2;2017;Rio de Janeiro;3304557
10;2;2017;Rio de Janeiro;3304557
11;2;2017;Rio de Janeiro;3304557
12;2;2017;Rio de Janeiro;3304557
13;2;2017;Rio de Janeiro;3304557
14;2;2017;Rio de Janeiro;3304557
15;2;2017;Rio de Janeiro;3304557
16;2;2017;Rio de Janeiro;3304557
17;2;2017;Rio de Janeiro;3304557
18;2;2017;Rio de Janeiro;3304557
19;2;2017;Rio de Janeiro;3304557
20;2;2017;Rio de Janeiro;3304557
21;2;2017;Rio de Janeiro;3304557
22;2;2017;Rio de Janeiro;3304557
23;2;2017;Rio de Janeiro;3304557
24;2;2017;Rio de Janeiro;3304557
25;2;2017;Rio de Janeiro;3304557
26;2;2017;Rio de Janeiro;3304557
27;2;2017;Rio de Janeiro;3304557
28;2;2017;Rio de Janeiro;3304557
29;2;2017;Rio de Janeiro;3304557
30;2;2017;Rio de Janeiro;3304557
31;2;2017;Rio de Janeiro;3304557
32;2;2017;Rio de Janeiro;3304557
33;2;2017;Rio de Janeiro;3304557
34;2;2017;Rio de Janeiro;3304557
35;2;2017;Rio de Janeiro;3304557
36;2;2017;Rio de Janeiro;3304557
37;2;2017;Rio de Janeiro;3304557
38;2;2017;Rio de Janeiro;3304557
39;2;2017;Rio de Janeiro;3304557
40;2;2017;Rio de Janeiro;3304557
41;2;2017;Rio de Janeiro;3304557
42;2;2017;Rio de Janeiro;3304557
43;2;2017;Rio de Janeiro;3304557
44;2;2017;Rio de Janeiro;3304557
45;2;2017;Rio de Janeiro;3304557
48;2;2017;Seropédica;3305554
50;2;2017;Itaguaí;3302007
51;2;2017;Paracambi;3303609
52;2;2017;Nova Iguaçu;3303500
53;2;2017;Mesquita;3302858
54;2;2017;Belford Roxo;3300456
55;2;2017;Queimados;3304144
56;2;2017;Nova Iguaçu;3303500
57;2;2017;Nilópolis;3303203
58;2;2017;Nova Iguaçu;3303500
59;2;2017;Duque de Caxias;3301702
60;2;2017;Duque de Caxias;3301702
61;2;2017;Duque de Caxias;3301702
62;2;2017;Duque de Caxias;3301702
63;2;2017;Japeri;3302270
64;2;2017;São João de Meriti;3305109
65;2;2017;Magé;3302502
66;2;2017;Magé;3302502
67;2;2017;Guapimirim;3301850
70;2;2017;Tanguá;3305752
71;2;2017;Itaboraí;3301900
72;2;2017;São Gonçalo;3304904
73;2;2017;São Gonçalo;3304904
74;2;2017;São Gonçalo;3304904
75;2;2017;São Gonçalo;3304904
76;2;2017;Niterói;3303302
77;2;2017;Niterói;3303302
78;2;2017;Niterói;3303302
79;2;2017;Niterói;3303302
81;2;2017;Niterói;3303302
82;2;2017;Maricá;3302700
88;2;2017;Barra do Pirai;3300308
89;2;2017;Resende;3304201
90;2;2017;Barra Mansa;3300407
91;2;2017;Valença;3306107
92;2;2017;Rio das Flores;3304508
93;2;2017;Volta Redonda;3306305
94;2;2017;Piraí;3304003
95;2;2017;Vassouras;3306206
96;2;2017;"Miguel Pereira;Paty dos Alferes";9999999
97;2;2017;Mendes;3302809
98;2;2017;Engenheiro Paulo de Frontin;3301801
99;2;2017;Itatiaia;3302254
100;2;2017;"Porto Real;Quatis";9999992
101;2;2017;Pinheiral;3303955
104;2;2017;São José do Vale do Rio Preto;3305158
105;2;2017;Petrópolis;3303906
106;2;2017;Petrópolis;3303906
107;2;2017;Paraíba do Sul;3303708
108;2;2017;"Comendador Levy Gasparian;Areal;Três Rios";9999991
109;2;2017;Sapucaia;3305406
110;2;2017;Teresópolis;3305802
111;2;2017;Sumidouro;3305703
112;2;2017;Carmo;3301207
118;2;2017;Araruama;3300209
119;2;2017;Rio Bonito;3304300
120;2;2017;Silva Jardim;3305604
121;2;2017;Casimiro de Abreu;3301306
122;2;2017;Conceição de Macabú;3301405
123;2;2017;Macaé;3302403
124;2;2017;Saquarema;3305505
125;2;2017;São Pedro da Aldeia;3305208
126;2;2017;Cabo Frio;3300704
127;2;2017;Armação dos Búzios;3300233
128;2;2017;Rio das Ostras;3304524
129;2;2017;Iguaba Grande;3301876
130;2;2017;"Quissamã;Carapebus";9999994
132;2;2017;Arraial do Cabo;3300258
134;2;2017;Campos dos Goytacazes;3301009
135;2;2017;Itaocara;3302106
136;2;2017;"Santo Antônio de Pádua;Aperibé";9999993
137;2;2017;Miracema;3303005
138;2;2017;Laje do Muriaé;3302304
139;2;2017;Porciúncula;3304102
140;2;2017;"Natividade;Varre-Sai";9999997
141;2;2017;São Fidélis;3304805
142;2;2017;Cambuci;3300902
143;2;2017;"Itaperuna;São José de Ubá";9999996
144;2;2017;Bom Jesus de Itabapoana;3300605
145;2;2017;São João da Barra;3305000
146;2;2017;Campos dos Goytacazes;3301009
147;2;2017;São Francisco de Itabapoana;3304755
148;2;2017;"Cardoso Moreira;Italva";9999995
151;2;2017;Nova Friburgo;3303401
152;2;2017;Duas Barras;3301603
153;2;2017;Cantagalo;3301108
154;2;2017;"Cordeiro;Macuco";9999998
155;2;2017;São Sebastião do Alto;3305307
156;2;2017;Santa Maria Madalena;3304607
157;2;2017;Trajano de Morais;3305901
158;2;2017;Bom Jardim;3300506
159;2;2017;Cachoeiras de Macacu;3300803
165;2;2017;Mangaratiba;3302601
166;2;2017;Angra dos Reis;3300100
167;2;2017;Paraty;3303807
168;2;2017;Rio Claro;3304409
1;3;2017;Rio de Janeiro;3304557
4;3;2017;Rio de Janeiro;3304557
5;3;2017;Rio de Janeiro;3304557
6;3;2017;Rio de Janeiro;3304557
7;3;2017;Rio de Janeiro;3304557
9;3;2017;Rio de Janeiro;3304557
10;3;2017;Rio de Janeiro;3304557
11;3;2017;Rio de Janeiro;3304557
12;3;2017;Rio de Janeiro;3304557
13;3;2017;Rio de Janeiro;3304557
14;3;2017;Rio de Janeiro;3304557
15;3;2017;Rio de Janeiro;3304557
16;3;2017;Rio de Janeiro;3304557
17;3;2017;Rio de Janeiro;3304557
18;3;2017;Rio de Janeiro;3304557
19;3;2017;Rio de Janeiro;3304557
20;3;2017;Rio de Janeiro;3304557
21;3;2017;Rio de Janeiro;3304557
22;3;2017;Rio de Janeiro;3304557
23;3;2017;Rio de Janeiro;3304557
24;3;2017;Rio de Janeiro;3304557
25;3;2017;Rio de Janeiro;3304557
26;3;2017;Rio de Janeiro;3304557
27;3;2017;Rio de Janeiro;3304557
28;3;2017;Rio de Janeiro;3304557
29;3;2017;Rio de Janeiro;3304557
30;3;2017;Rio de Janeiro;3304557
31;3;2017;Rio de Janeiro;3304557
32;3;2017;Rio de Janeiro;3304557
33;3;2017;Rio de Janeiro;3304557
34;3;2017;Rio de Janeiro;3304557
35;3;2017;Rio de Janeiro;3304557
36;3;2017;Rio de Janeiro;3304557
37;3;2017;Rio de Janeiro;3304557
38;3;2017;Rio de Janeiro;3304557
39;3;2017;Rio de Janeiro;3304557
40;3;2017;Rio de Janeiro;3304557
41;3;2017;Rio de Janeiro;3304557
42;3;2017;Rio de Janeiro;3304557
43;3;2017;Rio de Janeiro;3304557
44;3;2017;Rio de Janeiro;3304557
45;3;2017;Rio de Janeiro;3304557
48;3;2017;Seropédica;3305554
50;3;2017;Itaguaí;3302007
51;3;2017;Paracambi;3303609
52;3;2017;Nova Iguaçu;3303500
53;3;2017;Mesquita;3302858
54;3;2017;Belford Roxo;3300456
55;3;2017;Queimados;3304144
56;3;2017;Nova Iguaçu;3303500
57;3;2017;Nilópolis;3303203
58;3;2017;Nova Iguaçu;3303500
59;3;2017;Duque de Caxias;3301702
60;3;2017;Duque de Caxias;3301702
61;3;2017;Duque de Caxias;3301702
62;3;2017;Duque de Caxias;3301702
63;3;2017;Japeri;3302270
64;3;2017;São João de Meriti;3305109
65;3;2017;Magé;3302502
66;3;2017;Magé;3302502
67;3;2017;Guapimirim;3301850
70;3;2017;Tanguá;3305752
71;3;2017;Itaboraí;3301900
72;3;2017;São Gonçalo;3304904
73;3;2017;São Gonçalo;3304904
74;3;2017;São Gonçalo;3304904
75;3;2017;São Gonçalo;3304904
76;3;2017;Niterói;3303302
77;3;2017;Niterói;3303302
78;3;2017;Niterói;3303302
79;3;2017;Niterói;3303302
81;3;2017;Niterói;3303302
82;3;2017;Maricá;3302700
88;3;2017;Barra do Pirai;3300308
89;3;2017;Resende;3304201
90;3;2017;Barra Mansa;3300407
91;3;2017;Valença;3306107
92;3;2017;Rio das Flores;3304508
93;3;2017;Volta Redonda;3306305
94;3;2017;Piraí;3304003
95;3;2017;Vassouras;3306206
96;3;2017;"Miguel Pereira;Paty dos Alferes";9999999
97;3;2017;Mendes;3302809
98;3;2017;Engenheiro Paulo de Frontin;3301801
99;3;2017;Itatiaia;3302254
100;3;2017;"Porto Real;Quatis";9999992
101;3;2017;Pinheiral;3303955
104;3;2017;São José do Vale do Rio Preto;3305158
105;3;2017;Petrópolis;3303906
106;3;2017;Petrópolis;3303906
107;3;2017;Paraíba do Sul;3303708
108;3;2017;"Comendador Levy Gasparian;Areal;Três Rios";9999991
109;3;2017;Sapucaia;3305406
110;3;2017;Teresópolis;3305802
111;3;2017;Sumidouro;3305703
112;3;2017;Carmo;3301207
118;3;2017;Araruama;3300209
119;3;2017;Rio Bonito;3304300
120;3;2017;Silva Jardim;3305604
121;3;2017;Casimiro de Abreu;3301306
122;3;2017;Conceição de Macabú;3301405
123;3;2017;Macaé;3302403
124;3;2017;Saquarema;3305505
125;3;2017;São Pedro da Aldeia;3305208
126;3;2017;Cabo Frio;3300704
127;3;2017;Armação dos Búzios;3300233
128;3;2017;Rio das Ostras;3304524
129;3;2017;Iguaba Grande;3301876
130;3;2017;"Quissamã;Carapebus";9999994
132;3;2017;Arraial do Cabo;3300258
134;3;2017;Campos dos Goytacazes;3301009
135;3;2017;Itaocara;3302106
136;3;2017;"Santo Antônio de Pádua;Aperibé";9999993
137;3;2017;Miracema;3303005
138;3;2017;Laje do Muriaé;3302304
139;3;2017;Porciúncula;3304102
140;3;2017;"Natividade;Varre-Sai";9999997
141;3;2017;São Fidélis;3304805
142;3;2017;Cambuci;3300902
143;3;2017;"Itaperuna;São José de Ubá";9999996
144;3;2017;Bom Jesus de Itabapoana;3300605
145;3;2017;São João da Barra;3305000
146;3;2017;Campos dos Goytacazes;3301009
147;3;2017;São Francisco de Itabapoana;3304755
148;3;2017;"Cardoso Moreira;Italva";9999995
151;3;2017;Nova Friburgo;3303401
152;3;2017;Duas Barras;3301603
153;3;2017;Cantagalo;3301108
154;3;2017;"Cordeiro;Macuco";9999998
155;3;2017;São Sebastião do Alto;3305307
156;3;2017;Santa Maria Madalena;3304607
157;3;2017;Trajano de Morais;3305901
158;3;2017;Bom Jardim;3300506
159;3;2017;Cachoeiras de Macacu;3300803
165;3;2017;Mangaratiba;3302601
166;3;2017;Angra dos Reis;3300100
167;3;2017;Paraty;3303807
168;3;2017;Rio Claro;3304409
1;4;2017;Rio de Janeiro;3304557
4;4;2017;Rio de Janeiro;3304557
5;4;2017;Rio de Janeiro;3304557
6;4;2017;Rio de Janeiro;3304557
7;4;2017;Rio de Janeiro;3304557
9;4;2017;Rio de Janeiro;3304557
10;4;2017;Rio de Janeiro;3304557
11;4;2017;Rio de Janeiro;3304557
12;4;2017;Rio de Janeiro;3304557
13;4;2017;Rio de Janeiro;3304557
14;4;2017;Rio de Janeiro;3304557
15;4;2017;Rio de Janeiro;3304557
16;4;2017;Rio de Janeiro;3304557
17;4;2017;Rio de Janeiro;3304557
18;4;2017;Rio de Janeiro;3304557
19;4;2017;Rio de Janeiro;3304557
20;4;2017;Rio de Janeiro;3304557
21;4;2017;Rio de Janeiro;3304557
22;4;2017;Rio de Janeiro;3304557
23;4;2017;Rio de Janeiro;3304557
24;4;2017;Rio de Janeiro;3304557
25;4;2017;Rio de Janeiro;3304557
26;4;2017;Rio de Janeiro;3304557
27;4;2017;Rio de Janeiro;3304557
28;4;2017;Rio de Janeiro;3304557
29;4;2017;Rio de Janeiro;3304557
30;4;2017;Rio de Janeiro;3304557
31;4;2017;Rio de Janeiro;3304557
32;4;2017;Rio de Janeiro;3304557
33;4;2017;Rio de Janeiro;3304557
34;4;2017;Rio de Janeiro;3304557
35;4;2017;Rio de Janeiro;3304557
36;4;2017;Rio de Janeiro;3304557
37;4;2017;Rio de Janeiro;3304557
38;4;2017;Rio de Janeiro;3304557
39;4;2017;Rio de Janeiro;3304557
40;4;2017;Rio de Janeiro;3304557
41;4;2017;Rio de Janeiro;3304557
42;4;2017;Rio de Janeiro;3304557
43;4;2017;Rio de Janeiro;3304557
44;4;2017;Rio de Janeiro;3304557
45;4;2017;Rio de Janeiro;3304557
48;4;2017;Seropédica;3305554
50;4;2017;Itaguaí;3302007
51;4;2017;Paracambi;3303609
52;4;2017;Nova Iguaçu;3303500
53;4;2017;Mesquita;3302858
54;4;2017;Belford Roxo;3300456
55;4;2017;Queimados;3304144
56;4;2017;Nova Iguaçu;3303500
57;4;2017;Nilópolis;3303203
58;4;2017;Nova Iguaçu;3303500
59;4;2017;Duque de Caxias;3301702
60;4;2017;Duque de Caxias;3301702
61;4;2017;Duque de Caxias;3301702
62;4;2017;Duque de Caxias;3301702
63;4;2017;Japeri;3302270
64;4;2017;São João de Meriti;3305109
65;4;2017;Magé;3302502
66;4;2017;Magé;3302502
67;4;2017;Guapimirim;3301850
70;4;2017;Tanguá;3305752
71;4;2017;Itaboraí;3301900
72;4;2017;São Gonçalo;3304904
73;4;2017;São Gonçalo;3304904
74;4;2017;São Gonçalo;3304904
75;4;2017;São Gonçalo;3304904
76;4;2017;Niterói;3303302
77;4;2017;Niterói;3303302
78;4;2017;Niterói;3303302
79;4;2017;Niterói;3303302
81;4;2017;Niterói;3303302
82;4;2017;Maricá;3302700
88;4;2017;Barra do Pirai;3300308
89;4;2017;Resende;3304201
90;4;2017;Barra Mansa;3300407
91;4;2017;Valença;3306107
92;4;2017;Rio das Flores;3304508
93;4;2017;Volta Redonda;3306305
94;4;2017;Piraí;3304003
95;4;2017;Vassouras;3306206
96;4;2017;"Miguel Pereira;Paty dos Alferes";9999999
97;4;2017;Mendes;3302809
98;4;2017;Engenheiro Paulo de Frontin;3301801
99;4;2017;Itatiaia;3302254
100;4;2017;"Porto Real;Quatis";9999992
101;4;2017;Pinheiral;3303955
104;4;2017;São José do Vale do Rio Preto;3305158
105;4;2017;Petrópolis;3303906
106;4;2017;Petrópolis;3303906
107;4;2017;Paraíba do Sul;3303708
108;4;2017;"Comendador Levy Gasparian;Areal;Três Rios";9999991
109;4;2017;Sapucaia;3305406
110;4;2017;Teresópolis;3305802
111;4;2017;Sumidouro;3305703
112;4;2017;Carmo;3301207
118;4;2017;Araruama;3300209
119;4;2017;Rio Bonito;3304300
120;4;2017;Silva Jardim;3305604
121;4;2017;Casimiro de Abreu;3301306
122;4;2017;Conceição de Macabú;3301405
123;4;2017;Macaé;3302403
124;4;2017;Saquarema;3305505
125;4;2017;São Pedro da Aldeia;3305208
126;4;2017;Cabo Frio;3300704
127;4;2017;Armação dos Búzios;3300233
128;4;2017;Rio das Ostras;3304524
129;4;2017;Iguaba Grande;3301876
130;4;2017;"Quissamã;Carapebus";9999994
132;4;2017;Arraial do Cabo;3300258
134;4;2017;Campos dos Goytacazes;3301009
135;4;2017;Itaocara;3302106
136;4;2017;"Santo Antônio de Pádua;Aperibé";9999993
137;4;2017;Miracema;3303005
138;4;2017;Laje do Muriaé;3302304
139;4;2017;Porciúncula;3304102
140;4;2017;"Natividade;Varre-Sai";9999997
141;4;2017;São Fidélis;3304805
142;4;2017;Cambuci;3300902
143;4;2017;"Itaperuna;São José de Ubá";9999996
144;4;2017;Bom Jesus de Itabapoana;3300605
145;4;2017;São João da Barra;3305000
146;4;2017;Campos dos Goytacazes;3301009
147;4;2017;São Francisco de Itabapoana;3304755
148;4;2017;"Cardoso Moreira;Italva";9999995
151;4;2017;Nova Friburgo;3303401
152;4;2017;Duas Barras;3301603
153;4;2017;Cantagalo;3301108
154;4;2017;"Cordeiro;Macuco";9999998
155;4;2017;São Sebastião do Alto;3305307
156;4;2017;Santa Maria Madalena;3304607
157;4;2017;Trajano de Morais;3305901
158;4;2017;Bom Jardim;3300506
159;4;2017;Cachoeiras de Macacu;3300803
165;4;2017;Mangaratiba;3302601
166;4;2017;Angra dos Reis;3300100
167;4;2017;Paraty;3303807
168;4;2017;Rio Claro;3304409
1;5;2017;Rio de Janeiro;3304557
4;5;2017;Rio de Janeiro;3304557
5;5;2017;Rio de Janeiro;3304557
6;5;2017;Rio de Janeiro;3304557
7;5;2017;Rio de Janeiro;3304557
9;5;2017;Rio de Janeiro;3304557
10;5;2017;Rio de Janeiro;3304557
11;5;2017;Rio de Janeiro;3304557
12;5;2017;Rio de Janeiro;3304557
13;5;2017;Rio de Janeiro;3304557
14;5;2017;Rio de Janeiro;3304557
15;5;2017;Rio de Janeiro;3304557
16;5;2017;Rio de Janeiro;3304557
17;5;2017;Rio de Janeiro;3304557
18;5;2017;Rio de Janeiro;3304557
19;5;2017;Rio de Janeiro;3304557
20;5;2017;Rio de Janeiro;3304557
21;5;2017;Rio de Janeiro;3304557
22;5;2017;Rio de Janeiro;3304557
23;5;2017;Rio de Janeiro;3304557
24;5;2017;Rio de Janeiro;3304557
25;5;2017;Rio de Janeiro;3304557
26;5;2017;Rio de Janeiro;3304557
27;5;2017;Rio de Janeiro;3304557
28;5;2017;Rio de Janeiro;3304557
29;5;2017;Rio de Janeiro;3304557
30;5;2017;Rio de Janeiro;3304557
31;5;2017;Rio de Janeiro;3304557
32;5;2017;Rio de Janeiro;3304557
33;5;2017;Rio de Janeiro;3304557
34;5;2017;Rio de Janeiro;3304557
35;5;2017;Rio de Janeiro;3304557
36;5;2017;Rio de Janeiro;3304557
37;5;2017;Rio de Janeiro;3304557
38;5;2017;Rio de Janeiro;3304557
39;5;2017;Rio de Janeiro;3304557
40;5;2017;Rio de Janeiro;3304557
41;5;2017;Rio de Janeiro;3304557
42;5;2017;Rio de Janeiro;3304557
43;5;2017;Rio de Janeiro;3304557
44;5;2017;Rio de Janeiro;3304557
45;5;2017;Rio de Janeiro;3304557
48;5;2017;Seropédica;3305554
50;5;2017;Itaguaí;3302007
51;5;2017;Paracambi;3303609
52;5;2017;Nova Iguaçu;3303500
53;5;2017;Mesquita;3302858
54;5;2017;Belford Roxo;3300456
55;5;2017;Queimados;3304144
56;5;2017;Nova Iguaçu;3303500
57;5;2017;Nilópolis;3303203
58;5;2017;Nova Iguaçu;3303500
59;5;2017;Duque de Caxias;3301702
60;5;2017;Duque de Caxias;3301702
61;5;2017;Duque de Caxias;3301702
62;5;2017;Duque de Caxias;3301702
63;5;2017;Japeri;3302270
64;5;2017;São João de Meriti;3305109
65;5;2017;Magé;3302502
66;5;2017;Magé;3302502
67;5;2017;Guapimirim;3301850
70;5;2017;Tanguá;3305752
71;5;2017;Itaboraí;3301900
72;5;2017;São Gonçalo;3304904
73;5;2017;São Gonçalo;3304904
74;5;2017;São Gonçalo;3304904
75;5;2017;São Gonçalo;3304904
76;5;2017;Niterói;3303302
77;5;2017;Niterói;3303302
78;5;2017;Niterói;3303302
79;5;2017;Niterói;3303302
81;5;2017;Niterói;3303302
82;5;2017;Maricá;3302700
88;5;2017;Barra do Pirai;3300308
89;5;2017;Resende;3304201
90;5;2017;Barra Mansa;3300407
91;5;2017;Valença;3306107
92;5;2017;Rio das Flores;3304508
93;5;2017;Volta Redonda;3306305
94;5;2017;Piraí;3304003
95;5;2017;Vassouras;3306206
96;5;2017;"Miguel Pereira;Paty dos Alferes";9999999
97;5;2017;Mendes;3302809
98;5;2017;Engenheiro Paulo de Frontin;3301801
99;5;2017;Itatiaia;3302254
100;5;2017;"Porto Real;Quatis";9999992
101;5;2017;Pinheiral;3303955
104;5;2017;São José do Vale do Rio Preto;3305158
105;5;2017;Petrópolis;3303906
106;5;2017;Petrópolis;3303906
107;5;2017;Paraíba do Sul;3303708
108;5;2017;"Comendador Levy Gasparian;Areal;Três Rios";9999991
109;5;2017;Sapucaia;3305406
110;5;2017;Teresópolis;3305802
111;5;2017;Sumidouro;3305703
112;5;2017;Carmo;3301207
118;5;2017;Araruama;3300209
119;5;2017;Rio Bonito;3304300
120;5;2017;Silva Jardim;3305604
121;5;2017;Casimiro de Abreu;3301306
122;5;2017;Conceição de Macabú;3301405
123;5;2017;Macaé;3302403
124;5;2017;Saquarema;3305505
125;5;2017;São Pedro da Aldeia;3305208
126;5;2017;Cabo Frio;3300704
127;5;2017;Armação dos Búzios;3300233
128;5;2017;Rio das Ostras;3304524
129;5;2017;Iguaba Grande;3301876
130;5;2017;"Quissamã;Carapebus";9999994
132;5;2017;Arraial do Cabo;3300258
134;5;2017;Campos dos Goytacazes;3301009
135;5;2017;Itaocara;3302106
136;5;2017;"Santo Antônio de Pádua;Aperibé";9999993
137;5;2017;Miracema;3303005
138;5;2017;Laje do Muriaé;3302304
139;5;2017;Porciúncula;3304102
140;5;2017;"Natividade;Varre-Sai";9999997
141;5;2017;São Fidélis;3304805
142;5;2017;Cambuci;3300902
143;5;2017;"Itaperuna;São José de Ubá";9999996
144;5;2017;Bom Jesus de Itabapoana;3300605
145;5;2017;São João da Barra;3305000
146;5;2017;Campos dos Goytacazes;3301009
147;5;2017;São Francisco de Itabapoana;3304755
148;5;2017;"Cardoso Moreira;Italva";9999995
151;5;2017;Nova Friburgo;3303401
152;5;2017;Duas Barras;3301603
153;5;2017;Cantagalo;3301108
154;5;2017;"Cordeiro;Macuco";9999998
155;5;2017;São Sebastião do Alto;3305307
156;5;2017;Santa Maria Madalena;3304607
157;5;2017;Trajano de Morais;3305901
158;5;2017;Bom Jardim;3300506
159;5;2017;Cachoeiras de Macacu;3300803
165;5;2017;Mangaratiba;3302601
166;5;2017;Angra dos Reis;3300100
167;5;2017;Paraty;3303807
168;5;2017;Rio Claro;3304409
1;6;2017;Rio de Janeiro;3304557
4;6;2017;Rio de Janeiro;3304557
5;6;2017;Rio de Janeiro;3304557
6;6;2017;Rio de Janeiro;3304557
7;6;2017;Rio de Janeiro;3304557
9;6;2017;Rio de Janeiro;3304557
10;6;2017;Rio de Janeiro;3304557
11;6;2017;Rio de Janeiro;3304557
12;6;2017;Rio de Janeiro;3304557
13;6;2017;Rio de Janeiro;3304557
14;6;2017;Rio de Janeiro;3304557
15;6;2017;Rio de Janeiro;3304557
16;6;2017;Rio de Janeiro;3304557
17;6;2017;Rio de Janeiro;3304557
18;6;2017;Rio de Janeiro;3304557
19;6;2017;Rio de Janeiro;3304557
20;6;2017;Rio de Janeiro;3304557
21;6;2017;Rio de Janeiro;3304557
22;6;2017;Rio de Janeiro;3304557
23;6;2017;Rio de Janeiro;3304557
24;6;2017;Rio de Janeiro;3304557
25;6;2017;Rio de Janeiro;3304557
26;6;2017;Rio de Janeiro;3304557
27;6;2017;Rio de Janeiro;3304557
28;6;2017;Rio de Janeiro;3304557
29;6;2017;Rio de Janeiro;3304557
30;6;2017;Rio de Janeiro;3304557
31;6;2017;Rio de Janeiro;3304557
32;6;2017;Rio de Janeiro;3304557
33;6;2017;Rio de Janeiro;3304557
34;6;2017;Rio de Janeiro;3304557
35;6;2017;Rio de Janeiro;3304557
36;6;2017;Rio de Janeiro;3304557
37;6;2017;Rio de Janeiro;3304557
38;6;2017;Rio de Janeiro;3304557
39;6;2017;Rio de Janeiro;3304557
40;6;2017;Rio de Janeiro;3304557
41;6;2017;Rio de Janeiro;3304557
42;6;2017;Rio de Janeiro;3304557
43;6;2017;Rio de Janeiro;3304557
44;6;2017;Rio de Janeiro;3304557
45;6;2017;Rio de Janeiro;3304557
48;6;2017;Seropédica;3305554
50;6;2017;Itaguaí;3302007
51;6;2017;Paracambi;3303609
52;6;2017;Nova Iguaçu;3303500
53;6;2017;Mesquita;3302858
54;6;2017;Belford Roxo;3300456
55;6;2017;Queimados;3304144
56;6;2017;Nova Iguaçu;3303500
57;6;2017;Nilópolis;3303203
58;6;2017;Nova Iguaçu;3303500
59;6;2017;Duque de Caxias;3301702
60;6;2017;Duque de Caxias;3301702
61;6;2017;Duque de Caxias;3301702
62;6;2017;Duque de Caxias;3301702
63;6;2017;Japeri;3302270
64;6;2017;São João de Meriti;3305109
65;6;2017;Magé;3302502
66;6;2017;Magé;3302502
67;6;2017;Guapimirim;3301850
70;6;2017;Tanguá;3305752
71;6;2017;Itaboraí;3301900
72;6;2017;São Gonçalo;3304904
73;6;2017;São Gonçalo;3304904
74;6;2017;São Gonçalo;3304904
75;6;2017;São Gonçalo;3304904
76;6;2017;Niterói;3303302
77;6;2017;Niterói;3303302
78;6;2017;Niterói;3303302
79;6;2017;Niterói;3303302
81;6;2017;Niterói;3303302
82;6;2017;Maricá;3302700
88;6;2017;Barra do Pirai;3300308
89;6;2017;Resende;3304201
90;6;2017;Barra Mansa;3300407
91;6;2017;Valença;3306107
92;6;2017;Rio das Flores;3304508
93;6;2017;Volta Redonda;3306305
94;6;2017;Piraí;3304003
95;6;2017;Vassouras;3306206
96;6;2017;"Miguel Pereira;Paty dos Alferes";9999999
97;6;2017;Mendes;3302809
98;6;2017;Engenheiro Paulo de Frontin;3301801
99;6;2017;Itatiaia;3302254
100;6;2017;"Porto Real;Quatis";9999992
101;6;2017;Pinheiral;3303955
104;6;2017;São José do Vale do Rio Preto;3305158
105;6;2017;Petrópolis;3303906
106;6;2017;Petrópolis;3303906
107;6;2017;Paraíba do Sul;3303708
108;6;2017;"Comendador Levy Gasparian;Areal;Três Rios";9999991
109;6;2017;Sapucaia;3305406
110;6;2017;Teresópolis;3305802
111;6;2017;Sumidouro;3305703
112;6;2017;Carmo;3301207
118;6;2017;Araruama;3300209
119;6;2017;Rio Bonito;3304300
120;6;2017;Silva Jardim;3305604
121;6;2017;Casimiro de Abreu;3301306
122;6;2017;Conceição de Macabú;3301405
123;6;2017;Macaé;3302403
124;6;2017;Saquarema;3305505
125;6;2017;São Pedro da Aldeia;3305208
126;6;2017;Cabo Frio;3300704
127;6;2017;Armação dos Búzios;3300233
128;6;2017;Rio das Ostras;3304524
129;6;2017;Iguaba Grande;3301876
130;6;2017;"Quissamã;Carapebus";9999994
132;6;2017;Arraial do Cabo;3300258
134;6;2017;Campos dos Goytacazes;3301009
135;6;2017;Itaocara;3302106
136;6;2017;"Santo Antônio de Pádua;Aperibé";9999993
137;6;2017;Miracema;3303005
138;6;2017;Laje do Muriaé;3302304
139;6;2017;Porciúncula;3304102
140;6;2017;"Natividade;Varre-Sai";9999997
141;6;2017;São Fidélis;3304805
142;6;2017;Cambuci;3300902
143;6;2017;"Itaperuna;São José de Ubá";9999996
144;6;2017;Bom Jesus de Itabapoana;3300605
145;6;2017;São João da Barra;3305000
146;6;2017;Campos dos Goytacazes;3301009
147;6;2017;São Francisco de Itabapoana;3304755
148;6;2017;"Cardoso Moreira;Italva";9999995
151;6;2017;Nova Friburgo;3303401
152;6;2017;Duas Barras;3301603
153;6;2017;Cantagalo;3301108
154;6;2017;"Cordeiro;Macuco";9999998
155;6;2017;São Sebastião do Alto;3305307
156;6;2017;Santa Maria Madalena;3304607
157;6;2017;Trajano de Morais;3305901
158;6;2017;Bom Jardim;3300506
159;6;2017;Cachoeiras de Macacu;3300803
165;6;2017;Mangaratiba;3302601
166;6;2017;Angra dos Reis;3300100
167;6;2017;Paraty;3303807
168;6;2017;Rio Claro;3304409
1;7;2017;Rio de Janeiro;3304557
4;7;2017;Rio de Janeiro;3304557
5;7;2017;Rio de Janeiro;3304557
6;7;2017;Rio de Janeiro;3304557
7;7;2017;Rio de Janeiro;3304557
9;7;2017;Rio de Janeiro;3304557
10;7;2017;Rio de Janeiro;3304557
11;7;2017;Rio de Janeiro;3304557
12;7;2017;Rio de Janeiro;3304557
13;7;2017;Rio de Janeiro;3304557
14;7;2017;Rio de Janeiro;3304557
15;7;2017;Rio de Janeiro;3304557
16;7;2017;Rio de Janeiro;3304557
17;7;2017;Rio de Janeiro;3304557
18;7;2017;Rio de Janeiro;3304557
19;7;2017;Rio de Janeiro;3304557
20;7;2017;Rio de Janeiro;3304557
21;7;2017;Rio de Janeiro;3304557
22;7;2017;Rio de Janeiro;3304557
23;7;2017;Rio de Janeiro;3304557
24;7;2017;Rio de Janeiro;3304557
25;7;2017;Rio de Janeiro;3304557
26;7;2017;Rio de Janeiro;3304557
27;7;2017;Rio de Janeiro;3304557
28;7;2017;Rio de Janeiro;3304557
29;7;2017;Rio de Janeiro;3304557
30;7;2017;Rio de Janeiro;3304557
31;7;2017;Rio de Janeiro;3304557
32;7;2017;Rio de Janeiro;3304557
33;7;2017;Rio de Janeiro;3304557
34;7;2017;Rio de Janeiro;3304557
35;7;2017;Rio de Janeiro;3304557
36;7;2017;Rio de Janeiro;3304557
37;7;2017;Rio de Janeiro;3304557
38;7;2017;Rio de Janeiro;3304557
39;7;2017;Rio de Janeiro;3304557
40;7;2017;Rio de Janeiro;3304557
41;7;2017;Rio de Janeiro;3304557
42;7;2017;Rio de Janeiro;3304557
43;7;2017;Rio de Janeiro;3304557
44;7;2017;Rio de Janeiro;3304557
45;7;2017;Rio de Janeiro;3304557
48;7;2017;Seropédica;3305554
50;7;2017;Itaguaí;3302007
51;7;2017;Paracambi;3303609
52;7;2017;Nova Iguaçu;3303500
53;7;2017;Mesquita;3302858
54;7;2017;Belford Roxo;3300456
55;7;2017;Queimados;3304144
56;7;2017;Nova Iguaçu;3303500
57;7;2017;Nilópolis;3303203
58;7;2017;Nova Iguaçu;3303500
59;7;2017;Duque de Caxias;3301702
60;7;2017;Duque de Caxias;3301702
61;7;2017;Duque de Caxias;3301702
62;7;2017;Duque de Caxias;3301702
63;7;2017;Japeri;3302270
64;7;2017;São João de Meriti;3305109
65;7;2017;Magé;3302502
66;7;2017;Magé;3302502
67;7;2017;Guapimirim;3301850
70;7;2017;Tanguá;3305752
71;7;2017;Itaboraí;3301900
72;7;2017;São Gonçalo;3304904
73;7;2017;São Gonçalo;3304904
74;7;2017;São Gonçalo;3304904
75;7;2017;São Gonçalo;3304904
76;7;2017;Niterói;3303302
77;7;2017;Niterói;3303302
78;7;2017;Niterói;3303302
79;7;2017;Niterói;3303302
81;7;2017;Niterói;3303302
82;7;2017;Maricá;3302700
88;7;2017;Barra do Pirai;3300308
89;7;2017;Resende;3304201
90;7;2017;Barra Mansa;3300407
91;7;2017;Valença;3306107
92;7;2017;Rio das Flores;3304508
93;7;2017;Volta Redonda;3306305
94;7;2017;Piraí;3304003
95;7;2017;Vassouras;3306206
96;7;2017;"Miguel Pereira;Paty dos Alferes";9999999
97;7;2017;Mendes;3302809
98;7;2017;Engenheiro Paulo de Frontin;3301801
99;7;2017;Itatiaia;3302254
100;7;2017;"Porto Real;Quatis";9999992
101;7;2017;Pinheiral;3303955
104;7;2017;São José do Vale do Rio Preto;3305158
105;7;2017;Petrópolis;3303906
106;7;2017;Petrópolis;3303906
107;7;2017;Paraíba do Sul;3303708
108;7;2017;"Comendador Levy Gasparian;Areal;Três Rios";9999991
109;7;2017;Sapucaia;3305406
110;7;2017;Teresópolis;3305802
111;7;2017;Sumidouro;3305703
112;7;2017;Carmo;3301207
118;7;2017;Araruama;3300209
119;7;2017;Rio Bonito;3304300
120;7;2017;Silva Jardim;3305604
121;7;2017;Casimiro de Abreu;3301306
122;7;2017;Conceição de Macabú;3301405
123;7;2017;Macaé;3302403
124;7;2017;Saquarema;3305505
125;7;2017;São Pedro da Aldeia;3305208
126;7;2017;Cabo Frio;3300704
127;7;2017;Armação dos Búzios;3300233
128;7;2017;Rio das Ostras;3304524
129;7;2017;Iguaba Grande;3301876
130;7;2017;"Quissamã;Carapebus";9999994
132;7;2017;Arraial do Cabo;3300258
134;7;2017;Campos dos Goytacazes;3301009
135;7;2017;Itaocara;3302106
136;7;2017;"Santo Antônio de Pádua;Aperibé";9999993
137;7;2017;Miracema;3303005
138;7;2017;Laje do Muriaé;3302304
139;7;2017;Porciúncula;3304102
140;7;2017;"Natividade;Varre-Sai";9999997
141;7;2017;São Fidélis;3304805
142;7;2017;Cambuci;3300902
143;7;2017;"Itaperuna;São José de Ubá";9999996
144;7;2017;Bom Jesus de Itabapoana;3300605
145;7;2017;São João da Barra;3305000
146;7;2017;Campos dos Goytacazes;3301009
147;7;2017;São Francisco de Itabapoana;3304755
148;7;2017;"Cardoso Moreira;Italva";9999995
151;7;2017;Nova Friburgo;3303401
152;7;2017;Duas Barras;3301603
153;7;2017;Cantagalo;3301108
154;7;2017;"Cordeiro;Macuco";9999998
155;7;2017;São Sebastião do Alto;3305307
156;7;2017;Santa Maria Madalena;3304607
157;7;2017;Trajano de Morais;3305901
158;7;2017;Bom Jardim;3300506
159;7;2017;Cachoeiras de Macacu;3300803
165;7;2017;Mangaratiba;3302601
166;7;2017;Angra dos Reis;3300100
167;7;2017;Paraty;3303807
168;7;2017;Rio Claro;3304409
1;8;2017;Rio de Janeiro;3304557
4;8;2017;Rio de Janeiro;3304557
5;8;2017;Rio de Janeiro;3304557
6;8;2017;Rio de Janeiro;3304557
7;8;2017;Rio de Janeiro;3304557
9;8;2017;Rio de Janeiro;3304557
10;8;2017;Rio de Janeiro;3304557
11;8;2017;Rio de Janeiro;3304557
12;8;2017;Rio de Janeiro;3304557
13;8;2017;Rio de Janeiro;3304557
14;8;2017;Rio de Janeiro;3304557
15;8;2017;Rio de Janeiro;3304557
16;8;2017;Rio de Janeiro;3304557
17;8;2017;Rio de Janeiro;3304557
18;8;2017;Rio de Janeiro;3304557
19;8;2017;Rio de Janeiro;3304557
20;8;2017;Rio de Janeiro;3304557
21;8;2017;Rio de Janeiro;3304557
22;8;2017;Rio de Janeiro;3304557
23;8;2017;Rio de Janeiro;3304557
24;8;2017;Rio de Janeiro;3304557
25;8;2017;Rio de Janeiro;3304557
26;8;2017;Rio de Janeiro;3304557
27;8;2017;Rio de Janeiro;3304557
28;8;2017;Rio de Janeiro;3304557
29;8;2017;Rio de Janeiro;3304557
30;8;2017;Rio de Janeiro;3304557
31;8;2017;Rio de Janeiro;3304557
32;8;2017;Rio de Janeiro;3304557
33;8;2017;Rio de Janeiro;3304557
34;8;2017;Rio de Janeiro;3304557
35;8;2017;Rio de Janeiro;3304557
36;8;2017;Rio de Janeiro;3304557
37;8;2017;Rio de Janeiro;3304557
38;8;2017;Rio de Janeiro;3304557
39;8;2017;Rio de Janeiro;3304557
40;8;2017;Rio de Janeiro;3304557
41;8;2017;Rio de Janeiro;3304557
42;8;2017;Rio de Janeiro;3304557
43;8;2017;Rio de Janeiro;3304557
44;8;2017;Rio de Janeiro;3304557
45;8;2017;Rio de Janeiro;3304557
48;8;2017;Seropédica;3305554
50;8;2017;Itaguaí;3302007
51;8;2017;Paracambi;3303609
52;8;2017;Nova Iguaçu;3303500
53;8;2017;Mesquita;3302858
54;8;2017;Belford Roxo;3300456
55;8;2017;Queimados;3304144
56;8;2017;Nova Iguaçu;3303500
57;8;2017;Nilópolis;3303203
58;8;2017;Nova Iguaçu;3303500
59;8;2017;Duque de Caxias;3301702
60;8;2017;Duque de Caxias;3301702
61;8;2017;Duque de Caxias;3301702
62;8;2017;Duque de Caxias;3301702
63;8;2017;Japeri;3302270
64;8;2017;São João de Meriti;3305109
65;8;2017;Magé;3302502
66;8;2017;Magé;3302502
67;8;2017;Guapimirim;3301850
70;8;2017;Tanguá;3305752
71;8;2017;Itaboraí;3301900
72;8;2017;São Gonçalo;3304904
73;8;2017;São Gonçalo;3304904
74;8;2017;São Gonçalo;3304904
75;8;2017;São Gonçalo;3304904
76;8;2017;Niterói;3303302
77;8;2017;Niterói;3303302
78;8;2017;Niterói;3303302
79;8;2017;Niterói;3303302
81;8;2017;Niterói;3303302
82;8;2017;Maricá;3302700
88;8;2017;Barra do Pirai;3300308
89;8;2017;Resende;3304201
90;8;2017;Barra Mansa;3300407
91;8;2017;Valença;3306107
92;8;2017;Rio das Flores;3304508
93;8;2017;Volta Redonda;3306305
94;8;2017;Piraí;3304003
95;8;2017;Vassouras;3306206
96;8;2017;"Miguel Pereira;Paty dos Alferes";9999999
97;8;2017;Mendes;3302809
98;8;2017;Engenheiro Paulo de Frontin;3301801
99;8;2017;Itatiaia;3302254
100;8;2017;"Porto Real;Quatis";9999992
101;8;2017;Pinheiral;3303955
104;8;2017;São José do Vale do Rio Preto;3305158
105;8;2017;Petrópolis;3303906
106;8;2017;Petrópolis;3303906
107;8;2017;Paraíba do Sul;3303708
108;8;2017;"Comendador Levy Gasparian;Areal;Três Rios";9999991
109;8;2017;Sapucaia;3305406
110;8;2017;Teresópolis;3305802
111;8;2017;Sumidouro;3305703
112;8;2017;Carmo;3301207
118;8;2017;Araruama;3300209
119;8;2017;Rio Bonito;3304300
120;8;2017;Silva Jardim;3305604
121;8;2017;Casimiro de Abreu;3301306
122;8;2017;Conceição de Macabú;3301405
123;8;2017;Macaé;3302403
124;8;2017;Saquarema;3305505
125;8;2017;São Pedro da Aldeia;3305208
126;8;2017;Cabo Frio;3300704
127;8;2017;Armação dos Búzios;3300233
128;8;2017;Rio das Ostras;3304524
129;8;2017;Iguaba Grande;3301876
130;8;2017;"Quissamã;Carapebus";9999994
132;8;2017;Arraial do Cabo;3300258
134;8;2017;Campos dos Goytacazes;3301009
135;8;2017;Itaocara;3302106
136;8;2017;"Santo Antônio de Pádua;Aperibé";9999993
137;8;2017;Miracema;3303005
138;8;2017;Laje do Muriaé;3302304
139;8;2017;Porciúncula;3304102
140;8;2017;"Natividade;Varre-Sai";9999997
141;8;2017;São Fidélis;3304805
142;8;2017;Cambuci;3300902
143;8;2017;"Itaperuna;São José de Ubá";9999996
144;8;2017;Bom Jesus de Itabapoana;3300605
145;8;2017;São João da Barra;3305000
146;8;2017;Campos dos Goytacazes;3301009
147;8;2017;São Francisco de Itabapoana;3304755
148;8;2017;"Cardoso Moreira;Italva";9999995
151;8;2017;Nova Friburgo;3303401
152;8;2017;Duas Barras;3301603
153;8;2017;Cantagalo;3301108
154;8;2017;"Cordeiro;Macuco";9999998
155;8;2017;São Sebastião do Alto;3305307
156;8;2017;Santa Maria Madalena;3304607
157;8;2017;Trajano de Morais;3305901
158;8;2017;Bom Jardim;3300506
159;8;2017;Cachoeiras de Macacu;3300803
165;8;2017;Mangaratiba;3302601
166;8;2017;Angra dos Reis;3300100
167;8;2017;Paraty;3303807
168;8;2017;Rio Claro;3304409
1;9;2017;Rio de Janeiro;3304557
4;9;2017;Rio de Janeiro;3304557
5;9;2017;Rio de Janeiro;3304557
6;9;2017;Rio de Janeiro;3304557
7;9;2017;Rio de Janeiro;3304557
9;9;2017;Rio de Janeiro;3304557
10;9;2017;Rio de Janeiro;3304557
11;9;2017;Rio de Janeiro;3304557
12;9;2017;Rio de Janeiro;3304557
13;9;2017;Rio de Janeiro;3304557
14;9;2017;Rio de Janeiro;3304557
15;9;2017;Rio de Janeiro;3304557
16;9;2017;Rio de Janeiro;3304557
17;9;2017;Rio de Janeiro;3304557
18;9;2017;Rio de Janeiro;3304557
19;9;2017;Rio de Janeiro;3304557
20;9;2017;Rio de Janeiro;3304557
21;9;2017;Rio de Janeiro;3304557
22;9;2017;Rio de Janeiro;3304557
23;9;2017;Rio de Janeiro;3304557
24;9;2017;Rio de Janeiro;3304557
25;9;2017;Rio de Janeiro;3304557
26;9;2017;Rio de Janeiro;3304557
27;9;2017;Rio de Janeiro;3304557
28;9;2017;Rio de Janeiro;3304557
29;9;2017;Rio de Janeiro;3304557
30;9;2017;Rio de Janeiro;3304557
31;9;2017;Rio de Janeiro;3304557
32;9;2017;Rio de Janeiro;3304557
33;9;2017;Rio de Janeiro;3304557
34;9;2017;Rio de Janeiro;3304557
35;9;2017;Rio de Janeiro;3304557
36;9;2017;Rio de Janeiro;3304557
37;9;2017;Rio de Janeiro;3304557
38;9;2017;Rio de Janeiro;3304557
39;9;2017;Rio de Janeiro;3304557
40;9;2017;Rio de Janeiro;3304557
41;9;2017;Rio de Janeiro;3304557
42;9;2017;Rio de Janeiro;3304557
43;9;2017;Rio de Janeiro;3304557
44;9;2017;Rio de Janeiro;3304557
45;9;2017;Rio de Janeiro;3304557
48;9;2017;Seropédica;3305554
50;9;2017;Itaguaí;3302007
51;9;2017;Paracambi;3303609
52;9;2017;Nova Iguaçu;3303500
53;9;2017;Mesquita;3302858
54;9;2017;Belford Roxo;3300456
55;9;2017;Queimados;3304144
56;9;2017;Nova Iguaçu;3303500
57;9;2017;Nilópolis;3303203
58;9;2017;Nova Iguaçu;3303500
59;9;2017;Duque de Caxias;3301702
60;9;2017;Duque de Caxias;3301702
61;9;2017;Duque de Caxias;3301702
62;9;2017;Duque de Caxias;3301702
63;9;2017;Japeri;3302270
64;9;2017;São João de Meriti;3305109
65;9;2017;Magé;3302502
66;9;2017;Magé;3302502
67;9;2017;Guapimirim;3301850
70;9;2017;Tanguá;3305752
71;9;2017;Itaboraí;3301900
72;9;2017;São Gonçalo;3304904
73;9;2017;São Gonçalo;3304904
74;9;2017;São Gonçalo;3304904
75;9;2017;São Gonçalo;3304904
76;9;2017;Niterói;3303302
77;9;2017;Niterói;3303302
78;9;2017;Niterói;3303302
79;9;2017;Niterói;3303302
81;9;2017;Niterói;3303302
82;9;2017;Maricá;3302700
88;9;2017;Barra do Pirai;3300308
89;9;2017;Resende;3304201
90;9;2017;Barra Mansa;3300407
91;9;2017;Valença;3306107
92;9;2017;Rio das Flores;3304508
93;9;2017;Volta Redonda;3306305
94;9;2017;Piraí;3304003
95;9;2017;Vassouras;3306206
96;9;2017;"Miguel Pereira;Paty dos Alferes";9999999
97;9;2017;Mendes;3302809
98;9;2017;Engenheiro Paulo de Frontin;3301801
99;9;2017;Itatiaia;3302254
100;9;2017;"Porto Real;Quatis";9999992
101;9;2017;Pinheiral;3303955
104;9;2017;São José do Vale do Rio Preto;3305158
105;9;2017;Petrópolis;3303906
106;9;2017;Petrópolis;3303906
107;9;2017;Paraíba do Sul;3303708
108;9;2017;"Comendador Levy Gasparian;Areal;Três Rios";9999991
109;9;2017;Sapucaia;3305406
110;9;2017;Teresópolis;3305802
111;9;2017;Sumidouro;3305703
112;9;2017;Carmo;3301207
118;9;2017;Araruama;3300209
119;9;2017;Rio Bonito;3304300
120;9;2017;Silva Jardim;3305604
121;9;2017;Casimiro de Abreu;3301306
122;9;2017;Conceição de Macabú;3301405
123;9;2017;Macaé;3302403
124;9;2017;Saquarema;3305505
125;9;2017;São Pedro da Aldeia;3305208
126;9;2017;Cabo Frio;3300704
127;9;2017;Armação dos Búzios;3300233
128;9;2017;Rio das Ostras;3304524
129;9;2017;Iguaba Grande;3301876
130;9;2017;"Quissamã;Carapebus";9999994
132;9;2017;Arraial do Cabo;3300258
134;9;2017;Campos dos Goytacazes;3301009
135;9;2017;Itaocara;3302106
136;9;2017;"Santo Antônio de Pádua;Aperibé";9999993
137;9;2017;Miracema;3303005
138;9;2017;Laje do Muriaé;3302304
139;9;2017;Porciúncula;3304102
140;9;2017;"Natividade;Varre-Sai";9999997
141;9;2017;São Fidélis;3304805
142;9;2017;Cambuci;3300902
143;9;2017;"Itaperuna;São José de Ubá";9999996
144;9;2017;Bom Jesus de Itabapoana;3300605
145;9;2017;São João da Barra;3305000
146;9;2017;Campos dos Goytacazes;3301009
147;9;2017;São Francisco de Itabapoana;3304755
148;9;2017;"Cardoso Moreira;Italva";9999995
151;9;2017;Nova Friburgo;3303401
152;9;2017;Duas Barras;3301603
153;9;2017;Cantagalo;3301108
154;9;2017;"Cordeiro;Macuco";9999998
155;9;2017;São Sebastião do Alto;3305307
156;9;2017;Santa Maria Madalena;3304607
157;9;2017;Trajano de Morais;3305901
158;9;2017;Bom Jardim;3300506
159;9;2017;Cachoeiras de Macacu;3300803
165;9;2017;Mangaratiba;3302601
166;9;2017;Angra dos Reis;3300100
167;9;2017;Paraty;3303807
168;9;2017;Rio Claro;3304409
1;10;2017;Rio de Janeiro;3304557
4;10;2017;Rio de Janeiro;3304557
5;10;2017;Rio de Janeiro;3304557
6;10;2017;Rio de Janeiro;3304557
7;10;2017;Rio de Janeiro;3304557
9;10;2017;Rio de Janeiro;3304557
10;10;2017;Rio de Janeiro;3304557
11;10;2017;Rio de Janeiro;3304557
12;10;2017;Rio de Janeiro;3304557
13;10;2017;Rio de Janeiro;3304557
14;10;2017;Rio de Janeiro;3304557
15;10;2017;Rio de Janeiro;3304557
16;10;2017;Rio de Janeiro;3304557
17;10;2017;Rio de Janeiro;3304557
18;10;2017;Rio de Janeiro;3304557
19;10;2017;Rio de Janeiro;3304557
20;10;2017;Rio de Janeiro;3304557
21;10;2017;Rio de Janeiro;3304557
22;10;2017;Rio de Janeiro;3304557
23;10;2017;Rio de Janeiro;3304557
24;10;2017;Rio de Janeiro;3304557
25;10;2017;Rio de Janeiro;3304557
26;10;2017;Rio de Janeiro;3304557
27;10;2017;Rio de Janeiro;3304557
28;10;2017;Rio de Janeiro;3304557
29;10;2017;Rio de Janeiro;3304557
30;10;2017;Rio de Janeiro;3304557
31;10;2017;Rio de Janeiro;3304557
32;10;2017;Rio de Janeiro;3304557
33;10;2017;Rio de Janeiro;3304557
34;10;2017;Rio de Janeiro;3304557
35;10;2017;Rio de Janeiro;3304557
36;10;2017;Rio de Janeiro;3304557
37;10;2017;Rio de Janeiro;3304557
38;10;2017;Rio de Janeiro;3304557
39;10;2017;Rio de Janeiro;3304557
40;10;2017;Rio de Janeiro;3304557
41;10;2017;Rio de Janeiro;3304557
42;10;2017;Rio de Janeiro;3304557
43;10;2017;Rio de Janeiro;3304557
44;10;2017;Rio de Janeiro;3304557
45;10;2017;Rio de Janeiro;3304557
48;10;2017;Seropédica;3305554
50;10;2017;Itaguaí;3302007
51;10;2017;Paracambi;3303609
52;10;2017;Nova Iguaçu;3303500
53;10;2017;Mesquita;3302858
54;10;2017;Belford Roxo;3300456
55;10;2017;Queimados;3304144
56;10;2017;Nova Iguaçu;3303500
57;10;2017;Nilópolis;3303203
58;10;2017;Nova Iguaçu;3303500
59;10;2017;Duque de Caxias;3301702
60;10;2017;Duque de Caxias;3301702
61;10;2017;Duque de Caxias;3301702
62;10;2017;Duque de Caxias;3301702
63;10;2017;Japeri;3302270
64;10;2017;São João de Meriti;3305109
65;10;2017;Magé;3302502
66;10;2017;Magé;3302502
67;10;2017;Guapimirim;3301850
70;10;2017;Tanguá;3305752
71;10;2017;Itaboraí;3301900
72;10;2017;São Gonçalo;3304904
73;10;2017;São Gonçalo;3304904
74;10;2017;São Gonçalo;3304904
75;10;2017;São Gonçalo;3304904
76;10;2017;Niterói;3303302
77;10;2017;Niterói;3303302
78;10;2017;Niterói;3303302
79;10;2017;Niterói;3303302
81;10;2017;Niterói;3303302
82;10;2017;Maricá;3302700
88;10;2017;Barra do Pirai;3300308
89;10;2017;Resende;3304201
90;10;2017;Barra Mansa;3300407
91;10;2017;Valença;3306107
92;10;2017;Rio das Flores;3304508
93;10;2017;Volta Redonda;3306305
94;10;2017;Piraí;3304003
95;10;2017;Vassouras;3306206
96;10;2017;"Miguel Pereira;Paty dos Alferes";9999999
97;10;2017;Mendes;3302809
98;10;2017;Engenheiro Paulo de Frontin;3301801
99;10;2017;Itatiaia;3302254
100;10;2017;"Porto Real;Quatis";9999992
101;10;2017;Pinheiral;3303955
104;10;2017;São José do Vale do Rio Preto;3305158
105;10;2017;Petrópolis;3303906
106;10;2017;Petrópolis;3303906
107;10;2017;Paraíba do Sul;3303708
108;10;2017;"Comendador Levy Gasparian;Areal;Três Rios";9999991
109;10;2017;Sapucaia;3305406
110;10;2017;Teresópolis;3305802
111;10;2017;Sumidouro;3305703
112;10;2017;Carmo;3301207
118;10;2017;Araruama;3300209
119;10;2017;Rio Bonito;3304300
120;10;2017;Silva Jardim;3305604
121;10;2017;Casimiro de Abreu;3301306
122;10;2017;Conceição de Macabú;3301405
123;10;2017;Macaé;3302403
124;10;2017;Saquarema;3305505
125;10;2017;São Pedro da Aldeia;3305208
126;10;2017;Cabo Frio;3300704
127;10;2017;Armação dos Búzios;3300233
128;10;2017;Rio das Ostras;3304524
129;10;2017;Iguaba Grande;3301876
130;10;2017;"Quissamã;Carapebus";9999994
132;10;2017;Arraial do Cabo;3300258
134;10;2017;Campos dos Goytacazes;3301009
135;10;2017;Itaocara;3302106
136;10;2017;"Santo Antônio de Pádua;Aperibé";9999993
137;10;2017;Miracema;3303005
138;10;2017;Laje do Muriaé;3302304
139;10;2017;Porciúncula;3304102
140;10;2017;"Natividade;Varre-Sai";9999997
141;10;2017;São Fidélis;3304805
142;10;2017;Cambuci;3300902
143;10;2017;"Itaperuna;São José de Ubá";9999996
144;10;2017;Bom Jesus de Itabapoana;3300605
145;10;2017;São João da Barra;3305000
146;10;2017;Campos dos Goytacazes;3301009
147;10;2017;São Francisco de Itabapoana;3304755
148;10;2017;"Cardoso Moreira;Italva";9999995
151;10;2017;Nova Friburgo;3303401
152;10;2017;Duas Barras;3301603
153;10;2017;Cantagalo;3301108
154;10;2017;"Cordeiro;Macuco";9999998
155;10;2017;São Sebastião do Alto;3305307
156;10;2017;Santa Maria Madalena;3304607
157;10;2017;Trajano de Morais;3305901
158;10;2017;Bom Jardim;3300506
159;10;2017;Cachoeiras de Macacu;3300803
165;10;2017;Mangaratiba;3302601
166;10;2017;Angra dos Reis;3300100
167;10;2017;Paraty;3303807
168;10;2017;Rio Claro;3304409
1;11;2017;Rio de Janeiro;3304557
4;11;2017;Rio de Janeiro;3304557
5;11;2017;Rio de Janeiro;3304557
6;11;2017;Rio de Janeiro;3304557
7;11;2017;Rio de Janeiro;3304557
9;11;2017;Rio de Janeiro;3304557
10;11;2017;Rio de Janeiro;3304557
11;11;2017;Rio de Janeiro;3304557
12;11;2017;Rio de Janeiro;3304557
13;11;2017;Rio de Janeiro;3304557
14;11;2017;Rio de Janeiro;3304557
15;11;2017;Rio de Janeiro;3304557
16;11;2017;Rio de Janeiro;3304557
17;11;2017;Rio de Janeiro;3304557
18;11;2017;Rio de Janeiro;3304557
19;11;2017;Rio de Janeiro;3304557
20;11;2017;Rio de Janeiro;3304557
21;11;2017;Rio de Janeiro;3304557
22;11;2017;Rio de Janeiro;3304557
23;11;2017;Rio de Janeiro;3304557
24;11;2017;Rio de Janeiro;3304557
25;11;2017;Rio de Janeiro;3304557
26;11;2017;Rio de Janeiro;3304557
27;11;2017;Rio de Janeiro;3304557
28;11;2017;Rio de Janeiro;3304557
29;11;2017;Rio de Janeiro;3304557
30;11;2017;Rio de Janeiro;3304557
31;11;2017;Rio de Janeiro;3304557
32;11;2017;Rio de Janeiro;3304557
33;11;2017;Rio de Janeiro;3304557
34;11;2017;Rio de Janeiro;3304557
35;11;2017;Rio de Janeiro;3304557
36;11;2017;Rio de Janeiro;3304557
37;11;2017;Rio de Janeiro;3304557
38;11;2017;Rio de Janeiro;3304557
39;11;2017;Rio de Janeiro;3304557
40;11;2017;Rio de Janeiro;3304557
41;11;2017;Rio de Janeiro;3304557
42;11;2017;Rio de Janeiro;3304557
43;11;2017;Rio de Janeiro;3304557
44;11;2017;Rio de Janeiro;3304557
45;11;2017;Rio de Janeiro;3304557
48;11;2017;Seropédica;3305554
50;11;2017;Itaguaí;3302007
51;11;2017;Paracambi;3303609
52;11;2017;Nova Iguaçu;3303500
53;11;2017;Mesquita;3302858
54;11;2017;Belford Roxo;3300456
55;11;2017;Queimados;3304144
56;11;2017;Nova Iguaçu;3303500
57;11;2017;Nilópolis;3303203
58;11;2017;Nova Iguaçu;3303500
59;11;2017;Duque de Caxias;3301702
60;11;2017;Duque de Caxias;3301702
61;11;2017;Duque de Caxias;3301702
62;11;2017;Duque de Caxias;3301702
63;11;2017;Japeri;3302270
64;11;2017;São João de Meriti;3305109
65;11;2017;Magé;3302502
66;11;2017;Magé;3302502
67;11;2017;Guapimirim;3301850
70;11;2017;Tanguá;3305752
71;11;2017;Itaboraí;3301900
72;11;2017;São Gonçalo;3304904
73;11;2017;São Gonçalo;3304904
74;11;2017;São Gonçalo;3304904
75;11;2017;São Gonçalo;3304904
76;11;2017;Niterói;3303302
77;11;2017;Niterói;3303302
78;11;2017;Niterói;3303302
79;11;2017;Niterói;3303302
81;11;2017;Niterói;3303302
82;11;2017;Maricá;3302700
88;11;2017;Barra do Pirai;3300308
89;11;2017;Resende;3304201
90;11;2017;Barra Mansa;3300407
91;11;2017;Valença;3306107
92;11;2017;Rio das Flores;3304508
93;11;2017;Volta Redonda;3306305
94;11;2017;Piraí;3304003
95;11;2017;Vassouras;3306206
96;11;2017;"Miguel Pereira;Paty dos Alferes";9999999
97;11;2017;Mendes;3302809
98;11;2017;Engenheiro Paulo de Frontin;3301801
99;11;2017;Itatiaia;3302254
100;11;2017;"Porto Real;Quatis";9999992
101;11;2017;Pinheiral;3303955
104;11;2017;São José do Vale do Rio Preto;3305158
105;11;2017;Petrópolis;3303906
106;11;2017;Petrópolis;3303906
107;11;2017;Paraíba do Sul;3303708
108;11;2017;"Comendador Levy Gasparian;Areal;Três Rios";9999991
109;11;2017;Sapucaia;3305406
110;11;2017;Teresópolis;3305802
111;11;2017;Sumidouro;3305703
112;11;2017;Carmo;3301207
118;11;2017;Araruama;3300209
119;11;2017;Rio Bonito;3304300
120;11;2017;Silva Jardim;3305604
121;11;2017;Casimiro de Abreu;3301306
122;11;2017;Conceição de Macabú;3301405
123;11;2017;Macaé;3302403
124;11;2017;Saquarema;3305505
125;11;2017;São Pedro da Aldeia;3305208
126;11;2017;Cabo Frio;3300704
127;11;2017;Armação dos Búzios;3300233
128;11;2017;Rio das Ostras;3304524
129;11;2017;Iguaba Grande;3301876
130;11;2017;"Quissamã;Carapebus";9999994
132;11;2017;Arraial do Cabo;3300258
134;11;2017;Campos dos Goytacazes;3301009
135;11;2017;Itaocara;3302106
136;11;2017;"Santo Antônio de Pádua;Aperibé";9999993
137;11;2017;Miracema;3303005
138;11;2017;Laje do Muriaé;3302304
139;11;2017;Porciúncula;3304102
140;11;2017;"Natividade;Varre-Sai";9999997
141;11;2017;São Fidélis;3304805
142;11;2017;Cambuci;3300902
143;11;2017;"Itaperuna;São José de Ubá";9999996
144;11;2017;Bom Jesus de Itabapoana;3300605
145;11;2017;São João da Barra;3305000
146;11;2017;Campos dos Goytacazes;3301009
147;11;2017;São Francisco de Itabapoana;3304755
148;11;2017;"Cardoso Moreira;Italva";9999995
151;11;2017;Nova Friburgo;3303401
152;11;2017;Duas Barras;3301603
153;11;2017;Cantagalo;3301108
154;11;2017;"Cordeiro;Macuco";9999998
155;11;2017;São Sebastião do Alto;3305307
156;11;2017;Santa Maria Madalena;3304607
157;11;2017;Trajano de Morais;3305901
158;11;2017;Bom Jardim;3300506
159;11;2017;Cachoeiras de Macacu;3300803
165;11;2017;Mangaratiba;3302601
166;11;2017;Angra dos Reis;3300100
167;11;2017;Paraty;3303807
168;11;2017;Rio Claro;3304409
1;12;2017;Rio de Janeiro;3304557
4;12;2017;Rio de Janeiro;3304557
5;12;2017;Rio de Janeiro;3304557
6;12;2017;Rio de Janeiro;3304557
7;12;2017;Rio de Janeiro;3304557
9;12;2017;Rio de Janeiro;3304557
10;12;2017;Rio de Janeiro;3304557
11;12;2017;Rio de Janeiro;3304557
12;12;2017;Rio de Janeiro;3304557
13;12;2017;Rio de Janeiro;3304557
14;12;2017;Rio de Janeiro;3304557
15;12;2017;Rio de Janeiro;3304557
16;12;2017;Rio de Janeiro;3304557
17;12;2017;Rio de Janeiro;3304557
18;12;2017;Rio de Janeiro;3304557
19;12;2017;Rio de Janeiro;3304557
20;12;2017;Rio de Janeiro;3304557
21;12;2017;Rio de Janeiro;3304557
22;12;2017;Rio de Janeiro;3304557
23;12;2017;Rio de Janeiro;3304557
24;12;2017;Rio de Janeiro;3304557
25;12;2017;Rio de Janeiro;3304557
26;12;2017;Rio de Janeiro;3304557
27;12;2017;Rio de Janeiro;3304557
28;12;2017;Rio de Janeiro;3304557
29;12;2017;Rio de Janeiro;3304557
30;12;2017;Rio de Janeiro;3304557
31;12;2017;Rio de Janeiro;3304557
32;12;2017;Rio de Janeiro;3304557
33;12;2017;Rio de Janeiro;3304557
34;12;2017;Rio de Janeiro;3304557
35;12;2017;Rio de Janeiro;3304557
36;12;2017;Rio de Janeiro;3304557
37;12;2017;Rio de Janeiro;3304557
38;12;2017;Rio de Janeiro;3304557
39;12;2017;Rio de Janeiro;3304557
40;12;2017;Rio de Janeiro;3304557
41;12;2017;Rio de Janeiro;3304557
42;12;2017;Rio de Janeiro;3304557
43;12;2017;Rio de Janeiro;3304557
44;12;2017;Rio de Janeiro;3304557
45;12;2017;Rio de Janeiro;3304557
48;12;2017;Seropédica;3305554
50;12;2017;Itaguaí;3302007
51;12;2017;Paracambi;3303609
52;12;2017;Nova Iguaçu;3303500
53;12;2017;Mesquita;3302858
54;12;2017;Belford Roxo;3300456
55;12;2017;Queimados;3304144
56;12;2017;Nova Iguaçu;3303500
57;12;2017;Nilópolis;3303203
58;12;2017;Nova Iguaçu;3303500
59;12;2017;Duque de Caxias;3301702
60;12;2017;Duque de Caxias;3301702
61;12;2017;Duque de Caxias;3301702
62;12;2017;Duque de Caxias;3301702
63;12;2017;Japeri;3302270
64;12;2017;São João de Meriti;3305109
65;12;2017;Magé;3302502
66;12;2017;Magé;3302502
67;12;2017;Guapimirim;3301850
70;12;2017;Tanguá;3305752
71;12;2017;Itaboraí;3301900
72;12;2017;São Gonçalo;3304904
73;12;2017;São Gonçalo;3304904
74;12;2017;São Gonçalo;3304904
75;12;2017;São Gonçalo;3304904
76;12;2017;Niterói;3303302
77;12;2017;Niterói;3303302
78;12;2017;Niterói;3303302
79;12;2017;Niterói;3303302
81;12;2017;Niterói;3303302
82;12;2017;Maricá;3302700
88;12;2017;Barra do Pirai;3300308
89;12;2017;Resende;3304201
90;12;2017;Barra Mansa;3300407
91;12;2017;Valença;3306107
92;12;2017;Rio das Flores;3304508
93;12;2017;Volta Redonda;3306305
94;12;2017;Piraí;3304003
95;12;2017;Vassouras;3306206
96;12;2017;"Miguel Pereira;Paty dos Alferes";9999999
97;12;2017;Mendes;3302809
98;12;2017;Engenheiro Paulo de Frontin;3301801
99;12;2017;Itatiaia;3302254
100;12;2017;"Porto Real;Quatis";9999992
101;12;2017;Pinheiral;3303955
104;12;2017;São José do Vale do Rio Preto;3305158
105;12;2017;Petrópolis;3303906
106;12;2017;Petrópolis;3303906
107;12;2017;Paraíba do Sul;3303708
108;12;2017;"Comendador Levy Gasparian;Areal;Três Rios";9999991
109;12;2017;Sapucaia;3305406
110;12;2017;Teresópolis;3305802
111;12;2017;Sumidouro;3305703
112;12;2017;Carmo;3301207
118;12;2017;Araruama;3300209
119;12;2017;Rio Bonito;3304300
120;12;2017;Silva Jardim;3305604
121;12;2017;Casimiro de Abreu;3301306
122;12;2017;Conceição de Macabú;3301405
123;12;2017;Macaé;3302403
124;12;2017;Saquarema;3305505
125;12;2017;São Pedro da Aldeia;3305208
126;12;2017;Cabo Frio;3300704
127;12;2017;Armação dos Búzios;3300233
128;12;2017;Rio das Ostras;3304524
129;12;2017;Iguaba Grande;3301876
130;12;2017;"Quissamã;Carapebus";9999994
132;12;2017;Arraial do Cabo;3300258
134;12;2017;Campos dos Goytacazes;3301009
135;12;2017;Itaocara;3302106
136;12;2017;"Santo Antônio de Pádua;Aperibé";9999993
137;12;2017;Miracema;3303005
138;12;2017;Laje do Muriaé;3302304
139;12;2017;Porciúncula;3304102
140;12;2017;"Natividade;Varre-Sai";9999997
141;12;2017;São Fidélis;3304805
142;12;2017;Cambuci;3300902
143;12;2017;"Itaperuna;São José de Ubá";9999996
144;12;2017;Bom Jesus de Itabapoana;3300605
145;12;2017;São João da Barra;3305000
146;12;2017;Campos dos Goytacazes;3301009
147;12;2017;São Francisco de Itabapoana;3304755
148;12;2017;"Cardoso Moreira;Italva";9999995
151;12;2017;Nova Friburgo;3303401
152;12;2017;Duas Barras;3301603
153;12;2017;Cantagalo;3301108
154;12;2017;"Cordeiro;Macuco";9999998
155;12;2017;São Sebastião do Alto;3305307
156;12;2017;Santa Maria Madalena;3304607
157;12;2017;Trajano de Morais;3305901
158;12;2017;Bom Jardim;3300506
159;12;2017;Cachoeiras de Macacu;3300803
165;12;2017;Mangaratiba;3302601
166;12;2017;Angra dos Reis;3300100
167;12;2017;Paraty;3303807
168;12;2017;Rio Claro;3304409
1;1;2018;Rio de Janeiro;3304557
4;1;2018;Rio de Janeiro;3304557
5;1;2018;Rio de Janeiro;3304557
6;1;2018;Rio de Janeiro;3304557
7;1;2018;Rio de Janeiro;3304557
9;1;2018;Rio de Janeiro;3304557
10;1;2018;Rio de Janeiro;3304557
11;1;2018;Rio de Janeiro;3304557
12;1;2018;Rio de Janeiro;3304557
13;1;2018;Rio de Janeiro;3304557
14;1;2018;Rio de Janeiro;3304557
15;1;2018;Rio de Janeiro;3304557
16;1;2018;Rio de Janeiro;3304557
17;1;2018;Rio de Janeiro;3304557
18;1;2018;Rio de Janeiro;3304557
19;1;2018;Rio de Janeiro;3304557
20;1;2018;Rio de Janeiro;3304557
21;1;2018;Rio de Janeiro;3304557
22;1;2018;Rio de Janeiro;3304557
23;1;2018;Rio de Janeiro;3304557
24;1;2018;Rio de Janeiro;3304557
25;1;2018;Rio de Janeiro;3304557
26;1;2018;Rio de Janeiro;3304557
27;1;2018;Rio de Janeiro;3304557
28;1;2018;Rio de Janeiro;3304557
29;1;2018;Rio de Janeiro;3304557
30;1;2018;Rio de Janeiro;3304557
31;1;2018;Rio de Janeiro;3304557
32;1;2018;Rio de Janeiro;3304557
33;1;2018;Rio de Janeiro;3304557
34;1;2018;Rio de Janeiro;3304557
35;1;2018;Rio de Janeiro;3304557
36;1;2018;Rio de Janeiro;3304557
37;1;2018;Rio de Janeiro;3304557
38;1;2018;Rio de Janeiro;3304557
39;1;2018;Rio de Janeiro;3304557
40;1;2018;Rio de Janeiro;3304557
41;1;2018;Rio de Janeiro;3304557
42;1;2018;Rio de Janeiro;3304557
43;1;2018;Rio de Janeiro;3304557
44;1;2018;Rio de Janeiro;3304557
45;1;2018;Rio de Janeiro;3304557
48;1;2018;Seropédica;3305554
50;1;2018;Itaguaí;3302007
51;1;2018;Paracambi;3303609
52;1;2018;Nova Iguaçu;3303500
53;1;2018;Mesquita;3302858
54;1;2018;Belford Roxo;3300456
55;1;2018;Queimados;3304144
56;1;2018;Nova Iguaçu;3303500
57;1;2018;Nilópolis;3303203
58;1;2018;Nova Iguaçu;3303500
59;1;2018;Duque de Caxias;3301702
60;1;2018;Duque de Caxias;3301702
61;1;2018;Duque de Caxias;3301702
62;1;2018;Duque de Caxias;3301702
63;1;2018;Japeri;3302270
64;1;2018;São João de Meriti;3305109
65;1;2018;Magé;3302502
66;1;2018;Magé;3302502
67;1;2018;Guapimirim;3301850
70;1;2018;Tanguá;3305752
71;1;2018;Itaboraí;3301900
72;1;2018;São Gonçalo;3304904
73;1;2018;São Gonçalo;3304904
74;1;2018;São Gonçalo;3304904
75;1;2018;São Gonçalo;3304904
76;1;2018;Niterói;3303302
77;1;2018;Niterói;3303302
78;1;2018;Niterói;3303302
79;1;2018;Niterói;3303302
81;1;2018;Niterói;3303302
82;1;2018;Maricá;3302700
88;1;2018;Barra do Pirai;3300308
89;1;2018;Resende;3304201
90;1;2018;Barra Mansa;3300407
91;1;2018;Valença;3306107
92;1;2018;Rio das Flores;3304508
93;1;2018;Volta Redonda;3306305
94;1;2018;Piraí;3304003
95;1;2018;Vassouras;3306206
96;1;2018;"Miguel Pereira;Paty dos Alferes";9999999
97;1;2018;Mendes;3302809
98;1;2018;Engenheiro Paulo de Frontin;3301801
99;1;2018;Itatiaia;3302254
100;1;2018;"Porto Real;Quatis";9999992
101;1;2018;Pinheiral;3303955
104;1;2018;São José do Vale do Rio Preto;3305158
105;1;2018;Petrópolis;3303906
106;1;2018;Petrópolis;3303906
107;1;2018;Paraíba do Sul;3303708
108;1;2018;"Comendador Levy Gasparian;Areal;Três Rios";9999991
109;1;2018;Sapucaia;3305406
110;1;2018;Teresópolis;3305802
111;1;2018;Sumidouro;3305703
112;1;2018;Carmo;3301207
118;1;2018;Araruama;3300209
119;1;2018;Rio Bonito;3304300
120;1;2018;Silva Jardim;3305604
121;1;2018;Casimiro de Abreu;3301306
122;1;2018;Conceição de Macabú;3301405
123;1;2018;Macaé;3302403
124;1;2018;Saquarema;3305505
125;1;2018;São Pedro da Aldeia;3305208
126;1;2018;Cabo Frio;3300704
127;1;2018;Armação dos Búzios;3300233
128;1;2018;Rio das Ostras;3304524
129;1;2018;Iguaba Grande;3301876
130;1;2018;"Quissamã;Carapebus";9999994
132;1;2018;Arraial do Cabo;3300258
134;1;2018;Campos dos Goytacazes;3301009
135;1;2018;Itaocara;3302106
136;1;2018;"Santo Antônio de Pádua;Aperibé";9999993
137;1;2018;Miracema;3303005
138;1;2018;Laje do Muriaé;3302304
139;1;2018;Porciúncula;3304102
140;1;2018;"Natividade;Varre-Sai";9999997
141;1;2018;São Fidélis;3304805
142;1;2018;Cambuci;3300902
143;1;2018;"Itaperuna;São José de Ubá";9999996
144;1;2018;Bom Jesus de Itabapoana;3300605
145;1;2018;São João da Barra;3305000
146;1;2018;Campos dos Goytacazes;3301009
147;1;2018;São Francisco de Itabapoana;3304755
148;1;2018;"Cardoso Moreira;Italva";9999995
151;1;2018;Nova Friburgo;3303401
152;1;2018;Duas Barras;3301603
153;1;2018;Cantagalo;3301108
154;1;2018;"Cordeiro;Macuco";9999998
155;1;2018;São Sebastião do Alto;3305307
156;1;2018;Santa Maria Madalena;3304607
157;1;2018;Trajano de Morais;3305901
158;1;2018;Bom Jardim;3300506
159;1;2018;Cachoeiras de Macacu;3300803
165;1;2018;Mangaratiba;3302601
166;1;2018;Angra dos Reis;3300100
167;1;2018;Paraty;3303807
168;1;2018;Rio Claro;3304409
1;2;2018;Rio de Janeiro;3304557
4;2;2018;Rio de Janeiro;3304557
5;2;2018;Rio de Janeiro;3304557
6;2;2018;Rio de Janeiro;3304557
7;2;2018;Rio de Janeiro;3304557
9;2;2018;Rio de Janeiro;3304557
10;2;2018;Rio de Janeiro;3304557
11;2;2018;Rio de Janeiro;3304557
12;2;2018;Rio de Janeiro;3304557
13;2;2018;Rio de Janeiro;3304557
14;2;2018;Rio de Janeiro;3304557
15;2;2018;Rio de Janeiro;3304557
16;2;2018;Rio de Janeiro;3304557
17;2;2018;Rio de Janeiro;3304557
18;2;2018;Rio de Janeiro;3304557
19;2;2018;Rio de Janeiro;3304557
20;2;2018;Rio de Janeiro;3304557
21;2;2018;Rio de Janeiro;3304557
22;2;2018;Rio de Janeiro;3304557
23;2;2018;Rio de Janeiro;3304557
24;2;2018;Rio de Janeiro;3304557
25;2;2018;Rio de Janeiro;3304557
26;2;2018;Rio de Janeiro;3304557
27;2;2018;Rio de Janeiro;3304557
28;2;2018;Rio de Janeiro;3304557
29;2;2018;Rio de Janeiro;3304557
30;2;2018;Rio de Janeiro;3304557
31;2;2018;Rio de Janeiro;3304557
32;2;2018;Rio de Janeiro;3304557
33;2;2018;Rio de Janeiro;3304557
34;2;2018;Rio de Janeiro;3304557
35;2;2018;Rio de Janeiro;3304557
36;2;2018;Rio de Janeiro;3304557
37;2;2018;Rio de Janeiro;3304557
38;2;2018;Rio de Janeiro;3304557
39;2;2018;Rio de Janeiro;3304557
40;2;2018;Rio de Janeiro;3304557
41;2;2018;Rio de Janeiro;3304557
42;2;2018;Rio de Janeiro;3304557
43;2;2018;Rio de Janeiro;3304557
44;2;2018;Rio de Janeiro;3304557
45;2;2018;Rio de Janeiro;3304557
48;2;2018;Seropédica;3305554
50;2;2018;Itaguaí;3302007
51;2;2018;Paracambi;3303609
52;2;2018;Nova Iguaçu;3303500
53;2;2018;Mesquita;3302858
54;2;2018;Belford Roxo;3300456
55;2;2018;Queimados;3304144
56;2;2018;Nova Iguaçu;3303500
57;2;2018;Nilópolis;3303203
58;2;2018;Nova Iguaçu;3303500
59;2;2018;Duque de Caxias;3301702
60;2;2018;Duque de Caxias;3301702
61;2;2018;Duque de Caxias;3301702
62;2;2018;Duque de Caxias;3301702
63;2;2018;Japeri;3302270
64;2;2018;São João de Meriti;3305109
65;2;2018;Magé;3302502
66;2;2018;Magé;3302502
67;2;2018;Guapimirim;3301850
70;2;2018;Tanguá;3305752
71;2;2018;Itaboraí;3301900
72;2;2018;São Gonçalo;3304904
73;2;2018;São Gonçalo;3304904
74;2;2018;São Gonçalo;3304904
75;2;2018;São Gonçalo;3304904
76;2;2018;Niterói;3303302
77;2;2018;Niterói;3303302
78;2;2018;Niterói;3303302
79;2;2018;Niterói;3303302
81;2;2018;Niterói;3303302
82;2;2018;Maricá;3302700
88;2;2018;Barra do Pirai;3300308
89;2;2018;Resende;3304201
90;2;2018;Barra Mansa;3300407
91;2;2018;Valença;3306107
92;2;2018;Rio das Flores;3304508
93;2;2018;Volta Redonda;3306305
94;2;2018;Piraí;3304003
95;2;2018;Vassouras;3306206
96;2;2018;"Miguel Pereira;Paty dos Alferes";9999999
97;2;2018;Mendes;3302809
98;2;2018;Engenheiro Paulo de Frontin;3301801
99;2;2018;Itatiaia;3302254
100;2;2018;"Porto Real;Quatis";9999992
101;2;2018;Pinheiral;3303955
104;2;2018;São José do Vale do Rio Preto;3305158
105;2;2018;Petrópolis;3303906
106;2;2018;Petrópolis;3303906
107;2;2018;Paraíba do Sul;3303708
108;2;2018;"Comendador Levy Gasparian;Areal;Três Rios";9999991
109;2;2018;Sapucaia;3305406
110;2;2018;Teresópolis;3305802
111;2;2018;Sumidouro;3305703
112;2;2018;Carmo;3301207
118;2;2018;Araruama;3300209
119;2;2018;Rio Bonito;3304300
120;2;2018;Silva Jardim;3305604
121;2;2018;Casimiro de Abreu;3301306
122;2;2018;Conceição de Macabú;3301405
123;2;2018;Macaé;3302403
124;2;2018;Saquarema;3305505
125;2;2018;São Pedro da Aldeia;3305208
126;2;2018;Cabo Frio;3300704
127;2;2018;Armação dos Búzios;3300233
128;2;2018;Rio das Ostras;3304524
129;2;2018;Iguaba Grande;3301876
130;2;2018;"Quissamã;Carapebus";9999994
132;2;2018;Arraial do Cabo;3300258
134;2;2018;Campos dos Goytacazes;3301009
135;2;2018;Itaocara;3302106
136;2;2018;"Santo Antônio de Pádua;Aperibé";9999993
137;2;2018;Miracema;3303005
138;2;2018;Laje do Muriaé;3302304
139;2;2018;Porciúncula;3304102
140;2;2018;"Natividade;Varre-Sai";9999997
141;2;2018;São Fidélis;3304805
142;2;2018;Cambuci;3300902
143;2;2018;"Itaperuna;São José de Ubá";9999996
144;2;2018;Bom Jesus de Itabapoana;3300605
145;2;2018;São João da Barra;3305000
146;2;2018;Campos dos Goytacazes;3301009
147;2;2018;São Francisco de Itabapoana;3304755
148;2;2018;"Cardoso Moreira;Italva";9999995
151;2;2018;Nova Friburgo;3303401
152;2;2018;Duas Barras;3301603
153;2;2018;Cantagalo;3301108
154;2;2018;"Cordeiro;Macuco";9999998
155;2;2018;São Sebastião do Alto;3305307
156;2;2018;Santa Maria Madalena;3304607
157;2;2018;Trajano de Morais;3305901
158;2;2018;Bom Jardim;3300506
159;2;2018;Cachoeiras de Macacu;3300803
165;2;2018;Mangaratiba;3302601
166;2;2018;Angra dos Reis;3300100
167;2;2018;Paraty;3303807
168;2;2018;Rio Claro;3304409
1;3;2018;Rio de Janeiro;3304557
4;3;2018;Rio de Janeiro;3304557
5;3;2018;Rio de Janeiro;3304557
6;3;2018;Rio de Janeiro;3304557
7;3;2018;Rio de Janeiro;3304557
9;3;2018;Rio de Janeiro;3304557
10;3;2018;Rio de Janeiro;3304557
11;3;2018;Rio de Janeiro;3304557
12;3;2018;Rio de Janeiro;3304557
13;3;2018;Rio de Janeiro;3304557
14;3;2018;Rio de Janeiro;3304557
15;3;2018;Rio de Janeiro;3304557
16;3;2018;Rio de Janeiro;3304557
17;3;2018;Rio de Janeiro;3304557
18;3;2018;Rio de Janeiro;3304557
19;3;2018;Rio de Janeiro;3304557
20;3;2018;Rio de Janeiro;3304557
21;3;2018;Rio de Janeiro;3304557
22;3;2018;Rio de Janeiro;3304557
23;3;2018;Rio de Janeiro;3304557
24;3;2018;Rio de Janeiro;3304557
25;3;2018;Rio de Janeiro;3304557
26;3;2018;Rio de Janeiro;3304557
27;3;2018;Rio de Janeiro;3304557
28;3;2018;Rio de Janeiro;3304557
29;3;2018;Rio de Janeiro;3304557
30;3;2018;Rio de Janeiro;3304557
31;3;2018;Rio de Janeiro;3304557
32;3;2018;Rio de Janeiro;3304557
33;3;2018;Rio de Janeiro;3304557
34;3;2018;Rio de Janeiro;3304557
35;3;2018;Rio de Janeiro;3304557
36;3;2018;Rio de Janeiro;3304557
37;3;2018;Rio de Janeiro;3304557
38;3;2018;Rio de Janeiro;3304557
39;3;2018;Rio de Janeiro;3304557
40;3;2018;Rio de Janeiro;3304557
41;3;2018;Rio de Janeiro;3304557
42;3;2018;Rio de Janeiro;3304557
43;3;2018;Rio de Janeiro;3304557
44;3;2018;Rio de Janeiro;3304557
45;3;2018;Rio de Janeiro;3304557
48;3;2018;Seropédica;3305554
50;3;2018;Itaguaí;3302007
51;3;2018;Paracambi;3303609
52;3;2018;Nova Iguaçu;3303500
53;3;2018;Mesquita;3302858
54;3;2018;Belford Roxo;3300456
55;3;2018;Queimados;3304144
56;3;2018;Nova Iguaçu;3303500
57;3;2018;Nilópolis;3303203
58;3;2018;Nova Iguaçu;3303500
59;3;2018;Duque de Caxias;3301702
60;3;2018;Duque de Caxias;3301702
61;3;2018;Duque de Caxias;3301702
62;3;2018;Duque de Caxias;3301702
63;3;2018;Japeri;3302270
64;3;2018;São João de Meriti;3305109
65;3;2018;Magé;3302502
66;3;2018;Magé;3302502
67;3;2018;Guapimirim;3301850
70;3;2018;Tanguá;3305752
71;3;2018;Itaboraí;3301900
72;3;2018;São Gonçalo;3304904
73;3;2018;São Gonçalo;3304904
74;3;2018;São Gonçalo;3304904
75;3;2018;São Gonçalo;3304904
76;3;2018;Niterói;3303302
77;3;2018;Niterói;3303302
78;3;2018;Niterói;3303302
79;3;2018;Niterói;3303302
81;3;2018;Niterói;3303302
82;3;2018;Maricá;3302700
88;3;2018;Barra do Pirai;3300308
89;3;2018;Resende;3304201
90;3;2018;Barra Mansa;3300407
91;3;2018;Valença;3306107
92;3;2018;Rio das Flores;3304508
93;3;2018;Volta Redonda;3306305
94;3;2018;Piraí;3304003
95;3;2018;Vassouras;3306206
96;3;2018;"Miguel Pereira;Paty dos Alferes";9999999
97;3;2018;Mendes;3302809
98;3;2018;Engenheiro Paulo de Frontin;3301801
99;3;2018;Itatiaia;3302254
100;3;2018;"Porto Real;Quatis";9999992
101;3;2018;Pinheiral;3303955
104;3;2018;São José do Vale do Rio Preto;3305158
105;3;2018;Petrópolis;3303906
106;3;2018;Petrópolis;3303906
107;3;2018;Paraíba do Sul;3303708
108;3;2018;"Comendador Levy Gasparian;Areal;Três Rios";9999991
109;3;2018;Sapucaia;3305406
110;3;2018;Teresópolis;3305802
111;3;2018;Sumidouro;3305703
112;3;2018;Carmo;3301207
118;3;2018;Araruama;3300209
119;3;2018;Rio Bonito;3304300
120;3;2018;Silva Jardim;3305604
121;3;2018;Casimiro de Abreu;3301306
122;3;2018;Conceição de Macabú;3301405
123;3;2018;Macaé;3302403
124;3;2018;Saquarema;3305505
125;3;2018;São Pedro da Aldeia;3305208
126;3;2018;Cabo Frio;3300704
127;3;2018;Armação dos Búzios;3300233
128;3;2018;Rio das Ostras;3304524
129;3;2018;Iguaba Grande;3301876
130;3;2018;"Quissamã;Carapebus";9999994
132;3;2018;Arraial do Cabo;3300258
134;3;2018;Campos dos Goytacazes;3301009
135;3;2018;Itaocara;3302106
136;3;2018;"Santo Antônio de Pádua;Aperibé";9999993
137;3;2018;Miracema;3303005
138;3;2018;Laje do Muriaé;3302304
139;3;2018;Porciúncula;3304102
140;3;2018;"Natividade;Varre-Sai";9999997
141;3;2018;São Fidélis;3304805
142;3;2018;Cambuci;3300902
143;3;2018;"Itaperuna;São José de Ubá";9999996
144;3;2018;Bom Jesus de Itabapoana;3300605
145;3;2018;São João da Barra;3305000
146;3;2018;Campos dos Goytacazes;3301009
147;3;2018;São Francisco de Itabapoana;3304755
148;3;2018;"Cardoso Moreira;Italva";9999995
151;3;2018;Nova Friburgo;3303401
152;3;2018;Duas Barras;3301603
153;3;2018;Cantagalo;3301108
154;3;2018;"Cordeiro;Macuco";9999998
155;3;2018;São Sebastião do Alto;3305307
156;3;2018;Santa Maria Madalena;3304607
157;3;2018;Trajano de Morais;3305901
158;3;2018;Bom Jardim;3300506
159;3;2018;Cachoeiras de Macacu;3300803
165;3;2018;Mangaratiba;3302601
166;3;2018;Angra dos Reis;3300100
167;3;2018;Paraty;3303807
168;3;2018;Rio Claro;3304409
1;4;2018;Rio de Janeiro;3304557
4;4;2018;Rio de Janeiro;3304557
5;4;2018;Rio de Janeiro;3304557
6;4;2018;Rio de Janeiro;3304557
7;4;2018;Rio de Janeiro;3304557
9;4;2018;Rio de Janeiro;3304557
10;4;2018;Rio de Janeiro;3304557
11;4;2018;Rio de Janeiro;3304557
12;4;2018;Rio de Janeiro;3304557
13;4;2018;Rio de Janeiro;3304557
14;4;2018;Rio de Janeiro;3304557
15;4;2018;Rio de Janeiro;3304557
16;4;2018;Rio de Janeiro;3304557
17;4;2018;Rio de Janeiro;3304557
18;4;2018;Rio de Janeiro;3304557
19;4;2018;Rio de Janeiro;3304557
20;4;2018;Rio de Janeiro;3304557
21;4;2018;Rio de Janeiro;3304557
22;4;2018;Rio de Janeiro;3304557
23;4;2018;Rio de Janeiro;3304557
24;4;2018;Rio de Janeiro;3304557
25;4;2018;Rio de Janeiro;3304557
26;4;2018;Rio de Janeiro;3304557
27;4;2018;Rio de Janeiro;3304557
28;4;2018;Rio de Janeiro;3304557
29;4;2018;Rio de Janeiro;3304557
30;4;2018;Rio de Janeiro;3304557
31;4;2018;Rio de Janeiro;3304557
32;4;2018;Rio de Janeiro;3304557
33;4;2018;Rio de Janeiro;3304557
34;4;2018;Rio de Janeiro;3304557
35;4;2018;Rio de Janeiro;3304557
36;4;2018;Rio de Janeiro;3304557
37;4;2018;Rio de Janeiro;3304557
38;4;2018;Rio de Janeiro;3304557
39;4;2018;Rio de Janeiro;3304557
40;4;2018;Rio de Janeiro;3304557
41;4;2018;Rio de Janeiro;3304557
42;4;2018;Rio de Janeiro;3304557
43;4;2018;Rio de Janeiro;3304557
44;4;2018;Rio de Janeiro;3304557
45;4;2018;Rio de Janeiro;3304557
48;4;2018;Seropédica;3305554
50;4;2018;Itaguaí;3302007
51;4;2018;Paracambi;3303609
52;4;2018;Nova Iguaçu;3303500
53;4;2018;Mesquita;3302858
54;4;2018;Belford Roxo;3300456
55;4;2018;Queimados;3304144
56;4;2018;Nova Iguaçu;3303500
57;4;2018;Nilópolis;3303203
58;4;2018;Nova Iguaçu;3303500
59;4;2018;Duque de Caxias;3301702
60;4;2018;Duque de Caxias;3301702
61;4;2018;Duque de Caxias;3301702
62;4;2018;Duque de Caxias;3301702
63;4;2018;Japeri;3302270
64;4;2018;São João de Meriti;3305109
65;4;2018;Magé;3302502
66;4;2018;Magé;3302502
67;4;2018;Guapimirim;3301850
70;4;2018;Tanguá;3305752
71;4;2018;Itaboraí;3301900
72;4;2018;São Gonçalo;3304904
73;4;2018;São Gonçalo;3304904
74;4;2018;São Gonçalo;3304904
75;4;2018;São Gonçalo;3304904
76;4;2018;Niterói;3303302
77;4;2018;Niterói;3303302
78;4;2018;Niterói;3303302
79;4;2018;Niterói;3303302
81;4;2018;Niterói;3303302
82;4;2018;Maricá;3302700
88;4;2018;Barra do Pirai;3300308
89;4;2018;Resende;3304201
90;4;2018;Barra Mansa;3300407
91;4;2018;Valença;3306107
92;4;2018;Rio das Flores;3304508
93;4;2018;Volta Redonda;3306305
94;4;2018;Piraí;3304003
95;4;2018;Vassouras;3306206
96;4;2018;"Miguel Pereira;Paty dos Alferes";9999999
97;4;2018;Mendes;3302809
98;4;2018;Engenheiro Paulo de Frontin;3301801
99;4;2018;Itatiaia;3302254
100;4;2018;"Porto Real;Quatis";9999992
101;4;2018;Pinheiral;3303955
104;4;2018;São José do Vale do Rio Preto;3305158
105;4;2018;Petrópolis;3303906
106;4;2018;Petrópolis;3303906
107;4;2018;Paraíba do Sul;3303708
108;4;2018;"Comendador Levy Gasparian;Areal;Três Rios";9999991
109;4;2018;Sapucaia;3305406
110;4;2018;Teresópolis;3305802
111;4;2018;Sumidouro;3305703
112;4;2018;Carmo;3301207
118;4;2018;Araruama;3300209
119;4;2018;Rio Bonito;3304300
120;4;2018;Silva Jardim;3305604
121;4;2018;Casimiro de Abreu;3301306
122;4;2018;Conceição de Macabú;3301405
123;4;2018;Macaé;3302403
124;4;2018;Saquarema;3305505
125;4;2018;São Pedro da Aldeia;3305208
126;4;2018;Cabo Frio;3300704
127;4;2018;Armação dos Búzios;3300233
128;4;2018;Rio das Ostras;3304524
129;4;2018;Iguaba Grande;3301876
130;4;2018;"Quissamã;Carapebus";9999994
132;4;2018;Arraial do Cabo;3300258
134;4;2018;Campos dos Goytacazes;3301009
135;4;2018;Itaocara;3302106
136;4;2018;"Santo Antônio de Pádua;Aperibé";9999993
137;4;2018;Miracema;3303005
138;4;2018;Laje do Muriaé;3302304
139;4;2018;Porciúncula;3304102
140;4;2018;"Natividade;Varre-Sai";9999997
141;4;2018;São Fidélis;3304805
142;4;2018;Cambuci;3300902
143;4;2018;"Itaperuna;São José de Ubá";9999996
144;4;2018;Bom Jesus de Itabapoana;3300605
145;4;2018;São João da Barra;3305000
146;4;2018;Campos dos Goytacazes;3301009
147;4;2018;São Francisco de Itabapoana;3304755
148;4;2018;"Cardoso Moreira;Italva";9999995
151;4;2018;Nova Friburgo;3303401
152;4;2018;Duas Barras;3301603
153;4;2018;Cantagalo;3301108
154;4;2018;"Cordeiro;Macuco";9999998
155;4;2018;São Sebastião do Alto;3305307
156;4;2018;Santa Maria Madalena;3304607
157;4;2018;Trajano de Morais;3305901
158;4;2018;Bom Jardim;3300506
159;4;2018;Cachoeiras de Macacu;3300803
165;4;2018;Mangaratiba;3302601
166;4;2018;Angra dos Reis;3300100
167;4;2018;Paraty;3303807
168;4;2018;Rio Claro;3304409
1;5;2018;Rio de Janeiro;3304557
4;5;2018;Rio de Janeiro;3304557
5;5;2018;Rio de Janeiro;3304557
6;5;2018;Rio de Janeiro;3304557
7;5;2018;Rio de Janeiro;3304557
9;5;2018;Rio de Janeiro;3304557
10;5;2018;Rio de Janeiro;3304557
11;5;2018;Rio de Janeiro;3304557
12;5;2018;Rio de Janeiro;3304557
13;5;2018;Rio de Janeiro;3304557
14;5;2018;Rio de Janeiro;3304557
15;5;2018;Rio de Janeiro;3304557
16;5;2018;Rio de Janeiro;3304557
17;5;2018;Rio de Janeiro;3304557
18;5;2018;Rio de Janeiro;3304557
19;5;2018;Rio de Janeiro;3304557
20;5;2018;Rio de Janeiro;3304557
21;5;2018;Rio de Janeiro;3304557
22;5;2018;Rio de Janeiro;3304557
23;5;2018;Rio de Janeiro;3304557
24;5;2018;Rio de Janeiro;3304557
25;5;2018;Rio de Janeiro;3304557
26;5;2018;Rio de Janeiro;3304557
27;5;2018;Rio de Janeiro;3304557
28;5;2018;Rio de Janeiro;3304557
29;5;2018;Rio de Janeiro;3304557
30;5;2018;Rio de Janeiro;3304557
31;5;2018;Rio de Janeiro;3304557
32;5;2018;Rio de Janeiro;3304557
33;5;2018;Rio de Janeiro;3304557
34;5;2018;Rio de Janeiro;3304557
35;5;2018;Rio de Janeiro;3304557
36;5;2018;Rio de Janeiro;3304557
37;5;2018;Rio de Janeiro;3304557
38;5;2018;Rio de Janeiro;3304557
39;5;2018;Rio de Janeiro;3304557
40;5;2018;Rio de Janeiro;3304557
41;5;2018;Rio de Janeiro;3304557
42;5;2018;Rio de Janeiro;3304557
43;5;2018;Rio de Janeiro;3304557
44;5;2018;Rio de Janeiro;3304557
45;5;2018;Rio de Janeiro;3304557
48;5;2018;Seropédica;3305554
50;5;2018;Itaguaí;3302007
51;5;2018;Paracambi;3303609
52;5;2018;Nova Iguaçu;3303500
53;5;2018;Mesquita;3302858
54;5;2018;Belford Roxo;3300456
55;5;2018;Queimados;3304144
56;5;2018;Nova Iguaçu;3303500
57;5;2018;Nilópolis;3303203
58;5;2018;Nova Iguaçu;3303500
59;5;2018;Duque de Caxias;3301702
60;5;2018;Duque de Caxias;3301702
61;5;2018;Duque de Caxias;3301702
62;5;2018;Duque de Caxias;3301702
63;5;2018;Japeri;3302270
64;5;2018;São João de Meriti;3305109
65;5;2018;Magé;3302502
66;5;2018;Magé;3302502
67;5;2018;Guapimirim;3301850
70;5;2018;Tanguá;3305752
71;5;2018;Itaboraí;3301900
72;5;2018;São Gonçalo;3304904
73;5;2018;São Gonçalo;3304904
74;5;2018;São Gonçalo;3304904
75;5;2018;São Gonçalo;3304904
76;5;2018;Niterói;3303302
77;5;2018;Niterói;3303302
78;5;2018;Niterói;3303302
79;5;2018;Niterói;3303302
81;5;2018;Niterói;3303302
82;5;2018;Maricá;3302700
88;5;2018;Barra do Pirai;3300308
89;5;2018;Resende;3304201
90;5;2018;Barra Mansa;3300407
91;5;2018;Valença;3306107
92;5;2018;Rio das Flores;3304508
93;5;2018;Volta Redonda;3306305
94;5;2018;Piraí;3304003
95;5;2018;Vassouras;3306206
96;5;2018;"Miguel Pereira;Paty dos Alferes";9999999
97;5;2018;Mendes;3302809
98;5;2018;Engenheiro Paulo de Frontin;3301801
99;5;2018;Itatiaia;3302254
100;5;2018;"Porto Real;Quatis";9999992
101;5;2018;Pinheiral;3303955
104;5;2018;São José do Vale do Rio Preto;3305158
105;5;2018;Petrópolis;3303906
106;5;2018;Petrópolis;3303906
107;5;2018;Paraíba do Sul;3303708
108;5;2018;"Comendador Levy Gasparian;Areal;Três Rios";9999991
109;5;2018;Sapucaia;3305406
110;5;2018;Teresópolis;3305802
111;5;2018;Sumidouro;3305703
112;5;2018;Carmo;3301207
118;5;2018;Araruama;3300209
119;5;2018;Rio Bonito;3304300
120;5;2018;Silva Jardim;3305604
121;5;2018;Casimiro de Abreu;3301306
122;5;2018;Conceição de Macabú;3301405
123;5;2018;Macaé;3302403
124;5;2018;Saquarema;3305505
125;5;2018;São Pedro da Aldeia;3305208
126;5;2018;Cabo Frio;3300704
127;5;2018;Armação dos Búzios;3300233
128;5;2018;Rio das Ostras;3304524
129;5;2018;Iguaba Grande;3301876
130;5;2018;"Quissamã;Carapebus";9999994
132;5;2018;Arraial do Cabo;3300258
134;5;2018;Campos dos Goytacazes;3301009
135;5;2018;Itaocara;3302106
136;5;2018;"Santo Antônio de Pádua;Aperibé";9999993
137;5;2018;Miracema;3303005
138;5;2018;Laje do Muriaé;3302304
139;5;2018;Porciúncula;3304102
140;5;2018;"Natividade;Varre-Sai";9999997
141;5;2018;São Fidélis;3304805
142;5;2018;Cambuci;3300902
143;5;2018;"Itaperuna;São José de Ubá";9999996
144;5;2018;Bom Jesus de Itabapoana;3300605
145;5;2018;São João da Barra;3305000
146;5;2018;Campos dos Goytacazes;3301009
147;5;2018;São Francisco de Itabapoana;3304755
148;5;2018;"Cardoso Moreira;Italva";9999995
151;5;2018;Nova Friburgo;3303401
152;5;2018;Duas Barras;3301603
153;5;2018;Cantagalo;3301108
154;5;2018;"Cordeiro;Macuco";9999998
155;5;2018;São Sebastião do Alto;3305307
156;5;2018;Santa Maria Madalena;3304607
157;5;2018;Trajano de Morais;3305901
158;5;2018;Bom Jardim;3300506
159;5;2018;Cachoeiras de Macacu;3300803
165;5;2018;Mangaratiba;3302601
166;5;2018;Angra dos Reis;3300100
167;5;2018;Paraty;3303807
168;5;2018;Rio Claro;3304409
1;6;2018;Rio de Janeiro;3304557
4;6;2018;Rio de Janeiro;3304557
5;6;2018;Rio de Janeiro;3304557
6;6;2018;Rio de Janeiro;3304557
7;6;2018;Rio de Janeiro;3304557
9;6;2018;Rio de Janeiro;3304557
10;6;2018;Rio de Janeiro;3304557
11;6;2018;Rio de Janeiro;3304557
12;6;2018;Rio de Janeiro;3304557
13;6;2018;Rio de Janeiro;3304557
14;6;2018;Rio de Janeiro;3304557
15;6;2018;Rio de Janeiro;3304557
16;6;2018;Rio de Janeiro;3304557
17;6;2018;Rio de Janeiro;3304557
18;6;2018;Rio de Janeiro;3304557
19;6;2018;Rio de Janeiro;3304557
20;6;2018;Rio de Janeiro;3304557
21;6;2018;Rio de Janeiro;3304557
22;6;2018;Rio de Janeiro;3304557
23;6;2018;Rio de Janeiro;3304557
24;6;2018;Rio de Janeiro;3304557
25;6;2018;Rio de Janeiro;3304557
26;6;2018;Rio de Janeiro;3304557
27;6;2018;Rio de Janeiro;3304557
28;6;2018;Rio de Janeiro;3304557
29;6;2018;Rio de Janeiro;3304557
30;6;2018;Rio de Janeiro;3304557
31;6;2018;Rio de Janeiro;3304557
32;6;2018;Rio de Janeiro;3304557
33;6;2018;Rio de Janeiro;3304557
34;6;2018;Rio de Janeiro;3304557
35;6;2018;Rio de Janeiro;3304557
36;6;2018;Rio de Janeiro;3304557
37;6;2018;Rio de Janeiro;3304557
38;6;2018;Rio de Janeiro;3304557
39;6;2018;Rio de Janeiro;3304557
40;6;2018;Rio de Janeiro;3304557
41;6;2018;Rio de Janeiro;3304557
42;6;2018;Rio de Janeiro;3304557
43;6;2018;Rio de Janeiro;3304557
44;6;2018;Rio de Janeiro;3304557
45;6;2018;Rio de Janeiro;3304557
48;6;2018;Seropédica;3305554
50;6;2018;Itaguaí;3302007
51;6;2018;Paracambi;3303609
52;6;2018;Nova Iguaçu;3303500
53;6;2018;Mesquita;3302858
54;6;2018;Belford Roxo;3300456
55;6;2018;Queimados;3304144
56;6;2018;Nova Iguaçu;3303500
57;6;2018;Nilópolis;3303203
58;6;2018;Nova Iguaçu;3303500
59;6;2018;Duque de Caxias;3301702
60;6;2018;Duque de Caxias;3301702
61;6;2018;Duque de Caxias;3301702
62;6;2018;Duque de Caxias;3301702
63;6;2018;Japeri;3302270
64;6;2018;São João de Meriti;3305109
65;6;2018;Magé;3302502
66;6;2018;Magé;3302502
67;6;2018;Guapimirim;3301850
70;6;2018;Tanguá;3305752
71;6;2018;Itaboraí;3301900
72;6;2018;São Gonçalo;3304904
73;6;2018;São Gonçalo;3304904
74;6;2018;São Gonçalo;3304904
75;6;2018;São Gonçalo;3304904
76;6;2018;Niterói;3303302
77;6;2018;Niterói;3303302
78;6;2018;Niterói;3303302
79;6;2018;Niterói;3303302
81;6;2018;Niterói;3303302
82;6;2018;Maricá;3302700
88;6;2018;Barra do Pirai;3300308
89;6;2018;Resende;3304201
90;6;2018;Barra Mansa;3300407
91;6;2018;Valença;3306107
92;6;2018;Rio das Flores;3304508
93;6;2018;Volta Redonda;3306305
94;6;2018;Piraí;3304003
95;6;2018;Vassouras;3306206
96;6;2018;"Miguel Pereira;Paty dos Alferes";9999999
97;6;2018;Mendes;3302809
98;6;2018;Engenheiro Paulo de Frontin;3301801
99;6;2018;Itatiaia;3302254
100;6;2018;"Porto Real;Quatis";9999992
101;6;2018;Pinheiral;3303955
104;6;2018;São José do Vale do Rio Preto;3305158
105;6;2018;Petrópolis;3303906
106;6;2018;Petrópolis;3303906
107;6;2018;Paraíba do Sul;3303708
108;6;2018;"Comendador Levy Gasparian;Areal;Três Rios";9999991
109;6;2018;Sapucaia;3305406
110;6;2018;Teresópolis;3305802
111;6;2018;Sumidouro;3305703
112;6;2018;Carmo;3301207
118;6;2018;Araruama;3300209
119;6;2018;Rio Bonito;3304300
120;6;2018;Silva Jardim;3305604
121;6;2018;Casimiro de Abreu;3301306
122;6;2018;Conceição de Macabú;3301405
123;6;2018;Macaé;3302403
124;6;2018;Saquarema;3305505
125;6;2018;São Pedro da Aldeia;3305208
126;6;2018;Cabo Frio;3300704
127;6;2018;Armação dos Búzios;3300233
128;6;2018;Rio das Ostras;3304524
129;6;2018;Iguaba Grande;3301876
130;6;2018;"Quissamã;Carapebus";9999994
132;6;2018;Arraial do Cabo;3300258
134;6;2018;Campos dos Goytacazes;3301009
135;6;2018;Itaocara;3302106
136;6;2018;"Santo Antônio de Pádua;Aperibé";9999993
137;6;2018;Miracema;3303005
138;6;2018;Laje do Muriaé;3302304
139;6;2018;Porciúncula;3304102
140;6;2018;"Natividade;Varre-Sai";9999997
141;6;2018;São Fidélis;3304805
142;6;2018;Cambuci;3300902
143;6;2018;"Itaperuna;São José de Ubá";9999996
144;6;2018;Bom Jesus de Itabapoana;3300605
145;6;2018;São João da Barra;3305000
146;6;2018;Campos dos Goytacazes;3301009
147;6;2018;São Francisco de Itabapoana;3304755
148;6;2018;"Cardoso Moreira;Italva";9999995
151;6;2018;Nova Friburgo;3303401
152;6;2018;Duas Barras;3301603
153;6;2018;Cantagalo;3301108
154;6;2018;"Cordeiro;Macuco";9999998
155;6;2018;São Sebastião do Alto;3305307
156;6;2018;Santa Maria Madalena;3304607
157;6;2018;Trajano de Morais;3305901
158;6;2018;Bom Jardim;3300506
159;6;2018;Cachoeiras de Macacu;3300803
165;6;2018;Mangaratiba;3302601
166;6;2018;Angra dos Reis;3300100
167;6;2018;Paraty;3303807
168;6;2018;Rio Claro;3304409
1;7;2018;Rio de Janeiro;3304557
4;7;2018;Rio de Janeiro;3304557
5;7;2018;Rio de Janeiro;3304557
6;7;2018;Rio de Janeiro;3304557
7;7;2018;Rio de Janeiro;3304557
9;7;2018;Rio de Janeiro;3304557
10;7;2018;Rio de Janeiro;3304557
11;7;2018;Rio de Janeiro;3304557
12;7;2018;Rio de Janeiro;3304557
13;7;2018;Rio de Janeiro;3304557
14;7;2018;Rio de Janeiro;3304557
15;7;2018;Rio de Janeiro;3304557
16;7;2018;Rio de Janeiro;3304557
17;7;2018;Rio de Janeiro;3304557
18;7;2018;Rio de Janeiro;3304557
19;7;2018;Rio de Janeiro;3304557
20;7;2018;Rio de Janeiro;3304557
21;7;2018;Rio de Janeiro;3304557
22;7;2018;Rio de Janeiro;3304557
23;7;2018;Rio de Janeiro;3304557
24;7;2018;Rio de Janeiro;3304557
25;7;2018;Rio de Janeiro;3304557
26;7;2018;Rio de Janeiro;3304557
27;7;2018;Rio de Janeiro;3304557
28;7;2018;Rio de Janeiro;3304557
29;7;2018;Rio de Janeiro;3304557
30;7;2018;Rio de Janeiro;3304557
31;7;2018;Rio de Janeiro;3304557
32;7;2018;Rio de Janeiro;3304557
33;7;2018;Rio de Janeiro;3304557
34;7;2018;Rio de Janeiro;3304557
35;7;2018;Rio de Janeiro;3304557
36;7;2018;Rio de Janeiro;3304557
37;7;2018;Rio de Janeiro;3304557
38;7;2018;Rio de Janeiro;3304557
39;7;2018;Rio de Janeiro;3304557
40;7;2018;Rio de Janeiro;3304557
41;7;2018;Rio de Janeiro;3304557
42;7;2018;Rio de Janeiro;3304557
43;7;2018;Rio de Janeiro;3304557
44;7;2018;Rio de Janeiro;3304557
45;7;2018;Rio de Janeiro;3304557
48;7;2018;Seropédica;3305554
50;7;2018;Itaguaí;3302007
51;7;2018;Paracambi;3303609
52;7;2018;Nova Iguaçu;3303500
53;7;2018;Mesquita;3302858
54;7;2018;Belford Roxo;3300456
55;7;2018;Queimados;3304144
56;7;2018;Nova Iguaçu;3303500
57;7;2018;Nilópolis;3303203
58;7;2018;Nova Iguaçu;3303500
59;7;2018;Duque de Caxias;3301702
60;7;2018;Duque de Caxias;3301702
61;7;2018;Duque de Caxias;3301702
62;7;2018;Duque de Caxias;3301702
63;7;2018;Japeri;3302270
64;7;2018;São João de Meriti;3305109
65;7;2018;Magé;3302502
66;7;2018;Magé;3302502
67;7;2018;Guapimirim;3301850
70;7;2018;Tanguá;3305752
71;7;2018;Itaboraí;3301900
72;7;2018;São Gonçalo;3304904
73;7;2018;São Gonçalo;3304904
74;7;2018;São Gonçalo;3304904
75;7;2018;São Gonçalo;3304904
76;7;2018;Niterói;3303302
77;7;2018;Niterói;3303302
78;7;2018;Niterói;3303302
79;7;2018;Niterói;3303302
81;7;2018;Niterói;3303302
82;7;2018;Maricá;3302700
88;7;2018;Barra do Pirai;3300308
89;7;2018;Resende;3304201
90;7;2018;Barra Mansa;3300407
91;7;2018;Valença;3306107
92;7;2018;Rio das Flores;3304508
93;7;2018;Volta Redonda;3306305
94;7;2018;Piraí;3304003
95;7;2018;Vassouras;3306206
96;7;2018;"Miguel Pereira;Paty dos Alferes";9999999
97;7;2018;Mendes;3302809
98;7;2018;Engenheiro Paulo de Frontin;3301801
99;7;2018;Itatiaia;3302254
100;7;2018;"Porto Real;Quatis";9999992
101;7;2018;Pinheiral;3303955
104;7;2018;São José do Vale do Rio Preto;3305158
105;7;2018;Petrópolis;3303906
106;7;2018;Petrópolis;3303906
107;7;2018;Paraíba do Sul;3303708
108;7;2018;"Comendador Levy Gasparian;Areal;Três Rios";9999991
109;7;2018;Sapucaia;3305406
110;7;2018;Teresópolis;3305802
111;7;2018;Sumidouro;3305703
112;7;2018;Carmo;3301207
118;7;2018;Araruama;3300209
119;7;2018;Rio Bonito;3304300
120;7;2018;Silva Jardim;3305604
121;7;2018;Casimiro de Abreu;3301306
122;7;2018;Conceição de Macabú;3301405
123;7;2018;Macaé;3302403
124;7;2018;Saquarema;3305505
125;7;2018;São Pedro da Aldeia;3305208
126;7;2018;Cabo Frio;3300704
127;7;2018;Armação dos Búzios;3300233
128;7;2018;Rio das Ostras;3304524
129;7;2018;Iguaba Grande;3301876
130;7;2018;"Quissamã;Carapebus";9999994
132;7;2018;Arraial do Cabo;3300258
134;7;2018;Campos dos Goytacazes;3301009
135;7;2018;Itaocara;3302106
136;7;2018;"Santo Antônio de Pádua;Aperibé";9999993
137;7;2018;Miracema;3303005
138;7;2018;Laje do Muriaé;3302304
139;7;2018;Porciúncula;3304102
140;7;2018;"Natividade;Varre-Sai";9999997
141;7;2018;São Fidélis;3304805
142;7;2018;Cambuci;3300902
143;7;2018;"Itaperuna;São José de Ubá";9999996
144;7;2018;Bom Jesus de Itabapoana;3300605
145;7;2018;São João da Barra;3305000
146;7;2018;Campos dos Goytacazes;3301009
147;7;2018;São Francisco de Itabapoana;3304755
148;7;2018;"Cardoso Moreira;Italva";9999995
151;7;2018;Nova Friburgo;3303401
152;7;2018;Duas Barras;3301603
153;7;2018;Cantagalo;3301108
154;7;2018;"Cordeiro;Macuco";9999998
155;7;2018;São Sebastião do Alto;3305307
156;7;2018;Santa Maria Madalena;3304607
157;7;2018;Trajano de Morais;3305901
158;7;2018;Bom Jardim;3300506
159;7;2018;Cachoeiras de Macacu;3300803
165;7;2018;Mangaratiba;3302601
166;7;2018;Angra dos Reis;3300100
167;7;2018;Paraty;3303807
168;7;2018;Rio Claro;3304409
1;8;2018;Rio de Janeiro;3304557
4;8;2018;Rio de Janeiro;3304557
5;8;2018;Rio de Janeiro;3304557
6;8;2018;Rio de Janeiro;3304557
7;8;2018;Rio de Janeiro;3304557
9;8;2018;Rio de Janeiro;3304557
10;8;2018;Rio de Janeiro;3304557
11;8;2018;Rio de Janeiro;3304557
12;8;2018;Rio de Janeiro;3304557
13;8;2018;Rio de Janeiro;3304557
14;8;2018;Rio de Janeiro;3304557
15;8;2018;Rio de Janeiro;3304557
16;8;2018;Rio de Janeiro;3304557
17;8;2018;Rio de Janeiro;3304557
18;8;2018;Rio de Janeiro;3304557
19;8;2018;Rio de Janeiro;3304557
20;8;2018;Rio de Janeiro;3304557
21;8;2018;Rio de Janeiro;3304557
22;8;2018;Rio de Janeiro;3304557
23;8;2018;Rio de Janeiro;3304557
24;8;2018;Rio de Janeiro;3304557
25;8;2018;Rio de Janeiro;3304557
26;8;2018;Rio de Janeiro;3304557
27;8;2018;Rio de Janeiro;3304557
28;8;2018;Rio de Janeiro;3304557
29;8;2018;Rio de Janeiro;3304557
30;8;2018;Rio de Janeiro;3304557
31;8;2018;Rio de Janeiro;3304557
32;8;2018;Rio de Janeiro;3304557
33;8;2018;Rio de Janeiro;3304557
34;8;2018;Rio de Janeiro;3304557
35;8;2018;Rio de Janeiro;3304557
36;8;2018;Rio de Janeiro;3304557
37;8;2018;Rio de Janeiro;3304557
38;8;2018;Rio de Janeiro;3304557
39;8;2018;Rio de Janeiro;3304557
40;8;2018;Rio de Janeiro;3304557
41;8;2018;Rio de Janeiro;3304557
42;8;2018;Rio de Janeiro;3304557
43;8;2018;Rio de Janeiro;3304557
44;8;2018;Rio de Janeiro;3304557
45;8;2018;Rio de Janeiro;3304557
48;8;2018;Seropédica;3305554
50;8;2018;Itaguaí;3302007
51;8;2018;Paracambi;3303609
52;8;2018;Nova Iguaçu;3303500
53;8;2018;Mesquita;3302858
54;8;2018;Belford Roxo;3300456
55;8;2018;Queimados;3304144
56;8;2018;Nova Iguaçu;3303500
57;8;2018;Nilópolis;3303203
58;8;2018;Nova Iguaçu;3303500
59;8;2018;Duque de Caxias;3301702
60;8;2018;Duque de Caxias;3301702
61;8;2018;Duque de Caxias;3301702
62;8;2018;Duque de Caxias;3301702
63;8;2018;Japeri;3302270
64;8;2018;São João de Meriti;3305109
65;8;2018;Magé;3302502
66;8;2018;Magé;3302502
67;8;2018;Guapimirim;3301850
70;8;2018;Tanguá;3305752
71;8;2018;Itaboraí;3301900
72;8;2018;São Gonçalo;3304904
73;8;2018;São Gonçalo;3304904
74;8;2018;São Gonçalo;3304904
75;8;2018;São Gonçalo;3304904
76;8;2018;Niterói;3303302
77;8;2018;Niterói;3303302
78;8;2018;Niterói;3303302
79;8;2018;Niterói;3303302
81;8;2018;Niterói;3303302
82;8;2018;Maricá;3302700
88;8;2018;Barra do Pirai;3300308
89;8;2018;Resende;3304201
90;8;2018;Barra Mansa;3300407
91;8;2018;Valença;3306107
92;8;2018;Rio das Flores;3304508
93;8;2018;Volta Redonda;3306305
94;8;2018;Piraí;3304003
95;8;2018;Vassouras;3306206
96;8;2018;"Miguel Pereira;Paty dos Alferes";9999999
97;8;2018;Mendes;3302809
98;8;2018;Engenheiro Paulo de Frontin;3301801
99;8;2018;Itatiaia;3302254
100;8;2018;"Porto Real;Quatis";9999992
101;8;2018;Pinheiral;3303955
104;8;2018;São José do Vale do Rio Preto;3305158
105;8;2018;Petrópolis;3303906
106;8;2018;Petrópolis;3303906
107;8;2018;Paraíba do Sul;3303708
108;8;2018;"Comendador Levy Gasparian;Areal;Três Rios";9999991
109;8;2018;Sapucaia;3305406
110;8;2018;Teresópolis;3305802
111;8;2018;Sumidouro;3305703
112;8;2018;Carmo;3301207
118;8;2018;Araruama;3300209
119;8;2018;Rio Bonito;3304300
120;8;2018;Silva Jardim;3305604
121;8;2018;Casimiro de Abreu;3301306
122;8;2018;Conceição de Macabú;3301405
123;8;2018;Macaé;3302403
124;8;2018;Saquarema;3305505
125;8;2018;São Pedro da Aldeia;3305208
126;8;2018;Cabo Frio;3300704
127;8;2018;Armação dos Búzios;3300233
128;8;2018;Rio das Ostras;3304524
129;8;2018;Iguaba Grande;3301876
130;8;2018;"Quissamã;Carapebus";9999994
132;8;2018;Arraial do Cabo;3300258
134;8;2018;Campos dos Goytacazes;3301009
135;8;2018;Itaocara;3302106
136;8;2018;"Santo Antônio de Pádua;Aperibé";9999993
137;8;2018;Miracema;3303005
138;8;2018;Laje do Muriaé;3302304
139;8;2018;Porciúncula;3304102
140;8;2018;"Natividade;Varre-Sai";9999997
141;8;2018;São Fidélis;3304805
142;8;2018;Cambuci;3300902
143;8;2018;"Itaperuna;São José de Ubá";9999996
144;8;2018;Bom Jesus de Itabapoana;3300605
145;8;2018;São João da Barra;3305000
146;8;2018;Campos dos Goytacazes;3301009
147;8;2018;São Francisco de Itabapoana;3304755
148;8;2018;"Cardoso Moreira;Italva";9999995
151;8;2018;Nova Friburgo;3303401
152;8;2018;Duas Barras;3301603
153;8;2018;Cantagalo;3301108
154;8;2018;"Cordeiro;Macuco";9999998
155;8;2018;São Sebastião do Alto;3305307
156;8;2018;Santa Maria Madalena;3304607
157;8;2018;Trajano de Morais;3305901
158;8;2018;Bom Jardim;3300506
159;8;2018;Cachoeiras de Macacu;3300803
165;8;2018;Mangaratiba;3302601
166;8;2018;Angra dos Reis;3300100
167;8;2018;Paraty;3303807
168;8;2018;Rio Claro;3304409
1;9;2018;Rio de Janeiro;3304557
4;9;2018;Rio de Janeiro;3304557
5;9;2018;Rio de Janeiro;3304557
6;9;2018;Rio de Janeiro;3304557
7;9;2018;Rio de Janeiro;3304557
9;9;2018;Rio de Janeiro;3304557
10;9;2018;Rio de Janeiro;3304557
11;9;2018;Rio de Janeiro;3304557
12;9;2018;Rio de Janeiro;3304557
13;9;2018;Rio de Janeiro;3304557
14;9;2018;Rio de Janeiro;3304557
15;9;2018;Rio de Janeiro;3304557
16;9;2018;Rio de Janeiro;3304557
17;9;2018;Rio de Janeiro;3304557
18;9;2018;Rio de Janeiro;3304557
19;9;2018;Rio de Janeiro;3304557
20;9;2018;Rio de Janeiro;3304557
21;9;2018;Rio de Janeiro;3304557
22;9;2018;Rio de Janeiro;3304557
23;9;2018;Rio de Janeiro;3304557
24;9;2018;Rio de Janeiro;3304557
25;9;2018;Rio de Janeiro;3304557
26;9;2018;Rio de Janeiro;3304557
27;9;2018;Rio de Janeiro;3304557
28;9;2018;Rio de Janeiro;3304557
29;9;2018;Rio de Janeiro;3304557
30;9;2018;Rio de Janeiro;3304557
31;9;2018;Rio de Janeiro;3304557
32;9;2018;Rio de Janeiro;3304557
33;9;2018;Rio de Janeiro;3304557
34;9;2018;Rio de Janeiro;3304557
35;9;2018;Rio de Janeiro;3304557
36;9;2018;Rio de Janeiro;3304557
37;9;2018;Rio de Janeiro;3304557
38;9;2018;Rio de Janeiro;3304557
39;9;2018;Rio de Janeiro;3304557
40;9;2018;Rio de Janeiro;3304557
41;9;2018;Rio de Janeiro;3304557
42;9;2018;Rio de Janeiro;3304557
43;9;2018;Rio de Janeiro;3304557
44;9;2018;Rio de Janeiro;3304557
45;9;2018;Rio de Janeiro;3304557
48;9;2018;Seropédica;3305554
50;9;2018;Itaguaí;3302007
51;9;2018;Paracambi;3303609
52;9;2018;Nova Iguaçu;3303500
53;9;2018;Mesquita;3302858
54;9;2018;Belford Roxo;3300456
55;9;2018;Queimados;3304144
56;9;2018;Nova Iguaçu;3303500
57;9;2018;Nilópolis;3303203
58;9;2018;Nova Iguaçu;3303500
59;9;2018;Duque de Caxias;3301702
60;9;2018;Duque de Caxias;3301702
61;9;2018;Duque de Caxias;3301702
62;9;2018;Duque de Caxias;3301702
63;9;2018;Japeri;3302270
64;9;2018;São João de Meriti;3305109
65;9;2018;Magé;3302502
66;9;2018;Magé;3302502
67;9;2018;Guapimirim;3301850
70;9;2018;Tanguá;3305752
71;9;2018;Itaboraí;3301900
72;9;2018;São Gonçalo;3304904
73;9;2018;São Gonçalo;3304904
74;9;2018;São Gonçalo;3304904
75;9;2018;São Gonçalo;3304904
76;9;2018;Niterói;3303302
77;9;2018;Niterói;3303302
78;9;2018;Niterói;3303302
79;9;2018;Niterói;3303302
81;9;2018;Niterói;3303302
82;9;2018;Maricá;3302700
88;9;2018;Barra do Pirai;3300308
89;9;2018;Resende;3304201
90;9;2018;Barra Mansa;3300407
91;9;2018;Valença;3306107
92;9;2018;Rio das Flores;3304508
93;9;2018;Volta Redonda;3306305
94;9;2018;Piraí;3304003
95;9;2018;Vassouras;3306206
96;9;2018;"Miguel Pereira;Paty dos Alferes";9999999
97;9;2018;Mendes;3302809
98;9;2018;Engenheiro Paulo de Frontin;3301801
99;9;2018;Itatiaia;3302254
100;9;2018;"Porto Real;Quatis";9999992
101;9;2018;Pinheiral;3303955
104;9;2018;São José do Vale do Rio Preto;3305158
105;9;2018;Petrópolis;3303906
106;9;2018;Petrópolis;3303906
107;9;2018;Paraíba do Sul;3303708
108;9;2018;"Comendador Levy Gasparian;Areal;Três Rios";9999991
109;9;2018;Sapucaia;3305406
110;9;2018;Teresópolis;3305802
111;9;2018;Sumidouro;3305703
112;9;2018;Carmo;3301207
118;9;2018;Araruama;3300209
119;9;2018;Rio Bonito;3304300
120;9;2018;Silva Jardim;3305604
121;9;2018;Casimiro de Abreu;3301306
122;9;2018;Conceição de Macabú;3301405
123;9;2018;Macaé;3302403
124;9;2018;Saquarema;3305505
125;9;2018;São Pedro da Aldeia;3305208
126;9;2018;Cabo Frio;3300704
127;9;2018;Armação dos Búzios;3300233
128;9;2018;Rio das Ostras;3304524
129;9;2018;Iguaba Grande;3301876
130;9;2018;"Quissamã;Carapebus";9999994
132;9;2018;Arraial do Cabo;3300258
134;9;2018;Campos dos Goytacazes;3301009
135;9;2018;Itaocara;3302106
136;9;2018;"Santo Antônio de Pádua;Aperibé";9999993
137;9;2018;Miracema;3303005
138;9;2018;Laje do Muriaé;3302304
139;9;2018;Porciúncula;3304102
140;9;2018;"Natividade;Varre-Sai";9999997
141;9;2018;São Fidélis;3304805
142;9;2018;Cambuci;3300902
143;9;2018;"Itaperuna;São José de Ubá";9999996
144;9;2018;Bom Jesus de Itabapoana;3300605
145;9;2018;São João da Barra;3305000
146;9;2018;Campos dos Goytacazes;3301009
147;9;2018;São Francisco de Itabapoana;3304755
148;9;2018;"Cardoso Moreira;Italva";9999995
151;9;2018;Nova Friburgo;3303401
152;9;2018;Duas Barras;3301603
153;9;2018;Cantagalo;3301108
154;9;2018;"Cordeiro;Macuco";9999998
155;9;2018;São Sebastião do Alto;3305307
156;9;2018;Santa Maria Madalena;3304607
157;9;2018;Trajano de Morais;3305901
158;9;2018;Bom Jardim;3300506
159;9;2018;Cachoeiras de Macacu;3300803
165;9;2018;Mangaratiba;3302601
166;9;2018;Angra dos Reis;3300100
167;9;2018;Paraty;3303807
168;9;2018;Rio Claro;3304409
1;10;2018;Rio de Janeiro;3304557
4;10;2018;Rio de Janeiro;3304557
5;10;2018;Rio de Janeiro;3304557
6;10;2018;Rio de Janeiro;3304557
7;10;2018;Rio de Janeiro;3304557
9;10;2018;Rio de Janeiro;3304557
10;10;2018;Rio de Janeiro;3304557
11;10;2018;Rio de Janeiro;3304557
12;10;2018;Rio de Janeiro;3304557
13;10;2018;Rio de Janeiro;3304557
14;10;2018;Rio de Janeiro;3304557
15;10;2018;Rio de Janeiro;3304557
16;10;2018;Rio de Janeiro;3304557
17;10;2018;Rio de Janeiro;3304557
18;10;2018;Rio de Janeiro;3304557
19;10;2018;Rio de Janeiro;3304557
20;10;2018;Rio de Janeiro;3304557
21;10;2018;Rio de Janeiro;3304557
22;10;2018;Rio de Janeiro;3304557
23;10;2018;Rio de Janeiro;3304557
24;10;2018;Rio de Janeiro;3304557
25;10;2018;Rio de Janeiro;3304557
26;10;2018;Rio de Janeiro;3304557
27;10;2018;Rio de Janeiro;3304557
28;10;2018;Rio de Janeiro;3304557
29;10;2018;Rio de Janeiro;3304557
30;10;2018;Rio de Janeiro;3304557
31;10;2018;Rio de Janeiro;3304557
32;10;2018;Rio de Janeiro;3304557
33;10;2018;Rio de Janeiro;3304557
34;10;2018;Rio de Janeiro;3304557
35;10;2018;Rio de Janeiro;3304557
36;10;2018;Rio de Janeiro;3304557
37;10;2018;Rio de Janeiro;3304557
38;10;2018;Rio de Janeiro;3304557
39;10;2018;Rio de Janeiro;3304557
40;10;2018;Rio de Janeiro;3304557
41;10;2018;Rio de Janeiro;3304557
42;10;2018;Rio de Janeiro;3304557
43;10;2018;Rio de Janeiro;3304557
44;10;2018;Rio de Janeiro;3304557
45;10;2018;Rio de Janeiro;3304557
48;10;2018;Seropédica;3305554
50;10;2018;Itaguaí;3302007
51;10;2018;Paracambi;3303609
52;10;2018;Nova Iguaçu;3303500
53;10;2018;Mesquita;3302858
54;10;2018;Belford Roxo;3300456
55;10;2018;Queimados;3304144
56;10;2018;Nova Iguaçu;3303500
57;10;2018;Nilópolis;3303203
58;10;2018;Nova Iguaçu;3303500
59;10;2018;Duque de Caxias;3301702
60;10;2018;Duque de Caxias;3301702
61;10;2018;Duque de Caxias;3301702
62;10;2018;Duque de Caxias;3301702
63;10;2018;Japeri;3302270
64;10;2018;São João de Meriti;3305109
65;10;2018;Magé;3302502
66;10;2018;Magé;3302502
67;10;2018;Guapimirim;3301850
70;10;2018;Tanguá;3305752
71;10;2018;Itaboraí;3301900
72;10;2018;São Gonçalo;3304904
73;10;2018;São Gonçalo;3304904
74;10;2018;São Gonçalo;3304904
75;10;2018;São Gonçalo;3304904
76;10;2018;Niterói;3303302
77;10;2018;Niterói;3303302
78;10;2018;Niterói;3303302
79;10;2018;Niterói;3303302
81;10;2018;Niterói;3303302
82;10;2018;Maricá;3302700
88;10;2018;Barra do Pirai;3300308
89;10;2018;Resende;3304201
90;10;2018;Barra Mansa;3300407
91;10;2018;Valença;3306107
92;10;2018;Rio das Flores;3304508
93;10;2018;Volta Redonda;3306305
94;10;2018;Piraí;3304003
95;10;2018;Vassouras;3306206
96;10;2018;"Miguel Pereira;Paty dos Alferes";9999999
97;10;2018;Mendes;3302809
98;10;2018;Engenheiro Paulo de Frontin;3301801
99;10;2018;Itatiaia;3302254
100;10;2018;"Porto Real;Quatis";9999992
101;10;2018;Pinheiral;3303955
104;10;2018;São José do Vale do Rio Preto;3305158
105;10;2018;Petrópolis;3303906
106;10;2018;Petrópolis;3303906
107;10;2018;Paraíba do Sul;3303708
108;10;2018;"Comendador Levy Gasparian;Areal;Três Rios";9999991
109;10;2018;Sapucaia;3305406
110;10;2018;Teresópolis;3305802
111;10;2018;Sumidouro;3305703
112;10;2018;Carmo;3301207
118;10;2018;Araruama;3300209
119;10;2018;Rio Bonito;3304300
120;10;2018;Silva Jardim;3305604
121;10;2018;Casimiro de Abreu;3301306
122;10;2018;Conceição de Macabú;3301405
123;10;2018;Macaé;3302403
124;10;2018;Saquarema;3305505
125;10;2018;São Pedro da Aldeia;3305208
126;10;2018;Cabo Frio;3300704
127;10;2018;Armação dos Búzios;3300233
128;10;2018;Rio das Ostras;3304524
129;10;2018;Iguaba Grande;3301876
130;10;2018;"Quissamã;Carapebus";9999994
132;10;2018;Arraial do Cabo;3300258
134;10;2018;Campos dos Goytacazes;3301009
135;10;2018;Itaocara;3302106
136;10;2018;"Santo Antônio de Pádua;Aperibé";9999993
137;10;2018;Miracema;3303005
138;10;2018;Laje do Muriaé;3302304
139;10;2018;Porciúncula;3304102
140;10;2018;"Natividade;Varre-Sai";9999997
141;10;2018;São Fidélis;3304805
142;10;2018;Cambuci;3300902
143;10;2018;"Itaperuna;São José de Ubá";9999996
144;10;2018;Bom Jesus de Itabapoana;3300605
145;10;2018;São João da Barra;3305000
146;10;2018;Campos dos Goytacazes;3301009
147;10;2018;São Francisco de Itabapoana;3304755
148;10;2018;"Cardoso Moreira;Italva";9999995
151;10;2018;Nova Friburgo;3303401
152;10;2018;Duas Barras;3301603
153;10;2018;Cantagalo;3301108
154;10;2018;"Cordeiro;Macuco";9999998
155;10;2018;São Sebastião do Alto;3305307
156;10;2018;Santa Maria Madalena;3304607
157;10;2018;Trajano de Morais;3305901
158;10;2018;Bom Jardim;3300506
159;10;2018;Cachoeiras de Macacu;3300803
165;10;2018;Mangaratiba;3302601
166;10;2018;Angra dos Reis;3300100
167;10;2018;Paraty;3303807
168;10;2018;Rio Claro;3304409
1;11;2018;Rio de Janeiro;3304557
4;11;2018;Rio de Janeiro;3304557
5;11;2018;Rio de Janeiro;3304557
6;11;2018;Rio de Janeiro;3304557
7;11;2018;Rio de Janeiro;3304557
9;11;2018;Rio de Janeiro;3304557
10;11;2018;Rio de Janeiro;3304557
11;11;2018;Rio de Janeiro;3304557
12;11;2018;Rio de Janeiro;3304557
13;11;2018;Rio de Janeiro;3304557
14;11;2018;Rio de Janeiro;3304557
15;11;2018;Rio de Janeiro;3304557
16;11;2018;Rio de Janeiro;3304557
17;11;2018;Rio de Janeiro;3304557
18;11;2018;Rio de Janeiro;3304557
19;11;2018;Rio de Janeiro;3304557
20;11;2018;Rio de Janeiro;3304557
21;11;2018;Rio de Janeiro;3304557
22;11;2018;Rio de Janeiro;3304557
23;11;2018;Rio de Janeiro;3304557
24;11;2018;Rio de Janeiro;3304557
25;11;2018;Rio de Janeiro;3304557
26;11;2018;Rio de Janeiro;3304557
27;11;2018;Rio de Janeiro;3304557
28;11;2018;Rio de Janeiro;3304557
29;11;2018;Rio de Janeiro;3304557
30;11;2018;Rio de Janeiro;3304557
31;11;2018;Rio de Janeiro;3304557
32;11;2018;Rio de Janeiro;3304557
33;11;2018;Rio de Janeiro;3304557
34;11;2018;Rio de Janeiro;3304557
35;11;2018;Rio de Janeiro;3304557
36;11;2018;Rio de Janeiro;3304557
37;11;2018;Rio de Janeiro;3304557
38;11;2018;Rio de Janeiro;3304557
39;11;2018;Rio de Janeiro;3304557
40;11;2018;Rio de Janeiro;3304557
41;11;2018;Rio de Janeiro;3304557
42;11;2018;Rio de Janeiro;3304557
43;11;2018;Rio de Janeiro;3304557
44;11;2018;Rio de Janeiro;3304557
45;11;2018;Rio de Janeiro;3304557
48;11;2018;Seropédica;3305554
50;11;2018;Itaguaí;3302007
51;11;2018;Paracambi;3303609
52;11;2018;Nova Iguaçu;3303500
53;11;2018;Mesquita;3302858
54;11;2018;Belford Roxo;3300456
55;11;2018;Queimados;3304144
56;11;2018;Nova Iguaçu;3303500
57;11;2018;Nilópolis;3303203
58;11;2018;Nova Iguaçu;3303500
59;11;2018;Duque de Caxias;3301702
60;11;2018;Duque de Caxias;3301702
61;11;2018;Duque de Caxias;3301702
62;11;2018;Duque de Caxias;3301702
63;11;2018;Japeri;3302270
64;11;2018;São João de Meriti;3305109
65;11;2018;Magé;3302502
66;11;2018;Magé;3302502
67;11;2018;Guapimirim;3301850
70;11;2018;Tanguá;3305752
71;11;2018;Itaboraí;3301900
72;11;2018;São Gonçalo;3304904
73;11;2018;São Gonçalo;3304904
74;11;2018;São Gonçalo;3304904
75;11;2018;São Gonçalo;3304904
76;11;2018;Niterói;3303302
77;11;2018;Niterói;3303302
78;11;2018;Niterói;3303302
79;11;2018;Niterói;3303302
81;11;2018;Niterói;3303302
82;11;2018;Maricá;3302700
88;11;2018;Barra do Pirai;3300308
89;11;2018;Resende;3304201
90;11;2018;Barra Mansa;3300407
91;11;2018;Valença;3306107
92;11;2018;Rio das Flores;3304508
93;11;2018;Volta Redonda;3306305
94;11;2018;Piraí;3304003
95;11;2018;Vassouras;3306206
96;11;2018;"Miguel Pereira;Paty dos Alferes";9999999
97;11;2018;Mendes;3302809
98;11;2018;Engenheiro Paulo de Frontin;3301801
99;11;2018;Itatiaia;3302254
100;11;2018;"Porto Real;Quatis";9999992
101;11;2018;Pinheiral;3303955
104;11;2018;São José do Vale do Rio Preto;3305158
105;11;2018;Petrópolis;3303906
106;11;2018;Petrópolis;3303906
107;11;2018;Paraíba do Sul;3303708
108;11;2018;"Comendador Levy Gasparian;Areal;Três Rios";9999991
109;11;2018;Sapucaia;3305406
110;11;2018;Teresópolis;3305802
111;11;2018;Sumidouro;3305703
112;11;2018;Carmo;3301207
118;11;2018;Araruama;3300209
119;11;2018;Rio Bonito;3304300
120;11;2018;Silva Jardim;3305604
121;11;2018;Casimiro de Abreu;3301306
122;11;2018;Conceição de Macabú;3301405
123;11;2018;Macaé;3302403
124;11;2018;Saquarema;3305505
125;11;2018;São Pedro da Aldeia;3305208
126;11;2018;Cabo Frio;3300704
127;11;2018;Armação dos Búzios;3300233
128;11;2018;Rio das Ostras;3304524
129;11;2018;Iguaba Grande;3301876
130;11;2018;"Quissamã;Carapebus";9999994
132;11;2018;Arraial do Cabo;3300258
134;11;2018;Campos dos Goytacazes;3301009
135;11;2018;Itaocara;3302106
136;11;2018;"Santo Antônio de Pádua;Aperibé";9999993
137;11;2018;Miracema;3303005
138;11;2018;Laje do Muriaé;3302304
139;11;2018;Porciúncula;3304102
140;11;2018;"Natividade;Varre-Sai";9999997
141;11;2018;São Fidélis;3304805
142;11;2018;Cambuci;3300902
143;11;2018;"Itaperuna;São José de Ubá";9999996
144;11;2018;Bom Jesus de Itabapoana;3300605
145;11;2018;São João da Barra;3305000
146;11;2018;Campos dos Goytacazes;3301009
147;11;2018;São Francisco de Itabapoana;3304755
148;11;2018;"Cardoso Moreira;Italva";9999995
151;11;2018;Nova Friburgo;3303401
152;11;2018;Duas Barras;3301603
153;11;2018;Cantagalo;3301108
154;11;2018;"Cordeiro;Macuco";9999998
155;11;2018;São Sebastião do Alto;3305307
156;11;2018;Santa Maria Madalena;3304607
157;11;2018;Trajano de Morais;3305901
158;11;2018;Bom Jardim;3300506
159;11;2018;Cachoeiras de Macacu;3300803
165;11;2018;Mangaratiba;3302601
166;11;2018;Angra dos Reis;3300100
167;11;2018;Paraty;3303807
168;11;2018;Rio Claro;3304409
1;12;2018;Rio de Janeiro;3304557
4;12;2018;Rio de Janeiro;3304557
5;12;2018;Rio de Janeiro;3304557
6;12;2018;Rio de Janeiro;3304557
7;12;2018;Rio de Janeiro;3304557
9;12;2018;Rio de Janeiro;3304557
10;12;2018;Rio de Janeiro;3304557
11;12;2018;Rio de Janeiro;3304557
12;12;2018;Rio de Janeiro;3304557
13;12;2018;Rio de Janeiro;3304557
14;12;2018;Rio de Janeiro;3304557
15;12;2018;Rio de Janeiro;3304557
16;12;2018;Rio de Janeiro;3304557
17;12;2018;Rio de Janeiro;3304557
18;12;2018;Rio de Janeiro;3304557
19;12;2018;Rio de Janeiro;3304557
20;12;2018;Rio de Janeiro;3304557
21;12;2018;Rio de Janeiro;3304557
22;12;2018;Rio de Janeiro;3304557
23;12;2018;Rio de Janeiro;3304557
24;12;2018;Rio de Janeiro;3304557
25;12;2018;Rio de Janeiro;3304557
26;12;2018;Rio de Janeiro;3304557
27;12;2018;Rio de Janeiro;3304557
28;12;2018;Rio de Janeiro;3304557
29;12;2018;Rio de Janeiro;3304557
30;12;2018;Rio de Janeiro;3304557
31;12;2018;Rio de Janeiro;3304557
32;12;2018;Rio de Janeiro;3304557
33;12;2018;Rio de Janeiro;3304557
34;12;2018;Rio de Janeiro;3304557
35;12;2018;Rio de Janeiro;3304557
36;12;2018;Rio de Janeiro;3304557
37;12;2018;Rio de Janeiro;3304557
38;12;2018;Rio de Janeiro;3304557
39;12;2018;Rio de Janeiro;3304557
40;12;2018;Rio de Janeiro;3304557
41;12;2018;Rio de Janeiro;3304557
42;12;2018;Rio de Janeiro;3304557
43;12;2018;Rio de Janeiro;3304557
44;12;2018;Rio de Janeiro;3304557
45;12;2018;Rio de Janeiro;3304557
48;12;2018;Seropédica;3305554
50;12;2018;Itaguaí;3302007
51;12;2018;Paracambi;3303609
52;12;2018;Nova Iguaçu;3303500
53;12;2018;Mesquita;3302858
54;12;2018;Belford Roxo;3300456
55;12;2018;Queimados;3304144
56;12;2018;Nova Iguaçu;3303500
57;12;2018;Nilópolis;3303203
58;12;2018;Nova Iguaçu;3303500
59;12;2018;Duque de Caxias;3301702
60;12;2018;Duque de Caxias;3301702
61;12;2018;Duque de Caxias;3301702
62;12;2018;Duque de Caxias;3301702
63;12;2018;Japeri;3302270
64;12;2018;São João de Meriti;3305109
65;12;2018;Magé;3302502
66;12;2018;Magé;3302502
67;12;2018;Guapimirim;3301850
70;12;2018;Tanguá;3305752
71;12;2018;Itaboraí;3301900
72;12;2018;São Gonçalo;3304904
73;12;2018;São Gonçalo;3304904
74;12;2018;São Gonçalo;3304904
75;12;2018;São Gonçalo;3304904
76;12;2018;Niterói;3303302
77;12;2018;Niterói;3303302
78;12;2018;Niterói;3303302
79;12;2018;Niterói;3303302
81;12;2018;Niterói;3303302
82;12;2018;Maricá;3302700
88;12;2018;Barra do Pirai;3300308
89;12;2018;Resende;3304201
90;12;2018;Barra Mansa;3300407
91;12;2018;Valença;3306107
92;12;2018;Rio das Flores;3304508
93;12;2018;Volta Redonda;3306305
94;12;2018;Piraí;3304003
95;12;2018;Vassouras;3306206
96;12;2018;"Miguel Pereira;Paty dos Alferes";9999999
97;12;2018;Mendes;3302809
98;12;2018;Engenheiro Paulo de Frontin;3301801
99;12;2018;Itatiaia;3302254
100;12;2018;"Porto Real;Quatis";9999992
101;12;2018;Pinheiral;3303955
104;12;2018;São José do Vale do Rio Preto;3305158
105;12;2018;Petrópolis;3303906
106;12;2018;Petrópolis;3303906
107;12;2018;Paraíba do Sul;3303708
108;12;2018;"Comendador Levy Gasparian;Areal;Três Rios";9999991
109;12;2018;Sapucaia;3305406
110;12;2018;Teresópolis;3305802
111;12;2018;Sumidouro;3305703
112;12;2018;Carmo;3301207
118;12;2018;Araruama;3300209
119;12;2018;Rio Bonito;3304300
120;12;2018;Silva Jardim;3305604
121;12;2018;Casimiro de Abreu;3301306
122;12;2018;Conceição de Macabú;3301405
123;12;2018;Macaé;3302403
124;12;2018;Saquarema;3305505
125;12;2018;São Pedro da Aldeia;3305208
126;12;2018;Cabo Frio;3300704
127;12;2018;Armação dos Búzios;3300233
128;12;2018;Rio das Ostras;3304524
129;12;2018;Iguaba Grande;3301876
130;12;2018;"Quissamã;Carapebus";9999994
132;12;2018;Arraial do Cabo;3300258
134;12;2018;Campos dos Goytacazes;3301009
135;12;2018;Itaocara;3302106
136;12;2018;"Santo Antônio de Pádua;Aperibé";9999993
137;12;2018;Miracema;3303005
138;12;2018;Laje do Muriaé;3302304
139;12;2018;Porciúncula;3304102
140;12;2018;"Natividade;Varre-Sai";9999997
141;12;2018;São Fidélis;3304805
142;12;2018;Cambuci;3300902
143;12;2018;"Itaperuna;São José de Ubá";9999996
144;12;2018;Bom Jesus de Itabapoana;3300605
145;12;2018;São João da Barra;3305000
146;12;2018;Campos dos Goytacazes;3301009
147;12;2018;São Francisco de Itabapoana;3304755
148;12;2018;"Cardoso Moreira;Italva";9999995
151;12;2018;Nova Friburgo;3303401
152;12;2018;Duas Barras;3301603
153;12;2018;Cantagalo;3301108
154;12;2018;"Cordeiro;Macuco";9999998
155;12;2018;São Sebastião do Alto;3305307
156;12;2018;Santa Maria Madalena;3304607
157;12;2018;Trajano de Morais;3305901
158;12;2018;Bom Jardim;3300506
159;12;2018;Cachoeiras de Macacu;3300803
165;12;2018;Mangaratiba;3302601
166;12;2018;Angra dos Reis;3300100
167;12;2018;Paraty;3303807
168;12;2018;Rio Claro;3304409
1;1;2019;Rio de Janeiro;3304557
4;1;2019;Rio de Janeiro;3304557
5;1;2019;Rio de Janeiro;3304557
6;1;2019;Rio de Janeiro;3304557
7;1;2019;Rio de Janeiro;3304557
9;1;2019;Rio de Janeiro;3304557
10;1;2019;Rio de Janeiro;3304557
11;1;2019;Rio de Janeiro;3304557
12;1;2019;Rio de Janeiro;3304557
13;1;2019;Rio de Janeiro;3304557
14;1;2019;Rio de Janeiro;3304557
15;1;2019;Rio de Janeiro;3304557
16;1;2019;Rio de Janeiro;3304557
17;1;2019;Rio de Janeiro;3304557
18;1;2019;Rio de Janeiro;3304557
19;1;2019;Rio de Janeiro;3304557
20;1;2019;Rio de Janeiro;3304557
21;1;2019;Rio de Janeiro;3304557
22;1;2019;Rio de Janeiro;3304557
23;1;2019;Rio de Janeiro;3304557
24;1;2019;Rio de Janeiro;3304557
25;1;2019;Rio de Janeiro;3304557
26;1;2019;Rio de Janeiro;3304557
27;1;2019;Rio de Janeiro;3304557
28;1;2019;Rio de Janeiro;3304557
29;1;2019;Rio de Janeiro;3304557
30;1;2019;Rio de Janeiro;3304557
31;1;2019;Rio de Janeiro;3304557
32;1;2019;Rio de Janeiro;3304557
33;1;2019;Rio de Janeiro;3304557
34;1;2019;Rio de Janeiro;3304557
35;1;2019;Rio de Janeiro;3304557
36;1;2019;Rio de Janeiro;3304557
37;1;2019;Rio de Janeiro;3304557
38;1;2019;Rio de Janeiro;3304557
39;1;2019;Rio de Janeiro;3304557
40;1;2019;Rio de Janeiro;3304557
41;1;2019;Rio de Janeiro;3304557
42;1;2019;Rio de Janeiro;3304557
43;1;2019;Rio de Janeiro;3304557
44;1;2019;Rio de Janeiro;3304557
48;1;2019;Seropédica;3305554
50;1;2019;Itaguaí;3302007
51;1;2019;Paracambi;3303609
52;1;2019;Nova Iguaçu;3303500
53;1;2019;Mesquita;3302858
54;1;2019;Belford Roxo;3300456
55;1;2019;Queimados;3304144
56;1;2019;Nova Iguaçu;3303500
57;1;2019;Nilópolis;3303203
58;1;2019;Nova Iguaçu;3303500
59;1;2019;Duque de Caxias;3301702
60;1;2019;Duque de Caxias;3301702
61;1;2019;Duque de Caxias;3301702
62;1;2019;Duque de Caxias;3301702
63;1;2019;Japeri;3302270
64;1;2019;São João de Meriti;3305109
65;1;2019;Magé;3302502
66;1;2019;Magé;3302502
67;1;2019;Guapimirim;3301850
70;1;2019;Tanguá;3305752
71;1;2019;Itaboraí;3301900
72;1;2019;São Gonçalo;3304904
73;1;2019;São Gonçalo;3304904
74;1;2019;São Gonçalo;3304904
75;1;2019;São Gonçalo;3304904
76;1;2019;Niterói;3303302
77;1;2019;Niterói;3303302
78;1;2019;Niterói;3303302
79;1;2019;Niterói;3303302
81;1;2019;Niterói;3303302
82;1;2019;Maricá;3302700
88;1;2019;Barra do Pirai;3300308
89;1;2019;Resende;3304201
90;1;2019;Barra Mansa;3300407
91;1;2019;Valença;3306107
92;1;2019;Rio das Flores;3304508
93;1;2019;Volta Redonda;3306305
94;1;2019;Piraí;3304003
95;1;2019;Vassouras;3306206
96;1;2019;"Miguel Pereira;Paty dos Alferes";9999999
97;1;2019;Mendes;3302809
98;1;2019;Engenheiro Paulo de Frontin;3301801
99;1;2019;Itatiaia;3302254
100;1;2019;"Porto Real;Quatis";9999992
101;1;2019;Pinheiral;3303955
104;1;2019;São José do Vale do Rio Preto;3305158
105;1;2019;Petrópolis;3303906
106;1;2019;Petrópolis;3303906
107;1;2019;Paraíba do Sul;3303708
108;1;2019;"Comendador Levy Gasparian;Areal;Três Rios";9999991
109;1;2019;Sapucaia;3305406
110;1;2019;Teresópolis;3305802
111;1;2019;Sumidouro;3305703
112;1;2019;Carmo;3301207
118;1;2019;Araruama;3300209
119;1;2019;Rio Bonito;3304300
120;1;2019;Silva Jardim;3305604
121;1;2019;Casimiro de Abreu;3301306
122;1;2019;Conceição de Macabú;3301405
123;1;2019;Macaé;3302403
124;1;2019;Saquarema;3305505
125;1;2019;São Pedro da Aldeia;3305208
126;1;2019;Cabo Frio;3300704
127;1;2019;Armação dos Búzios;3300233
128;1;2019;Rio das Ostras;3304524
129;1;2019;Iguaba Grande;3301876
130;1;2019;"Quissamã;Carapebus";9999994
132;1;2019;Arraial do Cabo;3300258
134;1;2019;Campos dos Goytacazes;3301009
135;1;2019;Itaocara;3302106
136;1;2019;"Santo Antônio de Pádua;Aperibé";9999993
137;1;2019;Miracema;3303005
138;1;2019;Laje do Muriaé;3302304
139;1;2019;Porciúncula;3304102
140;1;2019;"Natividade;Varre-Sai";9999997
141;1;2019;São Fidélis;3304805
142;1;2019;Cambuci;3300902
143;1;2019;"Itaperuna;São José de Ubá";9999996
144;1;2019;Bom Jesus de Itabapoana;3300605
145;1;2019;São João da Barra;3305000
146;1;2019;Campos dos Goytacazes;3301009
147;1;2019;São Francisco de Itabapoana;3304755
148;1;2019;"Cardoso Moreira;Italva";9999995
151;1;2019;Nova Friburgo;3303401
152;1;2019;Duas Barras;3301603
153;1;2019;Cantagalo;3301108
154;1;2019;"Cordeiro;Macuco";9999998
155;1;2019;São Sebastião do Alto;3305307
156;1;2019;Santa Maria Madalena;3304607
157;1;2019;Trajano de Morais;3305901
158;1;2019;Bom Jardim;3300506
159;1;2019;Cachoeiras de Macacu;3300803
165;1;2019;Mangaratiba;3302601
166;1;2019;Angra dos Reis;3300100
167;1;2019;Paraty;3303807
168;1;2019;Rio Claro;3304409
1;2;2019;Rio de Janeiro;3304557
4;2;2019;Rio de Janeiro;3304557
5;2;2019;Rio de Janeiro;3304557
6;2;2019;Rio de Janeiro;3304557
7;2;2019;Rio de Janeiro;3304557
9;2;2019;Rio de Janeiro;3304557
10;2;2019;Rio de Janeiro;3304557
11;2;2019;Rio de Janeiro;3304557
12;2;2019;Rio de Janeiro;3304557
13;2;2019;Rio de Janeiro;3304557
14;2;2019;Rio de Janeiro;3304557
15;2;2019;Rio de Janeiro;3304557
16;2;2019;Rio de Janeiro;3304557
17;2;2019;Rio de Janeiro;3304557
18;2;2019;Rio de Janeiro;3304557
19;2;2019;Rio de Janeiro;3304557
20;2;2019;Rio de Janeiro;3304557
21;2;2019;Rio de Janeiro;3304557
22;2;2019;Rio de Janeiro;3304557
23;2;2019;Rio de Janeiro;3304557
24;2;2019;Rio de Janeiro;3304557
25;2;2019;Rio de Janeiro;3304557
26;2;2019;Rio de Janeiro;3304557
27;2;2019;Rio de Janeiro;3304557
28;2;2019;Rio de Janeiro;3304557
29;2;2019;Rio de Janeiro;3304557
30;2;2019;Rio de Janeiro;3304557
31;2;2019;Rio de Janeiro;3304557
32;2;2019;Rio de Janeiro;3304557
33;2;2019;Rio de Janeiro;3304557
34;2;2019;Rio de Janeiro;3304557
35;2;2019;Rio de Janeiro;3304557
36;2;2019;Rio de Janeiro;3304557
37;2;2019;Rio de Janeiro;3304557
38;2;2019;Rio de Janeiro;3304557
39;2;2019;Rio de Janeiro;3304557
40;2;2019;Rio de Janeiro;3304557
41;2;2019;Rio de Janeiro;3304557
42;2;2019;Rio de Janeiro;3304557
43;2;2019;Rio de Janeiro;3304557
44;2;2019;Rio de Janeiro;3304557
48;2;2019;Seropédica;3305554
50;2;2019;Itaguaí;3302007
51;2;2019;Paracambi;3303609
52;2;2019;Nova Iguaçu;3303500
53;2;2019;Mesquita;3302858
54;2;2019;Belford Roxo;3300456
55;2;2019;Queimados;3304144
56;2;2019;Nova Iguaçu;3303500
57;2;2019;Nilópolis;3303203
58;2;2019;Nova Iguaçu;3303500
59;2;2019;Duque de Caxias;3301702
60;2;2019;Duque de Caxias;3301702
61;2;2019;Duque de Caxias;3301702
62;2;2019;Duque de Caxias;3301702
63;2;2019;Japeri;3302270
64;2;2019;São João de Meriti;3305109
65;2;2019;Magé;3302502
66;2;2019;Magé;3302502
67;2;2019;Guapimirim;3301850
70;2;2019;Tanguá;3305752
71;2;2019;Itaboraí;3301900
72;2;2019;São Gonçalo;3304904
73;2;2019;São Gonçalo;3304904
74;2;2019;São Gonçalo;3304904
75;2;2019;São Gonçalo;3304904
76;2;2019;Niterói;3303302
77;2;2019;Niterói;3303302
78;2;2019;Niterói;3303302
79;2;2019;Niterói;3303302
81;2;2019;Niterói;3303302
82;2;2019;Maricá;3302700
88;2;2019;Barra do Pirai;3300308
89;2;2019;Resende;3304201
90;2;2019;Barra Mansa;3300407
91;2;2019;Valença;3306107
92;2;2019;Rio das Flores;3304508
93;2;2019;Volta Redonda;3306305
94;2;2019;Piraí;3304003
95;2;2019;Vassouras;3306206
96;2;2019;"Miguel Pereira;Paty dos Alferes";9999999
97;2;2019;Mendes;3302809
98;2;2019;Engenheiro Paulo de Frontin;3301801
99;2;2019;Itatiaia;3302254
100;2;2019;"Porto Real;Quatis";9999992
101;2;2019;Pinheiral;3303955
104;2;2019;São José do Vale do Rio Preto;3305158
105;2;2019;Petrópolis;3303906
106;2;2019;Petrópolis;3303906
107;2;2019;Paraíba do Sul;3303708
108;2;2019;"Comendador Levy Gasparian;Areal;Três Rios";9999991
109;2;2019;Sapucaia;3305406
110;2;2019;Teresópolis;3305802
111;2;2019;Sumidouro;3305703
112;2;2019;Carmo;3301207
118;2;2019;Araruama;3300209
119;2;2019;Rio Bonito;3304300
120;2;2019;Silva Jardim;3305604
121;2;2019;Casimiro de Abreu;3301306
122;2;2019;Conceição de Macabú;3301405
123;2;2019;Macaé;3302403
124;2;2019;Saquarema;3305505
125;2;2019;São Pedro da Aldeia;3305208
126;2;2019;Cabo Frio;3300704
127;2;2019;Armação dos Búzios;3300233
128;2;2019;Rio das Ostras;3304524
129;2;2019;Iguaba Grande;3301876
130;2;2019;"Quissamã;Carapebus";9999994
132;2;2019;Arraial do Cabo;3300258
134;2;2019;Campos dos Goytacazes;3301009
135;2;2019;Itaocara;3302106
136;2;2019;"Santo Antônio de Pádua;Aperibé";9999993
137;2;2019;Miracema;3303005
138;2;2019;Laje do Muriaé;3302304
139;2;2019;Porciúncula;3304102
140;2;2019;"Natividade;Varre-Sai";9999997
141;2;2019;São Fidélis;3304805
142;2;2019;Cambuci;3300902
143;2;2019;"Itaperuna;São José de Ubá";9999996
144;2;2019;Bom Jesus de Itabapoana;3300605
145;2;2019;São João da Barra;3305000
146;2;2019;Campos dos Goytacazes;3301009
147;2;2019;São Francisco de Itabapoana;3304755
148;2;2019;"Cardoso Moreira;Italva";9999995
151;2;2019;Nova Friburgo;3303401
152;2;2019;Duas Barras;3301603
153;2;2019;Cantagalo;3301108
154;2;2019;"Cordeiro;Macuco";9999998
155;2;2019;São Sebastião do Alto;3305307
156;2;2019;Santa Maria Madalena;3304607
157;2;2019;Trajano de Morais;3305901
158;2;2019;Bom Jardim;3300506
159;2;2019;Cachoeiras de Macacu;3300803
165;2;2019;Mangaratiba;3302601
166;2;2019;Angra dos Reis;3300100
167;2;2019;Paraty;3303807
168;2;2019;Rio Claro;3304409
1;3;2019;Rio de Janeiro;3304557
4;3;2019;Rio de Janeiro;3304557
5;3;2019;Rio de Janeiro;3304557
6;3;2019;Rio de Janeiro;3304557
7;3;2019;Rio de Janeiro;3304557
9;3;2019;Rio de Janeiro;3304557
10;3;2019;Rio de Janeiro;3304557
11;3;2019;Rio de Janeiro;3304557
12;3;2019;Rio de Janeiro;3304557
13;3;2019;Rio de Janeiro;3304557
14;3;2019;Rio de Janeiro;3304557
15;3;2019;Rio de Janeiro;3304557
16;3;2019;Rio de Janeiro;3304557
17;3;2019;Rio de Janeiro;3304557
18;3;2019;Rio de Janeiro;3304557
19;3;2019;Rio de Janeiro;3304557
20;3;2019;Rio de Janeiro;3304557
21;3;2019;Rio de Janeiro;3304557
22;3;2019;Rio de Janeiro;3304557
23;3;2019;Rio de Janeiro;3304557
24;3;2019;Rio de Janeiro;3304557
25;3;2019;Rio de Janeiro;3304557
26;3;2019;Rio de Janeiro;3304557
27;3;2019;Rio de Janeiro;3304557
28;3;2019;Rio de Janeiro;3304557
29;3;2019;Rio de Janeiro;3304557
30;3;2019;Rio de Janeiro;3304557
31;3;2019;Rio de Janeiro;3304557
32;3;2019;Rio de Janeiro;3304557
33;3;2019;Rio de Janeiro;3304557
34;3;2019;Rio de Janeiro;3304557
35;3;2019;Rio de Janeiro;3304557
36;3;2019;Rio de Janeiro;3304557
37;3;2019;Rio de Janeiro;3304557
38;3;2019;Rio de Janeiro;3304557
39;3;2019;Rio de Janeiro;3304557
40;3;2019;Rio de Janeiro;3304557
41;3;2019;Rio de Janeiro;3304557
42;3;2019;Rio de Janeiro;3304557
43;3;2019;Rio de Janeiro;3304557
44;3;2019;Rio de Janeiro;3304557
48;3;2019;Seropédica;3305554
50;3;2019;Itaguaí;3302007
51;3;2019;Paracambi;3303609
52;3;2019;Nova Iguaçu;3303500
53;3;2019;Mesquita;3302858
54;3;2019;Belford Roxo;3300456
55;3;2019;Queimados;3304144
56;3;2019;Nova Iguaçu;3303500
57;3;2019;Nilópolis;3303203
58;3;2019;Nova Iguaçu;3303500
59;3;2019;Duque de Caxias;3301702
60;3;2019;Duque de Caxias;3301702
61;3;2019;Duque de Caxias;3301702
62;3;2019;Duque de Caxias;3301702
63;3;2019;Japeri;3302270
64;3;2019;São João de Meriti;3305109
65;3;2019;Magé;3302502
66;3;2019;Magé;3302502
67;3;2019;Guapimirim;3301850
70;3;2019;Tanguá;3305752
71;3;2019;Itaboraí;3301900
72;3;2019;São Gonçalo;3304904
73;3;2019;São Gonçalo;3304904
74;3;2019;São Gonçalo;3304904
75;3;2019;São Gonçalo;3304904
76;3;2019;Niterói;3303302
77;3;2019;Niterói;3303302
78;3;2019;Niterói;3303302
79;3;2019;Niterói;3303302
81;3;2019;Niterói;3303302
82;3;2019;Maricá;3302700
88;3;2019;Barra do Pirai;3300308
89;3;2019;Resende;3304201
90;3;2019;Barra Mansa;3300407
91;3;2019;Valença;3306107
92;3;2019;Rio das Flores;3304508
93;3;2019;Volta Redonda;3306305
94;3;2019;Piraí;3304003
95;3;2019;Vassouras;3306206
96;3;2019;"Miguel Pereira;Paty dos Alferes";9999999
97;3;2019;Mendes;3302809
98;3;2019;Engenheiro Paulo de Frontin;3301801
99;3;2019;Itatiaia;3302254
100;3;2019;"Porto Real;Quatis";9999992
101;3;2019;Pinheiral;3303955
104;3;2019;São José do Vale do Rio Preto;3305158
105;3;2019;Petrópolis;3303906
106;3;2019;Petrópolis;3303906
107;3;2019;Paraíba do Sul;3303708
108;3;2019;"Comendador Levy Gasparian;Areal;Três Rios";9999991
109;3;2019;Sapucaia;3305406
110;3;2019;Teresópolis;3305802
111;3;2019;Sumidouro;3305703
112;3;2019;Carmo;3301207
118;3;2019;Araruama;3300209
119;3;2019;Rio Bonito;3304300
120;3;2019;Silva Jardim;3305604
121;3;2019;Casimiro de Abreu;3301306
122;3;2019;Conceição de Macabú;3301405
123;3;2019;Macaé;3302403
124;3;2019;Saquarema;3305505
125;3;2019;São Pedro da Aldeia;3305208
126;3;2019;Cabo Frio;3300704
127;3;2019;Armação dos Búzios;3300233
128;3;2019;Rio das Ostras;3304524
129;3;2019;Iguaba Grande;3301876
130;3;2019;"Quissamã;Carapebus";9999994
132;3;2019;Arraial do Cabo;3300258
134;3;2019;Campos dos Goytacazes;3301009
135;3;2019;Itaocara;3302106
136;3;2019;"Santo Antônio de Pádua;Aperibé";9999993
137;3;2019;Miracema;3303005
138;3;2019;Laje do Muriaé;3302304
139;3;2019;Porciúncula;3304102
140;3;2019;"Natividade;Varre-Sai";9999997
141;3;2019;São Fidélis;3304805
142;3;2019;Cambuci;3300902
143;3;2019;"Itaperuna;São José de Ubá";9999996
144;3;2019;Bom Jesus de Itabapoana;3300605
145;3;2019;São João da Barra;3305000
146;3;2019;Campos dos Goytacazes;3301009
147;3;2019;São Francisco de Itabapoana;3304755
148;3;2019;"Cardoso Moreira;Italva";9999995
151;3;2019;Nova Friburgo;3303401
152;3;2019;Duas Barras;3301603
153;3;2019;Cantagalo;3301108
154;3;2019;"Cordeiro;Macuco";9999998
155;3;2019;São Sebastião do Alto;3305307
156;3;2019;Santa Maria Madalena;3304607
157;3;2019;Trajano de Morais;3305901
158;3;2019;Bom Jardim;3300506
159;3;2019;Cachoeiras de Macacu;3300803
165;3;2019;Mangaratiba;3302601
166;3;2019;Angra dos Reis;3300100
167;3;2019;Paraty;3303807
168;3;2019;Rio Claro;3304409
1;4;2019;Rio de Janeiro;3304557
4;4;2019;Rio de Janeiro;3304557
5;4;2019;Rio de Janeiro;3304557
6;4;2019;Rio de Janeiro;3304557
7;4;2019;Rio de Janeiro;3304557
9;4;2019;Rio de Janeiro;3304557
10;4;2019;Rio de Janeiro;3304557
11;4;2019;Rio de Janeiro;3304557
12;4;2019;Rio de Janeiro;3304557
13;4;2019;Rio de Janeiro;3304557
14;4;2019;Rio de Janeiro;3304557
15;4;2019;Rio de Janeiro;3304557
16;4;2019;Rio de Janeiro;3304557
17;4;2019;Rio de Janeiro;3304557
18;4;2019;Rio de Janeiro;3304557
19;4;2019;Rio de Janeiro;3304557
20;4;2019;Rio de Janeiro;3304557
21;4;2019;Rio de Janeiro;3304557
22;4;2019;Rio de Janeiro;3304557
23;4;2019;Rio de Janeiro;3304557
24;4;2019;Rio de Janeiro;3304557
25;4;2019;Rio de Janeiro;3304557
26;4;2019;Rio de Janeiro;3304557
27;4;2019;Rio de Janeiro;3304557
28;4;2019;Rio de Janeiro;3304557
29;4;2019;Rio de Janeiro;3304557
30;4;2019;Rio de Janeiro;3304557
31;4;2019;Rio de Janeiro;3304557
32;4;2019;Rio de Janeiro;3304557
33;4;2019;Rio de Janeiro;3304557
34;4;2019;Rio de Janeiro;3304557
35;4;2019;Rio de Janeiro;3304557
36;4;2019;Rio de Janeiro;3304557
37;4;2019;Rio de Janeiro;3304557
38;4;2019;Rio de Janeiro;3304557
39;4;2019;Rio de Janeiro;3304557
40;4;2019;Rio de Janeiro;3304557
41;4;2019;Rio de Janeiro;3304557
42;4;2019;Rio de Janeiro;3304557
43;4;2019;Rio de Janeiro;3304557
44;4;2019;Rio de Janeiro;3304557
48;4;2019;Seropédica;3305554
50;4;2019;Itaguaí;3302007
51;4;2019;Paracambi;3303609
52;4;2019;Nova Iguaçu;3303500
53;4;2019;Mesquita;3302858
54;4;2019;Belford Roxo;3300456
55;4;2019;Queimados;3304144
56;4;2019;Nova Iguaçu;3303500
57;4;2019;Nilópolis;3303203
58;4;2019;Nova Iguaçu;3303500
59;4;2019;Duque de Caxias;3301702
60;4;2019;Duque de Caxias;3301702
61;4;2019;Duque de Caxias;3301702
62;4;2019;Duque de Caxias;3301702
63;4;2019;Japeri;3302270
64;4;2019;São João de Meriti;3305109
65;4;2019;Magé;3302502
66;4;2019;Magé;3302502
67;4;2019;Guapimirim;3301850
70;4;2019;Tanguá;3305752
71;4;2019;Itaboraí;3301900
72;4;2019;São Gonçalo;3304904
73;4;2019;São Gonçalo;3304904
74;4;2019;São Gonçalo;3304904
75;4;2019;São Gonçalo;3304904
76;4;2019;Niterói;3303302
77;4;2019;Niterói;3303302
78;4;2019;Niterói;3303302
79;4;2019;Niterói;3303302
81;4;2019;Niterói;3303302
82;4;2019;Maricá;3302700
88;4;2019;Barra do Pirai;3300308
89;4;2019;Resende;3304201
90;4;2019;Barra Mansa;3300407
91;4;2019;Valença;3306107
92;4;2019;Rio das Flores;3304508
93;4;2019;Volta Redonda;3306305
94;4;2019;Piraí;3304003
95;4;2019;Vassouras;3306206
96;4;2019;"Miguel Pereira;Paty dos Alferes";9999999
97;4;2019;Mendes;3302809
98;4;2019;Engenheiro Paulo de Frontin;3301801
99;4;2019;Itatiaia;3302254
100;4;2019;"Porto Real;Quatis";9999992
101;4;2019;Pinheiral;3303955
104;4;2019;São José do Vale do Rio Preto;3305158
105;4;2019;Petrópolis;3303906
106;4;2019;Petrópolis;3303906
107;4;2019;Paraíba do Sul;3303708
108;4;2019;"Comendador Levy Gasparian;Areal;Três Rios";9999991
109;4;2019;Sapucaia;3305406
110;4;2019;Teresópolis;3305802
111;4;2019;Sumidouro;3305703
112;4;2019;Carmo;3301207
118;4;2019;Araruama;3300209
119;4;2019;Rio Bonito;3304300
120;4;2019;Silva Jardim;3305604
121;4;2019;Casimiro de Abreu;3301306
122;4;2019;Conceição de Macabú;3301405
123;4;2019;Macaé;3302403
124;4;2019;Saquarema;3305505
125;4;2019;São Pedro da Aldeia;3305208
126;4;2019;Cabo Frio;3300704
127;4;2019;Armação dos Búzios;3300233
128;4;2019;Rio das Ostras;3304524
129;4;2019;Iguaba Grande;3301876
130;4;2019;"Quissamã;Carapebus";9999994
132;4;2019;Arraial do Cabo;3300258
134;4;2019;Campos dos Goytacazes;3301009
135;4;2019;Itaocara;3302106
136;4;2019;"Santo Antônio de Pádua;Aperibé";9999993
137;4;2019;Miracema;3303005
138;4;2019;Laje do Muriaé;3302304
139;4;2019;Porciúncula;3304102
140;4;2019;"Natividade;Varre-Sai";9999997
141;4;2019;São Fidélis;3304805
142;4;2019;Cambuci;3300902
143;4;2019;"Itaperuna;São José de Ubá";9999996
144;4;2019;Bom Jesus de Itabapoana;3300605
145;4;2019;São João da Barra;3305000
146;4;2019;Campos dos Goytacazes;3301009
147;4;2019;São Francisco de Itabapoana;3304755
148;4;2019;"Cardoso Moreira;Italva";9999995
151;4;2019;Nova Friburgo;3303401
152;4;2019;Duas Barras;3301603
153;4;2019;Cantagalo;3301108
154;4;2019;"Cordeiro;Macuco";9999998
155;4;2019;São Sebastião do Alto;3305307
156;4;2019;Santa Maria Madalena;3304607
157;4;2019;Trajano de Morais;3305901
158;4;2019;Bom Jardim;3300506
159;4;2019;Cachoeiras de Macacu;3300803
165;4;2019;Mangaratiba;3302601
166;4;2019;Angra dos Reis;3300100
167;4;2019;Paraty;3303807
168;4;2019;Rio Claro;3304409
1;5;2019;Rio de Janeiro;3304557
4;5;2019;Rio de Janeiro;3304557
5;5;2019;Rio de Janeiro;3304557
6;5;2019;Rio de Janeiro;3304557
7;5;2019;Rio de Janeiro;3304557
9;5;2019;Rio de Janeiro;3304557
10;5;2019;Rio de Janeiro;3304557
11;5;2019;Rio de Janeiro;3304557
12;5;2019;Rio de Janeiro;3304557
13;5;2019;Rio de Janeiro;3304557
14;5;2019;Rio de Janeiro;3304557
15;5;2019;Rio de Janeiro;3304557
16;5;2019;Rio de Janeiro;3304557
17;5;2019;Rio de Janeiro;3304557
18;5;2019;Rio de Janeiro;3304557
19;5;2019;Rio de Janeiro;3304557
20;5;2019;Rio de Janeiro;3304557
21;5;2019;Rio de Janeiro;3304557
22;5;2019;Rio de Janeiro;3304557
23;5;2019;Rio de Janeiro;3304557
24;5;2019;Rio de Janeiro;3304557
25;5;2019;Rio de Janeiro;3304557
26;5;2019;Rio de Janeiro;3304557
27;5;2019;Rio de Janeiro;3304557
28;5;2019;Rio de Janeiro;3304557
29;5;2019;Rio de Janeiro;3304557
30;5;2019;Rio de Janeiro;3304557
31;5;2019;Rio de Janeiro;3304557
32;5;2019;Rio de Janeiro;3304557
33;5;2019;Rio de Janeiro;3304557
34;5;2019;Rio de Janeiro;3304557
35;5;2019;Rio de Janeiro;3304557
36;5;2019;Rio de Janeiro;3304557
37;5;2019;Rio de Janeiro;3304557
38;5;2019;Rio de Janeiro;3304557
39;5;2019;Rio de Janeiro;3304557
40;5;2019;Rio de Janeiro;3304557
41;5;2019;Rio de Janeiro;3304557
42;5;2019;Rio de Janeiro;3304557
43;5;2019;Rio de Janeiro;3304557
44;5;2019;Rio de Janeiro;3304557
48;5;2019;Seropédica;3305554
50;5;2019;Itaguaí;3302007
51;5;2019;Paracambi;3303609
52;5;2019;Nova Iguaçu;3303500
53;5;2019;Mesquita;3302858
54;5;2019;Belford Roxo;3300456
55;5;2019;Queimados;3304144
56;5;2019;Nova Iguaçu;3303500
57;5;2019;Nilópolis;3303203
58;5;2019;Nova Iguaçu;3303500
59;5;2019;Duque de Caxias;3301702
60;5;2019;Duque de Caxias;3301702
61;5;2019;Duque de Caxias;3301702
62;5;2019;Duque de Caxias;3301702
63;5;2019;Japeri;3302270
64;5;2019;São João de Meriti;3305109
65;5;2019;Magé;3302502
66;5;2019;Magé;3302502
67;5;2019;Guapimirim;3301850
70;5;2019;Tanguá;3305752
71;5;2019;Itaboraí;3301900
72;5;2019;São Gonçalo;3304904
73;5;2019;São Gonçalo;3304904
74;5;2019;São Gonçalo;3304904
75;5;2019;São Gonçalo;3304904
76;5;2019;Niterói;3303302
77;5;2019;Niterói;3303302
78;5;2019;Niterói;3303302
79;5;2019;Niterói;3303302
81;5;2019;Niterói;3303302
82;5;2019;Maricá;3302700
88;5;2019;Barra do Pirai;3300308
89;5;2019;Resende;3304201
90;5;2019;Barra Mansa;3300407
91;5;2019;Valença;3306107
92;5;2019;Rio das Flores;3304508
93;5;2019;Volta Redonda;3306305
94;5;2019;Piraí;3304003
95;5;2019;Vassouras;3306206
96;5;2019;"Miguel Pereira;Paty dos Alferes";9999999
97;5;2019;Mendes;3302809
98;5;2019;Engenheiro Paulo de Frontin;3301801
99;5;2019;Itatiaia;3302254
100;5;2019;"Porto Real;Quatis";9999992
101;5;2019;Pinheiral;3303955
104;5;2019;São José do Vale do Rio Preto;3305158
105;5;2019;Petrópolis;3303906
106;5;2019;Petrópolis;3303906
107;5;2019;Paraíba do Sul;3303708
108;5;2019;"Comendador Levy Gasparian;Areal;Três Rios";9999991
109;5;2019;Sapucaia;3305406
110;5;2019;Teresópolis;3305802
111;5;2019;Sumidouro;3305703
112;5;2019;Carmo;3301207
118;5;2019;Araruama;3300209
119;5;2019;Rio Bonito;3304300
120;5;2019;Silva Jardim;3305604
121;5;2019;Casimiro de Abreu;3301306
122;5;2019;Conceição de Macabú;3301405
123;5;2019;Macaé;3302403
124;5;2019;Saquarema;3305505
125;5;2019;São Pedro da Aldeia;3305208
126;5;2019;Cabo Frio;3300704
127;5;2019;Armação dos Búzios;3300233
128;5;2019;Rio das Ostras;3304524
129;5;2019;Iguaba Grande;3301876
130;5;2019;"Quissamã;Carapebus";9999994
132;5;2019;Arraial do Cabo;3300258
134;5;2019;Campos dos Goytacazes;3301009
135;5;2019;Itaocara;3302106
136;5;2019;"Santo Antônio de Pádua;Aperibé";9999993
137;5;2019;Miracema;3303005
138;5;2019;Laje do Muriaé;3302304
139;5;2019;Porciúncula;3304102
140;5;2019;"Natividade;Varre-Sai";9999997
141;5;2019;São Fidélis;3304805
142;5;2019;Cambuci;3300902
143;5;2019;"Itaperuna;São José de Ubá";9999996
144;5;2019;Bom Jesus de Itabapoana;3300605
145;5;2019;São João da Barra;3305000
146;5;2019;Campos dos Goytacazes;3301009
147;5;2019;São Francisco de Itabapoana;3304755
148;5;2019;"Cardoso Moreira;Italva";9999995
151;5;2019;Nova Friburgo;3303401
152;5;2019;Duas Barras;3301603
153;5;2019;Cantagalo;3301108
154;5;2019;"Cordeiro;Macuco";9999998
155;5;2019;São Sebastião do Alto;3305307
156;5;2019;Santa Maria Madalena;3304607
157;5;2019;Trajano de Morais;3305901
158;5;2019;Bom Jardim;3300506
159;5;2019;Cachoeiras de Macacu;3300803
165;5;2019;Mangaratiba;3302601
166;5;2019;Angra dos Reis;3300100
167;5;2019;Paraty;3303807
168;5;2019;Rio Claro;3304409
1;6;2019;Rio de Janeiro;3304557
4;6;2019;Rio de Janeiro;3304557
5;6;2019;Rio de Janeiro;3304557
6;6;2019;Rio de Janeiro;3304557
7;6;2019;Rio de Janeiro;3304557
9;6;2019;Rio de Janeiro;3304557
10;6;2019;Rio de Janeiro;3304557
11;6;2019;Rio de Janeiro;3304557
12;6;2019;Rio de Janeiro;3304557
13;6;2019;Rio de Janeiro;3304557
14;6;2019;Rio de Janeiro;3304557
15;6;2019;Rio de Janeiro;3304557
16;6;2019;Rio de Janeiro;3304557
17;6;2019;Rio de Janeiro;3304557
18;6;2019;Rio de Janeiro;3304557
19;6;2019;Rio de Janeiro;3304557
20;6;2019;Rio de Janeiro;3304557
21;6;2019;Rio de Janeiro;3304557
22;6;2019;Rio de Janeiro;3304557
23;6;2019;Rio de Janeiro;3304557
24;6;2019;Rio de Janeiro;3304557
25;6;2019;Rio de Janeiro;3304557
26;6;2019;Rio de Janeiro;3304557
27;6;2019;Rio de Janeiro;3304557
28;6;2019;Rio de Janeiro;3304557
29;6;2019;Rio de Janeiro;3304557
30;6;2019;Rio de Janeiro;3304557
31;6;2019;Rio de Janeiro;3304557
32;6;2019;Rio de Janeiro;3304557
33;6;2019;Rio de Janeiro;3304557
34;6;2019;Rio de Janeiro;3304557
35;6;2019;Rio de Janeiro;3304557
36;6;2019;Rio de Janeiro;3304557
37;6;2019;Rio de Janeiro;3304557
38;6;2019;Rio de Janeiro;3304557
39;6;2019;Rio de Janeiro;3304557
40;6;2019;Rio de Janeiro;3304557
41;6;2019;Rio de Janeiro;3304557
42;6;2019;Rio de Janeiro;3304557
43;6;2019;Rio de Janeiro;3304557
44;6;2019;Rio de Janeiro;3304557
48;6;2019;Seropédica;3305554
50;6;2019;Itaguaí;3302007
51;6;2019;Paracambi;3303609
52;6;2019;Nova Iguaçu;3303500
53;6;2019;Mesquita;3302858
54;6;2019;Belford Roxo;3300456
55;6;2019;Queimados;3304144
56;6;2019;Nova Iguaçu;3303500
57;6;2019;Nilópolis;3303203
58;6;2019;Nova Iguaçu;3303500
59;6;2019;Duque de Caxias;3301702
60;6;2019;Duque de Caxias;3301702
61;6;2019;Duque de Caxias;3301702
62;6;2019;Duque de Caxias;3301702
63;6;2019;Japeri;3302270
64;6;2019;São João de Meriti;3305109
65;6;2019;Magé;3302502
66;6;2019;Magé;3302502
67;6;2019;Guapimirim;3301850
70;6;2019;Tanguá;3305752
71;6;2019;Itaboraí;3301900
72;6;2019;São Gonçalo;3304904
73;6;2019;São Gonçalo;3304904
74;6;2019;São Gonçalo;3304904
75;6;2019;São Gonçalo;3304904
76;6;2019;Niterói;3303302
77;6;2019;Niterói;3303302
78;6;2019;Niterói;3303302
79;6;2019;Niterói;3303302
81;6;2019;Niterói;3303302
82;6;2019;Maricá;3302700
88;6;2019;Barra do Pirai;3300308
89;6;2019;Resende;3304201
90;6;2019;Barra Mansa;3300407
91;6;2019;Valença;3306107
92;6;2019;Rio das Flores;3304508
93;6;2019;Volta Redonda;3306305
94;6;2019;Piraí;3304003
95;6;2019;Vassouras;3306206
96;6;2019;"Miguel Pereira;Paty dos Alferes";9999999
97;6;2019;Mendes;3302809
98;6;2019;Engenheiro Paulo de Frontin;3301801
99;6;2019;Itatiaia;3302254
100;6;2019;"Porto Real;Quatis";9999992
101;6;2019;Pinheiral;3303955
104;6;2019;São José do Vale do Rio Preto;3305158
105;6;2019;Petrópolis;3303906
106;6;2019;Petrópolis;3303906
107;6;2019;Paraíba do Sul;3303708
108;6;2019;"Comendador Levy Gasparian;Areal;Três Rios";9999991
109;6;2019;Sapucaia;3305406
110;6;2019;Teresópolis;3305802
111;6;2019;Sumidouro;3305703
112;6;2019;Carmo;3301207
118;6;2019;Araruama;3300209
119;6;2019;Rio Bonito;3304300
120;6;2019;Silva Jardim;3305604
121;6;2019;Casimiro de Abreu;3301306
122;6;2019;Conceição de Macabú;3301405
123;6;2019;Macaé;3302403
124;6;2019;Saquarema;3305505
125;6;2019;São Pedro da Aldeia;3305208
126;6;2019;Cabo Frio;3300704
127;6;2019;Armação dos Búzios;3300233
128;6;2019;Rio das Ostras;3304524
129;6;2019;Iguaba Grande;3301876
130;6;2019;"Quissamã;Carapebus";9999994
132;6;2019;Arraial do Cabo;3300258
134;6;2019;Campos dos Goytacazes;3301009
135;6;2019;Itaocara;3302106
136;6;2019;"Santo Antônio de Pádua;Aperibé";9999993
137;6;2019;Miracema;3303005
138;6;2019;Laje do Muriaé;3302304
139;6;2019;Porciúncula;3304102
140;6;2019;"Natividade;Varre-Sai";9999997
141;6;2019;São Fidélis;3304805
142;6;2019;Cambuci;3300902
143;6;2019;"Itaperuna;São José de Ubá";9999996
144;6;2019;Bom Jesus de Itabapoana;3300605
145;6;2019;São João da Barra;3305000
146;6;2019;Campos dos Goytacazes;3301009
147;6;2019;São Francisco de Itabapoana;3304755
148;6;2019;"Cardoso Moreira;Italva";9999995
151;6;2019;Nova Friburgo;3303401
152;6;2019;Duas Barras;3301603
153;6;2019;Cantagalo;3301108
154;6;2019;"Cordeiro;Macuco";9999998
155;6;2019;São Sebastião do Alto;3305307
156;6;2019;Santa Maria Madalena;3304607
157;6;2019;Trajano de Morais;3305901
158;6;2019;Bom Jardim;3300506
159;6;2019;Cachoeiras de Macacu;3300803
165;6;2019;Mangaratiba;3302601
166;6;2019;Angra dos Reis;3300100
167;6;2019;Paraty;3303807
168;6;2019;Rio Claro;3304409
1;7;2019;Rio de Janeiro;3304557
4;7;2019;Rio de Janeiro;3304557
5;7;2019;Rio de Janeiro;3304557
6;7;2019;Rio de Janeiro;3304557
7;7;2019;Rio de Janeiro;3304557
9;7;2019;Rio de Janeiro;3304557
10;7;2019;Rio de Janeiro;3304557
11;7;2019;Rio de Janeiro;3304557
12;7;2019;Rio de Janeiro;3304557
13;7;2019;Rio de Janeiro;3304557
14;7;2019;Rio de Janeiro;3304557
15;7;2019;Rio de Janeiro;3304557
16;7;2019;Rio de Janeiro;3304557
17;7;2019;Rio de Janeiro;3304557
18;7;2019;Rio de Janeiro;3304557
19;7;2019;Rio de Janeiro;3304557
20;7;2019;Rio de Janeiro;3304557
21;7;2019;Rio de Janeiro;3304557
22;7;2019;Rio de Janeiro;3304557
23;7;2019;Rio de Janeiro;3304557
24;7;2019;Rio de Janeiro;3304557
25;7;2019;Rio de Janeiro;3304557
26;7;2019;Rio de Janeiro;3304557
27;7;2019;Rio de Janeiro;3304557
28;7;2019;Rio de Janeiro;3304557
29;7;2019;Rio de Janeiro;3304557
30;7;2019;Rio de Janeiro;3304557
31;7;2019;Rio de Janeiro;3304557
32;7;2019;Rio de Janeiro;3304557
33;7;2019;Rio de Janeiro;3304557
34;7;2019;Rio de Janeiro;3304557
35;7;2019;Rio de Janeiro;3304557
36;7;2019;Rio de Janeiro;3304557
37;7;2019;Rio de Janeiro;3304557
38;7;2019;Rio de Janeiro;3304557
39;7;2019;Rio de Janeiro;3304557
40;7;2019;Rio de Janeiro;3304557
41;7;2019;Rio de Janeiro;3304557
42;7;2019;Rio de Janeiro;3304557
43;7;2019;Rio de Janeiro;3304557
44;7;2019;Rio de Janeiro;3304557
48;7;2019;Seropédica;3305554
50;7;2019;Itaguaí;3302007
51;7;2019;Paracambi;3303609
52;7;2019;Nova Iguaçu;3303500
53;7;2019;Mesquita;3302858
54;7;2019;Belford Roxo;3300456
55;7;2019;Queimados;3304144
56;7;2019;Nova Iguaçu;3303500
57;7;2019;Nilópolis;3303203
58;7;2019;Nova Iguaçu;3303500
59;7;2019;Duque de Caxias;3301702
60;7;2019;Duque de Caxias;3301702
61;7;2019;Duque de Caxias;3301702
62;7;2019;Duque de Caxias;3301702
63;7;2019;Japeri;3302270
64;7;2019;São João de Meriti;3305109
65;7;2019;Magé;3302502
66;7;2019;Magé;3302502
67;7;2019;Guapimirim;3301850
70;7;2019;Tanguá;3305752
71;7;2019;Itaboraí;3301900
72;7;2019;São Gonçalo;3304904
73;7;2019;São Gonçalo;3304904
74;7;2019;São Gonçalo;3304904
75;7;2019;São Gonçalo;3304904
76;7;2019;Niterói;3303302
77;7;2019;Niterói;3303302
78;7;2019;Niterói;3303302
79;7;2019;Niterói;3303302
81;7;2019;Niterói;3303302
82;7;2019;Maricá;3302700
88;7;2019;Barra do Pirai;3300308
89;7;2019;Resende;3304201
90;7;2019;Barra Mansa;3300407
91;7;2019;Valença;3306107
92;7;2019;Rio das Flores;3304508
93;7;2019;Volta Redonda;3306305
94;7;2019;Piraí;3304003
95;7;2019;Vassouras;3306206
96;7;2019;"Miguel Pereira;Paty dos Alferes";9999999
97;7;2019;Mendes;3302809
98;7;2019;Engenheiro Paulo de Frontin;3301801
99;7;2019;Itatiaia;3302254
100;7;2019;"Porto Real;Quatis";9999992
101;7;2019;Pinheiral;3303955
104;7;2019;São José do Vale do Rio Preto;3305158
105;7;2019;Petrópolis;3303906
106;7;2019;Petrópolis;3303906
107;7;2019;Paraíba do Sul;3303708
108;7;2019;"Comendador Levy Gasparian;Areal;Três Rios";9999991
109;7;2019;Sapucaia;3305406
110;7;2019;Teresópolis;3305802
111;7;2019;Sumidouro;3305703
112;7;2019;Carmo;3301207
118;7;2019;Araruama;3300209
119;7;2019;Rio Bonito;3304300
120;7;2019;Silva Jardim;3305604
121;7;2019;Casimiro de Abreu;3301306
122;7;2019;Conceição de Macabú;3301405
123;7;2019;Macaé;3302403
124;7;2019;Saquarema;3305505
125;7;2019;São Pedro da Aldeia;3305208
126;7;2019;Cabo Frio;3300704
127;7;2019;Armação dos Búzios;3300233
128;7;2019;Rio das Ostras;3304524
129;7;2019;Iguaba Grande;3301876
130;7;2019;"Quissamã;Carapebus";9999994
132;7;2019;Arraial do Cabo;3300258
134;7;2019;Campos dos Goytacazes;3301009
135;7;2019;Itaocara;3302106
136;7;2019;"Santo Antônio de Pádua;Aperibé";9999993
137;7;2019;Miracema;3303005
138;7;2019;Laje do Muriaé;3302304
139;7;2019;Porciúncula;3304102
140;7;2019;"Natividade;Varre-Sai";9999997
141;7;2019;São Fidélis;3304805
142;7;2019;Cambuci;3300902
143;7;2019;"Itaperuna;São José de Ubá";9999996
144;7;2019;Bom Jesus de Itabapoana;3300605
145;7;2019;São João da Barra;3305000
146;7;2019;Campos dos Goytacazes;3301009
147;7;2019;São Francisco de Itabapoana;3304755
148;7;2019;"Cardoso Moreira;Italva";9999995
151;7;2019;Nova Friburgo;3303401
152;7;2019;Duas Barras;3301603
153;7;2019;Cantagalo;3301108
154;7;2019;"Cordeiro;Macuco";9999998
155;7;2019;São Sebastião do Alto;3305307
156;7;2019;Santa Maria Madalena;3304607
157;7;2019;Trajano de Morais;3305901
158;7;2019;Bom Jardim;3300506
159;7;2019;Cachoeiras de Macacu;3300803
165;7;2019;Mangaratiba;3302601
166;7;2019;Angra dos Reis;3300100
167;7;2019;Paraty;3303807
168;7;2019;Rio Claro;3304409
1;8;2019;Rio de Janeiro;3304557
4;8;2019;Rio de Janeiro;3304557
5;8;2019;Rio de Janeiro;3304557
6;8;2019;Rio de Janeiro;3304557
7;8;2019;Rio de Janeiro;3304557
9;8;2019;Rio de Janeiro;3304557
10;8;2019;Rio de Janeiro;3304557
11;8;2019;Rio de Janeiro;3304557
12;8;2019;Rio de Janeiro;3304557
13;8;2019;Rio de Janeiro;3304557
14;8;2019;Rio de Janeiro;3304557
15;8;2019;Rio de Janeiro;3304557
16;8;2019;Rio de Janeiro;3304557
17;8;2019;Rio de Janeiro;3304557
18;8;2019;Rio de Janeiro;3304557
19;8;2019;Rio de Janeiro;3304557
20;8;2019;Rio de Janeiro;3304557
21;8;2019;Rio de Janeiro;3304557
22;8;2019;Rio de Janeiro;3304557
23;8;2019;Rio de Janeiro;3304557
24;8;2019;Rio de Janeiro;3304557
25;8;2019;Rio de Janeiro;3304557
26;8;2019;Rio de Janeiro;3304557
27;8;2019;Rio de Janeiro;3304557
28;8;2019;Rio de Janeiro;3304557
29;8;2019;Rio de Janeiro;3304557
30;8;2019;Rio de Janeiro;3304557
31;8;2019;Rio de Janeiro;3304557
32;8;2019;Rio de Janeiro;3304557
33;8;2019;Rio de Janeiro;3304557
34;8;2019;Rio de Janeiro;3304557
35;8;2019;Rio de Janeiro;3304557
36;8;2019;Rio de Janeiro;3304557
37;8;2019;Rio de Janeiro;3304557
38;8;2019;Rio de Janeiro;3304557
39;8;2019;Rio de Janeiro;3304557
40;8;2019;Rio de Janeiro;3304557
41;8;2019;Rio de Janeiro;3304557
42;8;2019;Rio de Janeiro;3304557
43;8;2019;Rio de Janeiro;3304557
44;8;2019;Rio de Janeiro;3304557
48;8;2019;Seropédica;3305554
50;8;2019;Itaguaí;3302007
51;8;2019;Paracambi;3303609
52;8;2019;Nova Iguaçu;3303500
53;8;2019;Mesquita;3302858
54;8;2019;Belford Roxo;3300456
55;8;2019;Queimados;3304144
56;8;2019;Nova Iguaçu;3303500
57;8;2019;Nilópolis;3303203
58;8;2019;Nova Iguaçu;3303500
59;8;2019;Duque de Caxias;3301702
60;8;2019;Duque de Caxias;3301702
61;8;2019;Duque de Caxias;3301702
62;8;2019;Duque de Caxias;3301702
63;8;2019;Japeri;3302270
64;8;2019;São João de Meriti;3305109
65;8;2019;Magé;3302502
66;8;2019;Magé;3302502
67;8;2019;Guapimirim;3301850
70;8;2019;Tanguá;3305752
71;8;2019;Itaboraí;3301900
72;8;2019;São Gonçalo;3304904
73;8;2019;São Gonçalo;3304904
74;8;2019;São Gonçalo;3304904
75;8;2019;São Gonçalo;3304904
76;8;2019;Niterói;3303302
77;8;2019;Niterói;3303302
78;8;2019;Niterói;3303302
79;8;2019;Niterói;3303302
81;8;2019;Niterói;3303302
82;8;2019;Maricá;3302700
88;8;2019;Barra do Pirai;3300308
89;8;2019;Resende;3304201
90;8;2019;Barra Mansa;3300407
91;8;2019;Valença;3306107
92;8;2019;Rio das Flores;3304508
93;8;2019;Volta Redonda;3306305
94;8;2019;Piraí;3304003
95;8;2019;Vassouras;3306206
96;8;2019;"Miguel Pereira;Paty dos Alferes";9999999
97;8;2019;Mendes;3302809
98;8;2019;Engenheiro Paulo de Frontin;3301801
99;8;2019;Itatiaia;3302254
100;8;2019;"Porto Real;Quatis";9999992
101;8;2019;Pinheiral;3303955
104;8;2019;São José do Vale do Rio Preto;3305158
105;8;2019;Petrópolis;3303906
106;8;2019;Petrópolis;3303906
107;8;2019;Paraíba do Sul;3303708
108;8;2019;"Comendador Levy Gasparian;Areal;Três Rios";9999991
109;8;2019;Sapucaia;3305406
110;8;2019;Teresópolis;3305802
111;8;2019;Sumidouro;3305703
112;8;2019;Carmo;3301207
118;8;2019;Araruama;3300209
119;8;2019;Rio Bonito;3304300
120;8;2019;Silva Jardim;3305604
121;8;2019;Casimiro de Abreu;3301306
122;8;2019;Conceição de Macabú;3301405
123;8;2019;Macaé;3302403
124;8;2019;Saquarema;3305505
125;8;2019;São Pedro da Aldeia;3305208
126;8;2019;Cabo Frio;3300704
127;8;2019;Armação dos Búzios;3300233
128;8;2019;Rio das Ostras;3304524
129;8;2019;Iguaba Grande;3301876
130;8;2019;"Quissamã;Carapebus";9999994
132;8;2019;Arraial do Cabo;3300258
134;8;2019;Campos dos Goytacazes;3301009
135;8;2019;Itaocara;3302106
136;8;2019;"Santo Antônio de Pádua;Aperibé";9999993
137;8;2019;Miracema;3303005
138;8;2019;Laje do Muriaé;3302304
139;8;2019;Porciúncula;3304102
140;8;2019;"Natividade;Varre-Sai";9999997
141;8;2019;São Fidélis;3304805
142;8;2019;Cambuci;3300902
143;8;2019;"Itaperuna;São José de Ubá";9999996
144;8;2019;Bom Jesus de Itabapoana;3300605
145;8;2019;São João da Barra;3305000
146;8;2019;Campos dos Goytacazes;3301009
147;8;2019;São Francisco de Itabapoana;3304755
148;8;2019;"Cardoso Moreira;Italva";9999995
151;8;2019;Nova Friburgo;3303401
152;8;2019;Duas Barras;3301603
153;8;2019;Cantagalo;3301108
154;8;2019;"Cordeiro;Macuco";9999998
155;8;2019;São Sebastião do Alto;3305307
156;8;2019;Santa Maria Madalena;3304607
157;8;2019;Trajano de Morais;3305901
158;8;2019;Bom Jardim;3300506
159;8;2019;Cachoeiras de Macacu;3300803
165;8;2019;Mangaratiba;3302601
166;8;2019;Angra dos Reis;3300100
167;8;2019;Paraty;3303807
168;8;2019;Rio Claro;3304409
1;9;2019;Rio de Janeiro;3304557
4;9;2019;Rio de Janeiro;3304557
5;9;2019;Rio de Janeiro;3304557
6;9;2019;Rio de Janeiro;3304557
7;9;2019;Rio de Janeiro;3304557
9;9;2019;Rio de Janeiro;3304557
10;9;2019;Rio de Janeiro;3304557
11;9;2019;Rio de Janeiro;3304557
12;9;2019;Rio de Janeiro;3304557
13;9;2019;Rio de Janeiro;3304557
14;9;2019;Rio de Janeiro;3304557
15;9;2019;Rio de Janeiro;3304557
16;9;2019;Rio de Janeiro;3304557
17;9;2019;Rio de Janeiro;3304557
18;9;2019;Rio de Janeiro;3304557
19;9;2019;Rio de Janeiro;3304557
20;9;2019;Rio de Janeiro;3304557
21;9;2019;Rio de Janeiro;3304557
22;9;2019;Rio de Janeiro;3304557
23;9;2019;Rio de Janeiro;3304557
24;9;2019;Rio de Janeiro;3304557
25;9;2019;Rio de Janeiro;3304557
26;9;2019;Rio de Janeiro;3304557
27;9;2019;Rio de Janeiro;3304557
28;9;2019;Rio de Janeiro;3304557
29;9;2019;Rio de Janeiro;3304557
30;9;2019;Rio de Janeiro;3304557
31;9;2019;Rio de Janeiro;3304557
32;9;2019;Rio de Janeiro;3304557
33;9;2019;Rio de Janeiro;3304557
34;9;2019;Rio de Janeiro;3304557
35;9;2019;Rio de Janeiro;3304557
36;9;2019;Rio de Janeiro;3304557
37;9;2019;Rio de Janeiro;3304557
38;9;2019;Rio de Janeiro;3304557
39;9;2019;Rio de Janeiro;3304557
40;9;2019;Rio de Janeiro;3304557
41;9;2019;Rio de Janeiro;3304557
42;9;2019;Rio de Janeiro;3304557
43;9;2019;Rio de Janeiro;3304557
44;9;2019;Rio de Janeiro;3304557
48;9;2019;Seropédica;3305554
50;9;2019;Itaguaí;3302007
51;9;2019;Paracambi;3303609
52;9;2019;Nova Iguaçu;3303500
53;9;2019;Mesquita;3302858
54;9;2019;Belford Roxo;3300456
55;9;2019;Queimados;3304144
56;9;2019;Nova Iguaçu;3303500
57;9;2019;Nilópolis;3303203
58;9;2019;Nova Iguaçu;3303500
59;9;2019;Duque de Caxias;3301702
60;9;2019;Duque de Caxias;3301702
61;9;2019;Duque de Caxias;3301702
62;9;2019;Duque de Caxias;3301702
63;9;2019;Japeri;3302270
64;9;2019;São João de Meriti;3305109
65;9;2019;Magé;3302502
66;9;2019;Magé;3302502
67;9;2019;Guapimirim;3301850
70;9;2019;Tanguá;3305752
71;9;2019;Itaboraí;3301900
72;9;2019;São Gonçalo;3304904
73;9;2019;São Gonçalo;3304904
74;9;2019;São Gonçalo;3304904
75;9;2019;São Gonçalo;3304904
76;9;2019;Niterói;3303302
77;9;2019;Niterói;3303302
78;9;2019;Niterói;3303302
79;9;2019;Niterói;3303302
81;9;2019;Niterói;3303302
82;9;2019;Maricá;3302700
88;9;2019;Barra do Pirai;3300308
89;9;2019;Resende;3304201
90;9;2019;Barra Mansa;3300407
91;9;2019;Valença;3306107
92;9;2019;Rio das Flores;3304508
93;9;2019;Volta Redonda;3306305
94;9;2019;Piraí;3304003
95;9;2019;Vassouras;3306206
96;9;2019;"Miguel Pereira;Paty dos Alferes";9999999
97;9;2019;Mendes;3302809
98;9;2019;Engenheiro Paulo de Frontin;3301801
99;9;2019;Itatiaia;3302254
100;9;2019;"Porto Real;Quatis";9999992
101;9;2019;Pinheiral;3303955
104;9;2019;São José do Vale do Rio Preto;3305158
105;9;2019;Petrópolis;3303906
106;9;2019;Petrópolis;3303906
107;9;2019;Paraíba do Sul;3303708
108;9;2019;"Comendador Levy Gasparian;Areal;Três Rios";9999991
109;9;2019;Sapucaia;3305406
110;9;2019;Teresópolis;3305802
111;9;2019;Sumidouro;3305703
112;9;2019;Carmo;3301207
118;9;2019;Araruama;3300209
119;9;2019;Rio Bonito;3304300
120;9;2019;Silva Jardim;3305604
121;9;2019;Casimiro de Abreu;3301306
122;9;2019;Conceição de Macabú;3301405
123;9;2019;Macaé;3302403
124;9;2019;Saquarema;3305505
125;9;2019;São Pedro da Aldeia;3305208
126;9;2019;Cabo Frio;3300704
127;9;2019;Armação dos Búzios;3300233
128;9;2019;Rio das Ostras;3304524
129;9;2019;Iguaba Grande;3301876
130;9;2019;"Quissamã;Carapebus";9999994
132;9;2019;Arraial do Cabo;3300258
134;9;2019;Campos dos Goytacazes;3301009
135;9;2019;Itaocara;3302106
136;9;2019;"Santo Antônio de Pádua;Aperibé";9999993
137;9;2019;Miracema;3303005
138;9;2019;Laje do Muriaé;3302304
139;9;2019;Porciúncula;3304102
140;9;2019;"Natividade;Varre-Sai";9999997
141;9;2019;São Fidélis;3304805
142;9;2019;Cambuci;3300902
143;9;2019;"Itaperuna;São José de Ubá";9999996
144;9;2019;Bom Jesus de Itabapoana;3300605
145;9;2019;São João da Barra;3305000
146;9;2019;Campos dos Goytacazes;3301009
147;9;2019;São Francisco de Itabapoana;3304755
148;9;2019;"Cardoso Moreira;Italva";9999995
151;9;2019;Nova Friburgo;3303401
152;9;2019;Duas Barras;3301603
153;9;2019;Cantagalo;3301108
154;9;2019;"Cordeiro;Macuco";9999998
155;9;2019;São Sebastião do Alto;3305307
156;9;2019;Santa Maria Madalena;3304607
157;9;2019;Trajano de Morais;3305901
158;9;2019;Bom Jardim;3300506
159;9;2019;Cachoeiras de Macacu;3300803
165;9;2019;Mangaratiba;3302601
166;9;2019;Angra dos Reis;3300100
167;9;2019;Paraty;3303807
168;9;2019;Rio Claro;3304409
1;10;2019;Rio de Janeiro;3304557
4;10;2019;Rio de Janeiro;3304557
5;10;2019;Rio de Janeiro;3304557
6;10;2019;Rio de Janeiro;3304557
7;10;2019;Rio de Janeiro;3304557
9;10;2019;Rio de Janeiro;3304557
10;10;2019;Rio de Janeiro;3304557
11;10;2019;Rio de Janeiro;3304557
12;10;2019;Rio de Janeiro;3304557
13;10;2019;Rio de Janeiro;3304557
14;10;2019;Rio de Janeiro;3304557
15;10;2019;Rio de Janeiro;3304557
16;10;2019;Rio de Janeiro;3304557
17;10;2019;Rio de Janeiro;3304557
18;10;2019;Rio de Janeiro;3304557
19;10;2019;Rio de Janeiro;3304557
20;10;2019;Rio de Janeiro;3304557
21;10;2019;Rio de Janeiro;3304557
22;10;2019;Rio de Janeiro;3304557
23;10;2019;Rio de Janeiro;3304557
24;10;2019;Rio de Janeiro;3304557
25;10;2019;Rio de Janeiro;3304557
26;10;2019;Rio de Janeiro;3304557
27;10;2019;Rio de Janeiro;3304557
28;10;2019;Rio de Janeiro;3304557
29;10;2019;Rio de Janeiro;3304557
30;10;2019;Rio de Janeiro;3304557
31;10;2019;Rio de Janeiro;3304557
32;10;2019;Rio de Janeiro;3304557
33;10;2019;Rio de Janeiro;3304557
34;10;2019;Rio de Janeiro;3304557
35;10;2019;Rio de Janeiro;3304557
36;10;2019;Rio de Janeiro;3304557
37;10;2019;Rio de Janeiro;3304557
38;10;2019;Rio de Janeiro;3304557
39;10;2019;Rio de Janeiro;3304557
40;10;2019;Rio de Janeiro;3304557
41;10;2019;Rio de Janeiro;3304557
42;10;2019;Rio de Janeiro;3304557
43;10;2019;Rio de Janeiro;3304557
44;10;2019;Rio de Janeiro;3304557
48;10;2019;Seropédica;3305554
50;10;2019;Itaguaí;3302007
51;10;2019;Paracambi;3303609
52;10;2019;Nova Iguaçu;3303500
53;10;2019;Mesquita;3302858
54;10;2019;Belford Roxo;3300456
55;10;2019;Queimados;3304144
56;10;2019;Nova Iguaçu;3303500
57;10;2019;Nilópolis;3303203
58;10;2019;Nova Iguaçu;3303500
59;10;2019;Duque de Caxias;3301702
60;10;2019;Duque de Caxias;3301702
61;10;2019;Duque de Caxias;3301702
62;10;2019;Duque de Caxias;3301702
63;10;2019;Japeri;3302270
64;10;2019;São João de Meriti;3305109
65;10;2019;Magé;3302502
66;10;2019;Magé;3302502
67;10;2019;Guapimirim;3301850
70;10;2019;Tanguá;3305752
71;10;2019;Itaboraí;3301900
72;10;2019;São Gonçalo;3304904
73;10;2019;São Gonçalo;3304904
74;10;2019;São Gonçalo;3304904
75;10;2019;São Gonçalo;3304904
76;10;2019;Niterói;3303302
77;10;2019;Niterói;3303302
78;10;2019;Niterói;3303302
79;10;2019;Niterói;3303302
81;10;2019;Niterói;3303302
82;10;2019;Maricá;3302700
88;10;2019;Barra do Pirai;3300308
89;10;2019;Resende;3304201
90;10;2019;Barra Mansa;3300407
91;10;2019;Valença;3306107
92;10;2019;Rio das Flores;3304508
93;10;2019;Volta Redonda;3306305
94;10;2019;Piraí;3304003
95;10;2019;Vassouras;3306206
96;10;2019;"Miguel Pereira;Paty dos Alferes";9999999
97;10;2019;Mendes;3302809
98;10;2019;Engenheiro Paulo de Frontin;3301801
99;10;2019;Itatiaia;3302254
100;10;2019;"Porto Real;Quatis";9999992
101;10;2019;Pinheiral;3303955
104;10;2019;São José do Vale do Rio Preto;3305158
105;10;2019;Petrópolis;3303906
106;10;2019;Petrópolis;3303906
107;10;2019;Paraíba do Sul;3303708
108;10;2019;"Comendador Levy Gasparian;Areal;Três Rios";9999991
109;10;2019;Sapucaia;3305406
110;10;2019;Teresópolis;3305802
111;10;2019;Sumidouro;3305703
112;10;2019;Carmo;3301207
118;10;2019;Araruama;3300209
119;10;2019;Rio Bonito;3304300
120;10;2019;Silva Jardim;3305604
121;10;2019;Casimiro de Abreu;3301306
122;10;2019;Conceição de Macabú;3301405
123;10;2019;Macaé;3302403
124;10;2019;Saquarema;3305505
125;10;2019;São Pedro da Aldeia;3305208
126;10;2019;Cabo Frio;3300704
127;10;2019;Armação dos Búzios;3300233
128;10;2019;Rio das Ostras;3304524
129;10;2019;Iguaba Grande;3301876
130;10;2019;"Quissamã;Carapebus";9999994
132;10;2019;Arraial do Cabo;3300258
134;10;2019;Campos dos Goytacazes;3301009
135;10;2019;Itaocara;3302106
136;10;2019;"Santo Antônio de Pádua;Aperibé";9999993
137;10;2019;Miracema;3303005
138;10;2019;Laje do Muriaé;3302304
139;10;2019;Porciúncula;3304102
140;10;2019;"Natividade;Varre-Sai";9999997
141;10;2019;São Fidélis;3304805
142;10;2019;Cambuci;3300902
143;10;2019;"Itaperuna;São José de Ubá";9999996
144;10;2019;Bom Jesus de Itabapoana;3300605
145;10;2019;São João da Barra;3305000
146;10;2019;Campos dos Goytacazes;3301009
147;10;2019;São Francisco de Itabapoana;3304755
148;10;2019;"Cardoso Moreira;Italva";9999995
151;10;2019;Nova Friburgo;3303401
152;10;2019;Duas Barras;3301603
153;10;2019;Cantagalo;3301108
154;10;2019;"Cordeiro;Macuco";9999998
155;10;2019;São Sebastião do Alto;3305307
156;10;2019;Santa Maria Madalena;3304607
157;10;2019;Trajano de Morais;3305901
158;10;2019;Bom Jardim;3300506
159;10;2019;Cachoeiras de Macacu;3300803
165;10;2019;Mangaratiba;3302601
166;10;2019;Angra dos Reis;3300100
167;10;2019;Paraty;3303807
168;10;2019;Rio Claro;3304409
1;11;2019;Rio de Janeiro;3304557
4;11;2019;Rio de Janeiro;3304557
5;11;2019;Rio de Janeiro;3304557
6;11;2019;Rio de Janeiro;3304557
7;11;2019;Rio de Janeiro;3304557
9;11;2019;Rio de Janeiro;3304557
10;11;2019;Rio de Janeiro;3304557
11;11;2019;Rio de Janeiro;3304557
12;11;2019;Rio de Janeiro;3304557
13;11;2019;Rio de Janeiro;3304557
14;11;2019;Rio de Janeiro;3304557
15;11;2019;Rio de Janeiro;3304557
16;11;2019;Rio de Janeiro;3304557
17;11;2019;Rio de Janeiro;3304557
18;11;2019;Rio de Janeiro;3304557
19;11;2019;Rio de Janeiro;3304557
20;11;2019;Rio de Janeiro;3304557
21;11;2019;Rio de Janeiro;3304557
22;11;2019;Rio de Janeiro;3304557
23;11;2019;Rio de Janeiro;3304557
24;11;2019;Rio de Janeiro;3304557
25;11;2019;Rio de Janeiro;3304557
26;11;2019;Rio de Janeiro;3304557
27;11;2019;Rio de Janeiro;3304557
28;11;2019;Rio de Janeiro;3304557
29;11;2019;Rio de Janeiro;3304557
30;11;2019;Rio de Janeiro;3304557
31;11;2019;Rio de Janeiro;3304557
32;11;2019;Rio de Janeiro;3304557
33;11;2019;Rio de Janeiro;3304557
34;11;2019;Rio de Janeiro;3304557
35;11;2019;Rio de Janeiro;3304557
36;11;2019;Rio de Janeiro;3304557
37;11;2019;Rio de Janeiro;3304557
38;11;2019;Rio de Janeiro;3304557
39;11;2019;Rio de Janeiro;3304557
40;11;2019;Rio de Janeiro;3304557
41;11;2019;Rio de Janeiro;3304557
42;11;2019;Rio de Janeiro;3304557
43;11;2019;Rio de Janeiro;3304557
44;11;2019;Rio de Janeiro;3304557
48;11;2019;Seropédica;3305554
50;11;2019;Itaguaí;3302007
51;11;2019;Paracambi;3303609
52;11;2019;Nova Iguaçu;3303500
53;11;2019;Mesquita;3302858
54;11;2019;Belford Roxo;3300456
55;11;2019;Queimados;3304144
56;11;2019;Nova Iguaçu;3303500
57;11;2019;Nilópolis;3303203
58;11;2019;Nova Iguaçu;3303500
59;11;2019;Duque de Caxias;3301702
60;11;2019;Duque de Caxias;3301702
61;11;2019;Duque de Caxias;3301702
62;11;2019;Duque de Caxias;3301702
63;11;2019;Japeri;3302270
64;11;2019;São João de Meriti;3305109
65;11;2019;Magé;3302502
66;11;2019;Magé;3302502
67;11;2019;Guapimirim;3301850
70;11;2019;Tanguá;3305752
71;11;2019;Itaboraí;3301900
72;11;2019;São Gonçalo;3304904
73;11;2019;São Gonçalo;3304904
74;11;2019;São Gonçalo;3304904
75;11;2019;São Gonçalo;3304904
76;11;2019;Niterói;3303302
77;11;2019;Niterói;3303302
78;11;2019;Niterói;3303302
79;11;2019;Niterói;3303302
81;11;2019;Niterói;3303302
82;11;2019;Maricá;3302700
88;11;2019;Barra do Pirai;3300308
89;11;2019;Resende;3304201
90;11;2019;Barra Mansa;3300407
91;11;2019;Valença;3306107
92;11;2019;Rio das Flores;3304508
93;11;2019;Volta Redonda;3306305
94;11;2019;Piraí;3304003
95;11;2019;Vassouras;3306206
96;11;2019;"Miguel Pereira;Paty dos Alferes";9999999
97;11;2019;Mendes;3302809
98;11;2019;Engenheiro Paulo de Frontin;3301801
99;11;2019;Itatiaia;3302254
100;11;2019;"Porto Real;Quatis";9999992
101;11;2019;Pinheiral;3303955
104;11;2019;São José do Vale do Rio Preto;3305158
105;11;2019;Petrópolis;3303906
106;11;2019;Petrópolis;3303906
107;11;2019;Paraíba do Sul;3303708
108;11;2019;"Comendador Levy Gasparian;Areal;Três Rios";9999991
109;11;2019;Sapucaia;3305406
110;11;2019;Teresópolis;3305802
111;11;2019;Sumidouro;3305703
112;11;2019;Carmo;3301207
118;11;2019;Araruama;3300209
119;11;2019;Rio Bonito;3304300
120;11;2019;Silva Jardim;3305604
121;11;2019;Casimiro de Abreu;3301306
122;11;2019;Conceição de Macabú;3301405
123;11;2019;Macaé;3302403
124;11;2019;Saquarema;3305505
125;11;2019;São Pedro da Aldeia;3305208
126;11;2019;Cabo Frio;3300704
127;11;2019;Armação dos Búzios;3300233
128;11;2019;Rio das Ostras;3304524
129;11;2019;Iguaba Grande;3301876
130;11;2019;"Quissamã;Carapebus";9999994
132;11;2019;Arraial do Cabo;3300258
134;11;2019;Campos dos Goytacazes;3301009
135;11;2019;Itaocara;3302106
136;11;2019;"Santo Antônio de Pádua;Aperibé";9999993
137;11;2019;Miracema;3303005
138;11;2019;Laje do Muriaé;3302304
139;11;2019;Porciúncula;3304102
140;11;2019;"Natividade;Varre-Sai";9999997
141;11;2019;São Fidélis;3304805
142;11;2019;Cambuci;3300902
143;11;2019;"Itaperuna;São José de Ubá";9999996
144;11;2019;Bom Jesus de Itabapoana;3300605
145;11;2019;São João da Barra;3305000
146;11;2019;Campos dos Goytacazes;3301009
147;11;2019;São Francisco de Itabapoana;3304755
148;11;2019;"Cardoso Moreira;Italva";9999995
151;11;2019;Nova Friburgo;3303401
152;11;2019;Duas Barras;3301603
153;11;2019;Cantagalo;3301108
154;11;2019;"Cordeiro;Macuco";9999998
155;11;2019;São Sebastião do Alto;3305307
156;11;2019;Santa Maria Madalena;3304607
157;11;2019;Trajano de Morais;3305901
158;11;2019;Bom Jardim;3300506
159;11;2019;Cachoeiras de Macacu;3300803
165;11;2019;Mangaratiba;3302601
166;11;2019;Angra dos Reis;3300100
167;11;2019;Paraty;3303807
168;11;2019;Rio Claro;3304409
1;12;2019;Rio de Janeiro;3304557
4;12;2019;Rio de Janeiro;3304557
5;12;2019;Rio de Janeiro;3304557
6;12;2019;Rio de Janeiro;3304557
7;12;2019;Rio de Janeiro;3304557
9;12;2019;Rio de Janeiro;3304557
10;12;2019;Rio de Janeiro;3304557
11;12;2019;Rio de Janeiro;3304557
12;12;2019;Rio de Janeiro;3304557
13;12;2019;Rio de Janeiro;3304557
14;12;2019;Rio de Janeiro;3304557
15;12;2019;Rio de Janeiro;3304557
16;12;2019;Rio de Janeiro;3304557
17;12;2019;Rio de Janeiro;3304557
18;12;2019;Rio de Janeiro;3304557
19;12;2019;Rio de Janeiro;3304557
20;12;2019;Rio de Janeiro;3304557
21;12;2019;Rio de Janeiro;3304557
22;12;2019;Rio de Janeiro;3304557
23;12;2019;Rio de Janeiro;3304557
24;12;2019;Rio de Janeiro;3304557
25;12;2019;Rio de Janeiro;3304557
26;12;2019;Rio de Janeiro;3304557
27;12;2019;Rio de Janeiro;3304557
28;12;2019;Rio de Janeiro;3304557
29;12;2019;Rio de Janeiro;3304557
30;12;2019;Rio de Janeiro;3304557
31;12;2019;Rio de Janeiro;3304557
32;12;2019;Rio de Janeiro;3304557
33;12;2019;Rio de Janeiro;3304557
34;12;2019;Rio de Janeiro;3304557
35;12;2019;Rio de Janeiro;3304557
36;12;2019;Rio de Janeiro;3304557
37;12;2019;Rio de Janeiro;3304557
38;12;2019;Rio de Janeiro;3304557
39;12;2019;Rio de Janeiro;3304557
40;12;2019;Rio de Janeiro;3304557
41;12;2019;Rio de Janeiro;3304557
42;12;2019;Rio de Janeiro;3304557
43;12;2019;Rio de Janeiro;3304557
44;12;2019;Rio de Janeiro;3304557
48;12;2019;Seropédica;3305554
50;12;2019;Itaguaí;3302007
51;12;2019;Paracambi;3303609
52;12;2019;Nova Iguaçu;3303500
53;12;2019;Mesquita;3302858
54;12;2019;Belford Roxo;3300456
55;12;2019;Queimados;3304144
56;12;2019;Nova Iguaçu;3303500
57;12;2019;Nilópolis;3303203
58;12;2019;Nova Iguaçu;3303500
59;12;2019;Duque de Caxias;3301702
60;12;2019;Duque de Caxias;3301702
61;12;2019;Duque de Caxias;3301702
62;12;2019;Duque de Caxias;3301702
63;12;2019;Japeri;3302270
64;12;2019;São João de Meriti;3305109
65;12;2019;Magé;3302502
66;12;2019;Magé;3302502
67;12;2019;Guapimirim;3301850
70;12;2019;Tanguá;3305752
71;12;2019;Itaboraí;3301900
72;12;2019;São Gonçalo;3304904
73;12;2019;São Gonçalo;3304904
74;12;2019;São Gonçalo;3304904
75;12;2019;São Gonçalo;3304904
76;12;2019;Niterói;3303302
77;12;2019;Niterói;3303302
78;12;2019;Niterói;3303302
79;12;2019;Niterói;3303302
81;12;2019;Niterói;3303302
82;12;2019;Maricá;3302700
88;12;2019;Barra do Pirai;3300308
89;12;2019;Resende;3304201
90;12;2019;Barra Mansa;3300407
91;12;2019;Valença;3306107
92;12;2019;Rio das Flores;3304508
93;12;2019;Volta Redonda;3306305
94;12;2019;Piraí;3304003
95;12;2019;Vassouras;3306206
96;12;2019;"Miguel Pereira;Paty dos Alferes";9999999
97;12;2019;Mendes;3302809
98;12;2019;Engenheiro Paulo de Frontin;3301801
99;12;2019;Itatiaia;3302254
100;12;2019;"Porto Real;Quatis";9999992
101;12;2019;Pinheiral;3303955
104;12;2019;São José do Vale do Rio Preto;3305158
105;12;2019;Petrópolis;3303906
106;12;2019;Petrópolis;3303906
107;12;2019;Paraíba do Sul;3303708
108;12;2019;"Comendador Levy Gasparian;Areal;Três Rios";9999991
109;12;2019;Sapucaia;3305406
110;12;2019;Teresópolis;3305802
111;12;2019;Sumidouro;3305703
112;12;2019;Carmo;3301207
118;12;2019;Araruama;3300209
119;12;2019;Rio Bonito;3304300
120;12;2019;Silva Jardim;3305604
121;12;2019;Casimiro de Abreu;3301306
122;12;2019;Conceição de Macabú;3301405
123;12;2019;Macaé;3302403
124;12;2019;Saquarema;3305505
125;12;2019;São Pedro da Aldeia;3305208
126;12;2019;Cabo Frio;3300704
127;12;2019;Armação dos Búzios;3300233
128;12;2019;Rio das Ostras;3304524
129;12;2019;Iguaba Grande;3301876
130;12;2019;"Quissamã;Carapebus";9999994
132;12;2019;Arraial do Cabo;3300258
134;12;2019;Campos dos Goytacazes;3301009
135;12;2019;Itaocara;3302106
136;12;2019;"Santo Antônio de Pádua;Aperibé";9999993
137;12;2019;Miracema;3303005
138;12;2019;Laje do Muriaé;3302304
139;12;2019;Porciúncula;3304102
140;12;2019;"Natividade;Varre-Sai";9999997
141;12;2019;São Fidélis;3304805
142;12;2019;Cambuci;3300902
143;12;2019;"Itaperuna;São José de Ubá";9999996
144;12;2019;Bom Jesus de Itabapoana;3300605
145;12;2019;São João da Barra;3305000
146;12;2019;Campos dos Goytacazes;3301009
147;12;2019;São Francisco de Itabapoana;3304755
148;12;2019;"Cardoso Moreira;Italva";9999995
151;12;2019;Nova Friburgo;3303401
152;12;2019;Duas Barras;3301603
153;12;2019;Cantagalo;3301108
154;12;2019;"Cordeiro;Macuco";9999998
155;12;2019;São Sebastião do Alto;3305307
156;12;2019;Santa Maria Madalena;3304607
157;12;2019;Trajano de Morais;3305901
158;12;2019;Bom Jardim;3300506
159;12;2019;Cachoeiras de Macacu;3300803
165;12;2019;Mangaratiba;3302601
166;12;2019;Angra dos Reis;3300100
167;12;2019;Paraty;3303807
168;12;2019;Rio Claro;3304409
1;1;2020;Rio de Janeiro;3304557
4;1;2020;Rio de Janeiro;3304557
5;1;2020;Rio de Janeiro;3304557
6;1;2020;Rio de Janeiro;3304557
7;1;2020;Rio de Janeiro;3304557
9;1;2020;Rio de Janeiro;3304557
10;1;2020;Rio de Janeiro;3304557
11;1;2020;Rio de Janeiro;3304557
12;1;2020;Rio de Janeiro;3304557
13;1;2020;Rio de Janeiro;3304557
14;1;2020;Rio de Janeiro;3304557
15;1;2020;Rio de Janeiro;3304557
16;1;2020;Rio de Janeiro;3304557
17;1;2020;Rio de Janeiro;3304557
18;1;2020;Rio de Janeiro;3304557
19;1;2020;Rio de Janeiro;3304557
20;1;2020;Rio de Janeiro;3304557
21;1;2020;Rio de Janeiro;3304557
22;1;2020;Rio de Janeiro;3304557
23;1;2020;Rio de Janeiro;3304557
24;1;2020;Rio de Janeiro;3304557
25;1;2020;Rio de Janeiro;3304557
26;1;2020;Rio de Janeiro;3304557
27;1;2020;Rio de Janeiro;3304557
28;1;2020;Rio de Janeiro;3304557
29;1;2020;Rio de Janeiro;3304557
30;1;2020;Rio de Janeiro;3304557
31;1;2020;Rio de Janeiro;3304557
32;1;2020;Rio de Janeiro;3304557
33;1;2020;Rio de Janeiro;3304557
34;1;2020;Rio de Janeiro;3304557
35;1;2020;Rio de Janeiro;3304557
36;1;2020;Rio de Janeiro;3304557
37;1;2020;Rio de Janeiro;3304557
38;1;2020;Rio de Janeiro;3304557
39;1;2020;Rio de Janeiro;3304557
40;1;2020;Rio de Janeiro;3304557
41;1;2020;Rio de Janeiro;3304557
42;1;2020;Rio de Janeiro;3304557
43;1;2020;Rio de Janeiro;3304557
44;1;2020;Rio de Janeiro;3304557
48;1;2020;Seropédica;3305554
50;1;2020;Itaguaí;3302007
51;1;2020;Paracambi;3303609
52;1;2020;Nova Iguaçu;3303500
53;1;2020;Mesquita;3302858
54;1;2020;Belford Roxo;3300456
55;1;2020;Queimados;3304144
56;1;2020;Nova Iguaçu;3303500
57;1;2020;Nilópolis;3303203
58;1;2020;Nova Iguaçu;3303500
59;1;2020;Duque de Caxias;3301702
60;1;2020;Duque de Caxias;3301702
61;1;2020;Duque de Caxias;3301702
62;1;2020;Duque de Caxias;3301702
63;1;2020;Japeri;3302270
64;1;2020;São João de Meriti;3305109
65;1;2020;Magé;3302502
66;1;2020;Magé;3302502
67;1;2020;Guapimirim;3301850
70;1;2020;Tanguá;3305752
71;1;2020;Itaboraí;3301900
72;1;2020;São Gonçalo;3304904
73;1;2020;São Gonçalo;3304904
74;1;2020;São Gonçalo;3304904
75;1;2020;São Gonçalo;3304904
76;1;2020;Niterói;3303302
77;1;2020;Niterói;3303302
78;1;2020;Niterói;3303302
79;1;2020;Niterói;3303302
81;1;2020;Niterói;3303302
82;1;2020;Maricá;3302700
88;1;2020;Barra do Pirai;3300308
89;1;2020;Resende;3304201
90;1;2020;Barra Mansa;3300407
91;1;2020;Valença;3306107
92;1;2020;Rio das Flores;3304508
93;1;2020;Volta Redonda;3306305
94;1;2020;Piraí;3304003
95;1;2020;Vassouras;3306206
96;1;2020;"Miguel Pereira;Paty dos Alferes";9999999
97;1;2020;Mendes;3302809
98;1;2020;Engenheiro Paulo de Frontin;3301801
99;1;2020;Itatiaia;3302254
100;1;2020;"Porto Real;Quatis";9999992
101;1;2020;Pinheiral;3303955
104;1;2020;São José do Vale do Rio Preto;3305158
105;1;2020;Petrópolis;3303906
106;1;2020;Petrópolis;3303906
107;1;2020;Paraíba do Sul;3303708
108;1;2020;"Comendador Levy Gasparian;Areal;Três Rios";9999991
109;1;2020;Sapucaia;3305406
110;1;2020;Teresópolis;3305802
111;1;2020;Sumidouro;3305703
112;1;2020;Carmo;3301207
118;1;2020;Araruama;3300209
119;1;2020;Rio Bonito;3304300
120;1;2020;Silva Jardim;3305604
121;1;2020;Casimiro de Abreu;3301306
122;1;2020;Conceição de Macabú;3301405
123;1;2020;Macaé;3302403
124;1;2020;Saquarema;3305505
125;1;2020;São Pedro da Aldeia;3305208
126;1;2020;Cabo Frio;3300704
127;1;2020;Armação dos Búzios;3300233
128;1;2020;Rio das Ostras;3304524
129;1;2020;Iguaba Grande;3301876
130;1;2020;"Quissamã;Carapebus";9999994
132;1;2020;Arraial do Cabo;3300258
134;1;2020;Campos dos Goytacazes;3301009
135;1;2020;Itaocara;3302106
136;1;2020;"Santo Antônio de Pádua;Aperibé";9999993
137;1;2020;Miracema;3303005
138;1;2020;Laje do Muriaé;3302304
139;1;2020;Porciúncula;3304102
140;1;2020;"Natividade;Varre-Sai";9999997
141;1;2020;São Fidélis;3304805
142;1;2020;Cambuci;3300902
143;1;2020;"Itaperuna;São José de Ubá";9999996
144;1;2020;Bom Jesus de Itabapoana;3300605
145;1;2020;São João da Barra;3305000
146;1;2020;Campos dos Goytacazes;3301009
147;1;2020;São Francisco de Itabapoana;3304755
148;1;2020;"Cardoso Moreira;Italva";9999995
151;1;2020;Nova Friburgo;3303401
152;1;2020;Duas Barras;3301603
153;1;2020;Cantagalo;3301108
154;1;2020;"Cordeiro;Macuco";9999998
155;1;2020;São Sebastião do Alto;3305307
156;1;2020;Santa Maria Madalena;3304607
157;1;2020;Trajano de Morais;3305901
158;1;2020;Bom Jardim;3300506
159;1;2020;Cachoeiras de Macacu;3300803
165;1;2020;Mangaratiba;3302601
166;1;2020;Angra dos Reis;3300100
167;1;2020;Paraty;3303807
168;1;2020;Rio Claro;3304409
1;2;2020;Rio de Janeiro;3304557
4;2;2020;Rio de Janeiro;3304557
5;2;2020;Rio de Janeiro;3304557
6;2;2020;Rio de Janeiro;3304557
7;2;2020;Rio de Janeiro;3304557
9;2;2020;Rio de Janeiro;3304557
10;2;2020;Rio de Janeiro;3304557
11;2;2020;Rio de Janeiro;3304557
12;2;2020;Rio de Janeiro;3304557
13;2;2020;Rio de Janeiro;3304557
14;2;2020;Rio de Janeiro;3304557
15;2;2020;Rio de Janeiro;3304557
16;2;2020;Rio de Janeiro;3304557
17;2;2020;Rio de Janeiro;3304557
18;2;2020;Rio de Janeiro;3304557
19;2;2020;Rio de Janeiro;3304557
20;2;2020;Rio de Janeiro;3304557
21;2;2020;Rio de Janeiro;3304557
22;2;2020;Rio de Janeiro;3304557
23;2;2020;Rio de Janeiro;3304557
24;2;2020;Rio de Janeiro;3304557
25;2;2020;Rio de Janeiro;3304557
26;2;2020;Rio de Janeiro;3304557
27;2;2020;Rio de Janeiro;3304557
28;2;2020;Rio de Janeiro;3304557
29;2;2020;Rio de Janeiro;3304557
30;2;2020;Rio de Janeiro;3304557
31;2;2020;Rio de Janeiro;3304557
32;2;2020;Rio de Janeiro;3304557
33;2;2020;Rio de Janeiro;3304557
34;2;2020;Rio de Janeiro;3304557
35;2;2020;Rio de Janeiro;3304557
36;2;2020;Rio de Janeiro;3304557
37;2;2020;Rio de Janeiro;3304557
38;2;2020;Rio de Janeiro;3304557
39;2;2020;Rio de Janeiro;3304557
40;2;2020;Rio de Janeiro;3304557
41;2;2020;Rio de Janeiro;3304557
42;2;2020;Rio de Janeiro;3304557
43;2;2020;Rio de Janeiro;3304557
44;2;2020;Rio de Janeiro;3304557
48;2;2020;Seropédica;3305554
50;2;2020;Itaguaí;3302007
51;2;2020;Paracambi;3303609
52;2;2020;Nova Iguaçu;3303500
53;2;2020;Mesquita;3302858
54;2;2020;Belford Roxo;3300456
55;2;2020;Queimados;3304144
56;2;2020;Nova Iguaçu;3303500
57;2;2020;Nilópolis;3303203
58;2;2020;Nova Iguaçu;3303500
59;2;2020;Duque de Caxias;3301702
60;2;2020;Duque de Caxias;3301702
61;2;2020;Duque de Caxias;3301702
62;2;2020;Duque de Caxias;3301702
63;2;2020;Japeri;3302270
64;2;2020;São João de Meriti;3305109
65;2;2020;Magé;3302502
66;2;2020;Magé;3302502
67;2;2020;Guapimirim;3301850
70;2;2020;Tanguá;3305752
71;2;2020;Itaboraí;3301900
72;2;2020;São Gonçalo;3304904
73;2;2020;São Gonçalo;3304904
74;2;2020;São Gonçalo;3304904
75;2;2020;São Gonçalo;3304904
76;2;2020;Niterói;3303302
77;2;2020;Niterói;3303302
78;2;2020;Niterói;3303302
79;2;2020;Niterói;3303302
81;2;2020;Niterói;3303302
82;2;2020;Maricá;3302700
88;2;2020;Barra do Pirai;3300308
89;2;2020;Resende;3304201
90;2;2020;Barra Mansa;3300407
91;2;2020;Valença;3306107
92;2;2020;Rio das Flores;3304508
93;2;2020;Volta Redonda;3306305
94;2;2020;Piraí;3304003
95;2;2020;Vassouras;3306206
96;2;2020;"Miguel Pereira;Paty dos Alferes";9999999
97;2;2020;Mendes;3302809
98;2;2020;Engenheiro Paulo de Frontin;3301801
99;2;2020;Itatiaia;3302254
100;2;2020;"Porto Real;Quatis";9999992
101;2;2020;Pinheiral;3303955
104;2;2020;São José do Vale do Rio Preto;3305158
105;2;2020;Petrópolis;3303906
106;2;2020;Petrópolis;3303906
107;2;2020;Paraíba do Sul;3303708
108;2;2020;"Comendador Levy Gasparian;Areal;Três Rios";9999991
109;2;2020;Sapucaia;3305406
110;2;2020;Teresópolis;3305802
111;2;2020;Sumidouro;3305703
112;2;2020;Carmo;3301207
118;2;2020;Araruama;3300209
119;2;2020;Rio Bonito;3304300
120;2;2020;Silva Jardim;3305604
121;2;2020;Casimiro de Abreu;3301306
122;2;2020;Conceição de Macabú;3301405
123;2;2020;Macaé;3302403
124;2;2020;Saquarema;3305505
125;2;2020;São Pedro da Aldeia;3305208
126;2;2020;Cabo Frio;3300704
127;2;2020;Armação dos Búzios;3300233
128;2;2020;Rio das Ostras;3304524
129;2;2020;Iguaba Grande;3301876
130;2;2020;"Quissamã;Carapebus";9999994
132;2;2020;Arraial do Cabo;3300258
134;2;2020;Campos dos Goytacazes;3301009
135;2;2020;Itaocara;3302106
136;2;2020;"Santo Antônio de Pádua;Aperibé";9999993
137;2;2020;Miracema;3303005
138;2;2020;Laje do Muriaé;3302304
139;2;2020;Porciúncula;3304102
140;2;2020;"Natividade;Varre-Sai";9999997
141;2;2020;São Fidélis;3304805
142;2;2020;Cambuci;3300902
143;2;2020;"Itaperuna;São José de Ubá";9999996
144;2;2020;Bom Jesus de Itabapoana;3300605
145;2;2020;São João da Barra;3305000
146;2;2020;Campos dos Goytacazes;3301009
147;2;2020;São Francisco de Itabapoana;3304755
148;2;2020;"Cardoso Moreira;Italva";9999995
151;2;2020;Nova Friburgo;3303401
152;2;2020;Duas Barras;3301603
153;2;2020;Cantagalo;3301108
154;2;2020;"Cordeiro;Macuco";9999998
155;2;2020;São Sebastião do Alto;3305307
156;2;2020;Santa Maria Madalena;3304607
157;2;2020;Trajano de Morais;3305901
158;2;2020;Bom Jardim;3300506
159;2;2020;Cachoeiras de Macacu;3300803
165;2;2020;Mangaratiba;3302601
166;2;2020;Angra dos Reis;3300100
167;2;2020;Paraty;3303807
168;2;2020;Rio Claro;3304409
1;3;2020;Rio de Janeiro;3304557
4;3;2020;Rio de Janeiro;3304557
5;3;2020;Rio de Janeiro;3304557
6;3;2020;Rio de Janeiro;3304557
7;3;2020;Rio de Janeiro;3304557
9;3;2020;Rio de Janeiro;3304557
10;3;2020;Rio de Janeiro;3304557
11;3;2020;Rio de Janeiro;3304557
12;3;2020;Rio de Janeiro;3304557
13;3;2020;Rio de Janeiro;3304557
14;3;2020;Rio de Janeiro;3304557
15;3;2020;Rio de Janeiro;3304557
16;3;2020;Rio de Janeiro;3304557
17;3;2020;Rio de Janeiro;3304557
18;3;2020;Rio de Janeiro;3304557
19;3;2020;Rio de Janeiro;3304557
20;3;2020;Rio de Janeiro;3304557
21;3;2020;Rio de Janeiro;3304557
22;3;2020;Rio de Janeiro;3304557
23;3;2020;Rio de Janeiro;3304557
24;3;2020;Rio de Janeiro;3304557
25;3;2020;Rio de Janeiro;3304557
26;3;2020;Rio de Janeiro;3304557
27;3;2020;Rio de Janeiro;3304557
28;3;2020;Rio de Janeiro;3304557
29;3;2020;Rio de Janeiro;3304557
30;3;2020;Rio de Janeiro;3304557
31;3;2020;Rio de Janeiro;3304557
32;3;2020;Rio de Janeiro;3304557
33;3;2020;Rio de Janeiro;3304557
34;3;2020;Rio de Janeiro;3304557
35;3;2020;Rio de Janeiro;3304557
36;3;2020;Rio de Janeiro;3304557
37;3;2020;Rio de Janeiro;3304557
38;3;2020;Rio de Janeiro;3304557
39;3;2020;Rio de Janeiro;3304557
40;3;2020;Rio de Janeiro;3304557
41;3;2020;Rio de Janeiro;3304557
42;3;2020;Rio de Janeiro;3304557
43;3;2020;Rio de Janeiro;3304557
44;3;2020;Rio de Janeiro;3304557
48;3;2020;Seropédica;3305554
50;3;2020;Itaguaí;3302007
51;3;2020;Paracambi;3303609
52;3;2020;Nova Iguaçu;3303500
53;3;2020;Mesquita;3302858
54;3;2020;Belford Roxo;3300456
55;3;2020;Queimados;3304144
56;3;2020;Nova Iguaçu;3303500
57;3;2020;Nilópolis;3303203
58;3;2020;Nova Iguaçu;3303500
59;3;2020;Duque de Caxias;3301702
60;3;2020;Duque de Caxias;3301702
61;3;2020;Duque de Caxias;3301702
62;3;2020;Duque de Caxias;3301702
63;3;2020;Japeri;3302270
64;3;2020;São João de Meriti;3305109
65;3;2020;Magé;3302502
66;3;2020;Magé;3302502
67;3;2020;Guapimirim;3301850
70;3;2020;Tanguá;3305752
71;3;2020;Itaboraí;3301900
72;3;2020;São Gonçalo;3304904
73;3;2020;São Gonçalo;3304904
74;3;2020;São Gonçalo;3304904
75;3;2020;São Gonçalo;3304904
76;3;2020;Niterói;3303302
77;3;2020;Niterói;3303302
78;3;2020;Niterói;3303302
79;3;2020;Niterói;3303302
81;3;2020;Niterói;3303302
82;3;2020;Maricá;3302700
88;3;2020;Barra do Pirai;3300308
89;3;2020;Resende;3304201
90;3;2020;Barra Mansa;3300407
91;3;2020;Valença;3306107
92;3;2020;Rio das Flores;3304508
93;3;2020;Volta Redonda;3306305
94;3;2020;Piraí;3304003
95;3;2020;Vassouras;3306206
96;3;2020;"Miguel Pereira;Paty dos Alferes";9999999
97;3;2020;Mendes;3302809
98;3;2020;Engenheiro Paulo de Frontin;3301801
99;3;2020;Itatiaia;3302254
100;3;2020;"Porto Real;Quatis";9999992
101;3;2020;Pinheiral;3303955
104;3;2020;São José do Vale do Rio Preto;3305158
105;3;2020;Petrópolis;3303906
106;3;2020;Petrópolis;3303906
107;3;2020;Paraíba do Sul;3303708
108;3;2020;"Comendador Levy Gasparian;Areal;Três Rios";9999991
109;3;2020;Sapucaia;3305406
110;3;2020;Teresópolis;3305802
111;3;2020;Sumidouro;3305703
112;3;2020;Carmo;3301207
118;3;2020;Araruama;3300209
119;3;2020;Rio Bonito;3304300
120;3;2020;Silva Jardim;3305604
121;3;2020;Casimiro de Abreu;3301306
122;3;2020;Conceição de Macabú;3301405
123;3;2020;Macaé;3302403
124;3;2020;Saquarema;3305505
125;3;2020;São Pedro da Aldeia;3305208
126;3;2020;Cabo Frio;3300704
127;3;2020;Armação dos Búzios;3300233
128;3;2020;Rio das Ostras;3304524
129;3;2020;Iguaba Grande;3301876
130;3;2020;"Quissamã;Carapebus";9999994
132;3;2020;Arraial do Cabo;3300258
134;3;2020;Campos dos Goytacazes;3301009
135;3;2020;Itaocara;3302106
136;3;2020;"Santo Antônio de Pádua;Aperibé";9999993
137;3;2020;Miracema;3303005
138;3;2020;Laje do Muriaé;3302304
139;3;2020;Porciúncula;3304102
140;3;2020;"Natividade;Varre-Sai";9999997
141;3;2020;São Fidélis;3304805
142;3;2020;Cambuci;3300902
143;3;2020;"Itaperuna;São José de Ubá";9999996
144;3;2020;Bom Jesus de Itabapoana;3300605
145;3;2020;São João da Barra;3305000
146;3;2020;Campos dos Goytacazes;3301009
147;3;2020;São Francisco de Itabapoana;3304755
148;3;2020;"Cardoso Moreira;Italva";9999995
151;3;2020;Nova Friburgo;3303401
152;3;2020;Duas Barras;3301603
153;3;2020;Cantagalo;3301108
154;3;2020;"Cordeiro;Macuco";9999998
155;3;2020;São Sebastião do Alto;3305307
156;3;2020;Santa Maria Madalena;3304607
157;3;2020;Trajano de Morais;3305901
158;3;2020;Bom Jardim;3300506
159;3;2020;Cachoeiras de Macacu;3300803
165;3;2020;Mangaratiba;3302601
166;3;2020;Angra dos Reis;3300100
167;3;2020;Paraty;3303807
168;3;2020;Rio Claro;3304409
1;4;2020;Rio de Janeiro;3304557
4;4;2020;Rio de Janeiro;3304557
5;4;2020;Rio de Janeiro;3304557
6;4;2020;Rio de Janeiro;3304557
7;4;2020;Rio de Janeiro;3304557
9;4;2020;Rio de Janeiro;3304557
10;4;2020;Rio de Janeiro;3304557
11;4;2020;Rio de Janeiro;3304557
12;4;2020;Rio de Janeiro;3304557
13;4;2020;Rio de Janeiro;3304557
14;4;2020;Rio de Janeiro;3304557
15;4;2020;Rio de Janeiro;3304557
16;4;2020;Rio de Janeiro;3304557
17;4;2020;Rio de Janeiro;3304557
18;4;2020;Rio de Janeiro;3304557
19;4;2020;Rio de Janeiro;3304557
20;4;2020;Rio de Janeiro;3304557
21;4;2020;Rio de Janeiro;3304557
22;4;2020;Rio de Janeiro;3304557
23;4;2020;Rio de Janeiro;3304557
24;4;2020;Rio de Janeiro;3304557
25;4;2020;Rio de Janeiro;3304557
26;4;2020;Rio de Janeiro;3304557
27;4;2020;Rio de Janeiro;3304557
28;4;2020;Rio de Janeiro;3304557
29;4;2020;Rio de Janeiro;3304557
30;4;2020;Rio de Janeiro;3304557
31;4;2020;Rio de Janeiro;3304557
32;4;2020;Rio de Janeiro;3304557
33;4;2020;Rio de Janeiro;3304557
34;4;2020;Rio de Janeiro;3304557
35;4;2020;Rio de Janeiro;3304557
36;4;2020;Rio de Janeiro;3304557
37;4;2020;Rio de Janeiro;3304557
38;4;2020;Rio de Janeiro;3304557
39;4;2020;Rio de Janeiro;3304557
40;4;2020;Rio de Janeiro;3304557
41;4;2020;Rio de Janeiro;3304557
42;4;2020;Rio de Janeiro;3304557
43;4;2020;Rio de Janeiro;3304557
44;4;2020;Rio de Janeiro;3304557
48;4;2020;Seropédica;3305554
50;4;2020;Itaguaí;3302007
51;4;2020;Paracambi;3303609
52;4;2020;Nova Iguaçu;3303500
53;4;2020;Mesquita;3302858
54;4;2020;Belford Roxo;3300456
55;4;2020;Queimados;3304144
56;4;2020;Nova Iguaçu;3303500
57;4;2020;Nilópolis;3303203
58;4;2020;Nova Iguaçu;3303500
59;4;2020;Duque de Caxias;3301702
60;4;2020;Duque de Caxias;3301702
61;4;2020;Duque de Caxias;3301702
62;4;2020;Duque de Caxias;3301702
63;4;2020;Japeri;3302270
64;4;2020;São João de Meriti;3305109
65;4;2020;Magé;3302502
66;4;2020;Magé;3302502
67;4;2020;Guapimirim;3301850
70;4;2020;Tanguá;3305752
71;4;2020;Itaboraí;3301900
72;4;2020;São Gonçalo;3304904
73;4;2020;São Gonçalo;3304904
74;4;2020;São Gonçalo;3304904
75;4;2020;São Gonçalo;3304904
76;4;2020;Niterói;3303302
77;4;2020;Niterói;3303302
78;4;2020;Niterói;3303302
79;4;2020;Niterói;3303302
81;4;2020;Niterói;3303302
82;4;2020;Maricá;3302700
88;4;2020;Barra do Pirai;3300308
89;4;2020;Resende;3304201
90;4;2020;Barra Mansa;3300407
91;4;2020;Valença;3306107
92;4;2020;Rio das Flores;3304508
93;4;2020;Volta Redonda;3306305
94;4;2020;Piraí;3304003
95;4;2020;Vassouras;3306206
96;4;2020;"Miguel Pereira;Paty dos Alferes";9999999
97;4;2020;Mendes;3302809
98;4;2020;Engenheiro Paulo de Frontin;3301801
99;4;2020;Itatiaia;3302254
100;4;2020;"Porto Real;Quatis";9999992
101;4;2020;Pinheiral;3303955
104;4;2020;São José do Vale do Rio Preto;3305158
105;4;2020;Petrópolis;3303906
106;4;2020;Petrópolis;3303906
107;4;2020;Paraíba do Sul;3303708
108;4;2020;"Comendador Levy Gasparian;Areal;Três Rios";9999991
109;4;2020;Sapucaia;3305406
110;4;2020;Teresópolis;3305802
111;4;2020;Sumidouro;3305703
112;4;2020;Carmo;3301207
118;4;2020;Araruama;3300209
119;4;2020;Rio Bonito;3304300
120;4;2020;Silva Jardim;3305604
121;4;2020;Casimiro de Abreu;3301306
122;4;2020;Conceição de Macabú;3301405
123;4;2020;Macaé;3302403
124;4;2020;Saquarema;3305505
125;4;2020;São Pedro da Aldeia;3305208
126;4;2020;Cabo Frio;3300704
127;4;2020;Armação dos Búzios;3300233
128;4;2020;Rio das Ostras;3304524
129;4;2020;Iguaba Grande;3301876
130;4;2020;"Quissamã;Carapebus";9999994
132;4;2020;Arraial do Cabo;3300258
134;4;2020;Campos dos Goytacazes;3301009
135;4;2020;Itaocara;3302106
136;4;2020;"Santo Antônio de Pádua;Aperibé";9999993
137;4;2020;Miracema;3303005
138;4;2020;Laje do Muriaé;3302304
139;4;2020;Porciúncula;3304102
140;4;2020;"Natividade;Varre-Sai";9999997
141;4;2020;São Fidélis;3304805
142;4;2020;Cambuci;3300902
143;4;2020;"Itaperuna;São José de Ubá";9999996
144;4;2020;Bom Jesus de Itabapoana;3300605
145;4;2020;São João da Barra;3305000
146;4;2020;Campos dos Goytacazes;3301009
147;4;2020;São Francisco de Itabapoana;3304755
148;4;2020;"Cardoso Moreira;Italva";9999995
151;4;2020;Nova Friburgo;3303401
152;4;2020;Duas Barras;3301603
153;4;2020;Cantagalo;3301108
154;4;2020;"Cordeiro;Macuco";9999998
155;4;2020;São Sebastião do Alto;3305307
156;4;2020;Santa Maria Madalena;3304607
157;4;2020;Trajano de Morais;3305901
158;4;2020;Bom Jardim;3300506
159;4;2020;Cachoeiras de Macacu;3300803
165;4;2020;Mangaratiba;3302601
166;4;2020;Angra dos Reis;3300100
167;4;2020;Paraty;3303807
168;4;2020;Rio Claro;3304409
1;5;2020;Rio de Janeiro;3304557
4;5;2020;Rio de Janeiro;3304557
5;5;2020;Rio de Janeiro;3304557
6;5;2020;Rio de Janeiro;3304557
7;5;2020;Rio de Janeiro;3304557
9;5;2020;Rio de Janeiro;3304557
10;5;2020;Rio de Janeiro;3304557
11;5;2020;Rio de Janeiro;3304557
12;5;2020;Rio de Janeiro;3304557
13;5;2020;Rio de Janeiro;3304557
14;5;2020;Rio de Janeiro;3304557
15;5;2020;Rio de Janeiro;3304557
16;5;2020;Rio de Janeiro;3304557
17;5;2020;Rio de Janeiro;3304557
18;5;2020;Rio de Janeiro;3304557
19;5;2020;Rio de Janeiro;3304557
20;5;2020;Rio de Janeiro;3304557
21;5;2020;Rio de Janeiro;3304557
22;5;2020;Rio de Janeiro;3304557
23;5;2020;Rio de Janeiro;3304557
24;5;2020;Rio de Janeiro;3304557
25;5;2020;Rio de Janeiro;3304557
26;5;2020;Rio de Janeiro;3304557
27;5;2020;Rio de Janeiro;3304557
28;5;2020;Rio de Janeiro;3304557
29;5;2020;Rio de Janeiro;3304557
30;5;2020;Rio de Janeiro;3304557
31;5;2020;Rio de Janeiro;3304557
32;5;2020;Rio de Janeiro;3304557
33;5;2020;Rio de Janeiro;3304557
34;5;2020;Rio de Janeiro;3304557
35;5;2020;Rio de Janeiro;3304557
36;5;2020;Rio de Janeiro;3304557
37;5;2020;Rio de Janeiro;3304557
38;5;2020;Rio de Janeiro;3304557
39;5;2020;Rio de Janeiro;3304557
40;5;2020;Rio de Janeiro;3304557
41;5;2020;Rio de Janeiro;3304557
42;5;2020;Rio de Janeiro;3304557
43;5;2020;Rio de Janeiro;3304557
44;5;2020;Rio de Janeiro;3304557
48;5;2020;Seropédica;3305554
50;5;2020;Itaguaí;3302007
51;5;2020;Paracambi;3303609
52;5;2020;Nova Iguaçu;3303500
53;5;2020;Mesquita;3302858
54;5;2020;Belford Roxo;3300456
55;5;2020;Queimados;3304144
56;5;2020;Nova Iguaçu;3303500
57;5;2020;Nilópolis;3303203
58;5;2020;Nova Iguaçu;3303500
59;5;2020;Duque de Caxias;3301702
60;5;2020;Duque de Caxias;3301702
61;5;2020;Duque de Caxias;3301702
62;5;2020;Duque de Caxias;3301702
63;5;2020;Japeri;3302270
64;5;2020;São João de Meriti;3305109
65;5;2020;Magé;3302502
66;5;2020;Magé;3302502
67;5;2020;Guapimirim;3301850
70;5;2020;Tanguá;3305752
71;5;2020;Itaboraí;3301900
72;5;2020;São Gonçalo;3304904
73;5;2020;São Gonçalo;3304904
74;5;2020;São Gonçalo;3304904
75;5;2020;São Gonçalo;3304904
76;5;2020;Niterói;3303302
77;5;2020;Niterói;3303302
78;5;2020;Niterói;3303302
79;5;2020;Niterói;3303302
81;5;2020;Niterói;3303302
82;5;2020;Maricá;3302700
88;5;2020;Barra do Pirai;3300308
89;5;2020;Resende;3304201
90;5;2020;Barra Mansa;3300407
91;5;2020;Valença;3306107
92;5;2020;Rio das Flores;3304508
93;5;2020;Volta Redonda;3306305
94;5;2020;Piraí;3304003
95;5;2020;Vassouras;3306206
96;5;2020;"Miguel Pereira;Paty dos Alferes";9999999
97;5;2020;Mendes;3302809
98;5;2020;Engenheiro Paulo de Frontin;3301801
99;5;2020;Itatiaia;3302254
100;5;2020;"Porto Real;Quatis";9999992
101;5;2020;Pinheiral;3303955
104;5;2020;São José do Vale do Rio Preto;3305158
105;5;2020;Petrópolis;3303906
106;5;2020;Petrópolis;3303906
107;5;2020;Paraíba do Sul;3303708
108;5;2020;"Comendador Levy Gasparian;Areal;Três Rios";9999991
109;5;2020;Sapucaia;3305406
110;5;2020;Teresópolis;3305802
111;5;2020;Sumidouro;3305703
112;5;2020;Carmo;3301207
118;5;2020;Araruama;3300209
119;5;2020;Rio Bonito;3304300
120;5;2020;Silva Jardim;3305604
121;5;2020;Casimiro de Abreu;3301306
122;5;2020;Conceição de Macabú;3301405
123;5;2020;Macaé;3302403
124;5;2020;Saquarema;3305505
125;5;2020;São Pedro da Aldeia;3305208
126;5;2020;Cabo Frio;3300704
127;5;2020;Armação dos Búzios;3300233
128;5;2020;Rio das Ostras;3304524
129;5;2020;Iguaba Grande;3301876
130;5;2020;"Quissamã;Carapebus";9999994
132;5;2020;Arraial do Cabo;3300258
134;5;2020;Campos dos Goytacazes;3301009
135;5;2020;Itaocara;3302106
136;5;2020;"Santo Antônio de Pádua;Aperibé";9999993
137;5;2020;Miracema;3303005
138;5;2020;Laje do Muriaé;3302304
139;5;2020;Porciúncula;3304102
140;5;2020;"Natividade;Varre-Sai";9999997
141;5;2020;São Fidélis;3304805
142;5;2020;Cambuci;3300902
143;5;2020;"Itaperuna;São José de Ubá";9999996
144;5;2020;Bom Jesus de Itabapoana;3300605
145;5;2020;São João da Barra;3305000
146;5;2020;Campos dos Goytacazes;3301009
147;5;2020;São Francisco de Itabapoana;3304755
148;5;2020;"Cardoso Moreira;Italva";9999995
151;5;2020;Nova Friburgo;3303401
152;5;2020;Duas Barras;3301603
153;5;2020;Cantagalo;3301108
154;5;2020;"Cordeiro;Macuco";9999998
155;5;2020;São Sebastião do Alto;3305307
156;5;2020;Santa Maria Madalena;3304607
157;5;2020;Trajano de Morais;3305901
158;5;2020;Bom Jardim;3300506
159;5;2020;Cachoeiras de Macacu;3300803
165;5;2020;Mangaratiba;3302601
166;5;2020;Angra dos Reis;3300100
167;5;2020;Paraty;3303807
168;5;2020;Rio Claro;3304409
1;6;2020;Rio de Janeiro;3304557
4;6;2020;Rio de Janeiro;3304557
5;6;2020;Rio de Janeiro;3304557
6;6;2020;Rio de Janeiro;3304557
7;6;2020;Rio de Janeiro;3304557
9;6;2020;Rio de Janeiro;3304557
10;6;2020;Rio de Janeiro;3304557
11;6;2020;Rio de Janeiro;3304557
12;6;2020;Rio de Janeiro;3304557
13;6;2020;Rio de Janeiro;3304557
14;6;2020;Rio de Janeiro;3304557
15;6;2020;Rio de Janeiro;3304557
16;6;2020;Rio de Janeiro;3304557
17;6;2020;Rio de Janeiro;3304557
18;6;2020;Rio de Janeiro;3304557
19;6;2020;Rio de Janeiro;3304557
20;6;2020;Rio de Janeiro;3304557
21;6;2020;Rio de Janeiro;3304557
22;6;2020;Rio de Janeiro;3304557
23;6;2020;Rio de Janeiro;3304557
24;6;2020;Rio de Janeiro;3304557
25;6;2020;Rio de Janeiro;3304557
26;6;2020;Rio de Janeiro;3304557
27;6;2020;Rio de Janeiro;3304557
28;6;2020;Rio de Janeiro;3304557
29;6;2020;Rio de Janeiro;3304557
30;6;2020;Rio de Janeiro;3304557
31;6;2020;Rio de Janeiro;3304557
32;6;2020;Rio de Janeiro;3304557
33;6;2020;Rio de Janeiro;3304557
34;6;2020;Rio de Janeiro;3304557
35;6;2020;Rio de Janeiro;3304557
36;6;2020;Rio de Janeiro;3304557
37;6;2020;Rio de Janeiro;3304557
38;6;2020;Rio de Janeiro;3304557
39;6;2020;Rio de Janeiro;3304557
40;6;2020;Rio de Janeiro;3304557
41;6;2020;Rio de Janeiro;3304557
42;6;2020;Rio de Janeiro;3304557
43;6;2020;Rio de Janeiro;3304557
44;6;2020;Rio de Janeiro;3304557
48;6;2020;Seropédica;3305554
50;6;2020;Itaguaí;3302007
51;6;2020;Paracambi;3303609
52;6;2020;Nova Iguaçu;3303500
53;6;2020;Mesquita;3302858
54;6;2020;Belford Roxo;3300456
55;6;2020;Queimados;3304144
56;6;2020;Nova Iguaçu;3303500
57;6;2020;Nilópolis;3303203
58;6;2020;Nova Iguaçu;3303500
59;6;2020;Duque de Caxias;3301702
60;6;2020;Duque de Caxias;3301702
61;6;2020;Duque de Caxias;3301702
62;6;2020;Duque de Caxias;3301702
63;6;2020;Japeri;3302270
64;6;2020;São João de Meriti;3305109
65;6;2020;Magé;3302502
66;6;2020;Magé;3302502
67;6;2020;Guapimirim;3301850
70;6;2020;Tanguá;3305752
71;6;2020;Itaboraí;3301900
72;6;2020;São Gonçalo;3304904
73;6;2020;São Gonçalo;3304904
74;6;2020;São Gonçalo;3304904
75;6;2020;São Gonçalo;3304904
76;6;2020;Niterói;3303302
77;6;2020;Niterói;3303302
78;6;2020;Niterói;3303302
79;6;2020;Niterói;3303302
81;6;2020;Niterói;3303302
82;6;2020;Maricá;3302700
88;6;2020;Barra do Pirai;3300308
89;6;2020;Resende;3304201
90;6;2020;Barra Mansa;3300407
91;6;2020;Valença;3306107
92;6;2020;Rio das Flores;3304508
93;6;2020;Volta Redonda;3306305
94;6;2020;Piraí;3304003
95;6;2020;Vassouras;3306206
96;6;2020;"Miguel Pereira;Paty dos Alferes";9999999
97;6;2020;Mendes;3302809
98;6;2020;Engenheiro Paulo de Frontin;3301801
99;6;2020;Itatiaia;3302254
100;6;2020;"Porto Real;Quatis";9999992
101;6;2020;Pinheiral;3303955
104;6;2020;São José do Vale do Rio Preto;3305158
105;6;2020;Petrópolis;3303906
106;6;2020;Petrópolis;3303906
107;6;2020;Paraíba do Sul;3303708
108;6;2020;"Comendador Levy Gasparian;Areal;Três Rios";9999991
109;6;2020;Sapucaia;3305406
110;6;2020;Teresópolis;3305802
111;6;2020;Sumidouro;3305703
112;6;2020;Carmo;3301207
118;6;2020;Araruama;3300209
119;6;2020;Rio Bonito;3304300
120;6;2020;Silva Jardim;3305604
121;6;2020;Casimiro de Abreu;3301306
122;6;2020;Conceição de Macabú;3301405
123;6;2020;Macaé;3302403
124;6;2020;Saquarema;3305505
125;6;2020;São Pedro da Aldeia;3305208
126;6;2020;Cabo Frio;3300704
127;6;2020;Armação dos Búzios;3300233
128;6;2020;Rio das Ostras;3304524
129;6;2020;Iguaba Grande;3301876
130;6;2020;"Quissamã;Carapebus";9999994
132;6;2020;Arraial do Cabo;3300258
134;6;2020;Campos dos Goytacazes;3301009
135;6;2020;Itaocara;3302106
136;6;2020;"Santo Antônio de Pádua;Aperibé";9999993
137;6;2020;Miracema;3303005
138;6;2020;Laje do Muriaé;3302304
139;6;2020;Porciúncula;3304102
140;6;2020;"Natividade;Varre-Sai";9999997
141;6;2020;São Fidélis;3304805
142;6;2020;Cambuci;3300902
143;6;2020;"Itaperuna;São José de Ubá";9999996
144;6;2020;Bom Jesus de Itabapoana;3300605
145;6;2020;São João da Barra;3305000
146;6;2020;Campos dos Goytacazes;3301009
147;6;2020;São Francisco de Itabapoana;3304755
148;6;2020;"Cardoso Moreira;Italva";9999995
151;6;2020;Nova Friburgo;3303401
152;6;2020;Duas Barras;3301603
153;6;2020;Cantagalo;3301108
154;6;2020;"Cordeiro;Macuco";9999998
155;6;2020;São Sebastião do Alto;3305307
156;6;2020;Santa Maria Madalena;3304607
157;6;2020;Trajano de Morais;3305901
158;6;2020;Bom Jardim;3300506
159;6;2020;Cachoeiras de Macacu;3300803
165;6;2020;Mangaratiba;3302601
166;6;2020;Angra dos Reis;3300100
167;6;2020;Paraty;3303807
168;6;2020;Rio Claro;3304409
1;7;2020;Rio de Janeiro;3304557
4;7;2020;Rio de Janeiro;3304557
5;7;2020;Rio de Janeiro;3304557
6;7;2020;Rio de Janeiro;3304557
7;7;2020;Rio de Janeiro;3304557
9;7;2020;Rio de Janeiro;3304557
10;7;2020;Rio de Janeiro;3304557
11;7;2020;Rio de Janeiro;3304557
12;7;2020;Rio de Janeiro;3304557
13;7;2020;Rio de Janeiro;3304557
14;7;2020;Rio de Janeiro;3304557
15;7;2020;Rio de Janeiro;3304557
16;7;2020;Rio de Janeiro;3304557
17;7;2020;Rio de Janeiro;3304557
18;7;2020;Rio de Janeiro;3304557
19;7;2020;Rio de Janeiro;3304557
20;7;2020;Rio de Janeiro;3304557
21;7;2020;Rio de Janeiro;3304557
22;7;2020;Rio de Janeiro;3304557
23;7;2020;Rio de Janeiro;3304557
24;7;2020;Rio de Janeiro;3304557
25;7;2020;Rio de Janeiro;3304557
26;7;2020;Rio de Janeiro;3304557
27;7;2020;Rio de Janeiro;3304557
28;7;2020;Rio de Janeiro;3304557
29;7;2020;Rio de Janeiro;3304557
30;7;2020;Rio de Janeiro;3304557
31;7;2020;Rio de Janeiro;3304557
32;7;2020;Rio de Janeiro;3304557
33;7;2020;Rio de Janeiro;3304557
34;7;2020;Rio de Janeiro;3304557
35;7;2020;Rio de Janeiro;3304557
36;7;2020;Rio de Janeiro;3304557
37;7;2020;Rio de Janeiro;3304557
38;7;2020;Rio de Janeiro;3304557
39;7;2020;Rio de Janeiro;3304557
40;7;2020;Rio de Janeiro;3304557
41;7;2020;Rio de Janeiro;3304557
42;7;2020;Rio de Janeiro;3304557
43;7;2020;Rio de Janeiro;3304557
44;7;2020;Rio de Janeiro;3304557
48;7;2020;Seropédica;3305554
50;7;2020;Itaguaí;3302007
51;7;2020;Paracambi;3303609
52;7;2020;Nova Iguaçu;3303500
53;7;2020;Mesquita;3302858
54;7;2020;Belford Roxo;3300456
55;7;2020;Queimados;3304144
56;7;2020;Nova Iguaçu;3303500
57;7;2020;Nilópolis;3303203
58;7;2020;Nova Iguaçu;3303500
59;7;2020;Duque de Caxias;3301702
60;7;2020;Duque de Caxias;3301702
61;7;2020;Duque de Caxias;3301702
62;7;2020;Duque de Caxias;3301702
63;7;2020;Japeri;3302270
64;7;2020;São João de Meriti;3305109
65;7;2020;Magé;3302502
66;7;2020;Magé;3302502
67;7;2020;Guapimirim;3301850
70;7;2020;Tanguá;3305752
71;7;2020;Itaboraí;3301900
72;7;2020;São Gonçalo;3304904
73;7;2020;São Gonçalo;3304904
74;7;2020;São Gonçalo;3304904
75;7;2020;São Gonçalo;3304904
76;7;2020;Niterói;3303302
77;7;2020;Niterói;3303302
78;7;2020;Niterói;3303302
79;7;2020;Niterói;3303302
81;7;2020;Niterói;3303302
82;7;2020;Maricá;3302700
88;7;2020;Barra do Pirai;3300308
89;7;2020;Resende;3304201
90;7;2020;Barra Mansa;3300407
91;7;2020;Valença;3306107
92;7;2020;Rio das Flores;3304508
93;7;2020;Volta Redonda;3306305
94;7;2020;Piraí;3304003
95;7;2020;Vassouras;3306206
96;7;2020;"Miguel Pereira;Paty dos Alferes";9999999
97;7;2020;Mendes;3302809
98;7;2020;Engenheiro Paulo de Frontin;3301801
99;7;2020;Itatiaia;3302254
100;7;2020;"Porto Real;Quatis";9999992
101;7;2020;Pinheiral;3303955
104;7;2020;São José do Vale do Rio Preto;3305158
105;7;2020;Petrópolis;3303906
106;7;2020;Petrópolis;3303906
107;7;2020;Paraíba do Sul;3303708
108;7;2020;"Comendador Levy Gasparian;Areal;Três Rios";9999991
109;7;2020;Sapucaia;3305406
110;7;2020;Teresópolis;3305802
111;7;2020;Sumidouro;3305703
112;7;2020;Carmo;3301207
118;7;2020;Araruama;3300209
119;7;2020;Rio Bonito;3304300
120;7;2020;Silva Jardim;3305604
121;7;2020;Casimiro de Abreu;3301306
122;7;2020;Conceição de Macabú;3301405
123;7;2020;Macaé;3302403
124;7;2020;Saquarema;3305505
125;7;2020;São Pedro da Aldeia;3305208
126;7;2020;Cabo Frio;3300704
127;7;2020;Armação dos Búzios;3300233
128;7;2020;Rio das Ostras;3304524
129;7;2020;Iguaba Grande;3301876
130;7;2020;"Quissamã;Carapebus";9999994
132;7;2020;Arraial do Cabo;3300258
134;7;2020;Campos dos Goytacazes;3301009
135;7;2020;Itaocara;3302106
136;7;2020;"Santo Antônio de Pádua;Aperibé";9999993
137;7;2020;Miracema;3303005
138;7;2020;Laje do Muriaé;3302304
139;7;2020;Porciúncula;3304102
140;7;2020;"Natividade;Varre-Sai";9999997
141;7;2020;São Fidélis;3304805
142;7;2020;Cambuci;3300902
143;7;2020;"Itaperuna;São José de Ubá";9999996
144;7;2020;Bom Jesus de Itabapoana;3300605
145;7;2020;São João da Barra;3305000
146;7;2020;Campos dos Goytacazes;3301009
147;7;2020;São Francisco de Itabapoana;3304755
148;7;2020;"Cardoso Moreira;Italva";9999995
151;7;2020;Nova Friburgo;3303401
152;7;2020;Duas Barras;3301603
153;7;2020;Cantagalo;3301108
154;7;2020;"Cordeiro;Macuco";9999998
155;7;2020;São Sebastião do Alto;3305307
156;7;2020;Santa Maria Madalena;3304607
157;7;2020;Trajano de Morais;3305901
158;7;2020;Bom Jardim;3300506
159;7;2020;Cachoeiras de Macacu;3300803
165;7;2020;Mangaratiba;3302601
166;7;2020;Angra dos Reis;3300100
167;7;2020;Paraty;3303807
168;7;2020;Rio Claro;3304409
1;8;2020;Rio de Janeiro;3304557
4;8;2020;Rio de Janeiro;3304557
5;8;2020;Rio de Janeiro;3304557
6;8;2020;Rio de Janeiro;3304557
7;8;2020;Rio de Janeiro;3304557
9;8;2020;Rio de Janeiro;3304557
10;8;2020;Rio de Janeiro;3304557
11;8;2020;Rio de Janeiro;3304557
12;8;2020;Rio de Janeiro;3304557
13;8;2020;Rio de Janeiro;3304557
14;8;2020;Rio de Janeiro;3304557
15;8;2020;Rio de Janeiro;3304557
16;8;2020;Rio de Janeiro;3304557
17;8;2020;Rio de Janeiro;3304557
18;8;2020;Rio de Janeiro;3304557
19;8;2020;Rio de Janeiro;3304557
20;8;2020;Rio de Janeiro;3304557
21;8;2020;Rio de Janeiro;3304557
22;8;2020;Rio de Janeiro;3304557
23;8;2020;Rio de Janeiro;3304557
24;8;2020;Rio de Janeiro;3304557
25;8;2020;Rio de Janeiro;3304557
26;8;2020;Rio de Janeiro;3304557
27;8;2020;Rio de Janeiro;3304557
28;8;2020;Rio de Janeiro;3304557
29;8;2020;Rio de Janeiro;3304557
30;8;2020;Rio de Janeiro;3304557
31;8;2020;Rio de Janeiro;3304557
32;8;2020;Rio de Janeiro;3304557
33;8;2020;Rio de Janeiro;3304557
34;8;2020;Rio de Janeiro;3304557
35;8;2020;Rio de Janeiro;3304557
36;8;2020;Rio de Janeiro;3304557
37;8;2020;Rio de Janeiro;3304557
38;8;2020;Rio de Janeiro;3304557
39;8;2020;Rio de Janeiro;3304557
40;8;2020;Rio de Janeiro;3304557
41;8;2020;Rio de Janeiro;3304557
42;8;2020;Rio de Janeiro;3304557
43;8;2020;Rio de Janeiro;3304557
44;8;2020;Rio de Janeiro;3304557
48;8;2020;Seropédica;3305554
50;8;2020;Itaguaí;3302007
51;8;2020;Paracambi;3303609
52;8;2020;Nova Iguaçu;3303500
53;8;2020;Mesquita;3302858
54;8;2020;Belford Roxo;3300456
55;8;2020;Queimados;3304144
56;8;2020;Nova Iguaçu;3303500
57;8;2020;Nilópolis;3303203
58;8;2020;Nova Iguaçu;3303500
59;8;2020;Duque de Caxias;3301702
60;8;2020;Duque de Caxias;3301702
61;8;2020;Duque de Caxias;3301702
62;8;2020;Duque de Caxias;3301702
63;8;2020;Japeri;3302270
64;8;2020;São João de Meriti;3305109
65;8;2020;Magé;3302502
66;8;2020;Magé;3302502
67;8;2020;Guapimirim;3301850
70;8;2020;Tanguá;3305752
71;8;2020;Itaboraí;3301900
72;8;2020;São Gonçalo;3304904
73;8;2020;São Gonçalo;3304904
74;8;2020;São Gonçalo;3304904
75;8;2020;São Gonçalo;3304904
76;8;2020;Niterói;3303302
77;8;2020;Niterói;3303302
78;8;2020;Niterói;3303302
79;8;2020;Niterói;3303302
81;8;2020;Niterói;3303302
82;8;2020;Maricá;3302700
88;8;2020;Barra do Pirai;3300308
89;8;2020;Resende;3304201
90;8;2020;Barra Mansa;3300407
91;8;2020;Valença;3306107
92;8;2020;Rio das Flores;3304508
93;8;2020;Volta Redonda;3306305
94;8;2020;Piraí;3304003
95;8;2020;Vassouras;3306206
96;8;2020;"Miguel Pereira;Paty dos Alferes";9999999
97;8;2020;Mendes;3302809
98;8;2020;Engenheiro Paulo de Frontin;3301801
99;8;2020;Itatiaia;3302254
100;8;2020;"Porto Real;Quatis";9999992
101;8;2020;Pinheiral;3303955
104;8;2020;São José do Vale do Rio Preto;3305158
105;8;2020;Petrópolis;3303906
106;8;2020;Petrópolis;3303906
107;8;2020;Paraíba do Sul;3303708
108;8;2020;"Comendador Levy Gasparian;Areal;Três Rios";9999991
109;8;2020;Sapucaia;3305406
110;8;2020;Teresópolis;3305802
111;8;2020;Sumidouro;3305703
112;8;2020;Carmo;3301207
118;8;2020;Araruama;3300209
119;8;2020;Rio Bonito;3304300
120;8;2020;Silva Jardim;3305604
121;8;2020;Casimiro de Abreu;3301306
122;8;2020;Conceição de Macabú;3301405
123;8;2020;Macaé;3302403
124;8;2020;Saquarema;3305505
125;8;2020;São Pedro da Aldeia;3305208
126;8;2020;Cabo Frio;3300704
127;8;2020;Armação dos Búzios;3300233
128;8;2020;Rio das Ostras;3304524
129;8;2020;Iguaba Grande;3301876
130;8;2020;"Quissamã;Carapebus";9999994
132;8;2020;Arraial do Cabo;3300258
134;8;2020;Campos dos Goytacazes;3301009
135;8;2020;Itaocara;3302106
136;8;2020;"Santo Antônio de Pádua;Aperibé";9999993
137;8;2020;Miracema;3303005
138;8;2020;Laje do Muriaé;3302304
139;8;2020;Porciúncula;3304102
140;8;2020;"Natividade;Varre-Sai";9999997
141;8;2020;São Fidélis;3304805
142;8;2020;Cambuci;3300902
143;8;2020;"Itaperuna;São José de Ubá";9999996
144;8;2020;Bom Jesus de Itabapoana;3300605
145;8;2020;São João da Barra;3305000
146;8;2020;Campos dos Goytacazes;3301009
147;8;2020;São Francisco de Itabapoana;3304755
148;8;2020;"Cardoso Moreira;Italva";9999995
151;8;2020;Nova Friburgo;3303401
152;8;2020;Duas Barras;3301603
153;8;2020;Cantagalo;3301108
154;8;2020;"Cordeiro;Macuco";9999998
155;8;2020;São Sebastião do Alto;3305307
156;8;2020;Santa Maria Madalena;3304607
157;8;2020;Trajano de Morais;3305901
158;8;2020;Bom Jardim;3300506
159;8;2020;Cachoeiras de Macacu;3300803
165;8;2020;Mangaratiba;3302601
166;8;2020;Angra dos Reis;3300100
167;8;2020;Paraty;3303807
168;8;2020;Rio Claro;3304409
1;9;2020;Rio de Janeiro;3304557
4;9;2020;Rio de Janeiro;3304557
5;9;2020;Rio de Janeiro;3304557
6;9;2020;Rio de Janeiro;3304557
7;9;2020;Rio de Janeiro;3304557
9;9;2020;Rio de Janeiro;3304557
10;9;2020;Rio de Janeiro;3304557
11;9;2020;Rio de Janeiro;3304557
12;9;2020;Rio de Janeiro;3304557
13;9;2020;Rio de Janeiro;3304557
14;9;2020;Rio de Janeiro;3304557
15;9;2020;Rio de Janeiro;3304557
16;9;2020;Rio de Janeiro;3304557
17;9;2020;Rio de Janeiro;3304557
18;9;2020;Rio de Janeiro;3304557
19;9;2020;Rio de Janeiro;3304557
20;9;2020;Rio de Janeiro;3304557
21;9;2020;Rio de Janeiro;3304557
22;9;2020;Rio de Janeiro;3304557
23;9;2020;Rio de Janeiro;3304557
24;9;2020;Rio de Janeiro;3304557
25;9;2020;Rio de Janeiro;3304557
26;9;2020;Rio de Janeiro;3304557
27;9;2020;Rio de Janeiro;3304557
28;9;2020;Rio de Janeiro;3304557
29;9;2020;Rio de Janeiro;3304557
30;9;2020;Rio de Janeiro;3304557
31;9;2020;Rio de Janeiro;3304557
32;9;2020;Rio de Janeiro;3304557
33;9;2020;Rio de Janeiro;3304557
34;9;2020;Rio de Janeiro;3304557
35;9;2020;Rio de Janeiro;3304557
36;9;2020;Rio de Janeiro;3304557
37;9;2020;Rio de Janeiro;3304557
38;9;2020;Rio de Janeiro;3304557
39;9;2020;Rio de Janeiro;3304557
40;9;2020;Rio de Janeiro;3304557
41;9;2020;Rio de Janeiro;3304557
42;9;2020;Rio de Janeiro;3304557
43;9;2020;Rio de Janeiro;3304557
44;9;2020;Rio de Janeiro;3304557
48;9;2020;Seropédica;3305554
50;9;2020;Itaguaí;3302007
51;9;2020;Paracambi;3303609
52;9;2020;Nova Iguaçu;3303500
53;9;2020;Mesquita;3302858
54;9;2020;Belford Roxo;3300456
55;9;2020;Queimados;3304144
56;9;2020;Nova Iguaçu;3303500
57;9;2020;Nilópolis;3303203
58;9;2020;Nova Iguaçu;3303500
59;9;2020;Duque de Caxias;3301702
60;9;2020;Duque de Caxias;3301702
61;9;2020;Duque de Caxias;3301702
62;9;2020;Duque de Caxias;3301702
63;9;2020;Japeri;3302270
64;9;2020;São João de Meriti;3305109
65;9;2020;Magé;3302502
66;9;2020;Magé;3302502
67;9;2020;Guapimirim;3301850
70;9;2020;Tanguá;3305752
71;9;2020;Itaboraí;3301900
72;9;2020;São Gonçalo;3304904
73;9;2020;São Gonçalo;3304904
74;9;2020;São Gonçalo;3304904
75;9;2020;São Gonçalo;3304904
76;9;2020;Niterói;3303302
77;9;2020;Niterói;3303302
78;9;2020;Niterói;3303302
79;9;2020;Niterói;3303302
81;9;2020;Niterói;3303302
82;9;2020;Maricá;3302700
88;9;2020;Barra do Pirai;3300308
89;9;2020;Resende;3304201
90;9;2020;Barra Mansa;3300407
91;9;2020;Valença;3306107
92;9;2020;Rio das Flores;3304508
93;9;2020;Volta Redonda;3306305
94;9;2020;Piraí;3304003
95;9;2020;Vassouras;3306206
96;9;2020;"Miguel Pereira;Paty dos Alferes";9999999
97;9;2020;Mendes;3302809
98;9;2020;Engenheiro Paulo de Frontin;3301801
99;9;2020;Itatiaia;3302254
100;9;2020;"Porto Real;Quatis";9999992
101;9;2020;Pinheiral;3303955
104;9;2020;São José do Vale do Rio Preto;3305158
105;9;2020;Petrópolis;3303906
106;9;2020;Petrópolis;3303906
107;9;2020;Paraíba do Sul;3303708
108;9;2020;"Comendador Levy Gasparian;Areal;Três Rios";9999991
109;9;2020;Sapucaia;3305406
110;9;2020;Teresópolis;3305802
111;9;2020;Sumidouro;3305703
112;9;2020;Carmo;3301207
118;9;2020;Araruama;3300209
119;9;2020;Rio Bonito;3304300
120;9;2020;Silva Jardim;3305604
121;9;2020;Casimiro de Abreu;3301306
122;9;2020;Conceição de Macabú;3301405
123;9;2020;Macaé;3302403
124;9;2020;Saquarema;3305505
125;9;2020;São Pedro da Aldeia;3305208
126;9;2020;Cabo Frio;3300704
127;9;2020;Armação dos Búzios;3300233
128;9;2020;Rio das Ostras;3304524
129;9;2020;Iguaba Grande;3301876
130;9;2020;"Quissamã;Carapebus";9999994
132;9;2020;Arraial do Cabo;3300258
134;9;2020;Campos dos Goytacazes;3301009
135;9;2020;Itaocara;3302106
136;9;2020;"Santo Antônio de Pádua;Aperibé";9999993
137;9;2020;Miracema;3303005
138;9;2020;Laje do Muriaé;3302304
139;9;2020;Porciúncula;3304102
140;9;2020;"Natividade;Varre-Sai";9999997
141;9;2020;São Fidélis;3304805
142;9;2020;Cambuci;3300902
143;9;2020;"Itaperuna;São José de Ubá";9999996
144;9;2020;Bom Jesus de Itabapoana;3300605
145;9;2020;São João da Barra;3305000
146;9;2020;Campos dos Goytacazes;3301009
147;9;2020;São Francisco de Itabapoana;3304755
148;9;2020;"Cardoso Moreira;Italva";9999995
151;9;2020;Nova Friburgo;3303401
152;9;2020;Duas Barras;3301603
153;9;2020;Cantagalo;3301108
154;9;2020;"Cordeiro;Macuco";9999998
155;9;2020;São Sebastião do Alto;3305307
156;9;2020;Santa Maria Madalena;3304607
157;9;2020;Trajano de Morais;3305901
158;9;2020;Bom Jardim;3300506
159;9;2020;Cachoeiras de Macacu;3300803
165;9;2020;Mangaratiba;3302601
166;9;2020;Angra dos Reis;3300100
167;9;2020;Paraty;3303807
168;9;2020;Rio Claro;3304409
1;10;2020;Rio de Janeiro;3304557
4;10;2020;Rio de Janeiro;3304557
5;10;2020;Rio de Janeiro;3304557
6;10;2020;Rio de Janeiro;3304557
7;10;2020;Rio de Janeiro;3304557
9;10;2020;Rio de Janeiro;3304557
10;10;2020;Rio de Janeiro;3304557
11;10;2020;Rio de Janeiro;3304557
12;10;2020;Rio de Janeiro;3304557
13;10;2020;Rio de Janeiro;3304557
14;10;2020;Rio de Janeiro;3304557
15;10;2020;Rio de Janeiro;3304557
16;10;2020;Rio de Janeiro;3304557
17;10;2020;Rio de Janeiro;3304557
18;10;2020;Rio de Janeiro;3304557
19;10;2020;Rio de Janeiro;3304557
20;10;2020;Rio de Janeiro;3304557
21;10;2020;Rio de Janeiro;3304557
22;10;2020;Rio de Janeiro;3304557
23;10;2020;Rio de Janeiro;3304557
24;10;2020;Rio de Janeiro;3304557
25;10;2020;Rio de Janeiro;3304557
26;10;2020;Rio de Janeiro;3304557
27;10;2020;Rio de Janeiro;3304557
28;10;2020;Rio de Janeiro;3304557
29;10;2020;Rio de Janeiro;3304557
30;10;2020;Rio de Janeiro;3304557
31;10;2020;Rio de Janeiro;3304557
32;10;2020;Rio de Janeiro;3304557
33;10;2020;Rio de Janeiro;3304557
34;10;2020;Rio de Janeiro;3304557
35;10;2020;Rio de Janeiro;3304557
36;10;2020;Rio de Janeiro;3304557
37;10;2020;Rio de Janeiro;3304557
38;10;2020;Rio de Janeiro;3304557
39;10;2020;Rio de Janeiro;3304557
40;10;2020;Rio de Janeiro;3304557
41;10;2020;Rio de Janeiro;3304557
42;10;2020;Rio de Janeiro;3304557
43;10;2020;Rio de Janeiro;3304557
44;10;2020;Rio de Janeiro;3304557
48;10;2020;Seropédica;3305554
50;10;2020;Itaguaí;3302007
51;10;2020;Paracambi;3303609
52;10;2020;Nova Iguaçu;3303500
53;10;2020;Mesquita;3302858
54;10;2020;Belford Roxo;3300456
55;10;2020;Queimados;3304144
56;10;2020;Nova Iguaçu;3303500
57;10;2020;Nilópolis;3303203
58;10;2020;Nova Iguaçu;3303500
59;10;2020;Duque de Caxias;3301702
60;10;2020;Duque de Caxias;3301702
61;10;2020;Duque de Caxias;3301702
62;10;2020;Duque de Caxias;3301702
63;10;2020;Japeri;3302270
64;10;2020;São João de Meriti;3305109
65;10;2020;Magé;3302502
66;10;2020;Magé;3302502
67;10;2020;Guapimirim;3301850
70;10;2020;Tanguá;3305752
71;10;2020;Itaboraí;3301900
72;10;2020;São Gonçalo;3304904
73;10;2020;São Gonçalo;3304904
74;10;2020;São Gonçalo;3304904
75;10;2020;São Gonçalo;3304904
76;10;2020;Niterói;3303302
77;10;2020;Niterói;3303302
78;10;2020;Niterói;3303302
79;10;2020;Niterói;3303302
81;10;2020;Niterói;3303302
82;10;2020;Maricá;3302700
88;10;2020;Barra do Pirai;3300308
89;10;2020;Resende;3304201
90;10;2020;Barra Mansa;3300407
91;10;2020;Valença;3306107
92;10;2020;Rio das Flores;3304508
93;10;2020;Volta Redonda;3306305
94;10;2020;Piraí;3304003
95;10;2020;Vassouras;3306206
96;10;2020;"Miguel Pereira;Paty dos Alferes";9999999
97;10;2020;Mendes;3302809
98;10;2020;Engenheiro Paulo de Frontin;3301801
99;10;2020;Itatiaia;3302254
100;10;2020;"Porto Real;Quatis";9999992
101;10;2020;Pinheiral;3303955
104;10;2020;São José do Vale do Rio Preto;3305158
105;10;2020;Petrópolis;3303906
106;10;2020;Petrópolis;3303906
107;10;2020;Paraíba do Sul;3303708
108;10;2020;"Comendador Levy Gasparian;Areal;Três Rios";9999991
109;10;2020;Sapucaia;3305406
110;10;2020;Teresópolis;3305802
111;10;2020;Sumidouro;3305703
112;10;2020;Carmo;3301207
118;10;2020;Araruama;3300209
119;10;2020;Rio Bonito;3304300
120;10;2020;Silva Jardim;3305604
121;10;2020;Casimiro de Abreu;3301306
122;10;2020;Conceição de Macabú;3301405
123;10;2020;Macaé;3302403
124;10;2020;Saquarema;3305505
125;10;2020;São Pedro da Aldeia;3305208
126;10;2020;Cabo Frio;3300704
127;10;2020;Armação dos Búzios;3300233
128;10;2020;Rio das Ostras;3304524
129;10;2020;Iguaba Grande;3301876
130;10;2020;"Quissamã;Carapebus";9999994
132;10;2020;Arraial do Cabo;3300258
134;10;2020;Campos dos Goytacazes;3301009
135;10;2020;Itaocara;3302106
136;10;2020;"Santo Antônio de Pádua;Aperibé";9999993
137;10;2020;Miracema;3303005
138;10;2020;Laje do Muriaé;3302304
139;10;2020;Porciúncula;3304102
140;10;2020;"Natividade;Varre-Sai";9999997
141;10;2020;São Fidélis;3304805
142;10;2020;Cambuci;3300902
143;10;2020;"Itaperuna;São José de Ubá";9999996
144;10;2020;Bom Jesus de Itabapoana;3300605
145;10;2020;São João da Barra;3305000
146;10;2020;Campos dos Goytacazes;3301009
147;10;2020;São Francisco de Itabapoana;3304755
148;10;2020;"Cardoso Moreira;Italva";9999995
151;10;2020;Nova Friburgo;3303401
152;10;2020;Duas Barras;3301603
153;10;2020;Cantagalo;3301108
154;10;2020;"Cordeiro;Macuco";9999998
155;10;2020;São Sebastião do Alto;3305307
156;10;2020;Santa Maria Madalena;3304607
157;10;2020;Trajano de Morais;3305901
158;10;2020;Bom Jardim;3300506
159;10;2020;Cachoeiras de Macacu;3300803
165;10;2020;Mangaratiba;3302601
166;10;2020;Angra dos Reis;3300100
167;10;2020;Paraty;3303807
168;10;2020;Rio Claro;3304409
1;11;2020;Rio de Janeiro;3304557
4;11;2020;Rio de Janeiro;3304557
5;11;2020;Rio de Janeiro;3304557
6;11;2020;Rio de Janeiro;3304557
7;11;2020;Rio de Janeiro;3304557
9;11;2020;Rio de Janeiro;3304557
10;11;2020;Rio de Janeiro;3304557
11;11;2020;Rio de Janeiro;3304557
12;11;2020;Rio de Janeiro;3304557
13;11;2020;Rio de Janeiro;3304557
14;11;2020;Rio de Janeiro;3304557
15;11;2020;Rio de Janeiro;3304557
16;11;2020;Rio de Janeiro;3304557
17;11;2020;Rio de Janeiro;3304557
18;11;2020;Rio de Janeiro;3304557
19;11;2020;Rio de Janeiro;3304557
20;11;2020;Rio de Janeiro;3304557
21;11;2020;Rio de Janeiro;3304557
22;11;2020;Rio de Janeiro;3304557
23;11;2020;Rio de Janeiro;3304557
24;11;2020;Rio de Janeiro;3304557
25;11;2020;Rio de Janeiro;3304557
26;11;2020;Rio de Janeiro;3304557
27;11;2020;Rio de Janeiro;3304557
28;11;2020;Rio de Janeiro;3304557
29;11;2020;Rio de Janeiro;3304557
30;11;2020;Rio de Janeiro;3304557
31;11;2020;Rio de Janeiro;3304557
32;11;2020;Rio de Janeiro;3304557
33;11;2020;Rio de Janeiro;3304557
34;11;2020;Rio de Janeiro;3304557
35;11;2020;Rio de Janeiro;3304557
36;11;2020;Rio de Janeiro;3304557
37;11;2020;Rio de Janeiro;3304557
38;11;2020;Rio de Janeiro;3304557
39;11;2020;Rio de Janeiro;3304557
40;11;2020;Rio de Janeiro;3304557
41;11;2020;Rio de Janeiro;3304557
42;11;2020;Rio de Janeiro;3304557
43;11;2020;Rio de Janeiro;3304557
44;11;2020;Rio de Janeiro;3304557
48;11;2020;Seropédica;3305554
50;11;2020;Itaguaí;3302007
51;11;2020;Paracambi;3303609
52;11;2020;Nova Iguaçu;3303500
53;11;2020;Mesquita;3302858
54;11;2020;Belford Roxo;3300456
55;11;2020;Queimados;3304144
56;11;2020;Nova Iguaçu;3303500
57;11;2020;Nilópolis;3303203
58;11;2020;Nova Iguaçu;3303500
59;11;2020;Duque de Caxias;3301702
60;11;2020;Duque de Caxias;3301702
61;11;2020;Duque de Caxias;3301702
62;11;2020;Duque de Caxias;3301702
63;11;2020;Japeri;3302270
64;11;2020;São João de Meriti;3305109
65;11;2020;Magé;3302502
66;11;2020;Magé;3302502
67;11;2020;Guapimirim;3301850
70;11;2020;Tanguá;3305752
71;11;2020;Itaboraí;3301900
72;11;2020;São Gonçalo;3304904
73;11;2020;São Gonçalo;3304904
74;11;2020;São Gonçalo;3304904
75;11;2020;São Gonçalo;3304904
76;11;2020;Niterói;3303302
77;11;2020;Niterói;3303302
78;11;2020;Niterói;3303302
79;11;2020;Niterói;3303302
81;11;2020;Niterói;3303302
82;11;2020;Maricá;3302700
88;11;2020;Barra do Pirai;3300308
89;11;2020;Resende;3304201
90;11;2020;Barra Mansa;3300407
91;11;2020;Valença;3306107
92;11;2020;Rio das Flores;3304508
93;11;2020;Volta Redonda;3306305
94;11;2020;Piraí;3304003
95;11;2020;Vassouras;3306206
96;11;2020;"Miguel Pereira;Paty dos Alferes";9999999
97;11;2020;Mendes;3302809
98;11;2020;Engenheiro Paulo de Frontin;3301801
99;11;2020;Itatiaia;3302254
100;11;2020;"Porto Real;Quatis";9999992
101;11;2020;Pinheiral;3303955
104;11;2020;São José do Vale do Rio Preto;3305158
105;11;2020;Petrópolis;3303906
106;11;2020;Petrópolis;3303906
107;11;2020;Paraíba do Sul;3303708
108;11;2020;"Comendador Levy Gasparian;Areal;Três Rios";9999991
109;11;2020;Sapucaia;3305406
110;11;2020;Teresópolis;3305802
111;11;2020;Sumidouro;3305703
112;11;2020;Carmo;3301207
118;11;2020;Araruama;3300209
119;11;2020;Rio Bonito;3304300
120;11;2020;Silva Jardim;3305604
121;11;2020;Casimiro de Abreu;3301306
122;11;2020;Conceição de Macabú;3301405
123;11;2020;Macaé;3302403
124;11;2020;Saquarema;3305505
125;11;2020;São Pedro da Aldeia;3305208
126;11;2020;Cabo Frio;3300704
127;11;2020;Armação dos Búzios;3300233
128;11;2020;Rio das Ostras;3304524
129;11;2020;Iguaba Grande;3301876
130;11;2020;"Quissamã;Carapebus";9999994
132;11;2020;Arraial do Cabo;3300258
134;11;2020;Campos dos Goytacazes;3301009
135;11;2020;Itaocara;3302106
136;11;2020;"Santo Antônio de Pádua;Aperibé";9999993
137;11;2020;Miracema;3303005
138;11;2020;Laje do Muriaé;3302304
139;11;2020;Porciúncula;3304102
140;11;2020;"Natividade;Varre-Sai";9999997
141;11;2020;São Fidélis;3304805
142;11;2020;Cambuci;3300902
143;11;2020;"Itaperuna;São José de Ubá";9999996
144;11;2020;Bom Jesus de Itabapoana;3300605
145;11;2020;São João da Barra;3305000
146;11;2020;Campos dos Goytacazes;3301009
147;11;2020;São Francisco de Itabapoana;3304755
148;11;2020;"Cardoso Moreira;Italva";9999995
151;11;2020;Nova Friburgo;3303401
152;11;2020;Duas Barras;3301603
153;11;2020;Cantagalo;3301108
154;11;2020;"Cordeiro;Macuco";9999998
155;11;2020;São Sebastião do Alto;3305307
156;11;2020;Santa Maria Madalena;3304607
157;11;2020;Trajano de Morais;3305901
158;11;2020;Bom Jardim;3300506
159;11;2020;Cachoeiras de Macacu;3300803
165;11;2020;Mangaratiba;3302601
166;11;2020;Angra dos Reis;3300100
167;11;2020;Paraty;3303807
168;11;2020;Rio Claro;3304409
1;12;2020;Rio de Janeiro;3304557
4;12;2020;Rio de Janeiro;3304557
5;12;2020;Rio de Janeiro;3304557
6;12;2020;Rio de Janeiro;3304557
7;12;2020;Rio de Janeiro;3304557
9;12;2020;Rio de Janeiro;3304557
10;12;2020;Rio de Janeiro;3304557
11;12;2020;Rio de Janeiro;3304557
12;12;2020;Rio de Janeiro;3304557
13;12;2020;Rio de Janeiro;3304557
14;12;2020;Rio de Janeiro;3304557
15;12;2020;Rio de Janeiro;3304557
16;12;2020;Rio de Janeiro;3304557
17;12;2020;Rio de Janeiro;3304557
18;12;2020;Rio de Janeiro;3304557
19;12;2020;Rio de Janeiro;3304557
20;12;2020;Rio de Janeiro;3304557
21;12;2020;Rio de Janeiro;3304557
22;12;2020;Rio de Janeiro;3304557
23;12;2020;Rio de Janeiro;3304557
24;12;2020;Rio de Janeiro;3304557
25;12;2020;Rio de Janeiro;3304557
26;12;2020;Rio de Janeiro;3304557
27;12;2020;Rio de Janeiro;3304557
28;12;2020;Rio de Janeiro;3304557
29;12;2020;Rio de Janeiro;3304557
30;12;2020;Rio de Janeiro;3304557
31;12;2020;Rio de Janeiro;3304557
32;12;2020;Rio de Janeiro;3304557
33;12;2020;Rio de Janeiro;3304557
34;12;2020;Rio de Janeiro;3304557
35;12;2020;Rio de Janeiro;3304557
36;12;2020;Rio de Janeiro;3304557
37;12;2020;Rio de Janeiro;3304557
38;12;2020;Rio de Janeiro;3304557
39;12;2020;Rio de Janeiro;3304557
40;12;2020;Rio de Janeiro;3304557
41;12;2020;Rio de Janeiro;3304557
42;12;2020;Rio de Janeiro;3304557
43;12;2020;Rio de Janeiro;3304557
44;12;2020;Rio de Janeiro;3304557
48;12;2020;Seropédica;3305554
50;12;2020;Itaguaí;3302007
51;12;2020;Paracambi;3303609
52;12;2020;Nova Iguaçu;3303500
53;12;2020;Mesquita;3302858
54;12;2020;Belford Roxo;3300456
55;12;2020;Queimados;3304144
56;12;2020;Nova Iguaçu;3303500
57;12;2020;Nilópolis;3303203
58;12;2020;Nova Iguaçu;3303500
59;12;2020;Duque de Caxias;3301702
60;12;2020;Duque de Caxias;3301702
61;12;2020;Duque de Caxias;3301702
62;12;2020;Duque de Caxias;3301702
63;12;2020;Japeri;3302270
64;12;2020;São João de Meriti;3305109
65;12;2020;Magé;3302502
66;12;2020;Magé;3302502
67;12;2020;Guapimirim;3301850
70;12;2020;Tanguá;3305752
71;12;2020;Itaboraí;3301900
72;12;2020;São Gonçalo;3304904
73;12;2020;São Gonçalo;3304904
74;12;2020;São Gonçalo;3304904
75;12;2020;São Gonçalo;3304904
76;12;2020;Niterói;3303302
77;12;2020;Niterói;3303302
78;12;2020;Niterói;3303302
79;12;2020;Niterói;3303302
81;12;2020;Niterói;3303302
82;12;2020;Maricá;3302700
88;12;2020;Barra do Pirai;3300308
89;12;2020;Resende;3304201
90;12;2020;Barra Mansa;3300407
91;12;2020;Valença;3306107
92;12;2020;Rio das Flores;3304508
93;12;2020;Volta Redonda;3306305
94;12;2020;Piraí;3304003
95;12;2020;Vassouras;3306206
96;12;2020;"Miguel Pereira;Paty dos Alferes";9999999
97;12;2020;Mendes;3302809
98;12;2020;Engenheiro Paulo de Frontin;3301801
99;12;2020;Itatiaia;3302254
100;12;2020;"Porto Real;Quatis";9999992
101;12;2020;Pinheiral;3303955
104;12;2020;São José do Vale do Rio Preto;3305158
105;12;2020;Petrópolis;3303906
106;12;2020;Petrópolis;3303906
107;12;2020;Paraíba do Sul;3303708
108;12;2020;"Comendador Levy Gasparian;Areal;Três Rios";9999991
109;12;2020;Sapucaia;3305406
110;12;2020;Teresópolis;3305802
111;12;2020;Sumidouro;3305703
112;12;2020;Carmo;3301207
118;12;2020;Araruama;3300209
119;12;2020;Rio Bonito;3304300
120;12;2020;Silva Jardim;3305604
121;12;2020;Casimiro de Abreu;3301306
122;12;2020;Conceição de Macabú;3301405
123;12;2020;Macaé;3302403
124;12;2020;Saquarema;3305505
125;12;2020;São Pedro da Aldeia;3305208
126;12;2020;Cabo Frio;3300704
127;12;2020;Armação dos Búzios;3300233
128;12;2020;Rio das Ostras;3304524
129;12;2020;Iguaba Grande;3301876
130;12;2020;"Quissamã;Carapebus";9999994
132;12;2020;Arraial do Cabo;3300258
134;12;2020;Campos dos Goytacazes;3301009
135;12;2020;Itaocara;3302106
136;12;2020;"Santo Antônio de Pádua;Aperibé";9999993
137;12;2020;Miracema;3303005
138;12;2020;Laje do Muriaé;3302304
139;12;2020;Porciúncula;3304102
140;12;2020;"Natividade;Varre-Sai";9999997
141;12;2020;São Fidélis;3304805
142;12;2020;Cambuci;3300902
143;12;2020;"Itaperuna;São José de Ubá";9999996
144;12;2020;Bom Jesus de Itabapoana;3300605
145;12;2020;São João da Barra;3305000
146;12;2020;Campos dos Goytacazes;3301009
147;12;2020;São Francisco de Itabapoana;3304755
148;12;2020;"Cardoso Moreira;Italva";9999995
151;12;2020;Nova Friburgo;3303401
152;12;2020;Duas Barras;3301603
153;12;2020;Cantagalo;3301108
154;12;2020;"Cordeiro;Macuco";9999998
155;12;2020;São Sebastião do Alto;3305307
156;12;2020;Santa Maria Madalena;3304607
157;12;2020;Trajano de Morais;3305901
158;12;2020;Bom Jardim;3300506
159;12;2020;Cachoeiras de Macacu;3300803
165;12;2020;Mangaratiba;3302601
166;12;2020;Angra dos Reis;3300100
167;12;2020;Paraty;3303807
168;12;2020;Rio Claro;3304409
