aisp;mes;vano;circ
1;1;2003;6
1;1;2003;7
2;1;2003;9
2;1;2003;10
3;1;2003;23
3;1;2003;24
3;1;2003;25
3;1;2003;26
3;1;2003;44
4;1;2003;17
5;1;2003;1
5;1;2003;4
5;1;2003;5
6;1;2003;18
6;1;2003;19
6;1;2003;20
7;1;2003;72
7;1;2003;73
7;1;2003;74
7;1;2003;75
8;1;2003;134
8;1;2003;141
8;1;2003;145
8;1;2003;146
9;1;2003;27
9;1;2003;28
9;1;2003;29
9;1;2003;30
9;1;2003;39
9;1;2003;40
10;1;2003;88
10;1;2003;91
10;1;2003;92
10;1;2003;94
10;1;2003;95
10;1;2003;96
10;1;2003;97
10;1;2003;98
10;1;2003;107
10;1;2003;108
10;1;2003;109
10;1;2003;168
11;1;2003;111
11;1;2003;112
11;1;2003;151
11;1;2003;152
11;1;2003;153
11;1;2003;154
11;1;2003;156
11;1;2003;157
11;1;2003;158
11;1;2003;159
12;1;2003;76
12;1;2003;77
12;1;2003;78
12;1;2003;79
12;1;2003;81
12;1;2003;82
14;1;2003;31
14;1;2003;33
14;1;2003;34
15;1;2003;59
15;1;2003;60
15;1;2003;61
15;1;2003;62
16;1;2003;22
16;1;2003;38
17;1;2003;37
18;1;2003;32
18;1;2003;41
19;1;2003;12
19;1;2003;13
20;1;2003;52
20;1;2003;53
20;1;2003;54
20;1;2003;56
20;1;2003;57
20;1;2003;58
20;1;2003;64
22;1;2003;21
23;1;2003;14
23;1;2003;15
24;1;2003;48
24;1;2003;50
24;1;2003;51
24;1;2003;55
25;1;2003;118
25;1;2003;124
25;1;2003;125
25;1;2003;126
25;1;2003;127
25;1;2003;129
26;1;2003;105
26;1;2003;106
27;1;2003;36
28;1;2003;89
28;1;2003;90
28;1;2003;93
28;1;2003;99
28;1;2003;100
29;1;2003;138
29;1;2003;139
29;1;2003;140
29;1;2003;143
29;1;2003;144
30;1;2003;104
30;1;2003;110
31;1;2003;35
32;1;2003;165
32;1;2003;166
32;1;2003;167
34;1;2003;65
34;1;2003;66
34;1;2003;121
34;1;2003;122
34;1;2003;123
34;1;2003;128
35;1;2003;71
35;1;2003;119
35;1;2003;120
36;1;2003;16
37;1;2003;135
37;1;2003;136
37;1;2003;137
37;1;2003;142
37;1;2003;155
1;2;2003;6
1;2;2003;7
2;2;2003;9
2;2;2003;10
3;2;2003;23
3;2;2003;24
3;2;2003;25
3;2;2003;26
3;2;2003;44
4;2;2003;17
5;2;2003;1
5;2;2003;4
5;2;2003;5
6;2;2003;18
6;2;2003;19
6;2;2003;20
7;2;2003;72
7;2;2003;73
7;2;2003;74
7;2;2003;75
8;2;2003;134
8;2;2003;141
8;2;2003;145
8;2;2003;146
9;2;2003;27
9;2;2003;28
9;2;2003;29
9;2;2003;30
9;2;2003;39
9;2;2003;40
10;2;2003;88
10;2;2003;91
10;2;2003;92
10;2;2003;94
10;2;2003;95
10;2;2003;96
10;2;2003;97
10;2;2003;98
10;2;2003;107
10;2;2003;108
10;2;2003;109
10;2;2003;168
11;2;2003;111
11;2;2003;112
11;2;2003;151
11;2;2003;152
11;2;2003;153
11;2;2003;154
11;2;2003;156
11;2;2003;157
11;2;2003;158
11;2;2003;159
12;2;2003;76
12;2;2003;77
12;2;2003;78
12;2;2003;79
12;2;2003;81
12;2;2003;82
14;2;2003;31
14;2;2003;33
14;2;2003;34
15;2;2003;59
15;2;2003;60
15;2;2003;61
15;2;2003;62
16;2;2003;22
16;2;2003;38
17;2;2003;37
18;2;2003;32
18;2;2003;41
19;2;2003;12
19;2;2003;13
20;2;2003;52
20;2;2003;53
20;2;2003;54
20;2;2003;56
20;2;2003;57
20;2;2003;58
20;2;2003;64
22;2;2003;21
23;2;2003;14
23;2;2003;15
24;2;2003;48
24;2;2003;50
24;2;2003;51
24;2;2003;55
25;2;2003;118
25;2;2003;124
25;2;2003;125
25;2;2003;126
25;2;2003;127
25;2;2003;129
26;2;2003;105
26;2;2003;106
27;2;2003;36
28;2;2003;89
28;2;2003;90
28;2;2003;93
28;2;2003;99
28;2;2003;100
29;2;2003;138
29;2;2003;139
29;2;2003;140
29;2;2003;143
29;2;2003;144
30;2;2003;104
30;2;2003;110
31;2;2003;35
32;2;2003;165
32;2;2003;166
32;2;2003;167
34;2;2003;65
34;2;2003;66
34;2;2003;121
34;2;2003;122
34;2;2003;123
34;2;2003;128
35;2;2003;71
35;2;2003;119
35;2;2003;120
36;2;2003;16
37;2;2003;135
37;2;2003;136
37;2;2003;137
37;2;2003;142
37;2;2003;155
1;3;2003;6
1;3;2003;7
2;3;2003;9
2;3;2003;10
3;3;2003;23
3;3;2003;24
3;3;2003;25
3;3;2003;26
3;3;2003;44
4;3;2003;17
5;3;2003;1
5;3;2003;4
5;3;2003;5
6;3;2003;18
6;3;2003;19
6;3;2003;20
7;3;2003;72
7;3;2003;73
7;3;2003;74
7;3;2003;75
8;3;2003;134
8;3;2003;141
8;3;2003;145
8;3;2003;146
9;3;2003;27
9;3;2003;28
9;3;2003;29
9;3;2003;30
9;3;2003;39
9;3;2003;40
10;3;2003;88
10;3;2003;91
10;3;2003;92
10;3;2003;94
10;3;2003;95
10;3;2003;96
10;3;2003;97
10;3;2003;98
10;3;2003;107
10;3;2003;108
10;3;2003;109
10;3;2003;168
11;3;2003;111
11;3;2003;112
11;3;2003;151
11;3;2003;152
11;3;2003;153
11;3;2003;154
11;3;2003;156
11;3;2003;157
11;3;2003;158
11;3;2003;159
12;3;2003;76
12;3;2003;77
12;3;2003;78
12;3;2003;79
12;3;2003;81
12;3;2003;82
14;3;2003;31
14;3;2003;33
14;3;2003;34
15;3;2003;59
15;3;2003;60
15;3;2003;61
15;3;2003;62
16;3;2003;22
16;3;2003;38
17;3;2003;37
18;3;2003;32
18;3;2003;41
19;3;2003;12
19;3;2003;13
20;3;2003;52
20;3;2003;53
20;3;2003;54
20;3;2003;56
20;3;2003;57
20;3;2003;58
20;3;2003;64
22;3;2003;21
23;3;2003;14
23;3;2003;15
24;3;2003;48
24;3;2003;50
24;3;2003;51
24;3;2003;55
25;3;2003;118
25;3;2003;124
25;3;2003;125
25;3;2003;126
25;3;2003;127
25;3;2003;129
26;3;2003;105
26;3;2003;106
27;3;2003;36
28;3;2003;89
28;3;2003;90
28;3;2003;93
28;3;2003;99
28;3;2003;100
29;3;2003;138
29;3;2003;139
29;3;2003;140
29;3;2003;143
29;3;2003;144
30;3;2003;104
30;3;2003;110
31;3;2003;35
32;3;2003;165
32;3;2003;166
32;3;2003;167
34;3;2003;65
34;3;2003;66
34;3;2003;121
34;3;2003;122
34;3;2003;123
34;3;2003;128
35;3;2003;71
35;3;2003;119
35;3;2003;120
36;3;2003;16
37;3;2003;135
37;3;2003;136
37;3;2003;137
37;3;2003;142
37;3;2003;155
1;4;2003;6
1;4;2003;7
2;4;2003;9
2;4;2003;10
3;4;2003;23
3;4;2003;24
3;4;2003;25
3;4;2003;26
3;4;2003;44
4;4;2003;17
5;4;2003;1
5;4;2003;4
6;4;2003;18
6;4;2003;19
6;4;2003;20
7;4;2003;72
7;4;2003;73
7;4;2003;74
7;4;2003;75
8;4;2003;134
8;4;2003;141
8;4;2003;145
8;4;2003;146
9;4;2003;27
9;4;2003;28
9;4;2003;29
9;4;2003;30
9;4;2003;39
9;4;2003;40
10;4;2003;88
10;4;2003;91
10;4;2003;92
10;4;2003;94
10;4;2003;95
10;4;2003;96
10;4;2003;97
10;4;2003;98
10;4;2003;168
11;4;2003;111
11;4;2003;112
11;4;2003;151
11;4;2003;152
11;4;2003;153
11;4;2003;154
11;4;2003;156
11;4;2003;157
11;4;2003;158
12;4;2003;76
12;4;2003;77
12;4;2003;78
12;4;2003;79
12;4;2003;81
12;4;2003;82
13;4;2003;5
14;4;2003;31
14;4;2003;33
14;4;2003;34
15;4;2003;59
15;4;2003;60
15;4;2003;61
15;4;2003;62
16;4;2003;22
16;4;2003;38
17;4;2003;37
18;4;2003;32
18;4;2003;41
19;4;2003;12
19;4;2003;13
20;4;2003;52
20;4;2003;53
20;4;2003;54
20;4;2003;56
20;4;2003;57
20;4;2003;58
21;4;2003;64
22;4;2003;21
23;4;2003;14
23;4;2003;15
24;4;2003;48
24;4;2003;50
24;4;2003;51
24;4;2003;55
25;4;2003;118
25;4;2003;124
25;4;2003;125
25;4;2003;126
25;4;2003;127
25;4;2003;129
26;4;2003;105
26;4;2003;106
27;4;2003;36
28;4;2003;90
28;4;2003;93
28;4;2003;100
29;4;2003;138
29;4;2003;139
29;4;2003;140
29;4;2003;143
29;4;2003;144
30;4;2003;104
30;4;2003;110
31;4;2003;16
32;4;2003;121
32;4;2003;122
32;4;2003;123
32;4;2003;128
33;4;2003;165
33;4;2003;166
33;4;2003;167
34;4;2003;65
34;4;2003;66
35;4;2003;71
35;4;2003;119
35;4;2003;120
35;4;2003;159
36;4;2003;135
36;4;2003;136
36;4;2003;137
36;4;2003;142
36;4;2003;155
37;4;2003;89
37;4;2003;99
38;4;2003;107
38;4;2003;108
38;4;2003;109
39;4;2003;35
39;4;2003;43
1;5;2003;6
1;5;2003;7
2;5;2003;9
2;5;2003;10
3;5;2003;23
3;5;2003;24
3;5;2003;25
3;5;2003;26
3;5;2003;44
4;5;2003;17
5;5;2003;1
5;5;2003;4
6;5;2003;18
6;5;2003;19
6;5;2003;20
7;5;2003;72
7;5;2003;73
7;5;2003;74
7;5;2003;75
8;5;2003;134
8;5;2003;141
8;5;2003;145
8;5;2003;146
9;5;2003;27
9;5;2003;28
9;5;2003;29
9;5;2003;30
9;5;2003;39
9;5;2003;40
10;5;2003;88
10;5;2003;91
10;5;2003;92
10;5;2003;94
10;5;2003;95
10;5;2003;96
10;5;2003;97
10;5;2003;98
10;5;2003;168
11;5;2003;111
11;5;2003;112
11;5;2003;151
11;5;2003;152
11;5;2003;153
11;5;2003;154
11;5;2003;156
11;5;2003;157
11;5;2003;158
12;5;2003;76
12;5;2003;77
12;5;2003;78
12;5;2003;79
12;5;2003;81
12;5;2003;82
13;5;2003;5
14;5;2003;31
14;5;2003;33
14;5;2003;34
15;5;2003;59
15;5;2003;60
15;5;2003;61
15;5;2003;62
16;5;2003;22
16;5;2003;38
17;5;2003;37
18;5;2003;32
18;5;2003;41
19;5;2003;12
19;5;2003;13
20;5;2003;52
20;5;2003;53
20;5;2003;54
20;5;2003;56
20;5;2003;57
20;5;2003;58
21;5;2003;64
22;5;2003;21
23;5;2003;14
23;5;2003;15
24;5;2003;48
24;5;2003;50
24;5;2003;51
24;5;2003;55
25;5;2003;118
25;5;2003;124
25;5;2003;125
25;5;2003;126
25;5;2003;127
25;5;2003;129
26;5;2003;105
26;5;2003;106
27;5;2003;36
28;5;2003;90
28;5;2003;93
28;5;2003;100
29;5;2003;138
29;5;2003;139
29;5;2003;140
29;5;2003;143
29;5;2003;144
30;5;2003;104
30;5;2003;110
31;5;2003;16
32;5;2003;121
32;5;2003;122
32;5;2003;123
32;5;2003;128
33;5;2003;165
33;5;2003;166
33;5;2003;167
34;5;2003;65
34;5;2003;66
35;5;2003;71
35;5;2003;119
35;5;2003;120
35;5;2003;159
36;5;2003;135
36;5;2003;136
36;5;2003;137
36;5;2003;142
36;5;2003;155
37;5;2003;89
37;5;2003;99
38;5;2003;107
38;5;2003;108
38;5;2003;109
39;5;2003;35
39;5;2003;43
1;6;2003;6
1;6;2003;7
2;6;2003;9
2;6;2003;10
3;6;2003;23
3;6;2003;24
3;6;2003;25
3;6;2003;26
3;6;2003;44
4;6;2003;17
5;6;2003;1
5;6;2003;4
6;6;2003;18
6;6;2003;19
6;6;2003;20
7;6;2003;72
7;6;2003;73
7;6;2003;74
7;6;2003;75
8;6;2003;134
8;6;2003;141
8;6;2003;145
8;6;2003;146
9;6;2003;27
9;6;2003;28
9;6;2003;29
9;6;2003;30
9;6;2003;39
9;6;2003;40
10;6;2003;88
10;6;2003;91
10;6;2003;92
10;6;2003;94
10;6;2003;95
10;6;2003;96
10;6;2003;97
10;6;2003;98
10;6;2003;168
11;6;2003;111
11;6;2003;112
11;6;2003;151
11;6;2003;152
11;6;2003;153
11;6;2003;154
11;6;2003;156
11;6;2003;157
11;6;2003;158
12;6;2003;76
12;6;2003;77
12;6;2003;78
12;6;2003;79
12;6;2003;81
12;6;2003;82
13;6;2003;5
14;6;2003;31
14;6;2003;33
14;6;2003;34
15;6;2003;59
15;6;2003;60
15;6;2003;61
15;6;2003;62
16;6;2003;22
16;6;2003;38
17;6;2003;37
18;6;2003;32
18;6;2003;41
19;6;2003;12
19;6;2003;13
20;6;2003;52
20;6;2003;53
20;6;2003;54
20;6;2003;56
20;6;2003;57
20;6;2003;58
21;6;2003;64
22;6;2003;21
23;6;2003;14
23;6;2003;15
24;6;2003;48
24;6;2003;50
24;6;2003;51
24;6;2003;55
25;6;2003;118
25;6;2003;124
25;6;2003;125
25;6;2003;126
25;6;2003;127
25;6;2003;129
26;6;2003;105
26;6;2003;106
27;6;2003;36
28;6;2003;90
28;6;2003;93
28;6;2003;100
29;6;2003;138
29;6;2003;139
29;6;2003;140
29;6;2003;143
29;6;2003;144
30;6;2003;104
30;6;2003;110
31;6;2003;16
32;6;2003;121
32;6;2003;122
32;6;2003;123
32;6;2003;128
33;6;2003;165
33;6;2003;166
33;6;2003;167
34;6;2003;65
34;6;2003;66
35;6;2003;71
35;6;2003;119
35;6;2003;120
35;6;2003;159
36;6;2003;135
36;6;2003;136
36;6;2003;137
36;6;2003;142
36;6;2003;155
37;6;2003;89
37;6;2003;99
38;6;2003;107
38;6;2003;108
38;6;2003;109
39;6;2003;35
39;6;2003;43
1;7;2003;6
1;7;2003;7
2;7;2003;9
2;7;2003;10
3;7;2003;23
3;7;2003;24
3;7;2003;25
3;7;2003;26
3;7;2003;44
4;7;2003;17
5;7;2003;1
5;7;2003;4
6;7;2003;18
6;7;2003;19
6;7;2003;20
7;7;2003;72
7;7;2003;73
7;7;2003;74
7;7;2003;75
8;7;2003;134
8;7;2003;141
8;7;2003;145
8;7;2003;146
9;7;2003;27
9;7;2003;28
9;7;2003;29
9;7;2003;30
9;7;2003;39
9;7;2003;40
10;7;2003;88
10;7;2003;91
10;7;2003;92
10;7;2003;94
10;7;2003;95
10;7;2003;96
10;7;2003;97
10;7;2003;98
10;7;2003;168
11;7;2003;111
11;7;2003;112
11;7;2003;151
11;7;2003;152
11;7;2003;153
11;7;2003;154
11;7;2003;156
11;7;2003;157
11;7;2003;158
12;7;2003;76
12;7;2003;77
12;7;2003;78
12;7;2003;79
12;7;2003;81
12;7;2003;82
13;7;2003;5
14;7;2003;31
14;7;2003;33
14;7;2003;34
15;7;2003;59
15;7;2003;60
15;7;2003;61
15;7;2003;62
16;7;2003;22
16;7;2003;38
17;7;2003;37
18;7;2003;32
18;7;2003;41
19;7;2003;12
19;7;2003;13
20;7;2003;52
20;7;2003;53
20;7;2003;54
20;7;2003;56
20;7;2003;57
20;7;2003;58
21;7;2003;64
22;7;2003;21
23;7;2003;14
23;7;2003;15
24;7;2003;48
24;7;2003;50
24;7;2003;51
24;7;2003;55
25;7;2003;118
25;7;2003;124
25;7;2003;125
25;7;2003;126
25;7;2003;127
25;7;2003;129
26;7;2003;105
26;7;2003;106
27;7;2003;36
28;7;2003;90
28;7;2003;93
28;7;2003;100
29;7;2003;138
29;7;2003;139
29;7;2003;140
29;7;2003;143
29;7;2003;144
30;7;2003;104
30;7;2003;110
31;7;2003;16
32;7;2003;121
32;7;2003;122
32;7;2003;123
32;7;2003;128
33;7;2003;165
33;7;2003;166
33;7;2003;167
34;7;2003;65
34;7;2003;66
35;7;2003;71
35;7;2003;119
35;7;2003;120
35;7;2003;159
36;7;2003;135
36;7;2003;136
36;7;2003;137
36;7;2003;142
36;7;2003;155
37;7;2003;89
37;7;2003;99
38;7;2003;107
38;7;2003;108
38;7;2003;109
39;7;2003;35
39;7;2003;43
1;8;2003;6
1;8;2003;7
2;8;2003;9
2;8;2003;10
3;8;2003;23
3;8;2003;24
3;8;2003;25
3;8;2003;26
3;8;2003;44
4;8;2003;17
5;8;2003;1
5;8;2003;4
6;8;2003;18
6;8;2003;19
6;8;2003;20
7;8;2003;72
7;8;2003;73
7;8;2003;74
7;8;2003;75
8;8;2003;134
8;8;2003;141
8;8;2003;145
8;8;2003;146
8;8;2003;147
9;8;2003;27
9;8;2003;28
9;8;2003;29
9;8;2003;30
9;8;2003;39
9;8;2003;40
10;8;2003;88
10;8;2003;91
10;8;2003;92
10;8;2003;94
10;8;2003;95
10;8;2003;96
10;8;2003;97
10;8;2003;98
10;8;2003;168
11;8;2003;111
11;8;2003;112
11;8;2003;151
11;8;2003;152
11;8;2003;153
11;8;2003;154
11;8;2003;156
11;8;2003;157
11;8;2003;158
12;8;2003;76
12;8;2003;77
12;8;2003;78
12;8;2003;79
12;8;2003;81
12;8;2003;82
13;8;2003;5
14;8;2003;31
14;8;2003;33
14;8;2003;34
15;8;2003;59
15;8;2003;60
15;8;2003;61
15;8;2003;62
16;8;2003;22
16;8;2003;38
17;8;2003;37
18;8;2003;32
18;8;2003;41
19;8;2003;12
19;8;2003;13
20;8;2003;52
20;8;2003;53
20;8;2003;54
20;8;2003;56
20;8;2003;57
20;8;2003;58
21;8;2003;64
22;8;2003;21
23;8;2003;14
23;8;2003;15
24;8;2003;48
24;8;2003;50
24;8;2003;51
24;8;2003;55
25;8;2003;118
25;8;2003;124
25;8;2003;125
25;8;2003;126
25;8;2003;127
25;8;2003;129
26;8;2003;105
26;8;2003;106
27;8;2003;36
28;8;2003;90
28;8;2003;93
28;8;2003;100
29;8;2003;138
29;8;2003;139
29;8;2003;140
29;8;2003;143
29;8;2003;144
30;8;2003;104
30;8;2003;110
31;8;2003;16
32;8;2003;121
32;8;2003;122
32;8;2003;123
32;8;2003;128
33;8;2003;165
33;8;2003;166
33;8;2003;167
34;8;2003;65
34;8;2003;66
35;8;2003;71
35;8;2003;119
35;8;2003;120
35;8;2003;159
36;8;2003;135
36;8;2003;136
36;8;2003;137
36;8;2003;142
36;8;2003;155
37;8;2003;89
37;8;2003;99
38;8;2003;107
38;8;2003;108
38;8;2003;109
39;8;2003;35
39;8;2003;43
1;9;2003;6
1;9;2003;7
2;9;2003;9
2;9;2003;10
3;9;2003;23
3;9;2003;24
3;9;2003;25
3;9;2003;26
3;9;2003;44
4;9;2003;17
5;9;2003;1
5;9;2003;4
6;9;2003;18
6;9;2003;19
6;9;2003;20
7;9;2003;72
7;9;2003;73
7;9;2003;74
7;9;2003;75
8;9;2003;134
8;9;2003;141
8;9;2003;145
8;9;2003;146
8;9;2003;147
9;9;2003;27
9;9;2003;28
9;9;2003;29
9;9;2003;30
9;9;2003;39
9;9;2003;40
10;9;2003;88
10;9;2003;91
10;9;2003;92
10;9;2003;94
10;9;2003;95
10;9;2003;96
10;9;2003;97
10;9;2003;98
10;9;2003;168
11;9;2003;111
11;9;2003;112
11;9;2003;151
11;9;2003;152
11;9;2003;153
11;9;2003;154
11;9;2003;156
11;9;2003;157
11;9;2003;158
12;9;2003;76
12;9;2003;77
12;9;2003;78
12;9;2003;79
12;9;2003;81
12;9;2003;82
13;9;2003;5
14;9;2003;31
14;9;2003;33
14;9;2003;34
15;9;2003;59
15;9;2003;60
15;9;2003;61
15;9;2003;62
16;9;2003;22
16;9;2003;38
17;9;2003;37
18;9;2003;32
18;9;2003;41
19;9;2003;12
19;9;2003;13
20;9;2003;52
20;9;2003;53
20;9;2003;54
20;9;2003;56
20;9;2003;57
20;9;2003;58
21;9;2003;64
22;9;2003;21
23;9;2003;14
23;9;2003;15
24;9;2003;48
24;9;2003;50
24;9;2003;51
24;9;2003;55
25;9;2003;118
25;9;2003;124
25;9;2003;125
25;9;2003;126
25;9;2003;127
25;9;2003;129
26;9;2003;105
26;9;2003;106
27;9;2003;36
28;9;2003;90
28;9;2003;93
28;9;2003;100
29;9;2003;138
29;9;2003;139
29;9;2003;140
29;9;2003;143
29;9;2003;144
30;9;2003;104
30;9;2003;110
31;9;2003;16
32;9;2003;121
32;9;2003;122
32;9;2003;123
32;9;2003;128
33;9;2003;165
33;9;2003;166
33;9;2003;167
34;9;2003;65
34;9;2003;66
35;9;2003;71
35;9;2003;119
35;9;2003;120
35;9;2003;159
36;9;2003;135
36;9;2003;136
36;9;2003;137
36;9;2003;142
36;9;2003;155
37;9;2003;89
37;9;2003;99
38;9;2003;107
38;9;2003;108
38;9;2003;109
39;9;2003;35
39;9;2003;43
1;10;2003;6
1;10;2003;7
2;10;2003;9
2;10;2003;10
3;10;2003;23
3;10;2003;24
3;10;2003;25
3;10;2003;26
3;10;2003;44
4;10;2003;17
5;10;2003;1
5;10;2003;4
6;10;2003;18
6;10;2003;19
6;10;2003;20
7;10;2003;72
7;10;2003;73
7;10;2003;74
7;10;2003;75
8;10;2003;134
8;10;2003;141
8;10;2003;145
8;10;2003;146
8;10;2003;147
9;10;2003;27
9;10;2003;28
9;10;2003;29
9;10;2003;30
9;10;2003;39
9;10;2003;40
10;10;2003;88
10;10;2003;91
10;10;2003;92
10;10;2003;94
10;10;2003;95
10;10;2003;96
10;10;2003;97
10;10;2003;98
10;10;2003;168
11;10;2003;111
11;10;2003;112
11;10;2003;151
11;10;2003;152
11;10;2003;153
11;10;2003;154
11;10;2003;156
11;10;2003;157
11;10;2003;158
12;10;2003;76
12;10;2003;77
12;10;2003;78
12;10;2003;79
12;10;2003;81
12;10;2003;82
13;10;2003;5
14;10;2003;31
14;10;2003;33
14;10;2003;34
15;10;2003;59
15;10;2003;60
15;10;2003;61
15;10;2003;62
16;10;2003;22
16;10;2003;38
17;10;2003;37
18;10;2003;32
18;10;2003;41
19;10;2003;12
19;10;2003;13
20;10;2003;52
20;10;2003;53
20;10;2003;54
20;10;2003;56
20;10;2003;57
20;10;2003;58
21;10;2003;64
22;10;2003;21
23;10;2003;14
23;10;2003;15
24;10;2003;48
24;10;2003;50
24;10;2003;51
24;10;2003;55
25;10;2003;118
25;10;2003;124
25;10;2003;125
25;10;2003;126
25;10;2003;127
25;10;2003;129
26;10;2003;105
26;10;2003;106
27;10;2003;36
28;10;2003;90
28;10;2003;93
28;10;2003;100
29;10;2003;138
29;10;2003;139
29;10;2003;140
29;10;2003;143
29;10;2003;144
30;10;2003;104
30;10;2003;110
31;10;2003;16
32;10;2003;121
32;10;2003;122
32;10;2003;123
32;10;2003;128
33;10;2003;165
33;10;2003;166
33;10;2003;167
34;10;2003;65
34;10;2003;66
35;10;2003;71
35;10;2003;119
35;10;2003;120
35;10;2003;159
36;10;2003;135
36;10;2003;136
36;10;2003;137
36;10;2003;142
36;10;2003;155
37;10;2003;89
37;10;2003;99
38;10;2003;107
38;10;2003;108
38;10;2003;109
39;10;2003;35
39;10;2003;43
1;11;2003;6
1;11;2003;7
2;11;2003;9
2;11;2003;10
3;11;2003;23
3;11;2003;24
3;11;2003;25
3;11;2003;26
3;11;2003;44
4;11;2003;17
5;11;2003;1
5;11;2003;4
6;11;2003;18
6;11;2003;19
6;11;2003;20
7;11;2003;72
7;11;2003;73
7;11;2003;74
7;11;2003;75
8;11;2003;134
8;11;2003;141
8;11;2003;145
8;11;2003;146
8;11;2003;147
9;11;2003;27
9;11;2003;28
9;11;2003;29
9;11;2003;30
9;11;2003;39
9;11;2003;40
10;11;2003;88
10;11;2003;91
10;11;2003;92
10;11;2003;94
10;11;2003;95
10;11;2003;96
10;11;2003;97
10;11;2003;98
10;11;2003;168
11;11;2003;111
11;11;2003;112
11;11;2003;151
11;11;2003;152
11;11;2003;153
11;11;2003;154
11;11;2003;156
11;11;2003;157
11;11;2003;158
12;11;2003;76
12;11;2003;77
12;11;2003;78
12;11;2003;79
12;11;2003;81
12;11;2003;82
13;11;2003;5
14;11;2003;31
14;11;2003;33
14;11;2003;34
15;11;2003;59
15;11;2003;60
15;11;2003;61
15;11;2003;62
16;11;2003;22
16;11;2003;38
17;11;2003;37
18;11;2003;32
18;11;2003;41
19;11;2003;12
19;11;2003;13
20;11;2003;52
20;11;2003;53
20;11;2003;54
20;11;2003;56
20;11;2003;57
20;11;2003;58
21;11;2003;64
22;11;2003;21
23;11;2003;14
23;11;2003;15
24;11;2003;48
24;11;2003;50
24;11;2003;51
24;11;2003;55
25;11;2003;118
25;11;2003;124
25;11;2003;125
25;11;2003;126
25;11;2003;127
25;11;2003;129
26;11;2003;105
26;11;2003;106
27;11;2003;36
28;11;2003;90
28;11;2003;93
28;11;2003;100
29;11;2003;138
29;11;2003;139
29;11;2003;140
29;11;2003;143
29;11;2003;144
30;11;2003;104
30;11;2003;110
31;11;2003;16
32;11;2003;121
32;11;2003;122
32;11;2003;123
32;11;2003;128
33;11;2003;165
33;11;2003;166
33;11;2003;167
34;11;2003;65
34;11;2003;66
35;11;2003;71
35;11;2003;119
35;11;2003;120
35;11;2003;159
36;11;2003;135
36;11;2003;136
36;11;2003;137
36;11;2003;142
36;11;2003;155
37;11;2003;89
37;11;2003;99
38;11;2003;107
38;11;2003;108
38;11;2003;109
39;11;2003;35
39;11;2003;43
1;12;2003;6
1;12;2003;7
2;12;2003;9
2;12;2003;10
3;12;2003;23
3;12;2003;24
3;12;2003;25
3;12;2003;26
3;12;2003;44
4;12;2003;17
5;12;2003;1
5;12;2003;4
6;12;2003;18
6;12;2003;19
6;12;2003;20
7;12;2003;72
7;12;2003;73
7;12;2003;74
7;12;2003;75
8;12;2003;134
8;12;2003;141
8;12;2003;145
8;12;2003;146
8;12;2003;147
9;12;2003;27
9;12;2003;28
9;12;2003;29
9;12;2003;30
9;12;2003;39
9;12;2003;40
10;12;2003;88
10;12;2003;91
10;12;2003;92
10;12;2003;94
10;12;2003;95
10;12;2003;96
10;12;2003;97
10;12;2003;98
10;12;2003;168
11;12;2003;111
11;12;2003;112
11;12;2003;151
11;12;2003;152
11;12;2003;153
11;12;2003;154
11;12;2003;156
11;12;2003;157
11;12;2003;158
12;12;2003;76
12;12;2003;77
12;12;2003;78
12;12;2003;79
12;12;2003;81
12;12;2003;82
13;12;2003;5
14;12;2003;31
14;12;2003;33
14;12;2003;34
15;12;2003;59
15;12;2003;60
15;12;2003;61
15;12;2003;62
16;12;2003;22
16;12;2003;38
17;12;2003;37
18;12;2003;32
18;12;2003;41
19;12;2003;12
19;12;2003;13
20;12;2003;52
20;12;2003;53
20;12;2003;54
20;12;2003;56
20;12;2003;57
20;12;2003;58
21;12;2003;64
22;12;2003;21
23;12;2003;14
23;12;2003;15
24;12;2003;48
24;12;2003;50
24;12;2003;51
24;12;2003;55
25;12;2003;118
25;12;2003;124
25;12;2003;125
25;12;2003;126
25;12;2003;127
25;12;2003;129
26;12;2003;105
26;12;2003;106
27;12;2003;36
28;12;2003;90
28;12;2003;93
28;12;2003;100
29;12;2003;138
29;12;2003;139
29;12;2003;140
29;12;2003;143
29;12;2003;144
30;12;2003;104
30;12;2003;110
31;12;2003;16
32;12;2003;121
32;12;2003;122
32;12;2003;123
32;12;2003;128
33;12;2003;165
33;12;2003;166
33;12;2003;167
34;12;2003;65
34;12;2003;66
35;12;2003;71
35;12;2003;119
35;12;2003;120
35;12;2003;159
36;12;2003;135
36;12;2003;136
36;12;2003;137
36;12;2003;142
36;12;2003;155
37;12;2003;89
37;12;2003;99
38;12;2003;107
38;12;2003;108
38;12;2003;109
39;12;2003;35
39;12;2003;43
1;1;2004;6
1;1;2004;7
2;1;2004;9
2;1;2004;10
3;1;2004;23
3;1;2004;24
3;1;2004;25
3;1;2004;26
3;1;2004;44
4;1;2004;17
5;1;2004;1
5;1;2004;4
6;1;2004;18
6;1;2004;19
6;1;2004;20
7;1;2004;72
7;1;2004;73
7;1;2004;74
7;1;2004;75
8;1;2004;134
8;1;2004;141
8;1;2004;145
8;1;2004;146
8;1;2004;147
9;1;2004;27
9;1;2004;28
9;1;2004;29
9;1;2004;30
9;1;2004;39
9;1;2004;40
10;1;2004;88
10;1;2004;91
10;1;2004;92
10;1;2004;94
10;1;2004;95
10;1;2004;96
10;1;2004;97
10;1;2004;98
10;1;2004;101
10;1;2004;168
11;1;2004;111
11;1;2004;112
11;1;2004;151
11;1;2004;152
11;1;2004;153
11;1;2004;154
11;1;2004;156
11;1;2004;157
11;1;2004;158
12;1;2004;76
12;1;2004;77
12;1;2004;78
12;1;2004;79
12;1;2004;81
12;1;2004;82
13;1;2004;5
14;1;2004;31
14;1;2004;33
14;1;2004;34
15;1;2004;59
15;1;2004;60
15;1;2004;61
15;1;2004;62
16;1;2004;22
16;1;2004;38
17;1;2004;37
18;1;2004;32
18;1;2004;41
19;1;2004;12
19;1;2004;13
20;1;2004;52
20;1;2004;53
20;1;2004;54
20;1;2004;56
20;1;2004;57
20;1;2004;58
21;1;2004;64
22;1;2004;21
23;1;2004;14
23;1;2004;15
24;1;2004;48
24;1;2004;50
24;1;2004;51
24;1;2004;55
24;1;2004;63
25;1;2004;118
25;1;2004;124
25;1;2004;125
25;1;2004;126
25;1;2004;127
25;1;2004;129
26;1;2004;105
26;1;2004;106
27;1;2004;36
28;1;2004;90
28;1;2004;93
28;1;2004;100
29;1;2004;138
29;1;2004;139
29;1;2004;140
29;1;2004;143
29;1;2004;144
30;1;2004;104
30;1;2004;110
31;1;2004;16
32;1;2004;121
32;1;2004;122
32;1;2004;123
32;1;2004;128
33;1;2004;165
33;1;2004;166
33;1;2004;167
34;1;2004;65
34;1;2004;66
35;1;2004;71
35;1;2004;119
35;1;2004;120
35;1;2004;159
36;1;2004;135
36;1;2004;136
36;1;2004;137
36;1;2004;142
36;1;2004;155
37;1;2004;89
37;1;2004;99
38;1;2004;107
38;1;2004;108
38;1;2004;109
39;1;2004;35
39;1;2004;43
1;2;2004;6
1;2;2004;7
2;2;2004;9
2;2;2004;10
3;2;2004;23
3;2;2004;24
3;2;2004;25
3;2;2004;26
3;2;2004;44
4;2;2004;17
5;2;2004;1
5;2;2004;4
6;2;2004;18
6;2;2004;19
6;2;2004;20
7;2;2004;72
7;2;2004;73
7;2;2004;74
7;2;2004;75
8;2;2004;134
8;2;2004;141
8;2;2004;145
8;2;2004;146
8;2;2004;147
9;2;2004;27
9;2;2004;28
9;2;2004;29
9;2;2004;30
9;2;2004;39
9;2;2004;40
10;2;2004;88
10;2;2004;91
10;2;2004;92
10;2;2004;94
10;2;2004;95
10;2;2004;96
10;2;2004;97
10;2;2004;98
10;2;2004;101
10;2;2004;168
11;2;2004;111
11;2;2004;112
11;2;2004;151
11;2;2004;152
11;2;2004;153
11;2;2004;154
11;2;2004;156
11;2;2004;157
11;2;2004;158
12;2;2004;76
12;2;2004;77
12;2;2004;78
12;2;2004;79
12;2;2004;81
12;2;2004;82
13;2;2004;5
14;2;2004;31
14;2;2004;33
14;2;2004;34
15;2;2004;59
15;2;2004;60
15;2;2004;61
15;2;2004;62
16;2;2004;22
16;2;2004;38
17;2;2004;37
18;2;2004;32
18;2;2004;41
19;2;2004;12
19;2;2004;13
20;2;2004;52
20;2;2004;53
20;2;2004;54
20;2;2004;56
20;2;2004;57
20;2;2004;58
21;2;2004;64
22;2;2004;21
23;2;2004;14
23;2;2004;15
24;2;2004;48
24;2;2004;50
24;2;2004;51
24;2;2004;55
24;2;2004;63
25;2;2004;118
25;2;2004;124
25;2;2004;125
25;2;2004;126
25;2;2004;127
25;2;2004;129
26;2;2004;105
26;2;2004;106
27;2;2004;36
28;2;2004;90
28;2;2004;93
28;2;2004;100
29;2;2004;138
29;2;2004;139
29;2;2004;140
29;2;2004;143
29;2;2004;144
30;2;2004;104
30;2;2004;110
31;2;2004;16
32;2;2004;121
32;2;2004;122
32;2;2004;123
32;2;2004;128
33;2;2004;165
33;2;2004;166
33;2;2004;167
34;2;2004;65
34;2;2004;66
35;2;2004;71
35;2;2004;119
35;2;2004;120
35;2;2004;159
36;2;2004;135
36;2;2004;136
36;2;2004;137
36;2;2004;142
36;2;2004;155
37;2;2004;89
37;2;2004;99
38;2;2004;107
38;2;2004;108
38;2;2004;109
39;2;2004;35
39;2;2004;43
1;3;2004;6
1;3;2004;7
2;3;2004;9
2;3;2004;10
3;3;2004;23
3;3;2004;24
3;3;2004;25
3;3;2004;26
3;3;2004;44
4;3;2004;17
5;3;2004;1
5;3;2004;4
6;3;2004;18
6;3;2004;19
6;3;2004;20
7;3;2004;72
7;3;2004;73
7;3;2004;74
7;3;2004;75
8;3;2004;134
8;3;2004;141
8;3;2004;145
8;3;2004;146
8;3;2004;147
9;3;2004;27
9;3;2004;28
9;3;2004;29
9;3;2004;30
9;3;2004;39
9;3;2004;40
10;3;2004;88
10;3;2004;91
10;3;2004;92
10;3;2004;94
10;3;2004;95
10;3;2004;96
10;3;2004;97
10;3;2004;98
10;3;2004;101
10;3;2004;168
11;3;2004;111
11;3;2004;112
11;3;2004;151
11;3;2004;152
11;3;2004;153
11;3;2004;154
11;3;2004;156
11;3;2004;157
11;3;2004;158
12;3;2004;76
12;3;2004;77
12;3;2004;78
12;3;2004;79
12;3;2004;81
12;3;2004;82
13;3;2004;5
14;3;2004;31
14;3;2004;33
14;3;2004;34
15;3;2004;59
15;3;2004;60
15;3;2004;61
15;3;2004;62
16;3;2004;22
16;3;2004;38
17;3;2004;37
18;3;2004;32
18;3;2004;41
19;3;2004;12
19;3;2004;13
20;3;2004;52
20;3;2004;53
20;3;2004;54
20;3;2004;56
20;3;2004;57
20;3;2004;58
21;3;2004;64
22;3;2004;21
23;3;2004;14
23;3;2004;15
24;3;2004;48
24;3;2004;50
24;3;2004;51
24;3;2004;55
24;3;2004;63
25;3;2004;118
25;3;2004;124
25;3;2004;125
25;3;2004;126
25;3;2004;127
25;3;2004;129
26;3;2004;105
26;3;2004;106
27;3;2004;36
28;3;2004;90
28;3;2004;93
28;3;2004;100
29;3;2004;138
29;3;2004;139
29;3;2004;140
29;3;2004;143
29;3;2004;144
30;3;2004;104
30;3;2004;110
31;3;2004;16
32;3;2004;121
32;3;2004;122
32;3;2004;123
32;3;2004;128
33;3;2004;165
33;3;2004;166
33;3;2004;167
34;3;2004;65
34;3;2004;66
35;3;2004;71
35;3;2004;119
35;3;2004;120
35;3;2004;159
36;3;2004;135
36;3;2004;136
36;3;2004;137
36;3;2004;142
36;3;2004;155
37;3;2004;89
37;3;2004;99
38;3;2004;107
38;3;2004;108
38;3;2004;109
39;3;2004;35
39;3;2004;43
1;4;2004;6
1;4;2004;7
2;4;2004;9
2;4;2004;10
3;4;2004;23
3;4;2004;24
3;4;2004;25
3;4;2004;26
3;4;2004;44
4;4;2004;17
5;4;2004;1
5;4;2004;4
6;4;2004;18
6;4;2004;19
6;4;2004;20
7;4;2004;72
7;4;2004;73
7;4;2004;74
7;4;2004;75
8;4;2004;134
8;4;2004;141
8;4;2004;145
8;4;2004;146
8;4;2004;147
9;4;2004;27
9;4;2004;28
9;4;2004;29
9;4;2004;30
9;4;2004;39
9;4;2004;40
10;4;2004;88
10;4;2004;91
10;4;2004;92
10;4;2004;94
10;4;2004;95
10;4;2004;96
10;4;2004;97
10;4;2004;98
10;4;2004;101
10;4;2004;168
11;4;2004;111
11;4;2004;112
11;4;2004;151
11;4;2004;152
11;4;2004;153
11;4;2004;154
11;4;2004;156
11;4;2004;157
11;4;2004;158
12;4;2004;76
12;4;2004;77
12;4;2004;78
12;4;2004;79
12;4;2004;81
12;4;2004;82
13;4;2004;5
14;4;2004;31
14;4;2004;33
14;4;2004;34
15;4;2004;59
15;4;2004;60
15;4;2004;61
15;4;2004;62
16;4;2004;22
16;4;2004;38
17;4;2004;37
18;4;2004;32
18;4;2004;41
19;4;2004;12
19;4;2004;13
20;4;2004;52
20;4;2004;53
20;4;2004;54
20;4;2004;56
20;4;2004;57
20;4;2004;58
21;4;2004;64
22;4;2004;21
23;4;2004;14
23;4;2004;15
24;4;2004;48
24;4;2004;50
24;4;2004;51
24;4;2004;55
24;4;2004;63
25;4;2004;118
25;4;2004;124
25;4;2004;125
25;4;2004;126
25;4;2004;127
25;4;2004;129
26;4;2004;105
26;4;2004;106
27;4;2004;36
28;4;2004;90
28;4;2004;93
28;4;2004;100
29;4;2004;138
29;4;2004;139
29;4;2004;140
29;4;2004;143
29;4;2004;144
30;4;2004;104
30;4;2004;110
31;4;2004;16
32;4;2004;121
32;4;2004;122
32;4;2004;123
32;4;2004;128
33;4;2004;165
33;4;2004;166
33;4;2004;167
34;4;2004;65
34;4;2004;66
35;4;2004;71
35;4;2004;119
35;4;2004;120
35;4;2004;159
36;4;2004;135
36;4;2004;136
36;4;2004;137
36;4;2004;142
36;4;2004;155
37;4;2004;89
37;4;2004;99
38;4;2004;107
38;4;2004;108
38;4;2004;109
39;4;2004;35
39;4;2004;43
1;5;2004;6
1;5;2004;7
2;5;2004;9
2;5;2004;10
3;5;2004;23
3;5;2004;24
3;5;2004;25
3;5;2004;26
3;5;2004;44
4;5;2004;17
5;5;2004;1
5;5;2004;4
6;5;2004;18
6;5;2004;19
6;5;2004;20
7;5;2004;72
7;5;2004;73
7;5;2004;74
7;5;2004;75
8;5;2004;134
8;5;2004;141
8;5;2004;145
8;5;2004;146
8;5;2004;147
9;5;2004;27
9;5;2004;28
9;5;2004;29
9;5;2004;30
9;5;2004;39
9;5;2004;40
10;5;2004;88
10;5;2004;91
10;5;2004;92
10;5;2004;94
10;5;2004;95
10;5;2004;96
10;5;2004;97
10;5;2004;98
10;5;2004;101
10;5;2004;168
11;5;2004;111
11;5;2004;112
11;5;2004;151
11;5;2004;152
11;5;2004;153
11;5;2004;154
11;5;2004;156
11;5;2004;157
11;5;2004;158
12;5;2004;76
12;5;2004;77
12;5;2004;78
12;5;2004;79
12;5;2004;81
12;5;2004;82
13;5;2004;5
14;5;2004;31
14;5;2004;33
14;5;2004;34
15;5;2004;59
15;5;2004;60
15;5;2004;61
15;5;2004;62
16;5;2004;22
16;5;2004;38
17;5;2004;37
18;5;2004;32
18;5;2004;41
19;5;2004;12
19;5;2004;13
20;5;2004;52
20;5;2004;53
20;5;2004;54
20;5;2004;56
20;5;2004;57
20;5;2004;58
21;5;2004;64
22;5;2004;21
23;5;2004;14
23;5;2004;15
24;5;2004;48
24;5;2004;50
24;5;2004;51
24;5;2004;55
24;5;2004;63
25;5;2004;118
25;5;2004;124
25;5;2004;125
25;5;2004;126
25;5;2004;127
25;5;2004;129
26;5;2004;105
26;5;2004;106
27;5;2004;36
28;5;2004;90
28;5;2004;93
28;5;2004;100
29;5;2004;138
29;5;2004;139
29;5;2004;140
29;5;2004;143
29;5;2004;144
30;5;2004;104
30;5;2004;110
31;5;2004;16
32;5;2004;121
32;5;2004;122
32;5;2004;123
32;5;2004;128
33;5;2004;165
33;5;2004;166
33;5;2004;167
34;5;2004;65
34;5;2004;66
35;5;2004;71
35;5;2004;119
35;5;2004;120
35;5;2004;159
36;5;2004;135
36;5;2004;136
36;5;2004;137
36;5;2004;142
36;5;2004;155
37;5;2004;89
37;5;2004;99
38;5;2004;107
38;5;2004;108
38;5;2004;109
39;5;2004;35
39;5;2004;43
1;6;2004;6
1;6;2004;7
2;6;2004;9
2;6;2004;10
3;6;2004;23
3;6;2004;24
3;6;2004;25
3;6;2004;26
3;6;2004;44
4;6;2004;17
5;6;2004;1
5;6;2004;4
6;6;2004;18
6;6;2004;19
6;6;2004;20
7;6;2004;72
7;6;2004;73
7;6;2004;74
7;6;2004;75
8;6;2004;134
8;6;2004;141
8;6;2004;145
8;6;2004;146
8;6;2004;147
9;6;2004;27
9;6;2004;28
9;6;2004;29
9;6;2004;30
9;6;2004;39
9;6;2004;40
10;6;2004;88
10;6;2004;91
10;6;2004;92
10;6;2004;94
10;6;2004;95
10;6;2004;96
10;6;2004;97
10;6;2004;98
10;6;2004;101
10;6;2004;168
11;6;2004;111
11;6;2004;112
11;6;2004;151
11;6;2004;152
11;6;2004;153
11;6;2004;154
11;6;2004;156
11;6;2004;157
11;6;2004;158
12;6;2004;76
12;6;2004;77
12;6;2004;78
12;6;2004;79
12;6;2004;81
12;6;2004;82
13;6;2004;5
14;6;2004;31
14;6;2004;33
14;6;2004;34
15;6;2004;59
15;6;2004;60
15;6;2004;61
15;6;2004;62
16;6;2004;22
16;6;2004;38
17;6;2004;37
18;6;2004;32
18;6;2004;41
19;6;2004;12
19;6;2004;13
20;6;2004;52
20;6;2004;53
20;6;2004;54
20;6;2004;56
20;6;2004;57
20;6;2004;58
21;6;2004;64
22;6;2004;21
23;6;2004;14
23;6;2004;15
24;6;2004;48
24;6;2004;50
24;6;2004;51
24;6;2004;55
24;6;2004;63
25;6;2004;118
25;6;2004;124
25;6;2004;125
25;6;2004;126
25;6;2004;127
25;6;2004;129
26;6;2004;105
26;6;2004;106
27;6;2004;36
28;6;2004;90
28;6;2004;93
28;6;2004;100
29;6;2004;138
29;6;2004;139
29;6;2004;140
29;6;2004;143
29;6;2004;144
30;6;2004;104
30;6;2004;110
31;6;2004;16
32;6;2004;121
32;6;2004;122
32;6;2004;123
32;6;2004;128
33;6;2004;165
33;6;2004;166
33;6;2004;167
34;6;2004;65
34;6;2004;66
35;6;2004;71
35;6;2004;119
35;6;2004;120
35;6;2004;159
36;6;2004;135
36;6;2004;136
36;6;2004;137
36;6;2004;142
36;6;2004;155
37;6;2004;89
37;6;2004;99
38;6;2004;107
38;6;2004;108
38;6;2004;109
39;6;2004;35
39;6;2004;43
1;7;2004;6
1;7;2004;7
2;7;2004;9
2;7;2004;10
3;7;2004;23
3;7;2004;24
3;7;2004;25
3;7;2004;26
3;7;2004;44
4;7;2004;17
5;7;2004;1
5;7;2004;4
6;7;2004;18
6;7;2004;19
6;7;2004;20
7;7;2004;72
7;7;2004;73
7;7;2004;74
7;7;2004;75
8;7;2004;134
8;7;2004;141
8;7;2004;145
8;7;2004;146
8;7;2004;147
9;7;2004;27
9;7;2004;28
9;7;2004;29
9;7;2004;30
9;7;2004;39
9;7;2004;40
10;7;2004;88
10;7;2004;91
10;7;2004;92
10;7;2004;94
10;7;2004;95
10;7;2004;96
10;7;2004;97
10;7;2004;98
10;7;2004;101
10;7;2004;168
11;7;2004;111
11;7;2004;112
11;7;2004;151
11;7;2004;152
11;7;2004;153
11;7;2004;154
11;7;2004;156
11;7;2004;157
11;7;2004;158
12;7;2004;76
12;7;2004;77
12;7;2004;78
12;7;2004;79
12;7;2004;81
12;7;2004;82
13;7;2004;5
14;7;2004;31
14;7;2004;33
14;7;2004;34
15;7;2004;59
15;7;2004;60
15;7;2004;61
15;7;2004;62
16;7;2004;22
16;7;2004;38
17;7;2004;37
18;7;2004;32
18;7;2004;41
19;7;2004;12
19;7;2004;13
20;7;2004;52
20;7;2004;53
20;7;2004;54
20;7;2004;56
20;7;2004;57
20;7;2004;58
21;7;2004;64
22;7;2004;21
23;7;2004;14
23;7;2004;15
24;7;2004;48
24;7;2004;50
24;7;2004;51
24;7;2004;55
24;7;2004;63
25;7;2004;118
25;7;2004;124
25;7;2004;125
25;7;2004;126
25;7;2004;127
25;7;2004;129
26;7;2004;105
26;7;2004;106
27;7;2004;36
28;7;2004;90
28;7;2004;93
28;7;2004;100
29;7;2004;138
29;7;2004;139
29;7;2004;140
29;7;2004;143
29;7;2004;144
30;7;2004;104
30;7;2004;110
31;7;2004;16
32;7;2004;121
32;7;2004;122
32;7;2004;123
32;7;2004;128
33;7;2004;165
33;7;2004;166
33;7;2004;167
34;7;2004;65
34;7;2004;66
35;7;2004;71
35;7;2004;119
35;7;2004;120
35;7;2004;159
36;7;2004;135
36;7;2004;136
36;7;2004;137
36;7;2004;142
36;7;2004;155
37;7;2004;89
37;7;2004;99
38;7;2004;107
38;7;2004;108
38;7;2004;109
39;7;2004;35
39;7;2004;43
1;8;2004;6
1;8;2004;7
2;8;2004;9
2;8;2004;10
3;8;2004;23
3;8;2004;24
3;8;2004;25
3;8;2004;26
3;8;2004;44
4;8;2004;17
5;8;2004;1
5;8;2004;4
6;8;2004;18
6;8;2004;19
6;8;2004;20
7;8;2004;72
7;8;2004;73
7;8;2004;74
7;8;2004;75
8;8;2004;134
8;8;2004;141
8;8;2004;145
8;8;2004;146
8;8;2004;147
9;8;2004;27
9;8;2004;28
9;8;2004;29
9;8;2004;30
9;8;2004;39
9;8;2004;40
10;8;2004;88
10;8;2004;91
10;8;2004;92
10;8;2004;94
10;8;2004;95
10;8;2004;96
10;8;2004;97
10;8;2004;98
10;8;2004;101
10;8;2004;168
11;8;2004;111
11;8;2004;112
11;8;2004;151
11;8;2004;152
11;8;2004;153
11;8;2004;154
11;8;2004;156
11;8;2004;157
11;8;2004;158
12;8;2004;76
12;8;2004;77
12;8;2004;78
12;8;2004;79
12;8;2004;81
12;8;2004;82
13;8;2004;5
14;8;2004;31
14;8;2004;33
14;8;2004;34
15;8;2004;59
15;8;2004;60
15;8;2004;61
15;8;2004;62
16;8;2004;22
16;8;2004;38
17;8;2004;37
18;8;2004;32
18;8;2004;41
19;8;2004;12
19;8;2004;13
20;8;2004;52
20;8;2004;53
20;8;2004;54
20;8;2004;56
20;8;2004;57
20;8;2004;58
21;8;2004;64
22;8;2004;21
23;8;2004;14
23;8;2004;15
24;8;2004;48
24;8;2004;50
24;8;2004;51
24;8;2004;55
24;8;2004;63
25;8;2004;118
25;8;2004;124
25;8;2004;125
25;8;2004;126
25;8;2004;127
25;8;2004;129
26;8;2004;105
26;8;2004;106
27;8;2004;36
28;8;2004;90
28;8;2004;93
28;8;2004;100
29;8;2004;138
29;8;2004;139
29;8;2004;140
29;8;2004;143
29;8;2004;144
30;8;2004;104
30;8;2004;110
31;8;2004;16
32;8;2004;121
32;8;2004;122
32;8;2004;123
32;8;2004;128
33;8;2004;165
33;8;2004;166
33;8;2004;167
34;8;2004;65
34;8;2004;66
35;8;2004;71
35;8;2004;119
35;8;2004;120
35;8;2004;159
36;8;2004;135
36;8;2004;136
36;8;2004;137
36;8;2004;142
36;8;2004;155
37;8;2004;89
37;8;2004;99
38;8;2004;107
38;8;2004;108
38;8;2004;109
39;8;2004;35
39;8;2004;43
1;9;2004;6
1;9;2004;7
2;9;2004;9
2;9;2004;10
3;9;2004;23
3;9;2004;24
3;9;2004;25
3;9;2004;26
3;9;2004;44
4;9;2004;17
5;9;2004;1
5;9;2004;4
6;9;2004;18
6;9;2004;19
6;9;2004;20
7;9;2004;72
7;9;2004;73
7;9;2004;74
7;9;2004;75
8;9;2004;134
8;9;2004;141
8;9;2004;145
8;9;2004;146
8;9;2004;147
9;9;2004;27
9;9;2004;28
9;9;2004;29
9;9;2004;30
9;9;2004;39
9;9;2004;40
10;9;2004;88
10;9;2004;91
10;9;2004;92
10;9;2004;94
10;9;2004;95
10;9;2004;96
10;9;2004;97
10;9;2004;98
10;9;2004;101
10;9;2004;168
11;9;2004;111
11;9;2004;112
11;9;2004;151
11;9;2004;152
11;9;2004;153
11;9;2004;154
11;9;2004;156
11;9;2004;157
11;9;2004;158
12;9;2004;76
12;9;2004;77
12;9;2004;78
12;9;2004;79
12;9;2004;81
12;9;2004;82
13;9;2004;5
14;9;2004;31
14;9;2004;33
14;9;2004;34
15;9;2004;59
15;9;2004;60
15;9;2004;61
15;9;2004;62
16;9;2004;22
16;9;2004;38
17;9;2004;37
18;9;2004;32
18;9;2004;41
19;9;2004;12
19;9;2004;13
20;9;2004;52
20;9;2004;53
20;9;2004;54
20;9;2004;56
20;9;2004;57
20;9;2004;58
21;9;2004;64
22;9;2004;21
23;9;2004;14
23;9;2004;15
24;9;2004;48
24;9;2004;50
24;9;2004;51
24;9;2004;55
24;9;2004;63
25;9;2004;118
25;9;2004;124
25;9;2004;125
25;9;2004;126
25;9;2004;127
25;9;2004;129
26;9;2004;105
26;9;2004;106
27;9;2004;36
28;9;2004;90
28;9;2004;93
28;9;2004;100
29;9;2004;138
29;9;2004;139
29;9;2004;140
29;9;2004;143
29;9;2004;144
30;9;2004;104
30;9;2004;110
31;9;2004;16
32;9;2004;121
32;9;2004;122
32;9;2004;123
32;9;2004;128
33;9;2004;165
33;9;2004;166
33;9;2004;167
34;9;2004;65
34;9;2004;66
35;9;2004;71
35;9;2004;119
35;9;2004;120
35;9;2004;159
36;9;2004;135
36;9;2004;136
36;9;2004;137
36;9;2004;142
36;9;2004;155
37;9;2004;89
37;9;2004;99
38;9;2004;107
38;9;2004;108
38;9;2004;109
39;9;2004;35
39;9;2004;43
1;10;2004;6
1;10;2004;7
2;10;2004;9
2;10;2004;10
3;10;2004;23
3;10;2004;24
3;10;2004;25
3;10;2004;26
3;10;2004;44
4;10;2004;17
5;10;2004;1
5;10;2004;4
6;10;2004;18
6;10;2004;19
6;10;2004;20
7;10;2004;72
7;10;2004;73
7;10;2004;74
7;10;2004;75
8;10;2004;134
8;10;2004;141
8;10;2004;145
8;10;2004;146
8;10;2004;147
9;10;2004;27
9;10;2004;28
9;10;2004;29
9;10;2004;30
9;10;2004;39
9;10;2004;40
10;10;2004;88
10;10;2004;91
10;10;2004;92
10;10;2004;94
10;10;2004;95
10;10;2004;96
10;10;2004;97
10;10;2004;98
10;10;2004;101
10;10;2004;168
11;10;2004;111
11;10;2004;112
11;10;2004;151
11;10;2004;152
11;10;2004;153
11;10;2004;154
11;10;2004;156
11;10;2004;157
11;10;2004;158
12;10;2004;76
12;10;2004;77
12;10;2004;78
12;10;2004;79
12;10;2004;81
12;10;2004;82
13;10;2004;5
14;10;2004;31
14;10;2004;33
14;10;2004;34
15;10;2004;59
15;10;2004;60
15;10;2004;61
15;10;2004;62
16;10;2004;22
16;10;2004;38
17;10;2004;37
18;10;2004;32
18;10;2004;41
19;10;2004;12
19;10;2004;13
20;10;2004;52
20;10;2004;53
20;10;2004;54
20;10;2004;56
20;10;2004;57
20;10;2004;58
21;10;2004;64
22;10;2004;21
23;10;2004;14
23;10;2004;15
24;10;2004;48
24;10;2004;50
24;10;2004;51
24;10;2004;55
24;10;2004;63
25;10;2004;118
25;10;2004;124
25;10;2004;125
25;10;2004;126
25;10;2004;127
25;10;2004;129
26;10;2004;105
26;10;2004;106
27;10;2004;36
28;10;2004;90
28;10;2004;93
28;10;2004;100
29;10;2004;138
29;10;2004;139
29;10;2004;140
29;10;2004;143
29;10;2004;144
30;10;2004;104
30;10;2004;110
31;10;2004;16
32;10;2004;121
32;10;2004;122
32;10;2004;123
32;10;2004;128
33;10;2004;165
33;10;2004;166
33;10;2004;167
34;10;2004;65
34;10;2004;66
35;10;2004;71
35;10;2004;119
35;10;2004;120
35;10;2004;159
36;10;2004;135
36;10;2004;136
36;10;2004;137
36;10;2004;142
36;10;2004;155
37;10;2004;89
37;10;2004;99
38;10;2004;107
38;10;2004;108
38;10;2004;109
39;10;2004;35
39;10;2004;43
1;11;2004;6
1;11;2004;7
2;11;2004;9
2;11;2004;10
3;11;2004;23
3;11;2004;24
3;11;2004;25
3;11;2004;26
3;11;2004;44
4;11;2004;17
5;11;2004;1
5;11;2004;4
6;11;2004;18
6;11;2004;19
6;11;2004;20
7;11;2004;72
7;11;2004;73
7;11;2004;74
7;11;2004;75
8;11;2004;134
8;11;2004;141
8;11;2004;145
8;11;2004;146
8;11;2004;147
9;11;2004;27
9;11;2004;28
9;11;2004;29
9;11;2004;30
9;11;2004;39
9;11;2004;40
10;11;2004;88
10;11;2004;91
10;11;2004;92
10;11;2004;94
10;11;2004;95
10;11;2004;96
10;11;2004;97
10;11;2004;98
10;11;2004;101
10;11;2004;168
11;11;2004;111
11;11;2004;112
11;11;2004;151
11;11;2004;152
11;11;2004;153
11;11;2004;154
11;11;2004;156
11;11;2004;157
11;11;2004;158
12;11;2004;76
12;11;2004;77
12;11;2004;78
12;11;2004;79
12;11;2004;81
12;11;2004;82
13;11;2004;5
14;11;2004;31
14;11;2004;33
14;11;2004;34
15;11;2004;59
15;11;2004;60
15;11;2004;61
15;11;2004;62
16;11;2004;22
16;11;2004;38
17;11;2004;37
18;11;2004;32
18;11;2004;41
19;11;2004;12
19;11;2004;13
20;11;2004;52
20;11;2004;53
20;11;2004;54
20;11;2004;56
20;11;2004;57
20;11;2004;58
21;11;2004;64
22;11;2004;21
23;11;2004;14
23;11;2004;15
24;11;2004;48
24;11;2004;50
24;11;2004;51
24;11;2004;55
24;11;2004;63
25;11;2004;118
25;11;2004;124
25;11;2004;125
25;11;2004;126
25;11;2004;127
25;11;2004;129
26;11;2004;105
26;11;2004;106
27;11;2004;36
28;11;2004;90
28;11;2004;93
28;11;2004;100
29;11;2004;138
29;11;2004;139
29;11;2004;140
29;11;2004;143
29;11;2004;144
30;11;2004;104
30;11;2004;110
31;11;2004;16
32;11;2004;121
32;11;2004;122
32;11;2004;123
32;11;2004;128
33;11;2004;165
33;11;2004;166
33;11;2004;167
34;11;2004;65
34;11;2004;66
35;11;2004;71
35;11;2004;119
35;11;2004;120
35;11;2004;159
36;11;2004;135
36;11;2004;136
36;11;2004;137
36;11;2004;142
36;11;2004;155
37;11;2004;89
37;11;2004;99
38;11;2004;107
38;11;2004;108
38;11;2004;109
39;11;2004;35
39;11;2004;43
1;12;2004;6
1;12;2004;7
2;12;2004;9
2;12;2004;10
3;12;2004;23
3;12;2004;24
3;12;2004;25
3;12;2004;26
3;12;2004;44
4;12;2004;17
5;12;2004;1
5;12;2004;4
6;12;2004;18
6;12;2004;19
6;12;2004;20
7;12;2004;72
7;12;2004;73
7;12;2004;74
7;12;2004;75
8;12;2004;134
8;12;2004;141
8;12;2004;145
8;12;2004;146
8;12;2004;147
9;12;2004;27
9;12;2004;28
9;12;2004;29
9;12;2004;30
9;12;2004;39
9;12;2004;40
10;12;2004;88
10;12;2004;91
10;12;2004;92
10;12;2004;94
10;12;2004;95
10;12;2004;96
10;12;2004;97
10;12;2004;98
10;12;2004;101
10;12;2004;168
11;12;2004;111
11;12;2004;112
11;12;2004;151
11;12;2004;152
11;12;2004;153
11;12;2004;154
11;12;2004;156
11;12;2004;157
11;12;2004;158
12;12;2004;76
12;12;2004;77
12;12;2004;78
12;12;2004;79
12;12;2004;81
12;12;2004;82
13;12;2004;5
14;12;2004;31
14;12;2004;33
14;12;2004;34
15;12;2004;59
15;12;2004;60
15;12;2004;61
15;12;2004;62
16;12;2004;22
16;12;2004;38
17;12;2004;37
18;12;2004;32
18;12;2004;41
19;12;2004;12
19;12;2004;13
20;12;2004;52
20;12;2004;53
20;12;2004;54
20;12;2004;56
20;12;2004;57
20;12;2004;58
21;12;2004;64
22;12;2004;21
23;12;2004;14
23;12;2004;15
24;12;2004;48
24;12;2004;50
24;12;2004;51
24;12;2004;55
24;12;2004;63
25;12;2004;118
25;12;2004;124
25;12;2004;125
25;12;2004;126
25;12;2004;127
25;12;2004;129
26;12;2004;105
26;12;2004;106
27;12;2004;36
28;12;2004;90
28;12;2004;93
28;12;2004;100
29;12;2004;138
29;12;2004;139
29;12;2004;140
29;12;2004;143
29;12;2004;144
30;12;2004;104
30;12;2004;110
31;12;2004;16
32;12;2004;121
32;12;2004;122
32;12;2004;123
32;12;2004;128
33;12;2004;165
33;12;2004;166
33;12;2004;167
34;12;2004;65
34;12;2004;66
35;12;2004;71
35;12;2004;119
35;12;2004;120
35;12;2004;159
36;12;2004;135
36;12;2004;136
36;12;2004;137
36;12;2004;142
36;12;2004;155
37;12;2004;89
37;12;2004;99
38;12;2004;107
38;12;2004;108
38;12;2004;109
39;12;2004;35
39;12;2004;43
1;1;2005;6
1;1;2005;7
2;1;2005;9
2;1;2005;10
3;1;2005;23
3;1;2005;24
3;1;2005;25
3;1;2005;26
3;1;2005;44
4;1;2005;17
5;1;2005;1
5;1;2005;4
6;1;2005;18
6;1;2005;19
6;1;2005;20
7;1;2005;72
7;1;2005;73
7;1;2005;74
7;1;2005;75
8;1;2005;134
8;1;2005;141
8;1;2005;145
8;1;2005;146
8;1;2005;147
9;1;2005;27
9;1;2005;28
9;1;2005;29
9;1;2005;30
9;1;2005;39
9;1;2005;40
10;1;2005;88
10;1;2005;91
10;1;2005;92
10;1;2005;94
10;1;2005;95
10;1;2005;96
10;1;2005;97
10;1;2005;98
10;1;2005;101
10;1;2005;168
11;1;2005;111
11;1;2005;112
11;1;2005;151
11;1;2005;152
11;1;2005;153
11;1;2005;154
11;1;2005;156
11;1;2005;157
11;1;2005;158
12;1;2005;76
12;1;2005;77
12;1;2005;78
12;1;2005;79
12;1;2005;81
12;1;2005;82
13;1;2005;5
14;1;2005;31
14;1;2005;33
14;1;2005;34
15;1;2005;59
15;1;2005;60
15;1;2005;61
15;1;2005;62
16;1;2005;22
16;1;2005;38
17;1;2005;37
18;1;2005;32
18;1;2005;41
19;1;2005;12
19;1;2005;13
20;1;2005;52
20;1;2005;53
20;1;2005;54
20;1;2005;56
20;1;2005;57
20;1;2005;58
21;1;2005;64
22;1;2005;21
23;1;2005;14
23;1;2005;15
24;1;2005;48
24;1;2005;50
24;1;2005;51
24;1;2005;55
24;1;2005;63
25;1;2005;118
25;1;2005;124
25;1;2005;125
25;1;2005;126
25;1;2005;127
25;1;2005;129
26;1;2005;105
26;1;2005;106
27;1;2005;36
28;1;2005;90
28;1;2005;93
28;1;2005;100
29;1;2005;138
29;1;2005;139
29;1;2005;140
29;1;2005;143
29;1;2005;144
30;1;2005;104
30;1;2005;110
31;1;2005;16
32;1;2005;121
32;1;2005;122
32;1;2005;123
32;1;2005;128
33;1;2005;165
33;1;2005;166
33;1;2005;167
34;1;2005;65
34;1;2005;66
35;1;2005;71
35;1;2005;119
35;1;2005;120
35;1;2005;159
36;1;2005;135
36;1;2005;136
36;1;2005;137
36;1;2005;142
36;1;2005;155
37;1;2005;89
37;1;2005;99
38;1;2005;107
38;1;2005;108
38;1;2005;109
39;1;2005;35
39;1;2005;43
1;2;2005;6
1;2;2005;7
2;2;2005;9
2;2;2005;10
3;2;2005;23
3;2;2005;24
3;2;2005;25
3;2;2005;26
3;2;2005;44
4;2;2005;17
5;2;2005;1
5;2;2005;4
6;2;2005;18
6;2;2005;19
6;2;2005;20
7;2;2005;72
7;2;2005;73
7;2;2005;74
7;2;2005;75
8;2;2005;134
8;2;2005;141
8;2;2005;145
8;2;2005;146
8;2;2005;147
9;2;2005;27
9;2;2005;28
9;2;2005;29
9;2;2005;30
9;2;2005;39
9;2;2005;40
10;2;2005;88
10;2;2005;91
10;2;2005;92
10;2;2005;94
10;2;2005;95
10;2;2005;96
10;2;2005;97
10;2;2005;98
10;2;2005;101
10;2;2005;168
11;2;2005;111
11;2;2005;112
11;2;2005;151
11;2;2005;152
11;2;2005;153
11;2;2005;154
11;2;2005;156
11;2;2005;157
11;2;2005;158
12;2;2005;76
12;2;2005;77
12;2;2005;78
12;2;2005;79
12;2;2005;81
12;2;2005;82
13;2;2005;5
14;2;2005;31
14;2;2005;33
14;2;2005;34
15;2;2005;59
15;2;2005;60
15;2;2005;61
15;2;2005;62
16;2;2005;22
16;2;2005;38
17;2;2005;37
18;2;2005;32
18;2;2005;41
19;2;2005;12
19;2;2005;13
20;2;2005;52
20;2;2005;53
20;2;2005;54
20;2;2005;56
20;2;2005;57
20;2;2005;58
21;2;2005;64
22;2;2005;21
23;2;2005;14
23;2;2005;15
24;2;2005;48
24;2;2005;50
24;2;2005;51
24;2;2005;55
24;2;2005;63
25;2;2005;118
25;2;2005;124
25;2;2005;125
25;2;2005;126
25;2;2005;127
25;2;2005;129
26;2;2005;105
26;2;2005;106
27;2;2005;36
28;2;2005;90
28;2;2005;93
28;2;2005;100
29;2;2005;138
29;2;2005;139
29;2;2005;140
29;2;2005;143
29;2;2005;144
30;2;2005;104
30;2;2005;110
31;2;2005;16
32;2;2005;121
32;2;2005;122
32;2;2005;123
32;2;2005;128
33;2;2005;165
33;2;2005;166
33;2;2005;167
34;2;2005;65
34;2;2005;66
35;2;2005;71
35;2;2005;119
35;2;2005;120
35;2;2005;159
36;2;2005;135
36;2;2005;136
36;2;2005;137
36;2;2005;142
36;2;2005;155
37;2;2005;89
37;2;2005;99
38;2;2005;107
38;2;2005;108
38;2;2005;109
39;2;2005;35
39;2;2005;43
1;3;2005;6
1;3;2005;7
2;3;2005;9
2;3;2005;10
3;3;2005;23
3;3;2005;24
3;3;2005;25
3;3;2005;26
3;3;2005;44
4;3;2005;17
5;3;2005;1
5;3;2005;4
6;3;2005;18
6;3;2005;19
6;3;2005;20
7;3;2005;72
7;3;2005;73
7;3;2005;74
7;3;2005;75
8;3;2005;134
8;3;2005;141
8;3;2005;145
8;3;2005;146
8;3;2005;147
9;3;2005;27
9;3;2005;28
9;3;2005;29
9;3;2005;30
9;3;2005;39
9;3;2005;40
10;3;2005;88
10;3;2005;91
10;3;2005;92
10;3;2005;94
10;3;2005;95
10;3;2005;96
10;3;2005;97
10;3;2005;98
10;3;2005;101
10;3;2005;168
11;3;2005;111
11;3;2005;112
11;3;2005;151
11;3;2005;152
11;3;2005;153
11;3;2005;154
11;3;2005;156
11;3;2005;157
11;3;2005;158
12;3;2005;76
12;3;2005;77
12;3;2005;78
12;3;2005;79
12;3;2005;81
12;3;2005;82
13;3;2005;5
14;3;2005;31
14;3;2005;33
14;3;2005;34
15;3;2005;59
15;3;2005;60
15;3;2005;61
15;3;2005;62
16;3;2005;22
16;3;2005;38
17;3;2005;37
18;3;2005;32
18;3;2005;41
19;3;2005;12
19;3;2005;13
20;3;2005;52
20;3;2005;53
20;3;2005;54
20;3;2005;56
20;3;2005;57
20;3;2005;58
21;3;2005;64
22;3;2005;21
23;3;2005;14
23;3;2005;15
24;3;2005;48
24;3;2005;50
24;3;2005;51
24;3;2005;55
24;3;2005;63
25;3;2005;118
25;3;2005;124
25;3;2005;125
25;3;2005;126
25;3;2005;127
25;3;2005;129
26;3;2005;105
26;3;2005;106
27;3;2005;36
28;3;2005;90
28;3;2005;93
28;3;2005;100
29;3;2005;138
29;3;2005;139
29;3;2005;140
29;3;2005;143
29;3;2005;144
30;3;2005;104
30;3;2005;110
31;3;2005;16
32;3;2005;121
32;3;2005;122
32;3;2005;123
32;3;2005;128
33;3;2005;165
33;3;2005;166
33;3;2005;167
34;3;2005;65
34;3;2005;66
35;3;2005;71
35;3;2005;119
35;3;2005;120
35;3;2005;159
36;3;2005;135
36;3;2005;136
36;3;2005;137
36;3;2005;142
36;3;2005;155
37;3;2005;89
37;3;2005;99
38;3;2005;107
38;3;2005;108
38;3;2005;109
39;3;2005;35
39;3;2005;43
1;4;2005;6
1;4;2005;7
2;4;2005;9
2;4;2005;10
3;4;2005;23
3;4;2005;24
3;4;2005;25
3;4;2005;26
3;4;2005;44
4;4;2005;17
5;4;2005;1
5;4;2005;4
6;4;2005;18
6;4;2005;19
6;4;2005;20
7;4;2005;72
7;4;2005;73
7;4;2005;74
7;4;2005;75
8;4;2005;134
8;4;2005;141
8;4;2005;145
8;4;2005;146
8;4;2005;147
9;4;2005;27
9;4;2005;28
9;4;2005;29
9;4;2005;30
9;4;2005;39
9;4;2005;40
10;4;2005;88
10;4;2005;91
10;4;2005;92
10;4;2005;94
10;4;2005;95
10;4;2005;96
10;4;2005;97
10;4;2005;98
10;4;2005;101
10;4;2005;168
11;4;2005;111
11;4;2005;112
11;4;2005;151
11;4;2005;152
11;4;2005;153
11;4;2005;154
11;4;2005;156
11;4;2005;157
11;4;2005;158
12;4;2005;76
12;4;2005;77
12;4;2005;78
12;4;2005;79
12;4;2005;81
12;4;2005;82
13;4;2005;5
14;4;2005;31
14;4;2005;33
14;4;2005;34
15;4;2005;59
15;4;2005;60
15;4;2005;61
15;4;2005;62
16;4;2005;22
16;4;2005;38
17;4;2005;37
18;4;2005;32
18;4;2005;41
19;4;2005;12
19;4;2005;13
20;4;2005;52
20;4;2005;53
20;4;2005;54
20;4;2005;56
20;4;2005;57
20;4;2005;58
21;4;2005;64
22;4;2005;21
23;4;2005;14
23;4;2005;15
24;4;2005;48
24;4;2005;50
24;4;2005;51
24;4;2005;55
24;4;2005;63
25;4;2005;118
25;4;2005;124
25;4;2005;125
25;4;2005;126
25;4;2005;127
25;4;2005;129
26;4;2005;105
26;4;2005;106
27;4;2005;36
28;4;2005;90
28;4;2005;93
28;4;2005;100
29;4;2005;138
29;4;2005;139
29;4;2005;140
29;4;2005;143
29;4;2005;144
30;4;2005;104
30;4;2005;110
31;4;2005;16
32;4;2005;121
32;4;2005;122
32;4;2005;123
32;4;2005;128
33;4;2005;165
33;4;2005;166
33;4;2005;167
34;4;2005;65
34;4;2005;66
35;4;2005;71
35;4;2005;119
35;4;2005;120
35;4;2005;159
36;4;2005;135
36;4;2005;136
36;4;2005;137
36;4;2005;142
36;4;2005;155
37;4;2005;89
37;4;2005;99
38;4;2005;107
38;4;2005;108
38;4;2005;109
39;4;2005;35
39;4;2005;43
1;5;2005;6
1;5;2005;7
2;5;2005;9
2;5;2005;10
3;5;2005;23
3;5;2005;24
3;5;2005;25
3;5;2005;26
3;5;2005;44
4;5;2005;17
5;5;2005;1
5;5;2005;4
6;5;2005;18
6;5;2005;19
6;5;2005;20
7;5;2005;72
7;5;2005;73
7;5;2005;74
7;5;2005;75
8;5;2005;134
8;5;2005;141
8;5;2005;145
8;5;2005;146
8;5;2005;147
9;5;2005;27
9;5;2005;28
9;5;2005;29
9;5;2005;30
9;5;2005;39
9;5;2005;40
10;5;2005;88
10;5;2005;91
10;5;2005;92
10;5;2005;94
10;5;2005;95
10;5;2005;96
10;5;2005;97
10;5;2005;98
10;5;2005;101
10;5;2005;168
11;5;2005;111
11;5;2005;112
11;5;2005;151
11;5;2005;152
11;5;2005;153
11;5;2005;154
11;5;2005;156
11;5;2005;157
11;5;2005;158
12;5;2005;76
12;5;2005;77
12;5;2005;78
12;5;2005;79
12;5;2005;81
12;5;2005;82
13;5;2005;5
14;5;2005;31
14;5;2005;33
14;5;2005;34
15;5;2005;59
15;5;2005;60
15;5;2005;61
15;5;2005;62
16;5;2005;22
16;5;2005;38
17;5;2005;37
18;5;2005;32
18;5;2005;41
19;5;2005;12
19;5;2005;13
20;5;2005;52
20;5;2005;53
20;5;2005;54
20;5;2005;56
20;5;2005;57
20;5;2005;58
21;5;2005;64
22;5;2005;21
23;5;2005;14
23;5;2005;15
24;5;2005;48
24;5;2005;50
24;5;2005;51
24;5;2005;55
24;5;2005;63
25;5;2005;118
25;5;2005;124
25;5;2005;125
25;5;2005;126
25;5;2005;127
25;5;2005;129
26;5;2005;105
26;5;2005;106
27;5;2005;36
28;5;2005;90
28;5;2005;93
28;5;2005;100
29;5;2005;138
29;5;2005;139
29;5;2005;140
29;5;2005;143
29;5;2005;144
30;5;2005;104
30;5;2005;110
31;5;2005;16
32;5;2005;121
32;5;2005;122
32;5;2005;123
32;5;2005;128
33;5;2005;165
33;5;2005;166
33;5;2005;167
34;5;2005;65
34;5;2005;66
35;5;2005;71
35;5;2005;119
35;5;2005;120
35;5;2005;159
36;5;2005;135
36;5;2005;136
36;5;2005;137
36;5;2005;142
36;5;2005;155
37;5;2005;89
37;5;2005;99
38;5;2005;107
38;5;2005;108
38;5;2005;109
39;5;2005;35
39;5;2005;43
1;6;2005;6
1;6;2005;7
2;6;2005;9
2;6;2005;10
3;6;2005;23
3;6;2005;24
3;6;2005;25
3;6;2005;26
3;6;2005;44
4;6;2005;17
5;6;2005;1
5;6;2005;4
6;6;2005;18
6;6;2005;19
6;6;2005;20
7;6;2005;72
7;6;2005;73
7;6;2005;74
7;6;2005;75
8;6;2005;134
8;6;2005;141
8;6;2005;145
8;6;2005;146
8;6;2005;147
9;6;2005;27
9;6;2005;28
9;6;2005;29
9;6;2005;30
9;6;2005;39
9;6;2005;40
10;6;2005;88
10;6;2005;91
10;6;2005;92
10;6;2005;94
10;6;2005;95
10;6;2005;96
10;6;2005;97
10;6;2005;98
10;6;2005;101
10;6;2005;168
11;6;2005;111
11;6;2005;112
11;6;2005;151
11;6;2005;152
11;6;2005;153
11;6;2005;154
11;6;2005;156
11;6;2005;157
11;6;2005;158
12;6;2005;76
12;6;2005;77
12;6;2005;78
12;6;2005;79
12;6;2005;81
12;6;2005;82
13;6;2005;5
14;6;2005;31
14;6;2005;33
14;6;2005;34
15;6;2005;59
15;6;2005;60
15;6;2005;61
15;6;2005;62
16;6;2005;22
16;6;2005;38
17;6;2005;37
18;6;2005;32
18;6;2005;41
19;6;2005;12
19;6;2005;13
20;6;2005;52
20;6;2005;53
20;6;2005;54
20;6;2005;56
20;6;2005;57
20;6;2005;58
21;6;2005;64
22;6;2005;21
23;6;2005;14
23;6;2005;15
24;6;2005;48
24;6;2005;50
24;6;2005;51
24;6;2005;55
24;6;2005;63
25;6;2005;118
25;6;2005;124
25;6;2005;125
25;6;2005;126
25;6;2005;127
25;6;2005;129
26;6;2005;105
26;6;2005;106
27;6;2005;36
28;6;2005;90
28;6;2005;93
28;6;2005;100
29;6;2005;138
29;6;2005;139
29;6;2005;140
29;6;2005;143
29;6;2005;144
30;6;2005;104
30;6;2005;110
31;6;2005;16
32;6;2005;121
32;6;2005;122
32;6;2005;123
32;6;2005;128
33;6;2005;165
33;6;2005;166
33;6;2005;167
34;6;2005;65
34;6;2005;66
35;6;2005;71
35;6;2005;119
35;6;2005;120
35;6;2005;159
36;6;2005;135
36;6;2005;136
36;6;2005;137
36;6;2005;142
36;6;2005;155
37;6;2005;89
37;6;2005;99
38;6;2005;107
38;6;2005;108
38;6;2005;109
39;6;2005;35
39;6;2005;43
1;7;2005;6
1;7;2005;7
2;7;2005;9
2;7;2005;10
3;7;2005;23
3;7;2005;24
3;7;2005;25
3;7;2005;26
3;7;2005;44
4;7;2005;17
5;7;2005;1
5;7;2005;4
6;7;2005;18
6;7;2005;19
6;7;2005;20
7;7;2005;72
7;7;2005;73
7;7;2005;74
7;7;2005;75
8;7;2005;134
8;7;2005;141
8;7;2005;145
8;7;2005;146
8;7;2005;147
9;7;2005;27
9;7;2005;28
9;7;2005;29
9;7;2005;30
9;7;2005;39
9;7;2005;40
10;7;2005;88
10;7;2005;91
10;7;2005;92
10;7;2005;94
10;7;2005;95
10;7;2005;96
10;7;2005;97
10;7;2005;98
10;7;2005;101
10;7;2005;168
11;7;2005;111
11;7;2005;112
11;7;2005;151
11;7;2005;152
11;7;2005;153
11;7;2005;154
11;7;2005;156
11;7;2005;157
11;7;2005;158
12;7;2005;76
12;7;2005;77
12;7;2005;78
12;7;2005;79
12;7;2005;81
12;7;2005;82
13;7;2005;5
14;7;2005;31
14;7;2005;33
14;7;2005;34
15;7;2005;59
15;7;2005;60
15;7;2005;61
15;7;2005;62
16;7;2005;22
16;7;2005;38
17;7;2005;37
18;7;2005;32
18;7;2005;41
19;7;2005;12
19;7;2005;13
20;7;2005;52
20;7;2005;53
20;7;2005;54
20;7;2005;56
20;7;2005;57
20;7;2005;58
21;7;2005;64
22;7;2005;21
23;7;2005;14
23;7;2005;15
24;7;2005;48
24;7;2005;50
24;7;2005;51
24;7;2005;55
24;7;2005;63
25;7;2005;118
25;7;2005;124
25;7;2005;125
25;7;2005;126
25;7;2005;127
25;7;2005;129
26;7;2005;105
26;7;2005;106
27;7;2005;36
28;7;2005;90
28;7;2005;93
28;7;2005;100
29;7;2005;138
29;7;2005;139
29;7;2005;140
29;7;2005;143
29;7;2005;144
30;7;2005;104
30;7;2005;110
31;7;2005;16
32;7;2005;121
32;7;2005;122
32;7;2005;123
32;7;2005;128
33;7;2005;165
33;7;2005;166
33;7;2005;167
34;7;2005;65
34;7;2005;66
35;7;2005;71
35;7;2005;119
35;7;2005;120
35;7;2005;159
36;7;2005;135
36;7;2005;136
36;7;2005;137
36;7;2005;142
36;7;2005;155
37;7;2005;89
37;7;2005;99
38;7;2005;107
38;7;2005;108
38;7;2005;109
39;7;2005;35
39;7;2005;43
1;8;2005;6
1;8;2005;7
2;8;2005;9
2;8;2005;10
3;8;2005;23
3;8;2005;24
3;8;2005;25
3;8;2005;26
3;8;2005;44
4;8;2005;17
5;8;2005;1
5;8;2005;4
6;8;2005;18
6;8;2005;19
6;8;2005;20
7;8;2005;72
7;8;2005;73
7;8;2005;74
7;8;2005;75
8;8;2005;134
8;8;2005;141
8;8;2005;145
8;8;2005;146
8;8;2005;147
9;8;2005;27
9;8;2005;28
9;8;2005;29
9;8;2005;30
9;8;2005;39
9;8;2005;40
10;8;2005;88
10;8;2005;91
10;8;2005;92
10;8;2005;94
10;8;2005;95
10;8;2005;96
10;8;2005;97
10;8;2005;98
10;8;2005;101
10;8;2005;168
11;8;2005;111
11;8;2005;112
11;8;2005;151
11;8;2005;152
11;8;2005;153
11;8;2005;154
11;8;2005;156
11;8;2005;157
11;8;2005;158
12;8;2005;76
12;8;2005;77
12;8;2005;78
12;8;2005;79
12;8;2005;81
12;8;2005;82
13;8;2005;5
14;8;2005;31
14;8;2005;33
14;8;2005;34
15;8;2005;59
15;8;2005;60
15;8;2005;61
15;8;2005;62
16;8;2005;22
16;8;2005;38
17;8;2005;37
18;8;2005;32
18;8;2005;41
19;8;2005;12
19;8;2005;13
20;8;2005;52
20;8;2005;53
20;8;2005;54
20;8;2005;56
20;8;2005;57
20;8;2005;58
21;8;2005;64
22;8;2005;21
23;8;2005;14
23;8;2005;15
24;8;2005;48
24;8;2005;50
24;8;2005;51
24;8;2005;55
24;8;2005;63
25;8;2005;118
25;8;2005;124
25;8;2005;125
25;8;2005;126
25;8;2005;127
25;8;2005;129
26;8;2005;105
26;8;2005;106
27;8;2005;36
28;8;2005;90
28;8;2005;93
28;8;2005;100
29;8;2005;138
29;8;2005;139
29;8;2005;140
29;8;2005;143
29;8;2005;144
30;8;2005;104
30;8;2005;110
31;8;2005;16
32;8;2005;121
32;8;2005;122
32;8;2005;123
32;8;2005;128
33;8;2005;165
33;8;2005;166
33;8;2005;167
34;8;2005;65
34;8;2005;66
35;8;2005;71
35;8;2005;119
35;8;2005;120
35;8;2005;159
36;8;2005;135
36;8;2005;136
36;8;2005;137
36;8;2005;142
36;8;2005;155
37;8;2005;89
37;8;2005;99
38;8;2005;107
38;8;2005;108
38;8;2005;109
39;8;2005;35
39;8;2005;43
1;9;2005;6
1;9;2005;7
2;9;2005;9
2;9;2005;10
3;9;2005;23
3;9;2005;24
3;9;2005;25
3;9;2005;26
3;9;2005;44
4;9;2005;17
5;9;2005;1
5;9;2005;4
6;9;2005;18
6;9;2005;19
6;9;2005;20
7;9;2005;72
7;9;2005;73
7;9;2005;74
7;9;2005;75
8;9;2005;134
8;9;2005;141
8;9;2005;145
8;9;2005;146
8;9;2005;147
9;9;2005;27
9;9;2005;28
9;9;2005;29
9;9;2005;30
9;9;2005;39
9;9;2005;40
10;9;2005;88
10;9;2005;91
10;9;2005;92
10;9;2005;94
10;9;2005;95
10;9;2005;96
10;9;2005;97
10;9;2005;98
10;9;2005;101
10;9;2005;168
11;9;2005;111
11;9;2005;112
11;9;2005;151
11;9;2005;152
11;9;2005;153
11;9;2005;154
11;9;2005;156
11;9;2005;157
11;9;2005;158
12;9;2005;76
12;9;2005;77
12;9;2005;78
12;9;2005;79
12;9;2005;81
12;9;2005;82
13;9;2005;5
14;9;2005;31
14;9;2005;33
14;9;2005;34
15;9;2005;59
15;9;2005;60
15;9;2005;61
15;9;2005;62
16;9;2005;22
16;9;2005;38
17;9;2005;37
18;9;2005;32
18;9;2005;41
19;9;2005;12
19;9;2005;13
20;9;2005;52
20;9;2005;53
20;9;2005;56
20;9;2005;57
20;9;2005;58
21;9;2005;64
22;9;2005;21
23;9;2005;14
23;9;2005;15
24;9;2005;48
24;9;2005;50
24;9;2005;51
24;9;2005;55
24;9;2005;63
25;9;2005;118
25;9;2005;124
25;9;2005;125
25;9;2005;126
25;9;2005;127
25;9;2005;129
26;9;2005;105
26;9;2005;106
27;9;2005;36
28;9;2005;90
28;9;2005;93
28;9;2005;100
29;9;2005;138
29;9;2005;139
29;9;2005;140
29;9;2005;143
29;9;2005;144
30;9;2005;104
30;9;2005;110
31;9;2005;16
32;9;2005;121
32;9;2005;122
32;9;2005;123
32;9;2005;128
33;9;2005;165
33;9;2005;166
33;9;2005;167
34;9;2005;65
34;9;2005;66
35;9;2005;71
35;9;2005;119
35;9;2005;120
35;9;2005;159
36;9;2005;135
36;9;2005;136
36;9;2005;137
36;9;2005;142
36;9;2005;155
37;9;2005;89
37;9;2005;99
38;9;2005;107
38;9;2005;108
38;9;2005;109
39;9;2005;35
39;9;2005;43
40;9;2005;54
1;10;2005;6
1;10;2005;7
2;10;2005;9
2;10;2005;10
3;10;2005;23
3;10;2005;24
3;10;2005;25
3;10;2005;26
3;10;2005;44
4;10;2005;17
5;10;2005;1
5;10;2005;4
6;10;2005;18
6;10;2005;19
6;10;2005;20
7;10;2005;72
7;10;2005;73
7;10;2005;74
7;10;2005;75
8;10;2005;134
8;10;2005;141
8;10;2005;145
8;10;2005;146
8;10;2005;147
9;10;2005;27
9;10;2005;28
9;10;2005;29
9;10;2005;30
9;10;2005;39
9;10;2005;40
10;10;2005;88
10;10;2005;91
10;10;2005;92
10;10;2005;94
10;10;2005;95
10;10;2005;96
10;10;2005;97
10;10;2005;98
10;10;2005;101
10;10;2005;168
11;10;2005;111
11;10;2005;112
11;10;2005;151
11;10;2005;152
11;10;2005;153
11;10;2005;154
11;10;2005;156
11;10;2005;157
11;10;2005;158
12;10;2005;76
12;10;2005;77
12;10;2005;78
12;10;2005;79
12;10;2005;81
12;10;2005;82
13;10;2005;5
14;10;2005;31
14;10;2005;33
14;10;2005;34
15;10;2005;59
15;10;2005;60
15;10;2005;61
15;10;2005;62
16;10;2005;22
16;10;2005;38
17;10;2005;37
18;10;2005;32
18;10;2005;41
19;10;2005;12
19;10;2005;13
20;10;2005;52
20;10;2005;53
20;10;2005;56
20;10;2005;57
20;10;2005;58
21;10;2005;64
22;10;2005;21
23;10;2005;14
23;10;2005;15
24;10;2005;48
24;10;2005;50
24;10;2005;51
24;10;2005;55
24;10;2005;63
25;10;2005;118
25;10;2005;124
25;10;2005;125
25;10;2005;126
25;10;2005;127
25;10;2005;129
26;10;2005;105
26;10;2005;106
27;10;2005;36
28;10;2005;90
28;10;2005;93
28;10;2005;100
29;10;2005;138
29;10;2005;139
29;10;2005;140
29;10;2005;143
29;10;2005;144
30;10;2005;104
30;10;2005;110
31;10;2005;16
32;10;2005;121
32;10;2005;122
32;10;2005;123
32;10;2005;128
33;10;2005;165
33;10;2005;166
33;10;2005;167
34;10;2005;65
34;10;2005;66
35;10;2005;71
35;10;2005;119
35;10;2005;120
35;10;2005;159
36;10;2005;135
36;10;2005;136
36;10;2005;137
36;10;2005;142
36;10;2005;155
37;10;2005;89
37;10;2005;99
38;10;2005;107
38;10;2005;108
38;10;2005;109
39;10;2005;35
39;10;2005;43
40;10;2005;54
1;11;2005;6
1;11;2005;7
2;11;2005;9
2;11;2005;10
3;11;2005;23
3;11;2005;24
3;11;2005;25
3;11;2005;26
3;11;2005;44
4;11;2005;17
5;11;2005;1
5;11;2005;4
6;11;2005;18
6;11;2005;19
6;11;2005;20
7;11;2005;72
7;11;2005;73
7;11;2005;74
7;11;2005;75
8;11;2005;134
8;11;2005;141
8;11;2005;145
8;11;2005;146
8;11;2005;147
9;11;2005;27
9;11;2005;28
9;11;2005;29
9;11;2005;30
9;11;2005;39
9;11;2005;40
10;11;2005;88
10;11;2005;91
10;11;2005;92
10;11;2005;94
10;11;2005;95
10;11;2005;96
10;11;2005;97
10;11;2005;98
10;11;2005;101
10;11;2005;168
11;11;2005;111
11;11;2005;112
11;11;2005;151
11;11;2005;152
11;11;2005;153
11;11;2005;154
11;11;2005;156
11;11;2005;157
11;11;2005;158
12;11;2005;76
12;11;2005;77
12;11;2005;78
12;11;2005;79
12;11;2005;81
12;11;2005;82
13;11;2005;5
14;11;2005;31
14;11;2005;33
14;11;2005;34
15;11;2005;59
15;11;2005;60
15;11;2005;61
15;11;2005;62
16;11;2005;22
16;11;2005;38
17;11;2005;37
18;11;2005;32
18;11;2005;41
19;11;2005;12
19;11;2005;13
20;11;2005;52
20;11;2005;53
20;11;2005;56
20;11;2005;57
20;11;2005;58
21;11;2005;64
22;11;2005;21
23;11;2005;14
23;11;2005;15
24;11;2005;48
24;11;2005;50
24;11;2005;51
24;11;2005;55
24;11;2005;63
25;11;2005;118
25;11;2005;124
25;11;2005;125
25;11;2005;126
25;11;2005;127
25;11;2005;129
26;11;2005;105
26;11;2005;106
27;11;2005;36
28;11;2005;90
28;11;2005;93
28;11;2005;100
29;11;2005;138
29;11;2005;139
29;11;2005;140
29;11;2005;143
29;11;2005;144
30;11;2005;104
30;11;2005;110
31;11;2005;16
32;11;2005;121
32;11;2005;122
32;11;2005;123
32;11;2005;128
33;11;2005;165
33;11;2005;166
33;11;2005;167
34;11;2005;65
34;11;2005;66
35;11;2005;71
35;11;2005;119
35;11;2005;120
35;11;2005;159
36;11;2005;135
36;11;2005;136
36;11;2005;137
36;11;2005;142
36;11;2005;155
37;11;2005;89
37;11;2005;99
38;11;2005;107
38;11;2005;108
38;11;2005;109
39;11;2005;35
39;11;2005;43
40;11;2005;54
1;12;2005;6
1;12;2005;7
2;12;2005;9
2;12;2005;10
3;12;2005;23
3;12;2005;24
3;12;2005;25
3;12;2005;26
3;12;2005;44
4;12;2005;17
5;12;2005;1
5;12;2005;4
6;12;2005;18
6;12;2005;19
6;12;2005;20
7;12;2005;72
7;12;2005;73
7;12;2005;74
7;12;2005;75
8;12;2005;134
8;12;2005;141
8;12;2005;145
8;12;2005;146
8;12;2005;147
9;12;2005;27
9;12;2005;28
9;12;2005;29
9;12;2005;30
9;12;2005;39
9;12;2005;40
10;12;2005;88
10;12;2005;91
10;12;2005;92
10;12;2005;94
10;12;2005;95
10;12;2005;96
10;12;2005;97
10;12;2005;98
10;12;2005;101
10;12;2005;168
11;12;2005;111
11;12;2005;112
11;12;2005;151
11;12;2005;152
11;12;2005;153
11;12;2005;154
11;12;2005;156
11;12;2005;157
11;12;2005;158
12;12;2005;76
12;12;2005;77
12;12;2005;78
12;12;2005;79
12;12;2005;81
12;12;2005;82
13;12;2005;5
14;12;2005;31
14;12;2005;33
14;12;2005;34
15;12;2005;59
15;12;2005;60
15;12;2005;61
15;12;2005;62
16;12;2005;22
16;12;2005;38
17;12;2005;37
18;12;2005;32
18;12;2005;41
19;12;2005;12
19;12;2005;13
20;12;2005;52
20;12;2005;53
20;12;2005;56
20;12;2005;57
20;12;2005;58
21;12;2005;64
22;12;2005;21
23;12;2005;14
23;12;2005;15
24;12;2005;48
24;12;2005;50
24;12;2005;51
24;12;2005;55
24;12;2005;63
25;12;2005;118
25;12;2005;124
25;12;2005;125
25;12;2005;126
25;12;2005;127
25;12;2005;129
26;12;2005;105
26;12;2005;106
27;12;2005;36
28;12;2005;90
28;12;2005;93
28;12;2005;100
29;12;2005;138
29;12;2005;139
29;12;2005;140
29;12;2005;143
29;12;2005;144
30;12;2005;104
30;12;2005;110
31;12;2005;16
32;12;2005;121
32;12;2005;122
32;12;2005;123
32;12;2005;128
33;12;2005;165
33;12;2005;166
33;12;2005;167
34;12;2005;65
34;12;2005;66
35;12;2005;71
35;12;2005;119
35;12;2005;120
35;12;2005;159
36;12;2005;135
36;12;2005;136
36;12;2005;137
36;12;2005;142
36;12;2005;155
37;12;2005;89
37;12;2005;99
38;12;2005;107
38;12;2005;108
38;12;2005;109
39;12;2005;35
39;12;2005;43
40;12;2005;54
1;1;2006;6
1;1;2006;7
2;1;2006;9
2;1;2006;10
3;1;2006;23
3;1;2006;24
3;1;2006;25
3;1;2006;26
3;1;2006;44
4;1;2006;17
5;1;2006;1
5;1;2006;4
6;1;2006;18
6;1;2006;19
6;1;2006;20
7;1;2006;72
7;1;2006;73
7;1;2006;74
7;1;2006;75
8;1;2006;134
8;1;2006;141
8;1;2006;145
8;1;2006;146
8;1;2006;147
9;1;2006;27
9;1;2006;28
9;1;2006;29
9;1;2006;30
9;1;2006;39
9;1;2006;40
10;1;2006;88
10;1;2006;91
10;1;2006;92
10;1;2006;94
10;1;2006;95
10;1;2006;96
10;1;2006;97
10;1;2006;98
10;1;2006;101
10;1;2006;168
11;1;2006;111
11;1;2006;112
11;1;2006;151
11;1;2006;152
11;1;2006;153
11;1;2006;154
11;1;2006;156
11;1;2006;157
11;1;2006;158
12;1;2006;76
12;1;2006;77
12;1;2006;78
12;1;2006;79
12;1;2006;81
12;1;2006;82
13;1;2006;5
14;1;2006;31
14;1;2006;33
14;1;2006;34
15;1;2006;59
15;1;2006;60
15;1;2006;61
15;1;2006;62
16;1;2006;22
16;1;2006;38
17;1;2006;37
18;1;2006;32
18;1;2006;41
19;1;2006;12
19;1;2006;13
20;1;2006;52
20;1;2006;53
20;1;2006;56
20;1;2006;57
20;1;2006;58
21;1;2006;64
22;1;2006;21
23;1;2006;14
23;1;2006;15
24;1;2006;48
24;1;2006;50
24;1;2006;51
24;1;2006;55
24;1;2006;63
25;1;2006;118
25;1;2006;124
25;1;2006;125
25;1;2006;126
25;1;2006;127
25;1;2006;129
26;1;2006;105
26;1;2006;106
27;1;2006;36
28;1;2006;90
28;1;2006;93
28;1;2006;100
29;1;2006;138
29;1;2006;139
29;1;2006;140
29;1;2006;143
29;1;2006;144
30;1;2006;104
30;1;2006;110
31;1;2006;16
32;1;2006;121
32;1;2006;122
32;1;2006;123
32;1;2006;128
33;1;2006;165
33;1;2006;166
33;1;2006;167
34;1;2006;65
34;1;2006;66
35;1;2006;71
35;1;2006;119
35;1;2006;120
35;1;2006;159
36;1;2006;135
36;1;2006;136
36;1;2006;137
36;1;2006;142
36;1;2006;155
37;1;2006;89
37;1;2006;99
38;1;2006;107
38;1;2006;108
38;1;2006;109
39;1;2006;35
39;1;2006;43
40;1;2006;54
1;2;2006;6
1;2;2006;7
2;2;2006;9
2;2;2006;10
3;2;2006;23
3;2;2006;24
3;2;2006;25
3;2;2006;26
3;2;2006;44
4;2;2006;17
5;2;2006;1
5;2;2006;4
6;2;2006;18
6;2;2006;19
6;2;2006;20
7;2;2006;72
7;2;2006;73
7;2;2006;74
7;2;2006;75
8;2;2006;134
8;2;2006;141
8;2;2006;145
8;2;2006;146
8;2;2006;147
9;2;2006;27
9;2;2006;28
9;2;2006;29
9;2;2006;30
9;2;2006;39
9;2;2006;40
10;2;2006;88
10;2;2006;91
10;2;2006;92
10;2;2006;94
10;2;2006;95
10;2;2006;96
10;2;2006;97
10;2;2006;98
10;2;2006;101
10;2;2006;168
11;2;2006;111
11;2;2006;112
11;2;2006;151
11;2;2006;152
11;2;2006;153
11;2;2006;154
11;2;2006;156
11;2;2006;157
11;2;2006;158
12;2;2006;76
12;2;2006;77
12;2;2006;78
12;2;2006;79
12;2;2006;81
12;2;2006;82
13;2;2006;5
14;2;2006;31
14;2;2006;33
14;2;2006;34
15;2;2006;59
15;2;2006;60
15;2;2006;61
15;2;2006;62
16;2;2006;22
16;2;2006;38
17;2;2006;37
18;2;2006;32
18;2;2006;41
19;2;2006;12
19;2;2006;13
20;2;2006;52
20;2;2006;53
20;2;2006;56
20;2;2006;57
20;2;2006;58
21;2;2006;64
22;2;2006;21
23;2;2006;14
23;2;2006;15
24;2;2006;48
24;2;2006;50
24;2;2006;51
24;2;2006;55
24;2;2006;63
25;2;2006;118
25;2;2006;124
25;2;2006;125
25;2;2006;126
25;2;2006;127
25;2;2006;129
26;2;2006;105
26;2;2006;106
27;2;2006;36
28;2;2006;90
28;2;2006;93
28;2;2006;100
29;2;2006;138
29;2;2006;139
29;2;2006;140
29;2;2006;143
29;2;2006;144
30;2;2006;104
30;2;2006;110
31;2;2006;16
32;2;2006;121
32;2;2006;122
32;2;2006;123
32;2;2006;128
33;2;2006;165
33;2;2006;166
33;2;2006;167
34;2;2006;65
34;2;2006;66
35;2;2006;71
35;2;2006;119
35;2;2006;120
35;2;2006;159
36;2;2006;135
36;2;2006;136
36;2;2006;137
36;2;2006;142
36;2;2006;155
37;2;2006;89
37;2;2006;99
38;2;2006;107
38;2;2006;108
38;2;2006;109
39;2;2006;35
39;2;2006;43
40;2;2006;54
1;3;2006;6
1;3;2006;7
2;3;2006;9
2;3;2006;10
3;3;2006;23
3;3;2006;24
3;3;2006;25
3;3;2006;26
3;3;2006;44
4;3;2006;17
5;3;2006;1
5;3;2006;4
6;3;2006;18
6;3;2006;19
6;3;2006;20
7;3;2006;72
7;3;2006;73
7;3;2006;74
7;3;2006;75
8;3;2006;134
8;3;2006;141
8;3;2006;145
8;3;2006;146
8;3;2006;147
9;3;2006;27
9;3;2006;28
9;3;2006;29
9;3;2006;30
9;3;2006;39
9;3;2006;40
10;3;2006;88
10;3;2006;91
10;3;2006;92
10;3;2006;94
10;3;2006;95
10;3;2006;96
10;3;2006;97
10;3;2006;98
10;3;2006;101
10;3;2006;168
11;3;2006;111
11;3;2006;112
11;3;2006;151
11;3;2006;152
11;3;2006;153
11;3;2006;154
11;3;2006;156
11;3;2006;157
11;3;2006;158
12;3;2006;76
12;3;2006;77
12;3;2006;78
12;3;2006;79
12;3;2006;81
12;3;2006;82
13;3;2006;5
14;3;2006;31
14;3;2006;33
14;3;2006;34
15;3;2006;59
15;3;2006;60
15;3;2006;61
15;3;2006;62
16;3;2006;22
16;3;2006;38
17;3;2006;37
18;3;2006;32
18;3;2006;41
19;3;2006;12
19;3;2006;13
20;3;2006;52
20;3;2006;53
20;3;2006;56
20;3;2006;57
20;3;2006;58
21;3;2006;64
22;3;2006;21
23;3;2006;14
23;3;2006;15
24;3;2006;48
24;3;2006;50
24;3;2006;51
24;3;2006;55
24;3;2006;63
25;3;2006;118
25;3;2006;124
25;3;2006;125
25;3;2006;126
25;3;2006;127
25;3;2006;129
26;3;2006;105
26;3;2006;106
27;3;2006;36
28;3;2006;90
28;3;2006;93
28;3;2006;100
29;3;2006;138
29;3;2006;139
29;3;2006;140
29;3;2006;143
29;3;2006;144
30;3;2006;104
30;3;2006;110
31;3;2006;16
32;3;2006;121
32;3;2006;122
32;3;2006;123
32;3;2006;128
33;3;2006;165
33;3;2006;166
33;3;2006;167
34;3;2006;65
34;3;2006;66
35;3;2006;71
35;3;2006;119
35;3;2006;120
35;3;2006;159
36;3;2006;135
36;3;2006;136
36;3;2006;137
36;3;2006;142
36;3;2006;155
37;3;2006;89
37;3;2006;99
38;3;2006;107
38;3;2006;108
38;3;2006;109
39;3;2006;35
39;3;2006;43
40;3;2006;54
1;4;2006;6
1;4;2006;7
2;4;2006;9
2;4;2006;10
3;4;2006;23
3;4;2006;24
3;4;2006;25
3;4;2006;26
3;4;2006;44
4;4;2006;17
5;4;2006;1
5;4;2006;4
6;4;2006;18
6;4;2006;19
6;4;2006;20
7;4;2006;72
7;4;2006;73
7;4;2006;74
7;4;2006;75
8;4;2006;134
8;4;2006;141
8;4;2006;145
8;4;2006;146
8;4;2006;147
9;4;2006;27
9;4;2006;28
9;4;2006;29
9;4;2006;30
9;4;2006;39
9;4;2006;40
10;4;2006;88
10;4;2006;91
10;4;2006;92
10;4;2006;94
10;4;2006;95
10;4;2006;96
10;4;2006;97
10;4;2006;98
10;4;2006;101
10;4;2006;168
11;4;2006;111
11;4;2006;112
11;4;2006;151
11;4;2006;152
11;4;2006;153
11;4;2006;154
11;4;2006;156
11;4;2006;157
11;4;2006;158
12;4;2006;76
12;4;2006;77
12;4;2006;78
12;4;2006;79
12;4;2006;81
12;4;2006;82
13;4;2006;5
14;4;2006;31
14;4;2006;33
14;4;2006;34
15;4;2006;59
15;4;2006;60
15;4;2006;61
15;4;2006;62
16;4;2006;22
16;4;2006;38
17;4;2006;37
18;4;2006;32
18;4;2006;41
19;4;2006;12
19;4;2006;13
20;4;2006;52
20;4;2006;53
20;4;2006;56
20;4;2006;57
20;4;2006;58
21;4;2006;64
22;4;2006;21
23;4;2006;14
23;4;2006;15
24;4;2006;48
24;4;2006;50
24;4;2006;51
24;4;2006;55
24;4;2006;63
25;4;2006;118
25;4;2006;124
25;4;2006;125
25;4;2006;126
25;4;2006;127
25;4;2006;129
26;4;2006;105
26;4;2006;106
27;4;2006;36
28;4;2006;90
28;4;2006;93
28;4;2006;100
29;4;2006;138
29;4;2006;139
29;4;2006;140
29;4;2006;143
29;4;2006;144
30;4;2006;104
30;4;2006;110
31;4;2006;16
32;4;2006;121
32;4;2006;122
32;4;2006;123
32;4;2006;128
33;4;2006;165
33;4;2006;166
33;4;2006;167
34;4;2006;65
34;4;2006;66
35;4;2006;71
35;4;2006;119
35;4;2006;120
35;4;2006;159
36;4;2006;135
36;4;2006;136
36;4;2006;137
36;4;2006;142
36;4;2006;155
37;4;2006;89
37;4;2006;99
38;4;2006;107
38;4;2006;108
38;4;2006;109
39;4;2006;35
39;4;2006;43
40;4;2006;54
1;5;2006;6
1;5;2006;7
2;5;2006;9
2;5;2006;10
3;5;2006;23
3;5;2006;24
3;5;2006;25
3;5;2006;26
3;5;2006;44
4;5;2006;17
5;5;2006;1
5;5;2006;4
6;5;2006;18
6;5;2006;19
6;5;2006;20
7;5;2006;72
7;5;2006;73
7;5;2006;74
7;5;2006;75
8;5;2006;134
8;5;2006;141
8;5;2006;145
8;5;2006;146
8;5;2006;147
9;5;2006;27
9;5;2006;28
9;5;2006;29
9;5;2006;30
9;5;2006;39
9;5;2006;40
10;5;2006;88
10;5;2006;91
10;5;2006;92
10;5;2006;94
10;5;2006;95
10;5;2006;96
10;5;2006;97
10;5;2006;98
10;5;2006;101
10;5;2006;168
11;5;2006;111
11;5;2006;112
11;5;2006;151
11;5;2006;152
11;5;2006;153
11;5;2006;154
11;5;2006;156
11;5;2006;157
11;5;2006;158
12;5;2006;76
12;5;2006;77
12;5;2006;78
12;5;2006;79
12;5;2006;81
12;5;2006;82
13;5;2006;5
14;5;2006;31
14;5;2006;33
14;5;2006;34
15;5;2006;59
15;5;2006;60
15;5;2006;61
15;5;2006;62
16;5;2006;22
16;5;2006;38
17;5;2006;37
18;5;2006;32
18;5;2006;41
19;5;2006;12
19;5;2006;13
20;5;2006;52
20;5;2006;53
20;5;2006;56
20;5;2006;57
20;5;2006;58
21;5;2006;64
22;5;2006;21
23;5;2006;14
23;5;2006;15
24;5;2006;48
24;5;2006;50
24;5;2006;51
24;5;2006;55
24;5;2006;63
25;5;2006;118
25;5;2006;124
25;5;2006;125
25;5;2006;126
25;5;2006;127
25;5;2006;129
26;5;2006;105
26;5;2006;106
27;5;2006;36
28;5;2006;90
28;5;2006;93
28;5;2006;100
29;5;2006;138
29;5;2006;139
29;5;2006;140
29;5;2006;143
29;5;2006;144
30;5;2006;104
30;5;2006;110
31;5;2006;16
32;5;2006;121
32;5;2006;122
32;5;2006;123
32;5;2006;128
33;5;2006;165
33;5;2006;166
33;5;2006;167
34;5;2006;65
34;5;2006;66
35;5;2006;71
35;5;2006;119
35;5;2006;120
35;5;2006;159
36;5;2006;135
36;5;2006;136
36;5;2006;137
36;5;2006;142
36;5;2006;155
37;5;2006;89
37;5;2006;99
38;5;2006;107
38;5;2006;108
38;5;2006;109
39;5;2006;35
39;5;2006;43
40;5;2006;54
1;6;2006;6
1;6;2006;7
2;6;2006;9
2;6;2006;10
3;6;2006;23
3;6;2006;24
3;6;2006;25
3;6;2006;26
3;6;2006;44
4;6;2006;17
5;6;2006;1
5;6;2006;4
6;6;2006;18
6;6;2006;19
6;6;2006;20
7;6;2006;72
7;6;2006;73
7;6;2006;74
7;6;2006;75
8;6;2006;134
8;6;2006;141
8;6;2006;145
8;6;2006;146
8;6;2006;147
9;6;2006;27
9;6;2006;28
9;6;2006;29
9;6;2006;30
9;6;2006;39
9;6;2006;40
10;6;2006;88
10;6;2006;91
10;6;2006;92
10;6;2006;94
10;6;2006;95
10;6;2006;96
10;6;2006;97
10;6;2006;98
10;6;2006;101
10;6;2006;168
11;6;2006;111
11;6;2006;112
11;6;2006;151
11;6;2006;152
11;6;2006;153
11;6;2006;154
11;6;2006;156
11;6;2006;157
11;6;2006;158
12;6;2006;76
12;6;2006;77
12;6;2006;78
12;6;2006;79
12;6;2006;81
12;6;2006;82
13;6;2006;5
14;6;2006;31
14;6;2006;33
14;6;2006;34
15;6;2006;59
15;6;2006;60
15;6;2006;61
15;6;2006;62
16;6;2006;22
16;6;2006;38
17;6;2006;37
18;6;2006;32
18;6;2006;41
19;6;2006;12
19;6;2006;13
20;6;2006;52
20;6;2006;53
20;6;2006;56
20;6;2006;57
20;6;2006;58
21;6;2006;64
22;6;2006;21
23;6;2006;14
23;6;2006;15
24;6;2006;48
24;6;2006;50
24;6;2006;51
24;6;2006;55
24;6;2006;63
25;6;2006;118
25;6;2006;124
25;6;2006;125
25;6;2006;126
25;6;2006;127
25;6;2006;129
26;6;2006;105
26;6;2006;106
27;6;2006;36
28;6;2006;90
28;6;2006;93
28;6;2006;100
29;6;2006;138
29;6;2006;139
29;6;2006;140
29;6;2006;143
29;6;2006;144
30;6;2006;104
30;6;2006;110
31;6;2006;16
32;6;2006;121
32;6;2006;122
32;6;2006;123
32;6;2006;128
33;6;2006;165
33;6;2006;166
33;6;2006;167
34;6;2006;65
34;6;2006;66
35;6;2006;71
35;6;2006;119
35;6;2006;120
35;6;2006;159
36;6;2006;135
36;6;2006;136
36;6;2006;137
36;6;2006;142
36;6;2006;155
37;6;2006;89
37;6;2006;99
38;6;2006;107
38;6;2006;108
38;6;2006;109
39;6;2006;35
39;6;2006;43
40;6;2006;54
1;7;2006;6
1;7;2006;7
2;7;2006;9
2;7;2006;10
3;7;2006;23
3;7;2006;24
3;7;2006;25
3;7;2006;26
3;7;2006;44
4;7;2006;17
5;7;2006;1
5;7;2006;4
6;7;2006;18
6;7;2006;19
6;7;2006;20
7;7;2006;72
7;7;2006;73
7;7;2006;74
7;7;2006;75
8;7;2006;134
8;7;2006;141
8;7;2006;145
8;7;2006;146
8;7;2006;147
9;7;2006;27
9;7;2006;28
9;7;2006;29
9;7;2006;30
9;7;2006;39
9;7;2006;40
10;7;2006;88
10;7;2006;91
10;7;2006;92
10;7;2006;94
10;7;2006;95
10;7;2006;96
10;7;2006;97
10;7;2006;98
10;7;2006;101
10;7;2006;168
11;7;2006;111
11;7;2006;112
11;7;2006;151
11;7;2006;152
11;7;2006;153
11;7;2006;154
11;7;2006;156
11;7;2006;157
11;7;2006;158
12;7;2006;76
12;7;2006;77
12;7;2006;78
12;7;2006;79
12;7;2006;81
12;7;2006;82
13;7;2006;5
14;7;2006;31
14;7;2006;33
14;7;2006;34
15;7;2006;59
15;7;2006;60
15;7;2006;61
15;7;2006;62
16;7;2006;22
16;7;2006;38
17;7;2006;37
18;7;2006;32
18;7;2006;41
19;7;2006;12
19;7;2006;13
20;7;2006;52
20;7;2006;53
20;7;2006;56
20;7;2006;57
20;7;2006;58
21;7;2006;64
22;7;2006;21
23;7;2006;14
23;7;2006;15
24;7;2006;48
24;7;2006;50
24;7;2006;51
24;7;2006;55
24;7;2006;63
25;7;2006;118
25;7;2006;124
25;7;2006;125
25;7;2006;126
25;7;2006;127
25;7;2006;129
26;7;2006;105
26;7;2006;106
27;7;2006;36
28;7;2006;90
28;7;2006;93
28;7;2006;100
29;7;2006;138
29;7;2006;139
29;7;2006;140
29;7;2006;143
29;7;2006;144
30;7;2006;104
30;7;2006;110
31;7;2006;16
32;7;2006;121
32;7;2006;122
32;7;2006;123
32;7;2006;128
33;7;2006;165
33;7;2006;166
33;7;2006;167
34;7;2006;65
34;7;2006;66
35;7;2006;71
35;7;2006;119
35;7;2006;120
35;7;2006;159
36;7;2006;135
36;7;2006;136
36;7;2006;137
36;7;2006;142
36;7;2006;155
37;7;2006;89
37;7;2006;99
38;7;2006;107
38;7;2006;108
38;7;2006;109
39;7;2006;35
39;7;2006;43
40;7;2006;54
1;8;2006;6
1;8;2006;7
2;8;2006;9
2;8;2006;10
3;8;2006;23
3;8;2006;24
3;8;2006;25
3;8;2006;26
3;8;2006;44
4;8;2006;17
5;8;2006;1
5;8;2006;4
6;8;2006;18
6;8;2006;19
6;8;2006;20
7;8;2006;72
7;8;2006;73
7;8;2006;74
7;8;2006;75
8;8;2006;134
8;8;2006;141
8;8;2006;145
8;8;2006;146
8;8;2006;147
9;8;2006;27
9;8;2006;28
9;8;2006;29
9;8;2006;30
9;8;2006;39
9;8;2006;40
10;8;2006;88
10;8;2006;91
10;8;2006;92
10;8;2006;94
10;8;2006;95
10;8;2006;96
10;8;2006;97
10;8;2006;98
10;8;2006;101
10;8;2006;168
11;8;2006;111
11;8;2006;112
11;8;2006;151
11;8;2006;152
11;8;2006;153
11;8;2006;154
11;8;2006;156
11;8;2006;157
11;8;2006;158
12;8;2006;76
12;8;2006;77
12;8;2006;78
12;8;2006;79
12;8;2006;81
12;8;2006;82
13;8;2006;5
14;8;2006;31
14;8;2006;33
14;8;2006;34
15;8;2006;59
15;8;2006;60
15;8;2006;61
15;8;2006;62
16;8;2006;22
16;8;2006;38
17;8;2006;37
18;8;2006;32
18;8;2006;41
19;8;2006;12
19;8;2006;13
20;8;2006;52
20;8;2006;53
20;8;2006;56
20;8;2006;57
20;8;2006;58
21;8;2006;64
22;8;2006;21
23;8;2006;14
23;8;2006;15
24;8;2006;48
24;8;2006;50
24;8;2006;51
24;8;2006;55
24;8;2006;63
25;8;2006;118
25;8;2006;124
25;8;2006;125
25;8;2006;126
25;8;2006;127
25;8;2006;129
26;8;2006;105
26;8;2006;106
27;8;2006;36
28;8;2006;90
28;8;2006;93
28;8;2006;100
29;8;2006;138
29;8;2006;139
29;8;2006;140
29;8;2006;143
29;8;2006;144
30;8;2006;104
30;8;2006;110
31;8;2006;16
32;8;2006;121
32;8;2006;122
32;8;2006;123
32;8;2006;128
33;8;2006;165
33;8;2006;166
33;8;2006;167
34;8;2006;65
34;8;2006;66
35;8;2006;71
35;8;2006;119
35;8;2006;120
35;8;2006;159
36;8;2006;135
36;8;2006;136
36;8;2006;137
36;8;2006;142
36;8;2006;155
37;8;2006;89
37;8;2006;99
38;8;2006;107
38;8;2006;108
38;8;2006;109
39;8;2006;35
39;8;2006;43
40;8;2006;54
1;9;2006;6
1;9;2006;7
2;9;2006;9
2;9;2006;10
3;9;2006;23
3;9;2006;24
3;9;2006;25
3;9;2006;26
3;9;2006;44
4;9;2006;17
5;9;2006;1
5;9;2006;4
6;9;2006;18
6;9;2006;19
6;9;2006;20
7;9;2006;72
7;9;2006;73
7;9;2006;74
7;9;2006;75
8;9;2006;134
8;9;2006;141
8;9;2006;145
8;9;2006;146
8;9;2006;147
9;9;2006;27
9;9;2006;28
9;9;2006;29
9;9;2006;30
9;9;2006;39
9;9;2006;40
10;9;2006;88
10;9;2006;91
10;9;2006;92
10;9;2006;94
10;9;2006;95
10;9;2006;96
10;9;2006;97
10;9;2006;98
10;9;2006;101
10;9;2006;168
11;9;2006;111
11;9;2006;112
11;9;2006;151
11;9;2006;152
11;9;2006;153
11;9;2006;154
11;9;2006;156
11;9;2006;157
11;9;2006;158
12;9;2006;76
12;9;2006;77
12;9;2006;78
12;9;2006;79
12;9;2006;81
12;9;2006;82
13;9;2006;5
14;9;2006;31
14;9;2006;33
14;9;2006;34
15;9;2006;59
15;9;2006;60
15;9;2006;61
15;9;2006;62
16;9;2006;22
16;9;2006;38
17;9;2006;37
18;9;2006;32
18;9;2006;41
19;9;2006;12
19;9;2006;13
20;9;2006;52
20;9;2006;53
20;9;2006;56
20;9;2006;57
20;9;2006;58
21;9;2006;64
22;9;2006;21
23;9;2006;14
23;9;2006;15
24;9;2006;48
24;9;2006;50
24;9;2006;51
24;9;2006;55
24;9;2006;63
25;9;2006;118
25;9;2006;124
25;9;2006;125
25;9;2006;126
25;9;2006;127
25;9;2006;129
26;9;2006;105
26;9;2006;106
27;9;2006;36
28;9;2006;90
28;9;2006;93
28;9;2006;100
29;9;2006;138
29;9;2006;139
29;9;2006;140
29;9;2006;143
29;9;2006;144
30;9;2006;104
30;9;2006;110
31;9;2006;16
32;9;2006;121
32;9;2006;122
32;9;2006;123
32;9;2006;128
33;9;2006;165
33;9;2006;166
33;9;2006;167
34;9;2006;65
34;9;2006;66
35;9;2006;71
35;9;2006;119
35;9;2006;120
35;9;2006;159
36;9;2006;135
36;9;2006;136
36;9;2006;137
36;9;2006;142
36;9;2006;155
37;9;2006;89
37;9;2006;99
38;9;2006;107
38;9;2006;108
38;9;2006;109
39;9;2006;35
39;9;2006;43
40;9;2006;54
1;10;2006;6
1;10;2006;7
2;10;2006;9
2;10;2006;10
3;10;2006;23
3;10;2006;24
3;10;2006;25
3;10;2006;26
3;10;2006;44
4;10;2006;17
5;10;2006;1
5;10;2006;4
6;10;2006;18
6;10;2006;19
6;10;2006;20
7;10;2006;72
7;10;2006;73
7;10;2006;74
7;10;2006;75
8;10;2006;134
8;10;2006;141
8;10;2006;145
8;10;2006;146
8;10;2006;147
9;10;2006;27
9;10;2006;28
9;10;2006;29
9;10;2006;30
9;10;2006;39
9;10;2006;40
10;10;2006;88
10;10;2006;91
10;10;2006;92
10;10;2006;94
10;10;2006;95
10;10;2006;96
10;10;2006;97
10;10;2006;98
10;10;2006;101
10;10;2006;168
11;10;2006;111
11;10;2006;112
11;10;2006;151
11;10;2006;152
11;10;2006;153
11;10;2006;154
11;10;2006;156
11;10;2006;157
11;10;2006;158
12;10;2006;76
12;10;2006;77
12;10;2006;78
12;10;2006;79
12;10;2006;81
12;10;2006;82
13;10;2006;5
14;10;2006;31
14;10;2006;33
14;10;2006;34
15;10;2006;59
15;10;2006;60
15;10;2006;61
15;10;2006;62
16;10;2006;22
16;10;2006;38
17;10;2006;37
18;10;2006;32
18;10;2006;41
19;10;2006;12
19;10;2006;13
20;10;2006;52
20;10;2006;53
20;10;2006;56
20;10;2006;57
20;10;2006;58
21;10;2006;64
22;10;2006;21
23;10;2006;14
23;10;2006;15
24;10;2006;48
24;10;2006;50
24;10;2006;51
24;10;2006;55
24;10;2006;63
25;10;2006;118
25;10;2006;124
25;10;2006;125
25;10;2006;126
25;10;2006;127
25;10;2006;129
26;10;2006;105
26;10;2006;106
27;10;2006;36
28;10;2006;90
28;10;2006;93
28;10;2006;100
29;10;2006;138
29;10;2006;139
29;10;2006;140
29;10;2006;143
29;10;2006;144
30;10;2006;104
30;10;2006;110
31;10;2006;16
32;10;2006;121
32;10;2006;122
32;10;2006;123
32;10;2006;128
33;10;2006;165
33;10;2006;166
33;10;2006;167
34;10;2006;65
34;10;2006;66
35;10;2006;71
35;10;2006;119
35;10;2006;120
35;10;2006;159
36;10;2006;135
36;10;2006;136
36;10;2006;137
36;10;2006;142
36;10;2006;155
37;10;2006;89
37;10;2006;99
38;10;2006;107
38;10;2006;108
38;10;2006;109
39;10;2006;35
39;10;2006;43
40;10;2006;54
1;11;2006;6
1;11;2006;7
2;11;2006;9
2;11;2006;10
3;11;2006;23
3;11;2006;24
3;11;2006;25
3;11;2006;26
3;11;2006;44
4;11;2006;17
5;11;2006;1
5;11;2006;4
6;11;2006;18
6;11;2006;19
6;11;2006;20
7;11;2006;72
7;11;2006;73
7;11;2006;74
7;11;2006;75
8;11;2006;134
8;11;2006;141
8;11;2006;145
8;11;2006;146
8;11;2006;147
9;11;2006;27
9;11;2006;28
9;11;2006;29
9;11;2006;30
9;11;2006;39
9;11;2006;40
10;11;2006;88
10;11;2006;91
10;11;2006;92
10;11;2006;94
10;11;2006;95
10;11;2006;96
10;11;2006;97
10;11;2006;98
10;11;2006;101
10;11;2006;168
11;11;2006;111
11;11;2006;112
11;11;2006;151
11;11;2006;152
11;11;2006;153
11;11;2006;154
11;11;2006;156
11;11;2006;157
11;11;2006;158
12;11;2006;76
12;11;2006;77
12;11;2006;78
12;11;2006;79
12;11;2006;81
12;11;2006;82
13;11;2006;5
14;11;2006;31
14;11;2006;33
14;11;2006;34
15;11;2006;59
15;11;2006;60
15;11;2006;61
15;11;2006;62
16;11;2006;22
16;11;2006;38
17;11;2006;37
18;11;2006;32
18;11;2006;41
19;11;2006;12
19;11;2006;13
20;11;2006;52
20;11;2006;53
20;11;2006;56
20;11;2006;57
20;11;2006;58
21;11;2006;64
22;11;2006;21
23;11;2006;14
23;11;2006;15
24;11;2006;48
24;11;2006;50
24;11;2006;51
24;11;2006;55
24;11;2006;63
25;11;2006;118
25;11;2006;124
25;11;2006;125
25;11;2006;126
25;11;2006;127
25;11;2006;129
26;11;2006;105
26;11;2006;106
27;11;2006;36
28;11;2006;90
28;11;2006;93
28;11;2006;100
29;11;2006;138
29;11;2006;139
29;11;2006;140
29;11;2006;143
29;11;2006;144
30;11;2006;104
30;11;2006;110
31;11;2006;16
32;11;2006;121
32;11;2006;122
32;11;2006;123
32;11;2006;128
33;11;2006;165
33;11;2006;166
33;11;2006;167
34;11;2006;65
34;11;2006;66
35;11;2006;71
35;11;2006;119
35;11;2006;120
35;11;2006;159
36;11;2006;135
36;11;2006;136
36;11;2006;137
36;11;2006;142
36;11;2006;155
37;11;2006;89
37;11;2006;99
38;11;2006;107
38;11;2006;108
38;11;2006;109
39;11;2006;35
39;11;2006;43
40;11;2006;54
1;12;2006;6
1;12;2006;7
2;12;2006;9
2;12;2006;10
3;12;2006;23
3;12;2006;24
3;12;2006;25
3;12;2006;26
3;12;2006;44
4;12;2006;17
5;12;2006;1
5;12;2006;4
6;12;2006;18
6;12;2006;19
6;12;2006;20
7;12;2006;72
7;12;2006;73
7;12;2006;74
7;12;2006;75
8;12;2006;134
8;12;2006;141
8;12;2006;145
8;12;2006;146
8;12;2006;147
9;12;2006;27
9;12;2006;28
9;12;2006;29
9;12;2006;30
9;12;2006;39
9;12;2006;40
10;12;2006;88
10;12;2006;91
10;12;2006;92
10;12;2006;94
10;12;2006;95
10;12;2006;96
10;12;2006;97
10;12;2006;98
10;12;2006;101
10;12;2006;168
11;12;2006;111
11;12;2006;112
11;12;2006;151
11;12;2006;152
11;12;2006;153
11;12;2006;154
11;12;2006;156
11;12;2006;157
11;12;2006;158
12;12;2006;76
12;12;2006;77
12;12;2006;78
12;12;2006;79
12;12;2006;81
12;12;2006;82
13;12;2006;5
14;12;2006;31
14;12;2006;33
14;12;2006;34
15;12;2006;59
15;12;2006;60
15;12;2006;61
15;12;2006;62
16;12;2006;22
16;12;2006;38
17;12;2006;37
18;12;2006;32
18;12;2006;41
19;12;2006;12
19;12;2006;13
20;12;2006;52
20;12;2006;53
20;12;2006;56
20;12;2006;57
20;12;2006;58
21;12;2006;64
22;12;2006;21
23;12;2006;14
23;12;2006;15
24;12;2006;48
24;12;2006;50
24;12;2006;51
24;12;2006;55
24;12;2006;63
25;12;2006;118
25;12;2006;124
25;12;2006;125
25;12;2006;126
25;12;2006;127
25;12;2006;129
26;12;2006;105
26;12;2006;106
27;12;2006;36
28;12;2006;90
28;12;2006;93
28;12;2006;100
29;12;2006;138
29;12;2006;139
29;12;2006;140
29;12;2006;143
29;12;2006;144
30;12;2006;104
30;12;2006;110
31;12;2006;16
32;12;2006;121
32;12;2006;122
32;12;2006;123
32;12;2006;128
33;12;2006;165
33;12;2006;166
33;12;2006;167
34;12;2006;65
34;12;2006;66
35;12;2006;71
35;12;2006;119
35;12;2006;120
35;12;2006;159
36;12;2006;135
36;12;2006;136
36;12;2006;137
36;12;2006;142
36;12;2006;155
37;12;2006;89
37;12;2006;99
38;12;2006;107
38;12;2006;108
38;12;2006;109
39;12;2006;35
39;12;2006;43
40;12;2006;54
1;1;2007;6
1;1;2007;7
2;1;2007;9
2;1;2007;10
3;1;2007;23
3;1;2007;24
3;1;2007;25
3;1;2007;26
3;1;2007;44
4;1;2007;17
5;1;2007;1
5;1;2007;4
6;1;2007;18
6;1;2007;19
6;1;2007;20
7;1;2007;72
7;1;2007;73
7;1;2007;74
7;1;2007;75
8;1;2007;134
8;1;2007;141
8;1;2007;145
8;1;2007;146
8;1;2007;147
9;1;2007;27
9;1;2007;28
9;1;2007;29
9;1;2007;30
9;1;2007;39
9;1;2007;40
10;1;2007;88
10;1;2007;91
10;1;2007;92
10;1;2007;94
10;1;2007;95
10;1;2007;96
10;1;2007;97
10;1;2007;98
10;1;2007;101
10;1;2007;168
11;1;2007;111
11;1;2007;112
11;1;2007;151
11;1;2007;152
11;1;2007;153
11;1;2007;154
11;1;2007;156
11;1;2007;157
11;1;2007;158
12;1;2007;76
12;1;2007;77
12;1;2007;78
12;1;2007;79
12;1;2007;81
12;1;2007;82
13;1;2007;5
14;1;2007;31
14;1;2007;33
14;1;2007;34
15;1;2007;59
15;1;2007;60
15;1;2007;61
15;1;2007;62
16;1;2007;22
16;1;2007;38
17;1;2007;37
18;1;2007;32
18;1;2007;41
19;1;2007;12
19;1;2007;13
20;1;2007;52
20;1;2007;53
20;1;2007;56
20;1;2007;57
20;1;2007;58
21;1;2007;64
22;1;2007;21
23;1;2007;14
23;1;2007;15
24;1;2007;48
24;1;2007;50
24;1;2007;51
24;1;2007;55
24;1;2007;63
25;1;2007;118
25;1;2007;124
25;1;2007;125
25;1;2007;126
25;1;2007;127
25;1;2007;129
26;1;2007;105
26;1;2007;106
27;1;2007;36
28;1;2007;90
28;1;2007;93
28;1;2007;100
29;1;2007;138
29;1;2007;139
29;1;2007;140
29;1;2007;143
29;1;2007;144
30;1;2007;104
30;1;2007;110
31;1;2007;16
32;1;2007;121
32;1;2007;122
32;1;2007;123
32;1;2007;128
33;1;2007;165
33;1;2007;166
33;1;2007;167
34;1;2007;65
34;1;2007;66
35;1;2007;71
35;1;2007;119
35;1;2007;120
35;1;2007;159
36;1;2007;135
36;1;2007;136
36;1;2007;137
36;1;2007;142
36;1;2007;155
37;1;2007;89
37;1;2007;99
38;1;2007;107
38;1;2007;108
38;1;2007;109
39;1;2007;35
39;1;2007;43
40;1;2007;54
1;2;2007;6
1;2;2007;7
2;2;2007;9
2;2;2007;10
3;2;2007;23
3;2;2007;24
3;2;2007;25
3;2;2007;26
3;2;2007;44
4;2;2007;17
5;2;2007;1
5;2;2007;4
6;2;2007;18
6;2;2007;19
6;2;2007;20
7;2;2007;72
7;2;2007;73
7;2;2007;74
7;2;2007;75
8;2;2007;134
8;2;2007;141
8;2;2007;145
8;2;2007;146
8;2;2007;147
9;2;2007;27
9;2;2007;28
9;2;2007;29
9;2;2007;30
9;2;2007;39
9;2;2007;40
10;2;2007;88
10;2;2007;91
10;2;2007;92
10;2;2007;94
10;2;2007;95
10;2;2007;96
10;2;2007;97
10;2;2007;98
10;2;2007;101
10;2;2007;168
11;2;2007;111
11;2;2007;112
11;2;2007;151
11;2;2007;152
11;2;2007;153
11;2;2007;154
11;2;2007;156
11;2;2007;157
11;2;2007;158
12;2;2007;76
12;2;2007;77
12;2;2007;78
12;2;2007;79
12;2;2007;81
12;2;2007;82
13;2;2007;5
14;2;2007;31
14;2;2007;33
14;2;2007;34
15;2;2007;59
15;2;2007;60
15;2;2007;61
15;2;2007;62
16;2;2007;22
16;2;2007;38
17;2;2007;37
18;2;2007;32
18;2;2007;41
19;2;2007;12
19;2;2007;13
20;2;2007;52
20;2;2007;53
20;2;2007;56
20;2;2007;57
20;2;2007;58
21;2;2007;64
22;2;2007;21
23;2;2007;14
23;2;2007;15
24;2;2007;48
24;2;2007;50
24;2;2007;51
24;2;2007;55
24;2;2007;63
25;2;2007;118
25;2;2007;124
25;2;2007;125
25;2;2007;126
25;2;2007;127
25;2;2007;129
26;2;2007;105
26;2;2007;106
27;2;2007;36
28;2;2007;90
28;2;2007;93
28;2;2007;100
29;2;2007;138
29;2;2007;139
29;2;2007;140
29;2;2007;143
29;2;2007;144
30;2;2007;104
30;2;2007;110
31;2;2007;16
32;2;2007;121
32;2;2007;122
32;2;2007;123
32;2;2007;128
33;2;2007;165
33;2;2007;166
33;2;2007;167
34;2;2007;65
34;2;2007;66
35;2;2007;71
35;2;2007;119
35;2;2007;120
35;2;2007;159
36;2;2007;135
36;2;2007;136
36;2;2007;137
36;2;2007;142
36;2;2007;155
37;2;2007;89
37;2;2007;99
38;2;2007;107
38;2;2007;108
38;2;2007;109
39;2;2007;35
39;2;2007;43
40;2;2007;54
1;3;2007;6
1;3;2007;7
2;3;2007;9
2;3;2007;10
3;3;2007;23
3;3;2007;24
3;3;2007;25
3;3;2007;26
3;3;2007;44
4;3;2007;17
5;3;2007;1
5;3;2007;4
6;3;2007;18
6;3;2007;19
6;3;2007;20
7;3;2007;72
7;3;2007;73
7;3;2007;74
7;3;2007;75
8;3;2007;134
8;3;2007;141
8;3;2007;145
8;3;2007;146
8;3;2007;147
9;3;2007;27
9;3;2007;28
9;3;2007;29
9;3;2007;30
9;3;2007;39
9;3;2007;40
10;3;2007;88
10;3;2007;91
10;3;2007;92
10;3;2007;94
10;3;2007;95
10;3;2007;96
10;3;2007;97
10;3;2007;98
10;3;2007;101
10;3;2007;168
11;3;2007;111
11;3;2007;112
11;3;2007;151
11;3;2007;152
11;3;2007;153
11;3;2007;154
11;3;2007;156
11;3;2007;157
11;3;2007;158
12;3;2007;76
12;3;2007;77
12;3;2007;78
12;3;2007;79
12;3;2007;81
12;3;2007;82
13;3;2007;5
14;3;2007;31
14;3;2007;33
14;3;2007;34
15;3;2007;59
15;3;2007;60
15;3;2007;61
15;3;2007;62
16;3;2007;22
16;3;2007;38
17;3;2007;37
18;3;2007;32
18;3;2007;41
19;3;2007;12
19;3;2007;13
20;3;2007;52
20;3;2007;53
20;3;2007;56
20;3;2007;57
20;3;2007;58
21;3;2007;64
22;3;2007;21
23;3;2007;14
23;3;2007;15
24;3;2007;48
24;3;2007;50
24;3;2007;51
24;3;2007;55
24;3;2007;63
25;3;2007;118
25;3;2007;124
25;3;2007;125
25;3;2007;126
25;3;2007;127
25;3;2007;129
26;3;2007;105
26;3;2007;106
27;3;2007;36
28;3;2007;90
28;3;2007;93
28;3;2007;100
29;3;2007;138
29;3;2007;139
29;3;2007;140
29;3;2007;143
29;3;2007;144
30;3;2007;104
30;3;2007;110
31;3;2007;16
32;3;2007;121
32;3;2007;122
32;3;2007;123
32;3;2007;128
33;3;2007;165
33;3;2007;166
33;3;2007;167
34;3;2007;65
34;3;2007;66
35;3;2007;71
35;3;2007;119
35;3;2007;120
35;3;2007;159
36;3;2007;135
36;3;2007;136
36;3;2007;137
36;3;2007;142
36;3;2007;155
37;3;2007;89
37;3;2007;99
38;3;2007;107
38;3;2007;108
38;3;2007;109
39;3;2007;35
39;3;2007;43
40;3;2007;54
1;4;2007;6
1;4;2007;7
2;4;2007;9
2;4;2007;10
3;4;2007;23
3;4;2007;24
3;4;2007;25
3;4;2007;26
3;4;2007;44
4;4;2007;17
5;4;2007;1
5;4;2007;4
6;4;2007;18
6;4;2007;19
6;4;2007;20
7;4;2007;72
7;4;2007;73
7;4;2007;74
7;4;2007;75
8;4;2007;134
8;4;2007;141
8;4;2007;145
8;4;2007;146
8;4;2007;147
9;4;2007;27
9;4;2007;28
9;4;2007;29
9;4;2007;30
9;4;2007;39
9;4;2007;40
10;4;2007;88
10;4;2007;91
10;4;2007;92
10;4;2007;94
10;4;2007;95
10;4;2007;96
10;4;2007;97
10;4;2007;98
10;4;2007;101
10;4;2007;168
11;4;2007;111
11;4;2007;112
11;4;2007;151
11;4;2007;152
11;4;2007;153
11;4;2007;154
11;4;2007;156
11;4;2007;157
11;4;2007;158
12;4;2007;76
12;4;2007;77
12;4;2007;78
12;4;2007;79
12;4;2007;81
12;4;2007;82
13;4;2007;5
14;4;2007;31
14;4;2007;33
14;4;2007;34
15;4;2007;59
15;4;2007;60
15;4;2007;61
15;4;2007;62
16;4;2007;22
16;4;2007;38
17;4;2007;37
18;4;2007;32
18;4;2007;41
19;4;2007;12
19;4;2007;13
20;4;2007;52
20;4;2007;53
20;4;2007;56
20;4;2007;57
20;4;2007;58
21;4;2007;64
22;4;2007;21
23;4;2007;14
23;4;2007;15
24;4;2007;48
24;4;2007;50
24;4;2007;51
24;4;2007;55
24;4;2007;63
25;4;2007;118
25;4;2007;124
25;4;2007;125
25;4;2007;126
25;4;2007;127
25;4;2007;129
26;4;2007;105
26;4;2007;106
27;4;2007;36
28;4;2007;90
28;4;2007;93
28;4;2007;100
29;4;2007;138
29;4;2007;139
29;4;2007;140
29;4;2007;143
29;4;2007;144
30;4;2007;104
30;4;2007;110
31;4;2007;16
32;4;2007;121
32;4;2007;122
32;4;2007;123
32;4;2007;128
33;4;2007;165
33;4;2007;166
33;4;2007;167
34;4;2007;65
34;4;2007;66
35;4;2007;71
35;4;2007;119
35;4;2007;120
35;4;2007;159
36;4;2007;135
36;4;2007;136
36;4;2007;137
36;4;2007;142
36;4;2007;155
37;4;2007;89
37;4;2007;99
38;4;2007;107
38;4;2007;108
38;4;2007;109
39;4;2007;35
39;4;2007;43
40;4;2007;54
1;5;2007;6
1;5;2007;7
2;5;2007;9
2;5;2007;10
3;5;2007;23
3;5;2007;24
3;5;2007;25
3;5;2007;26
3;5;2007;44
4;5;2007;17
5;5;2007;1
5;5;2007;4
6;5;2007;18
6;5;2007;19
6;5;2007;20
7;5;2007;72
7;5;2007;73
7;5;2007;74
7;5;2007;75
8;5;2007;134
8;5;2007;141
8;5;2007;145
8;5;2007;146
8;5;2007;147
9;5;2007;27
9;5;2007;28
9;5;2007;29
9;5;2007;30
9;5;2007;39
9;5;2007;40
10;5;2007;88
10;5;2007;91
10;5;2007;92
10;5;2007;94
10;5;2007;95
10;5;2007;96
10;5;2007;97
10;5;2007;98
10;5;2007;101
10;5;2007;168
11;5;2007;111
11;5;2007;112
11;5;2007;151
11;5;2007;152
11;5;2007;153
11;5;2007;154
11;5;2007;156
11;5;2007;157
11;5;2007;158
12;5;2007;76
12;5;2007;77
12;5;2007;78
12;5;2007;79
12;5;2007;81
12;5;2007;82
13;5;2007;5
14;5;2007;31
14;5;2007;33
14;5;2007;34
15;5;2007;59
15;5;2007;60
15;5;2007;61
15;5;2007;62
16;5;2007;22
16;5;2007;38
17;5;2007;37
18;5;2007;32
18;5;2007;41
19;5;2007;12
19;5;2007;13
20;5;2007;52
20;5;2007;53
20;5;2007;56
20;5;2007;57
20;5;2007;58
21;5;2007;64
22;5;2007;21
23;5;2007;14
23;5;2007;15
24;5;2007;48
24;5;2007;50
24;5;2007;51
24;5;2007;55
24;5;2007;63
25;5;2007;118
25;5;2007;124
25;5;2007;125
25;5;2007;126
25;5;2007;127
25;5;2007;129
26;5;2007;105
26;5;2007;106
27;5;2007;36
28;5;2007;90
28;5;2007;93
28;5;2007;100
29;5;2007;138
29;5;2007;139
29;5;2007;140
29;5;2007;143
29;5;2007;144
30;5;2007;104
30;5;2007;110
31;5;2007;16
32;5;2007;121
32;5;2007;122
32;5;2007;123
32;5;2007;128
33;5;2007;165
33;5;2007;166
33;5;2007;167
34;5;2007;65
34;5;2007;66
35;5;2007;71
35;5;2007;119
35;5;2007;120
35;5;2007;159
36;5;2007;135
36;5;2007;136
36;5;2007;137
36;5;2007;142
36;5;2007;155
37;5;2007;89
37;5;2007;99
38;5;2007;107
38;5;2007;108
38;5;2007;109
39;5;2007;35
39;5;2007;43
40;5;2007;54
1;6;2007;6
1;6;2007;7
2;6;2007;9
2;6;2007;10
3;6;2007;23
3;6;2007;24
3;6;2007;25
3;6;2007;26
3;6;2007;44
4;6;2007;17
5;6;2007;1
5;6;2007;4
6;6;2007;18
6;6;2007;19
6;6;2007;20
7;6;2007;72
7;6;2007;73
7;6;2007;74
7;6;2007;75
8;6;2007;134
8;6;2007;141
8;6;2007;145
8;6;2007;146
8;6;2007;147
9;6;2007;27
9;6;2007;28
9;6;2007;29
9;6;2007;30
9;6;2007;39
9;6;2007;40
10;6;2007;88
10;6;2007;91
10;6;2007;92
10;6;2007;94
10;6;2007;95
10;6;2007;96
10;6;2007;97
10;6;2007;98
10;6;2007;101
10;6;2007;168
11;6;2007;111
11;6;2007;112
11;6;2007;151
11;6;2007;152
11;6;2007;153
11;6;2007;154
11;6;2007;156
11;6;2007;157
11;6;2007;158
12;6;2007;76
12;6;2007;77
12;6;2007;78
12;6;2007;79
12;6;2007;81
12;6;2007;82
13;6;2007;5
14;6;2007;31
14;6;2007;33
14;6;2007;34
15;6;2007;59
15;6;2007;60
15;6;2007;61
15;6;2007;62
16;6;2007;22
16;6;2007;38
17;6;2007;37
18;6;2007;32
18;6;2007;41
19;6;2007;12
19;6;2007;13
20;6;2007;52
20;6;2007;53
20;6;2007;56
20;6;2007;57
20;6;2007;58
21;6;2007;64
22;6;2007;21
23;6;2007;14
23;6;2007;15
24;6;2007;48
24;6;2007;50
24;6;2007;51
24;6;2007;55
24;6;2007;63
25;6;2007;118
25;6;2007;124
25;6;2007;125
25;6;2007;126
25;6;2007;127
25;6;2007;129
26;6;2007;105
26;6;2007;106
27;6;2007;36
28;6;2007;90
28;6;2007;93
28;6;2007;100
29;6;2007;138
29;6;2007;139
29;6;2007;140
29;6;2007;143
29;6;2007;144
30;6;2007;104
30;6;2007;110
31;6;2007;16
32;6;2007;121
32;6;2007;122
32;6;2007;123
32;6;2007;128
33;6;2007;165
33;6;2007;166
33;6;2007;167
34;6;2007;65
34;6;2007;66
35;6;2007;71
35;6;2007;119
35;6;2007;120
35;6;2007;159
36;6;2007;135
36;6;2007;136
36;6;2007;137
36;6;2007;142
36;6;2007;155
37;6;2007;89
37;6;2007;99
38;6;2007;107
38;6;2007;108
38;6;2007;109
39;6;2007;35
39;6;2007;43
40;6;2007;54
1;7;2007;6
1;7;2007;7
2;7;2007;9
2;7;2007;10
3;7;2007;23
3;7;2007;24
3;7;2007;25
3;7;2007;26
3;7;2007;44
4;7;2007;17
5;7;2007;1
5;7;2007;4
6;7;2007;18
6;7;2007;19
6;7;2007;20
7;7;2007;72
7;7;2007;73
7;7;2007;74
7;7;2007;75
8;7;2007;134
8;7;2007;141
8;7;2007;145
8;7;2007;146
8;7;2007;147
9;7;2007;27
9;7;2007;28
9;7;2007;29
9;7;2007;30
9;7;2007;39
9;7;2007;40
10;7;2007;88
10;7;2007;91
10;7;2007;92
10;7;2007;94
10;7;2007;95
10;7;2007;96
10;7;2007;97
10;7;2007;98
10;7;2007;101
10;7;2007;168
11;7;2007;111
11;7;2007;112
11;7;2007;151
11;7;2007;152
11;7;2007;153
11;7;2007;154
11;7;2007;156
11;7;2007;157
11;7;2007;158
12;7;2007;76
12;7;2007;77
12;7;2007;78
12;7;2007;79
12;7;2007;81
12;7;2007;82
13;7;2007;5
14;7;2007;31
14;7;2007;33
14;7;2007;34
15;7;2007;59
15;7;2007;60
15;7;2007;61
15;7;2007;62
16;7;2007;22
16;7;2007;38
17;7;2007;37
18;7;2007;32
18;7;2007;41
19;7;2007;12
19;7;2007;13
20;7;2007;52
20;7;2007;53
20;7;2007;56
20;7;2007;57
20;7;2007;58
21;7;2007;64
22;7;2007;21
23;7;2007;14
23;7;2007;15
24;7;2007;48
24;7;2007;50
24;7;2007;51
24;7;2007;55
24;7;2007;63
25;7;2007;118
25;7;2007;124
25;7;2007;125
25;7;2007;126
25;7;2007;127
25;7;2007;129
26;7;2007;105
26;7;2007;106
27;7;2007;36
28;7;2007;90
28;7;2007;93
28;7;2007;100
29;7;2007;138
29;7;2007;139
29;7;2007;140
29;7;2007;143
29;7;2007;144
30;7;2007;104
30;7;2007;110
31;7;2007;16
32;7;2007;121
32;7;2007;122
32;7;2007;123
32;7;2007;128
33;7;2007;165
33;7;2007;166
33;7;2007;167
34;7;2007;65
34;7;2007;66
35;7;2007;71
35;7;2007;119
35;7;2007;120
35;7;2007;159
36;7;2007;135
36;7;2007;136
36;7;2007;137
36;7;2007;142
36;7;2007;155
37;7;2007;89
37;7;2007;99
38;7;2007;107
38;7;2007;108
38;7;2007;109
39;7;2007;35
39;7;2007;43
40;7;2007;54
1;8;2007;6
1;8;2007;7
2;8;2007;9
2;8;2007;10
3;8;2007;23
3;8;2007;24
3;8;2007;25
3;8;2007;26
3;8;2007;44
4;8;2007;17
5;8;2007;1
5;8;2007;4
6;8;2007;18
6;8;2007;19
6;8;2007;20
7;8;2007;72
7;8;2007;73
7;8;2007;74
7;8;2007;75
8;8;2007;134
8;8;2007;141
8;8;2007;145
8;8;2007;146
8;8;2007;147
9;8;2007;27
9;8;2007;28
9;8;2007;29
9;8;2007;30
9;8;2007;39
9;8;2007;40
10;8;2007;88
10;8;2007;91
10;8;2007;92
10;8;2007;94
10;8;2007;95
10;8;2007;96
10;8;2007;97
10;8;2007;98
10;8;2007;101
10;8;2007;168
11;8;2007;111
11;8;2007;112
11;8;2007;151
11;8;2007;152
11;8;2007;153
11;8;2007;154
11;8;2007;156
11;8;2007;157
11;8;2007;158
12;8;2007;76
12;8;2007;77
12;8;2007;78
12;8;2007;79
12;8;2007;81
12;8;2007;82
13;8;2007;5
14;8;2007;31
14;8;2007;33
14;8;2007;34
15;8;2007;59
15;8;2007;60
15;8;2007;61
15;8;2007;62
16;8;2007;22
16;8;2007;38
17;8;2007;37
18;8;2007;32
18;8;2007;41
19;8;2007;12
19;8;2007;13
20;8;2007;52
20;8;2007;53
20;8;2007;56
20;8;2007;57
20;8;2007;58
21;8;2007;64
22;8;2007;21
23;8;2007;14
23;8;2007;15
24;8;2007;48
24;8;2007;50
24;8;2007;51
24;8;2007;55
24;8;2007;63
25;8;2007;118
25;8;2007;124
25;8;2007;125
25;8;2007;126
25;8;2007;127
25;8;2007;129
26;8;2007;105
26;8;2007;106
27;8;2007;36
28;8;2007;90
28;8;2007;93
28;8;2007;100
29;8;2007;138
29;8;2007;139
29;8;2007;140
29;8;2007;143
29;8;2007;144
30;8;2007;104
30;8;2007;110
31;8;2007;16
32;8;2007;121
32;8;2007;122
32;8;2007;123
32;8;2007;128
33;8;2007;165
33;8;2007;166
33;8;2007;167
34;8;2007;65
34;8;2007;66
35;8;2007;71
35;8;2007;119
35;8;2007;120
35;8;2007;159
36;8;2007;135
36;8;2007;136
36;8;2007;137
36;8;2007;142
36;8;2007;155
37;8;2007;89
37;8;2007;99
38;8;2007;107
38;8;2007;108
38;8;2007;109
39;8;2007;35
39;8;2007;43
40;8;2007;54
1;9;2007;6
1;9;2007;7
2;9;2007;9
2;9;2007;10
3;9;2007;23
3;9;2007;24
3;9;2007;25
3;9;2007;26
3;9;2007;44
4;9;2007;17
5;9;2007;1
5;9;2007;4
6;9;2007;18
6;9;2007;19
6;9;2007;20
7;9;2007;72
7;9;2007;73
7;9;2007;74
7;9;2007;75
8;9;2007;134
8;9;2007;141
8;9;2007;145
8;9;2007;146
8;9;2007;147
9;9;2007;27
9;9;2007;28
9;9;2007;29
9;9;2007;30
9;9;2007;39
9;9;2007;40
10;9;2007;88
10;9;2007;91
10;9;2007;92
10;9;2007;94
10;9;2007;95
10;9;2007;96
10;9;2007;97
10;9;2007;98
10;9;2007;101
10;9;2007;168
11;9;2007;111
11;9;2007;112
11;9;2007;151
11;9;2007;152
11;9;2007;153
11;9;2007;154
11;9;2007;156
11;9;2007;157
11;9;2007;158
12;9;2007;76
12;9;2007;77
12;9;2007;78
12;9;2007;79
12;9;2007;81
12;9;2007;82
13;9;2007;5
14;9;2007;31
14;9;2007;33
14;9;2007;34
15;9;2007;59
15;9;2007;60
15;9;2007;61
15;9;2007;62
16;9;2007;22
16;9;2007;38
17;9;2007;37
18;9;2007;32
18;9;2007;41
19;9;2007;12
19;9;2007;13
20;9;2007;52
20;9;2007;53
20;9;2007;56
20;9;2007;57
20;9;2007;58
21;9;2007;64
22;9;2007;21
23;9;2007;14
23;9;2007;15
24;9;2007;48
24;9;2007;50
24;9;2007;51
24;9;2007;55
24;9;2007;63
25;9;2007;118
25;9;2007;124
25;9;2007;125
25;9;2007;126
25;9;2007;127
25;9;2007;129
26;9;2007;105
26;9;2007;106
27;9;2007;36
28;9;2007;90
28;9;2007;93
28;9;2007;100
29;9;2007;138
29;9;2007;139
29;9;2007;140
29;9;2007;143
29;9;2007;144
30;9;2007;104
30;9;2007;110
31;9;2007;16
32;9;2007;121
32;9;2007;122
32;9;2007;123
32;9;2007;128
33;9;2007;165
33;9;2007;166
33;9;2007;167
34;9;2007;65
34;9;2007;66
35;9;2007;71
35;9;2007;119
35;9;2007;120
35;9;2007;159
36;9;2007;135
36;9;2007;136
36;9;2007;137
36;9;2007;142
36;9;2007;155
37;9;2007;89
37;9;2007;99
38;9;2007;107
38;9;2007;108
38;9;2007;109
39;9;2007;35
39;9;2007;43
40;9;2007;54
1;10;2007;6
1;10;2007;7
2;10;2007;9
2;10;2007;10
3;10;2007;23
3;10;2007;24
3;10;2007;25
3;10;2007;26
3;10;2007;44
4;10;2007;17
5;10;2007;1
5;10;2007;4
6;10;2007;18
6;10;2007;19
6;10;2007;20
7;10;2007;72
7;10;2007;73
7;10;2007;74
7;10;2007;75
8;10;2007;134
8;10;2007;141
8;10;2007;145
8;10;2007;146
8;10;2007;147
9;10;2007;27
9;10;2007;28
9;10;2007;29
9;10;2007;30
9;10;2007;39
9;10;2007;40
10;10;2007;88
10;10;2007;91
10;10;2007;92
10;10;2007;94
10;10;2007;95
10;10;2007;96
10;10;2007;97
10;10;2007;98
10;10;2007;101
10;10;2007;168
11;10;2007;111
11;10;2007;112
11;10;2007;151
11;10;2007;152
11;10;2007;153
11;10;2007;154
11;10;2007;156
11;10;2007;157
11;10;2007;158
12;10;2007;76
12;10;2007;77
12;10;2007;78
12;10;2007;79
12;10;2007;81
12;10;2007;82
13;10;2007;5
14;10;2007;31
14;10;2007;33
14;10;2007;34
15;10;2007;59
15;10;2007;60
15;10;2007;61
15;10;2007;62
16;10;2007;22
16;10;2007;38
17;10;2007;37
18;10;2007;32
18;10;2007;41
19;10;2007;12
19;10;2007;13
20;10;2007;52
20;10;2007;53
20;10;2007;56
20;10;2007;57
20;10;2007;58
21;10;2007;64
22;10;2007;21
23;10;2007;14
23;10;2007;15
24;10;2007;48
24;10;2007;50
24;10;2007;51
24;10;2007;55
24;10;2007;63
25;10;2007;118
25;10;2007;124
25;10;2007;125
25;10;2007;126
25;10;2007;127
25;10;2007;129
26;10;2007;105
26;10;2007;106
27;10;2007;36
28;10;2007;90
28;10;2007;93
28;10;2007;100
29;10;2007;138
29;10;2007;139
29;10;2007;140
29;10;2007;143
29;10;2007;144
30;10;2007;104
30;10;2007;110
31;10;2007;16
32;10;2007;121
32;10;2007;122
32;10;2007;123
32;10;2007;128
33;10;2007;165
33;10;2007;166
33;10;2007;167
34;10;2007;65
34;10;2007;66
35;10;2007;71
35;10;2007;119
35;10;2007;120
35;10;2007;159
36;10;2007;135
36;10;2007;136
36;10;2007;137
36;10;2007;142
36;10;2007;155
37;10;2007;89
37;10;2007;99
38;10;2007;107
38;10;2007;108
38;10;2007;109
39;10;2007;35
39;10;2007;43
40;10;2007;54
1;11;2007;6
1;11;2007;7
2;11;2007;9
2;11;2007;10
3;11;2007;23
3;11;2007;24
3;11;2007;25
3;11;2007;26
3;11;2007;44
4;11;2007;17
5;11;2007;1
5;11;2007;4
6;11;2007;18
6;11;2007;19
6;11;2007;20
7;11;2007;72
7;11;2007;73
7;11;2007;74
7;11;2007;75
8;11;2007;134
8;11;2007;141
8;11;2007;145
8;11;2007;146
8;11;2007;147
9;11;2007;27
9;11;2007;28
9;11;2007;29
9;11;2007;30
9;11;2007;39
9;11;2007;40
10;11;2007;88
10;11;2007;91
10;11;2007;92
10;11;2007;94
10;11;2007;95
10;11;2007;96
10;11;2007;97
10;11;2007;98
10;11;2007;101
10;11;2007;168
11;11;2007;111
11;11;2007;112
11;11;2007;151
11;11;2007;152
11;11;2007;153
11;11;2007;154
11;11;2007;156
11;11;2007;157
11;11;2007;158
12;11;2007;76
12;11;2007;77
12;11;2007;78
12;11;2007;79
12;11;2007;81
12;11;2007;82
13;11;2007;5
14;11;2007;31
14;11;2007;33
14;11;2007;34
15;11;2007;59
15;11;2007;60
15;11;2007;61
15;11;2007;62
16;11;2007;22
16;11;2007;38
17;11;2007;37
18;11;2007;32
18;11;2007;41
19;11;2007;12
19;11;2007;13
20;11;2007;52
20;11;2007;53
20;11;2007;56
20;11;2007;57
20;11;2007;58
21;11;2007;64
22;11;2007;21
23;11;2007;14
23;11;2007;15
24;11;2007;48
24;11;2007;50
24;11;2007;51
24;11;2007;55
24;11;2007;63
25;11;2007;118
25;11;2007;124
25;11;2007;125
25;11;2007;126
25;11;2007;127
25;11;2007;129
26;11;2007;105
26;11;2007;106
27;11;2007;36
28;11;2007;90
28;11;2007;93
28;11;2007;100
29;11;2007;138
29;11;2007;139
29;11;2007;140
29;11;2007;143
29;11;2007;144
30;11;2007;104
30;11;2007;110
31;11;2007;16
32;11;2007;121
32;11;2007;122
32;11;2007;123
32;11;2007;128
33;11;2007;165
33;11;2007;166
33;11;2007;167
34;11;2007;65
34;11;2007;66
35;11;2007;71
35;11;2007;119
35;11;2007;120
35;11;2007;159
36;11;2007;135
36;11;2007;136
36;11;2007;137
36;11;2007;142
36;11;2007;155
37;11;2007;89
37;11;2007;99
38;11;2007;107
38;11;2007;108
38;11;2007;109
39;11;2007;35
39;11;2007;43
40;11;2007;54
1;12;2007;6
1;12;2007;7
2;12;2007;9
2;12;2007;10
3;12;2007;23
3;12;2007;24
3;12;2007;25
3;12;2007;26
3;12;2007;44
4;12;2007;17
5;12;2007;1
5;12;2007;4
6;12;2007;18
6;12;2007;19
6;12;2007;20
7;12;2007;72
7;12;2007;73
7;12;2007;74
7;12;2007;75
8;12;2007;134
8;12;2007;141
8;12;2007;145
8;12;2007;146
8;12;2007;147
9;12;2007;27
9;12;2007;28
9;12;2007;29
9;12;2007;30
9;12;2007;39
9;12;2007;40
10;12;2007;88
10;12;2007;91
10;12;2007;92
10;12;2007;94
10;12;2007;95
10;12;2007;96
10;12;2007;97
10;12;2007;98
10;12;2007;101
10;12;2007;168
11;12;2007;111
11;12;2007;112
11;12;2007;151
11;12;2007;152
11;12;2007;153
11;12;2007;154
11;12;2007;156
11;12;2007;157
11;12;2007;158
12;12;2007;76
12;12;2007;77
12;12;2007;78
12;12;2007;79
12;12;2007;81
12;12;2007;82
13;12;2007;5
14;12;2007;31
14;12;2007;33
14;12;2007;34
15;12;2007;59
15;12;2007;60
15;12;2007;61
15;12;2007;62
16;12;2007;22
16;12;2007;38
17;12;2007;37
18;12;2007;32
18;12;2007;41
19;12;2007;12
19;12;2007;13
20;12;2007;52
20;12;2007;53
20;12;2007;56
20;12;2007;57
20;12;2007;58
21;12;2007;64
22;12;2007;21
23;12;2007;14
23;12;2007;15
24;12;2007;48
24;12;2007;50
24;12;2007;51
24;12;2007;55
24;12;2007;63
25;12;2007;118
25;12;2007;124
25;12;2007;125
25;12;2007;126
25;12;2007;127
25;12;2007;129
26;12;2007;105
26;12;2007;106
27;12;2007;36
28;12;2007;90
28;12;2007;93
28;12;2007;100
29;12;2007;138
29;12;2007;139
29;12;2007;140
29;12;2007;143
29;12;2007;144
30;12;2007;104
30;12;2007;110
31;12;2007;16
32;12;2007;121
32;12;2007;122
32;12;2007;123
32;12;2007;128
33;12;2007;165
33;12;2007;166
33;12;2007;167
34;12;2007;65
34;12;2007;66
35;12;2007;71
35;12;2007;119
35;12;2007;120
35;12;2007;159
36;12;2007;135
36;12;2007;136
36;12;2007;137
36;12;2007;142
36;12;2007;155
37;12;2007;89
37;12;2007;99
38;12;2007;107
38;12;2007;108
38;12;2007;109
39;12;2007;35
39;12;2007;43
40;12;2007;54
1;1;2008;6
1;1;2008;7
2;1;2008;9
2;1;2008;10
3;1;2008;23
3;1;2008;24
3;1;2008;25
3;1;2008;26
3;1;2008;44
4;1;2008;17
5;1;2008;1
5;1;2008;4
6;1;2008;18
6;1;2008;19
6;1;2008;20
7;1;2008;72
7;1;2008;73
7;1;2008;74
7;1;2008;75
8;1;2008;134
8;1;2008;141
8;1;2008;145
8;1;2008;146
8;1;2008;147
9;1;2008;27
9;1;2008;28
9;1;2008;29
9;1;2008;30
9;1;2008;39
9;1;2008;40
10;1;2008;88
10;1;2008;91
10;1;2008;92
10;1;2008;94
10;1;2008;95
10;1;2008;96
10;1;2008;97
10;1;2008;98
10;1;2008;101
10;1;2008;168
11;1;2008;151
11;1;2008;152
11;1;2008;153
11;1;2008;154
11;1;2008;156
11;1;2008;157
11;1;2008;158
12;1;2008;76
12;1;2008;77
12;1;2008;78
12;1;2008;79
12;1;2008;81
12;1;2008;82
13;1;2008;5
14;1;2008;31
14;1;2008;33
14;1;2008;34
15;1;2008;59
15;1;2008;60
15;1;2008;61
15;1;2008;62
16;1;2008;22
16;1;2008;38
17;1;2008;37
18;1;2008;32
18;1;2008;41
19;1;2008;12
19;1;2008;13
20;1;2008;52
20;1;2008;53
20;1;2008;56
20;1;2008;57
20;1;2008;58
21;1;2008;64
22;1;2008;21
23;1;2008;14
23;1;2008;15
24;1;2008;48
24;1;2008;50
24;1;2008;51
24;1;2008;55
24;1;2008;63
25;1;2008;118
25;1;2008;124
25;1;2008;125
25;1;2008;126
25;1;2008;127
25;1;2008;129
26;1;2008;105
26;1;2008;106
27;1;2008;36
28;1;2008;90
28;1;2008;93
28;1;2008;100
29;1;2008;138
29;1;2008;139
29;1;2008;140
29;1;2008;143
29;1;2008;144
30;1;2008;104
30;1;2008;110
30;1;2008;111
30;1;2008;112
31;1;2008;16
32;1;2008;121
32;1;2008;122
32;1;2008;123
32;1;2008;128
33;1;2008;165
33;1;2008;166
33;1;2008;167
34;1;2008;65
34;1;2008;66
35;1;2008;71
35;1;2008;119
35;1;2008;120
35;1;2008;159
36;1;2008;135
36;1;2008;136
36;1;2008;137
36;1;2008;142
36;1;2008;155
37;1;2008;89
37;1;2008;99
38;1;2008;107
38;1;2008;108
38;1;2008;109
39;1;2008;35
39;1;2008;43
40;1;2008;54
1;2;2008;6
1;2;2008;7
2;2;2008;9
2;2;2008;10
3;2;2008;23
3;2;2008;24
3;2;2008;25
3;2;2008;26
3;2;2008;44
4;2;2008;17
5;2;2008;1
5;2;2008;4
6;2;2008;18
6;2;2008;19
6;2;2008;20
7;2;2008;72
7;2;2008;73
7;2;2008;74
7;2;2008;75
8;2;2008;134
8;2;2008;141
8;2;2008;145
8;2;2008;146
8;2;2008;147
9;2;2008;27
9;2;2008;28
9;2;2008;29
9;2;2008;30
9;2;2008;39
9;2;2008;40
10;2;2008;88
10;2;2008;91
10;2;2008;92
10;2;2008;94
10;2;2008;95
10;2;2008;96
10;2;2008;97
10;2;2008;98
10;2;2008;101
10;2;2008;168
11;2;2008;151
11;2;2008;152
11;2;2008;153
11;2;2008;154
11;2;2008;156
11;2;2008;157
11;2;2008;158
12;2;2008;76
12;2;2008;77
12;2;2008;78
12;2;2008;79
12;2;2008;81
12;2;2008;82
13;2;2008;5
14;2;2008;31
14;2;2008;33
14;2;2008;34
15;2;2008;59
15;2;2008;60
15;2;2008;61
15;2;2008;62
16;2;2008;22
16;2;2008;38
17;2;2008;37
18;2;2008;32
18;2;2008;41
19;2;2008;12
19;2;2008;13
20;2;2008;52
20;2;2008;53
20;2;2008;56
20;2;2008;57
20;2;2008;58
21;2;2008;64
22;2;2008;21
23;2;2008;14
23;2;2008;15
24;2;2008;48
24;2;2008;50
24;2;2008;51
24;2;2008;55
24;2;2008;63
25;2;2008;118
25;2;2008;124
25;2;2008;125
25;2;2008;126
25;2;2008;127
25;2;2008;129
26;2;2008;105
26;2;2008;106
27;2;2008;36
28;2;2008;90
28;2;2008;93
28;2;2008;100
29;2;2008;138
29;2;2008;139
29;2;2008;140
29;2;2008;143
29;2;2008;144
30;2;2008;104
30;2;2008;110
30;2;2008;111
30;2;2008;112
31;2;2008;16
32;2;2008;121
32;2;2008;122
32;2;2008;123
32;2;2008;128
33;2;2008;165
33;2;2008;166
33;2;2008;167
34;2;2008;65
34;2;2008;66
35;2;2008;71
35;2;2008;119
35;2;2008;120
35;2;2008;159
36;2;2008;135
36;2;2008;136
36;2;2008;137
36;2;2008;142
36;2;2008;155
37;2;2008;89
37;2;2008;99
38;2;2008;107
38;2;2008;108
38;2;2008;109
39;2;2008;35
39;2;2008;43
40;2;2008;54
1;3;2008;6
1;3;2008;7
2;3;2008;9
2;3;2008;10
3;3;2008;23
3;3;2008;24
3;3;2008;25
3;3;2008;26
3;3;2008;44
4;3;2008;17
5;3;2008;1
5;3;2008;4
6;3;2008;18
6;3;2008;19
6;3;2008;20
7;3;2008;72
7;3;2008;73
7;3;2008;74
7;3;2008;75
8;3;2008;134
8;3;2008;141
8;3;2008;145
8;3;2008;146
8;3;2008;147
9;3;2008;27
9;3;2008;28
9;3;2008;29
9;3;2008;30
9;3;2008;39
9;3;2008;40
10;3;2008;88
10;3;2008;91
10;3;2008;92
10;3;2008;94
10;3;2008;95
10;3;2008;96
10;3;2008;97
10;3;2008;98
10;3;2008;101
10;3;2008;168
11;3;2008;151
11;3;2008;152
11;3;2008;153
11;3;2008;154
11;3;2008;156
11;3;2008;157
11;3;2008;158
12;3;2008;76
12;3;2008;77
12;3;2008;78
12;3;2008;79
12;3;2008;81
12;3;2008;82
13;3;2008;5
14;3;2008;31
14;3;2008;33
14;3;2008;34
15;3;2008;59
15;3;2008;60
15;3;2008;61
15;3;2008;62
16;3;2008;22
16;3;2008;38
17;3;2008;37
18;3;2008;32
18;3;2008;41
19;3;2008;12
19;3;2008;13
20;3;2008;52
20;3;2008;53
20;3;2008;56
20;3;2008;57
20;3;2008;58
21;3;2008;64
22;3;2008;21
23;3;2008;14
23;3;2008;15
24;3;2008;48
24;3;2008;50
24;3;2008;51
24;3;2008;55
24;3;2008;63
25;3;2008;118
25;3;2008;124
25;3;2008;125
25;3;2008;126
25;3;2008;127
25;3;2008;129
26;3;2008;105
26;3;2008;106
27;3;2008;36
28;3;2008;90
28;3;2008;93
28;3;2008;100
29;3;2008;138
29;3;2008;139
29;3;2008;140
29;3;2008;143
29;3;2008;144
30;3;2008;104
30;3;2008;110
30;3;2008;111
30;3;2008;112
31;3;2008;16
32;3;2008;121
32;3;2008;122
32;3;2008;123
32;3;2008;128
33;3;2008;165
33;3;2008;166
33;3;2008;167
34;3;2008;65
34;3;2008;66
35;3;2008;71
35;3;2008;119
35;3;2008;120
35;3;2008;159
36;3;2008;135
36;3;2008;136
36;3;2008;137
36;3;2008;142
36;3;2008;155
37;3;2008;89
37;3;2008;99
38;3;2008;107
38;3;2008;108
38;3;2008;109
39;3;2008;35
39;3;2008;43
40;3;2008;54
1;4;2008;6
1;4;2008;7
2;4;2008;9
2;4;2008;10
3;4;2008;23
3;4;2008;24
3;4;2008;25
3;4;2008;26
3;4;2008;44
4;4;2008;17
5;4;2008;1
5;4;2008;4
6;4;2008;18
6;4;2008;19
6;4;2008;20
7;4;2008;72
7;4;2008;73
7;4;2008;74
7;4;2008;75
8;4;2008;134
8;4;2008;141
8;4;2008;145
8;4;2008;146
8;4;2008;147
9;4;2008;27
9;4;2008;28
9;4;2008;29
9;4;2008;30
9;4;2008;39
9;4;2008;40
10;4;2008;88
10;4;2008;91
10;4;2008;92
10;4;2008;94
10;4;2008;95
10;4;2008;96
10;4;2008;97
10;4;2008;98
10;4;2008;101
10;4;2008;168
11;4;2008;151
11;4;2008;152
11;4;2008;153
11;4;2008;154
11;4;2008;156
11;4;2008;157
11;4;2008;158
12;4;2008;76
12;4;2008;77
12;4;2008;78
12;4;2008;79
12;4;2008;81
12;4;2008;82
13;4;2008;5
14;4;2008;31
14;4;2008;33
14;4;2008;34
15;4;2008;59
15;4;2008;60
15;4;2008;61
15;4;2008;62
16;4;2008;22
16;4;2008;38
17;4;2008;37
18;4;2008;32
18;4;2008;41
19;4;2008;12
19;4;2008;13
20;4;2008;52
20;4;2008;53
20;4;2008;56
20;4;2008;57
20;4;2008;58
21;4;2008;64
22;4;2008;21
23;4;2008;14
23;4;2008;15
24;4;2008;48
24;4;2008;50
24;4;2008;51
24;4;2008;55
24;4;2008;63
25;4;2008;118
25;4;2008;124
25;4;2008;125
25;4;2008;126
25;4;2008;127
25;4;2008;129
26;4;2008;105
26;4;2008;106
27;4;2008;36
28;4;2008;90
28;4;2008;93
28;4;2008;100
29;4;2008;138
29;4;2008;139
29;4;2008;140
29;4;2008;143
29;4;2008;144
30;4;2008;104
30;4;2008;110
30;4;2008;111
30;4;2008;112
31;4;2008;16
32;4;2008;121
32;4;2008;122
32;4;2008;123
32;4;2008;128
33;4;2008;165
33;4;2008;166
33;4;2008;167
34;4;2008;65
34;4;2008;66
35;4;2008;71
35;4;2008;119
35;4;2008;120
35;4;2008;159
36;4;2008;135
36;4;2008;136
36;4;2008;137
36;4;2008;142
36;4;2008;155
37;4;2008;89
37;4;2008;99
38;4;2008;107
38;4;2008;108
38;4;2008;109
39;4;2008;35
39;4;2008;43
40;4;2008;54
1;5;2008;6
1;5;2008;7
2;5;2008;9
2;5;2008;10
3;5;2008;23
3;5;2008;24
3;5;2008;25
3;5;2008;26
3;5;2008;44
4;5;2008;17
5;5;2008;1
5;5;2008;4
6;5;2008;18
6;5;2008;19
6;5;2008;20
7;5;2008;72
7;5;2008;73
7;5;2008;74
7;5;2008;75
8;5;2008;134
8;5;2008;141
8;5;2008;145
8;5;2008;146
8;5;2008;147
9;5;2008;27
9;5;2008;28
9;5;2008;29
9;5;2008;30
9;5;2008;39
9;5;2008;40
10;5;2008;88
10;5;2008;91
10;5;2008;92
10;5;2008;94
10;5;2008;95
10;5;2008;96
10;5;2008;97
10;5;2008;98
10;5;2008;101
10;5;2008;168
11;5;2008;151
11;5;2008;152
11;5;2008;153
11;5;2008;154
11;5;2008;156
11;5;2008;157
11;5;2008;158
12;5;2008;76
12;5;2008;77
12;5;2008;78
12;5;2008;79
12;5;2008;81
12;5;2008;82
13;5;2008;5
14;5;2008;31
14;5;2008;33
14;5;2008;34
15;5;2008;59
15;5;2008;60
15;5;2008;61
15;5;2008;62
16;5;2008;22
16;5;2008;38
17;5;2008;37
18;5;2008;32
18;5;2008;41
19;5;2008;12
19;5;2008;13
20;5;2008;52
20;5;2008;53
20;5;2008;56
20;5;2008;57
20;5;2008;58
21;5;2008;64
22;5;2008;21
23;5;2008;14
23;5;2008;15
24;5;2008;48
24;5;2008;50
24;5;2008;51
24;5;2008;55
24;5;2008;63
25;5;2008;118
25;5;2008;124
25;5;2008;125
25;5;2008;126
25;5;2008;127
25;5;2008;129
26;5;2008;105
26;5;2008;106
27;5;2008;36
28;5;2008;90
28;5;2008;93
28;5;2008;100
29;5;2008;138
29;5;2008;139
29;5;2008;140
29;5;2008;143
29;5;2008;144
30;5;2008;104
30;5;2008;110
30;5;2008;111
30;5;2008;112
31;5;2008;16
32;5;2008;121
32;5;2008;122
32;5;2008;123
32;5;2008;128
33;5;2008;165
33;5;2008;166
33;5;2008;167
34;5;2008;65
34;5;2008;66
35;5;2008;71
35;5;2008;119
35;5;2008;120
35;5;2008;159
36;5;2008;135
36;5;2008;136
36;5;2008;137
36;5;2008;142
36;5;2008;155
37;5;2008;89
37;5;2008;99
38;5;2008;107
38;5;2008;108
38;5;2008;109
39;5;2008;35
39;5;2008;43
40;5;2008;54
1;6;2008;6
1;6;2008;7
2;6;2008;9
2;6;2008;10
3;6;2008;23
3;6;2008;24
3;6;2008;25
3;6;2008;26
3;6;2008;44
4;6;2008;17
5;6;2008;1
5;6;2008;4
6;6;2008;18
6;6;2008;19
6;6;2008;20
7;6;2008;72
7;6;2008;73
7;6;2008;74
7;6;2008;75
8;6;2008;134
8;6;2008;141
8;6;2008;145
8;6;2008;146
8;6;2008;147
9;6;2008;27
9;6;2008;28
9;6;2008;29
9;6;2008;30
9;6;2008;39
9;6;2008;40
10;6;2008;88
10;6;2008;91
10;6;2008;92
10;6;2008;94
10;6;2008;95
10;6;2008;96
10;6;2008;97
10;6;2008;98
10;6;2008;101
10;6;2008;168
11;6;2008;151
11;6;2008;152
11;6;2008;153
11;6;2008;154
11;6;2008;156
11;6;2008;157
11;6;2008;158
12;6;2008;76
12;6;2008;77
12;6;2008;78
12;6;2008;79
12;6;2008;81
12;6;2008;82
13;6;2008;5
14;6;2008;31
14;6;2008;33
14;6;2008;34
15;6;2008;59
15;6;2008;60
15;6;2008;61
15;6;2008;62
16;6;2008;22
16;6;2008;38
17;6;2008;37
18;6;2008;32
18;6;2008;41
19;6;2008;12
19;6;2008;13
20;6;2008;52
20;6;2008;53
20;6;2008;56
20;6;2008;57
20;6;2008;58
21;6;2008;64
22;6;2008;21
23;6;2008;14
23;6;2008;15
24;6;2008;48
24;6;2008;50
24;6;2008;51
24;6;2008;55
24;6;2008;63
25;6;2008;118
25;6;2008;124
25;6;2008;125
25;6;2008;126
25;6;2008;127
25;6;2008;129
26;6;2008;105
26;6;2008;106
27;6;2008;36
28;6;2008;90
28;6;2008;93
28;6;2008;100
29;6;2008;138
29;6;2008;139
29;6;2008;140
29;6;2008;143
29;6;2008;144
30;6;2008;104
30;6;2008;110
30;6;2008;111
30;6;2008;112
31;6;2008;16
32;6;2008;121
32;6;2008;122
32;6;2008;123
32;6;2008;128
32;6;2008;130
33;6;2008;165
33;6;2008;166
33;6;2008;167
34;6;2008;65
34;6;2008;66
35;6;2008;71
35;6;2008;119
35;6;2008;120
35;6;2008;159
36;6;2008;135
36;6;2008;136
36;6;2008;137
36;6;2008;142
36;6;2008;155
37;6;2008;89
37;6;2008;99
38;6;2008;107
38;6;2008;108
38;6;2008;109
39;6;2008;35
39;6;2008;43
40;6;2008;54
1;7;2008;6
1;7;2008;7
2;7;2008;9
2;7;2008;10
3;7;2008;23
3;7;2008;24
3;7;2008;25
3;7;2008;26
3;7;2008;44
4;7;2008;17
5;7;2008;1
5;7;2008;4
6;7;2008;18
6;7;2008;19
6;7;2008;20
7;7;2008;72
7;7;2008;73
7;7;2008;74
7;7;2008;75
8;7;2008;134
8;7;2008;141
8;7;2008;145
8;7;2008;146
8;7;2008;147
9;7;2008;27
9;7;2008;28
9;7;2008;29
9;7;2008;30
9;7;2008;39
9;7;2008;40
10;7;2008;88
10;7;2008;91
10;7;2008;92
10;7;2008;94
10;7;2008;95
10;7;2008;96
10;7;2008;97
10;7;2008;98
10;7;2008;101
10;7;2008;168
11;7;2008;151
11;7;2008;152
11;7;2008;153
11;7;2008;154
11;7;2008;156
11;7;2008;157
11;7;2008;158
12;7;2008;76
12;7;2008;77
12;7;2008;78
12;7;2008;79
12;7;2008;81
12;7;2008;82
13;7;2008;5
14;7;2008;31
14;7;2008;33
14;7;2008;34
15;7;2008;59
15;7;2008;60
15;7;2008;61
15;7;2008;62
16;7;2008;22
16;7;2008;38
17;7;2008;37
18;7;2008;32
18;7;2008;41
19;7;2008;12
19;7;2008;13
20;7;2008;52
20;7;2008;53
20;7;2008;56
20;7;2008;57
20;7;2008;58
21;7;2008;64
22;7;2008;21
23;7;2008;14
23;7;2008;15
24;7;2008;48
24;7;2008;50
24;7;2008;51
24;7;2008;55
24;7;2008;63
25;7;2008;118
25;7;2008;124
25;7;2008;125
25;7;2008;126
25;7;2008;127
25;7;2008;129
26;7;2008;105
26;7;2008;106
27;7;2008;36
28;7;2008;90
28;7;2008;93
28;7;2008;100
29;7;2008;138
29;7;2008;139
29;7;2008;140
29;7;2008;143
29;7;2008;144
30;7;2008;104
30;7;2008;110
30;7;2008;111
30;7;2008;112
31;7;2008;16
32;7;2008;121
32;7;2008;122
32;7;2008;123
32;7;2008;128
32;7;2008;130
33;7;2008;165
33;7;2008;166
33;7;2008;167
34;7;2008;65
34;7;2008;66
35;7;2008;71
35;7;2008;119
35;7;2008;120
35;7;2008;159
36;7;2008;135
36;7;2008;136
36;7;2008;137
36;7;2008;142
36;7;2008;155
37;7;2008;89
37;7;2008;99
38;7;2008;107
38;7;2008;108
38;7;2008;109
39;7;2008;35
39;7;2008;43
40;7;2008;54
1;8;2008;6
1;8;2008;7
2;8;2008;9
2;8;2008;10
3;8;2008;23
3;8;2008;24
3;8;2008;25
3;8;2008;26
3;8;2008;44
4;8;2008;17
5;8;2008;1
5;8;2008;4
6;8;2008;18
6;8;2008;19
6;8;2008;20
7;8;2008;72
7;8;2008;73
7;8;2008;74
7;8;2008;75
8;8;2008;134
8;8;2008;141
8;8;2008;145
8;8;2008;146
8;8;2008;147
9;8;2008;27
9;8;2008;28
9;8;2008;29
9;8;2008;30
9;8;2008;39
9;8;2008;40
10;8;2008;88
10;8;2008;91
10;8;2008;92
10;8;2008;94
10;8;2008;95
10;8;2008;96
10;8;2008;97
10;8;2008;98
10;8;2008;101
10;8;2008;168
11;8;2008;151
11;8;2008;152
11;8;2008;153
11;8;2008;154
11;8;2008;156
11;8;2008;157
11;8;2008;158
12;8;2008;76
12;8;2008;77
12;8;2008;78
12;8;2008;79
12;8;2008;81
12;8;2008;82
13;8;2008;5
14;8;2008;31
14;8;2008;33
14;8;2008;34
15;8;2008;59
15;8;2008;60
15;8;2008;61
15;8;2008;62
16;8;2008;22
16;8;2008;38
17;8;2008;37
18;8;2008;32
18;8;2008;41
19;8;2008;12
19;8;2008;13
20;8;2008;52
20;8;2008;53
20;8;2008;56
20;8;2008;57
20;8;2008;58
21;8;2008;64
22;8;2008;21
23;8;2008;14
23;8;2008;15
24;8;2008;48
24;8;2008;50
24;8;2008;51
24;8;2008;55
24;8;2008;63
25;8;2008;118
25;8;2008;124
25;8;2008;125
25;8;2008;126
25;8;2008;127
25;8;2008;129
26;8;2008;105
26;8;2008;106
27;8;2008;36
28;8;2008;90
28;8;2008;93
28;8;2008;100
29;8;2008;138
29;8;2008;139
29;8;2008;140
29;8;2008;143
29;8;2008;144
30;8;2008;104
30;8;2008;110
30;8;2008;111
30;8;2008;112
31;8;2008;16
32;8;2008;121
32;8;2008;122
32;8;2008;123
32;8;2008;128
32;8;2008;130
33;8;2008;165
33;8;2008;166
33;8;2008;167
34;8;2008;65
34;8;2008;66
35;8;2008;71
35;8;2008;119
35;8;2008;120
35;8;2008;159
36;8;2008;135
36;8;2008;136
36;8;2008;137
36;8;2008;142
36;8;2008;155
37;8;2008;89
37;8;2008;99
38;8;2008;107
38;8;2008;108
38;8;2008;109
39;8;2008;35
39;8;2008;43
40;8;2008;54
1;9;2008;6
1;9;2008;7
2;9;2008;9
2;9;2008;10
3;9;2008;23
3;9;2008;24
3;9;2008;25
3;9;2008;26
3;9;2008;44
4;9;2008;17
5;9;2008;1
5;9;2008;4
6;9;2008;18
6;9;2008;19
6;9;2008;20
7;9;2008;72
7;9;2008;73
7;9;2008;74
7;9;2008;75
8;9;2008;134
8;9;2008;141
8;9;2008;145
8;9;2008;146
8;9;2008;147
9;9;2008;27
9;9;2008;28
9;9;2008;29
9;9;2008;30
9;9;2008;39
9;9;2008;40
10;9;2008;88
10;9;2008;91
10;9;2008;92
10;9;2008;94
10;9;2008;95
10;9;2008;96
10;9;2008;97
10;9;2008;98
10;9;2008;101
10;9;2008;168
11;9;2008;151
11;9;2008;152
11;9;2008;153
11;9;2008;154
11;9;2008;156
11;9;2008;157
11;9;2008;158
12;9;2008;76
12;9;2008;77
12;9;2008;78
12;9;2008;79
12;9;2008;81
12;9;2008;82
13;9;2008;5
14;9;2008;31
14;9;2008;33
14;9;2008;34
15;9;2008;59
15;9;2008;60
15;9;2008;61
15;9;2008;62
16;9;2008;22
16;9;2008;38
17;9;2008;37
18;9;2008;32
18;9;2008;41
19;9;2008;12
19;9;2008;13
20;9;2008;52
20;9;2008;53
20;9;2008;56
20;9;2008;57
20;9;2008;58
21;9;2008;64
22;9;2008;21
23;9;2008;14
23;9;2008;15
24;9;2008;48
24;9;2008;50
24;9;2008;51
24;9;2008;55
24;9;2008;63
25;9;2008;118
25;9;2008;124
25;9;2008;125
25;9;2008;126
25;9;2008;127
25;9;2008;129
26;9;2008;105
26;9;2008;106
27;9;2008;36
28;9;2008;90
28;9;2008;93
28;9;2008;100
29;9;2008;138
29;9;2008;139
29;9;2008;140
29;9;2008;143
29;9;2008;144
30;9;2008;104
30;9;2008;110
30;9;2008;111
30;9;2008;112
31;9;2008;16
32;9;2008;121
32;9;2008;122
32;9;2008;123
32;9;2008;128
32;9;2008;130
33;9;2008;165
33;9;2008;166
33;9;2008;167
34;9;2008;65
34;9;2008;66
35;9;2008;71
35;9;2008;119
35;9;2008;120
35;9;2008;159
36;9;2008;135
36;9;2008;136
36;9;2008;137
36;9;2008;142
36;9;2008;155
37;9;2008;89
37;9;2008;99
38;9;2008;107
38;9;2008;108
38;9;2008;109
39;9;2008;35
39;9;2008;43
40;9;2008;54
1;10;2008;6
1;10;2008;7
2;10;2008;9
2;10;2008;10
3;10;2008;23
3;10;2008;24
3;10;2008;25
3;10;2008;26
3;10;2008;44
4;10;2008;17
5;10;2008;1
5;10;2008;4
6;10;2008;18
6;10;2008;19
6;10;2008;20
7;10;2008;72
7;10;2008;73
7;10;2008;74
7;10;2008;75
8;10;2008;134
8;10;2008;141
8;10;2008;145
8;10;2008;146
8;10;2008;147
9;10;2008;27
9;10;2008;28
9;10;2008;29
9;10;2008;30
9;10;2008;39
9;10;2008;40
10;10;2008;88
10;10;2008;91
10;10;2008;92
10;10;2008;94
10;10;2008;95
10;10;2008;96
10;10;2008;97
10;10;2008;98
10;10;2008;101
10;10;2008;168
11;10;2008;151
11;10;2008;152
11;10;2008;153
11;10;2008;154
11;10;2008;156
11;10;2008;157
11;10;2008;158
12;10;2008;76
12;10;2008;77
12;10;2008;78
12;10;2008;79
12;10;2008;81
12;10;2008;82
13;10;2008;5
14;10;2008;31
14;10;2008;33
14;10;2008;34
15;10;2008;59
15;10;2008;60
15;10;2008;61
15;10;2008;62
16;10;2008;22
16;10;2008;38
17;10;2008;37
18;10;2008;32
18;10;2008;41
19;10;2008;12
19;10;2008;13
20;10;2008;52
20;10;2008;53
20;10;2008;56
20;10;2008;57
20;10;2008;58
21;10;2008;64
22;10;2008;21
23;10;2008;14
23;10;2008;15
24;10;2008;48
24;10;2008;50
24;10;2008;51
24;10;2008;55
24;10;2008;63
25;10;2008;118
25;10;2008;124
25;10;2008;125
25;10;2008;126
25;10;2008;127
25;10;2008;129
26;10;2008;105
26;10;2008;106
27;10;2008;36
28;10;2008;90
28;10;2008;93
28;10;2008;100
29;10;2008;138
29;10;2008;139
29;10;2008;140
29;10;2008;143
29;10;2008;144
30;10;2008;104
30;10;2008;110
30;10;2008;111
30;10;2008;112
31;10;2008;16
32;10;2008;121
32;10;2008;122
32;10;2008;123
32;10;2008;128
32;10;2008;130
33;10;2008;165
33;10;2008;166
33;10;2008;167
34;10;2008;65
34;10;2008;66
35;10;2008;71
35;10;2008;119
35;10;2008;120
35;10;2008;159
36;10;2008;135
36;10;2008;136
36;10;2008;137
36;10;2008;142
36;10;2008;155
37;10;2008;89
37;10;2008;99
38;10;2008;107
38;10;2008;108
38;10;2008;109
39;10;2008;35
39;10;2008;43
40;10;2008;54
1;11;2008;6
1;11;2008;7
2;11;2008;9
2;11;2008;10
3;11;2008;23
3;11;2008;24
3;11;2008;25
3;11;2008;26
3;11;2008;44
4;11;2008;17
5;11;2008;1
5;11;2008;4
6;11;2008;18
6;11;2008;19
6;11;2008;20
7;11;2008;72
7;11;2008;73
7;11;2008;74
7;11;2008;75
8;11;2008;134
8;11;2008;141
8;11;2008;145
8;11;2008;146
8;11;2008;147
9;11;2008;27
9;11;2008;28
9;11;2008;29
9;11;2008;30
9;11;2008;39
9;11;2008;40
10;11;2008;88
10;11;2008;91
10;11;2008;92
10;11;2008;94
10;11;2008;95
10;11;2008;96
10;11;2008;97
10;11;2008;98
10;11;2008;101
10;11;2008;168
11;11;2008;151
11;11;2008;152
11;11;2008;153
11;11;2008;154
11;11;2008;156
11;11;2008;157
11;11;2008;158
12;11;2008;76
12;11;2008;77
12;11;2008;78
12;11;2008;79
12;11;2008;81
12;11;2008;82
13;11;2008;5
14;11;2008;31
14;11;2008;33
14;11;2008;34
15;11;2008;59
15;11;2008;60
15;11;2008;61
15;11;2008;62
16;11;2008;22
16;11;2008;38
17;11;2008;37
18;11;2008;32
18;11;2008;41
19;11;2008;12
19;11;2008;13
20;11;2008;52
20;11;2008;53
20;11;2008;56
20;11;2008;57
20;11;2008;58
21;11;2008;64
22;11;2008;21
23;11;2008;14
23;11;2008;15
24;11;2008;48
24;11;2008;50
24;11;2008;51
24;11;2008;55
24;11;2008;63
25;11;2008;118
25;11;2008;124
25;11;2008;125
25;11;2008;126
25;11;2008;127
25;11;2008;129
26;11;2008;105
26;11;2008;106
27;11;2008;36
28;11;2008;90
28;11;2008;93
28;11;2008;100
29;11;2008;138
29;11;2008;139
29;11;2008;140
29;11;2008;143
29;11;2008;144
30;11;2008;104
30;11;2008;110
30;11;2008;111
30;11;2008;112
31;11;2008;16
32;11;2008;121
32;11;2008;122
32;11;2008;123
32;11;2008;128
32;11;2008;130
33;11;2008;165
33;11;2008;166
33;11;2008;167
34;11;2008;65
34;11;2008;66
35;11;2008;71
35;11;2008;119
35;11;2008;120
35;11;2008;159
36;11;2008;135
36;11;2008;136
36;11;2008;137
36;11;2008;142
36;11;2008;155
37;11;2008;89
37;11;2008;99
38;11;2008;107
38;11;2008;108
38;11;2008;109
39;11;2008;35
39;11;2008;43
40;11;2008;54
1;12;2008;6
1;12;2008;7
2;12;2008;9
2;12;2008;10
3;12;2008;23
3;12;2008;24
3;12;2008;25
3;12;2008;26
3;12;2008;44
4;12;2008;17
5;12;2008;1
5;12;2008;4
6;12;2008;18
6;12;2008;19
6;12;2008;20
7;12;2008;72
7;12;2008;73
7;12;2008;74
7;12;2008;75
8;12;2008;134
8;12;2008;141
8;12;2008;145
8;12;2008;146
8;12;2008;147
9;12;2008;27
9;12;2008;28
9;12;2008;29
9;12;2008;30
9;12;2008;39
9;12;2008;40
10;12;2008;88
10;12;2008;91
10;12;2008;92
10;12;2008;94
10;12;2008;95
10;12;2008;96
10;12;2008;97
10;12;2008;98
10;12;2008;101
10;12;2008;168
11;12;2008;151
11;12;2008;152
11;12;2008;153
11;12;2008;154
11;12;2008;156
11;12;2008;157
11;12;2008;158
12;12;2008;76
12;12;2008;77
12;12;2008;78
12;12;2008;79
12;12;2008;81
12;12;2008;82
13;12;2008;5
14;12;2008;31
14;12;2008;33
14;12;2008;34
15;12;2008;59
15;12;2008;60
15;12;2008;61
15;12;2008;62
16;12;2008;22
16;12;2008;38
17;12;2008;37
18;12;2008;32
18;12;2008;41
19;12;2008;12
19;12;2008;13
20;12;2008;52
20;12;2008;53
20;12;2008;56
20;12;2008;57
20;12;2008;58
21;12;2008;64
22;12;2008;21
23;12;2008;14
23;12;2008;15
24;12;2008;48
24;12;2008;50
24;12;2008;51
24;12;2008;55
24;12;2008;63
25;12;2008;118
25;12;2008;124
25;12;2008;125
25;12;2008;126
25;12;2008;127
25;12;2008;129
26;12;2008;105
26;12;2008;106
27;12;2008;36
28;12;2008;90
28;12;2008;93
28;12;2008;100
29;12;2008;138
29;12;2008;139
29;12;2008;140
29;12;2008;143
29;12;2008;144
30;12;2008;104
30;12;2008;110
30;12;2008;111
30;12;2008;112
31;12;2008;16
32;12;2008;121
32;12;2008;122
32;12;2008;123
32;12;2008;128
32;12;2008;130
33;12;2008;165
33;12;2008;166
33;12;2008;167
34;12;2008;65
34;12;2008;66
35;12;2008;71
35;12;2008;119
35;12;2008;120
35;12;2008;159
36;12;2008;135
36;12;2008;136
36;12;2008;137
36;12;2008;142
36;12;2008;155
37;12;2008;89
37;12;2008;99
38;12;2008;107
38;12;2008;108
38;12;2008;109
39;12;2008;35
39;12;2008;43
40;12;2008;54
1;1;2009;6
1;1;2009;7
2;1;2009;9
2;1;2009;10
3;1;2009;23
3;1;2009;24
3;1;2009;25
3;1;2009;26
3;1;2009;44
4;1;2009;17
5;1;2009;1
5;1;2009;4
6;1;2009;18
6;1;2009;19
6;1;2009;20
7;1;2009;72
7;1;2009;73
7;1;2009;74
7;1;2009;75
8;1;2009;134
8;1;2009;141
8;1;2009;145
8;1;2009;146
8;1;2009;147
9;1;2009;27
9;1;2009;28
9;1;2009;29
9;1;2009;30
9;1;2009;39
9;1;2009;40
10;1;2009;88
10;1;2009;91
10;1;2009;92
10;1;2009;94
10;1;2009;95
10;1;2009;96
10;1;2009;97
10;1;2009;98
10;1;2009;101
10;1;2009;168
11;1;2009;151
11;1;2009;152
11;1;2009;153
11;1;2009;154
11;1;2009;156
11;1;2009;157
11;1;2009;158
12;1;2009;76
12;1;2009;77
12;1;2009;78
12;1;2009;79
12;1;2009;81
12;1;2009;82
13;1;2009;5
14;1;2009;31
14;1;2009;33
14;1;2009;34
15;1;2009;59
15;1;2009;60
15;1;2009;61
15;1;2009;62
16;1;2009;22
16;1;2009;38
17;1;2009;37
18;1;2009;32
18;1;2009;41
19;1;2009;12
19;1;2009;13
20;1;2009;52
20;1;2009;53
20;1;2009;56
20;1;2009;57
20;1;2009;58
21;1;2009;64
22;1;2009;21
23;1;2009;14
23;1;2009;15
24;1;2009;48
24;1;2009;50
24;1;2009;51
24;1;2009;55
24;1;2009;63
25;1;2009;118
25;1;2009;124
25;1;2009;125
25;1;2009;126
25;1;2009;127
25;1;2009;129
26;1;2009;105
26;1;2009;106
27;1;2009;36
28;1;2009;90
28;1;2009;93
28;1;2009;100
29;1;2009;138
29;1;2009;139
29;1;2009;140
29;1;2009;143
29;1;2009;144
30;1;2009;104
30;1;2009;110
30;1;2009;111
30;1;2009;112
31;1;2009;16
32;1;2009;121
32;1;2009;122
32;1;2009;123
32;1;2009;128
32;1;2009;130
33;1;2009;165
33;1;2009;166
33;1;2009;167
34;1;2009;65
34;1;2009;66
35;1;2009;71
35;1;2009;119
35;1;2009;120
35;1;2009;159
36;1;2009;135
36;1;2009;136
36;1;2009;137
36;1;2009;142
36;1;2009;155
37;1;2009;89
37;1;2009;99
38;1;2009;107
38;1;2009;108
38;1;2009;109
39;1;2009;35
39;1;2009;43
40;1;2009;54
1;2;2009;6
1;2;2009;7
2;2;2009;9
2;2;2009;10
3;2;2009;23
3;2;2009;24
3;2;2009;25
3;2;2009;26
3;2;2009;44
4;2;2009;17
5;2;2009;1
5;2;2009;4
6;2;2009;18
6;2;2009;19
6;2;2009;20
7;2;2009;72
7;2;2009;73
7;2;2009;74
7;2;2009;75
8;2;2009;134
8;2;2009;141
8;2;2009;145
8;2;2009;146
8;2;2009;147
9;2;2009;27
9;2;2009;28
9;2;2009;29
9;2;2009;30
9;2;2009;39
9;2;2009;40
10;2;2009;88
10;2;2009;91
10;2;2009;92
10;2;2009;94
10;2;2009;95
10;2;2009;96
10;2;2009;97
10;2;2009;98
10;2;2009;101
10;2;2009;168
11;2;2009;151
11;2;2009;152
11;2;2009;153
11;2;2009;154
11;2;2009;156
11;2;2009;157
11;2;2009;158
12;2;2009;76
12;2;2009;77
12;2;2009;78
12;2;2009;79
12;2;2009;81
12;2;2009;82
13;2;2009;5
14;2;2009;31
14;2;2009;33
14;2;2009;34
15;2;2009;59
15;2;2009;60
15;2;2009;61
15;2;2009;62
16;2;2009;22
16;2;2009;38
17;2;2009;37
18;2;2009;32
18;2;2009;41
19;2;2009;12
19;2;2009;13
20;2;2009;52
20;2;2009;53
20;2;2009;56
20;2;2009;57
20;2;2009;58
21;2;2009;64
22;2;2009;21
23;2;2009;14
23;2;2009;15
24;2;2009;48
24;2;2009;50
24;2;2009;51
24;2;2009;55
24;2;2009;63
25;2;2009;118
25;2;2009;124
25;2;2009;125
25;2;2009;126
25;2;2009;127
25;2;2009;129
26;2;2009;105
26;2;2009;106
27;2;2009;36
28;2;2009;90
28;2;2009;93
28;2;2009;100
29;2;2009;138
29;2;2009;139
29;2;2009;140
29;2;2009;143
29;2;2009;144
30;2;2009;104
30;2;2009;110
30;2;2009;111
30;2;2009;112
31;2;2009;16
32;2;2009;121
32;2;2009;122
32;2;2009;123
32;2;2009;128
32;2;2009;130
33;2;2009;165
33;2;2009;166
33;2;2009;167
34;2;2009;65
34;2;2009;66
35;2;2009;71
35;2;2009;119
35;2;2009;120
35;2;2009;159
36;2;2009;135
36;2;2009;136
36;2;2009;137
36;2;2009;142
36;2;2009;155
37;2;2009;89
37;2;2009;99
38;2;2009;107
38;2;2009;108
38;2;2009;109
39;2;2009;35
39;2;2009;43
40;2;2009;54
1;3;2009;6
1;3;2009;7
2;3;2009;9
2;3;2009;10
3;3;2009;23
3;3;2009;24
3;3;2009;25
3;3;2009;26
3;3;2009;44
4;3;2009;17
5;3;2009;1
5;3;2009;4
6;3;2009;18
6;3;2009;19
6;3;2009;20
7;3;2009;72
7;3;2009;73
7;3;2009;74
7;3;2009;75
8;3;2009;134
8;3;2009;141
8;3;2009;145
8;3;2009;146
8;3;2009;147
9;3;2009;27
9;3;2009;28
9;3;2009;29
9;3;2009;30
9;3;2009;39
9;3;2009;40
10;3;2009;88
10;3;2009;91
10;3;2009;92
10;3;2009;94
10;3;2009;95
10;3;2009;96
10;3;2009;97
10;3;2009;98
10;3;2009;101
10;3;2009;168
11;3;2009;151
11;3;2009;152
11;3;2009;153
11;3;2009;154
11;3;2009;156
11;3;2009;157
11;3;2009;158
12;3;2009;76
12;3;2009;77
12;3;2009;78
12;3;2009;79
12;3;2009;81
12;3;2009;82
13;3;2009;5
14;3;2009;31
14;3;2009;33
14;3;2009;34
15;3;2009;59
15;3;2009;60
15;3;2009;61
15;3;2009;62
16;3;2009;22
16;3;2009;38
17;3;2009;37
18;3;2009;32
18;3;2009;41
19;3;2009;12
19;3;2009;13
20;3;2009;52
20;3;2009;53
20;3;2009;56
20;3;2009;57
20;3;2009;58
21;3;2009;64
22;3;2009;21
23;3;2009;14
23;3;2009;15
24;3;2009;48
24;3;2009;50
24;3;2009;51
24;3;2009;55
24;3;2009;63
25;3;2009;118
25;3;2009;124
25;3;2009;125
25;3;2009;126
25;3;2009;127
25;3;2009;129
26;3;2009;105
26;3;2009;106
27;3;2009;36
28;3;2009;90
28;3;2009;93
28;3;2009;100
29;3;2009;138
29;3;2009;139
29;3;2009;140
29;3;2009;143
29;3;2009;144
30;3;2009;104
30;3;2009;110
30;3;2009;111
30;3;2009;112
31;3;2009;16
32;3;2009;121
32;3;2009;122
32;3;2009;123
32;3;2009;128
32;3;2009;130
33;3;2009;165
33;3;2009;166
33;3;2009;167
34;3;2009;65
34;3;2009;66
35;3;2009;71
35;3;2009;119
35;3;2009;120
35;3;2009;159
36;3;2009;135
36;3;2009;136
36;3;2009;137
36;3;2009;142
36;3;2009;155
37;3;2009;89
37;3;2009;99
38;3;2009;107
38;3;2009;108
38;3;2009;109
39;3;2009;35
39;3;2009;43
40;3;2009;54
1;4;2009;6
1;4;2009;7
2;4;2009;9
2;4;2009;10
3;4;2009;23
3;4;2009;24
3;4;2009;25
3;4;2009;26
3;4;2009;44
4;4;2009;17
5;4;2009;1
5;4;2009;4
6;4;2009;18
6;4;2009;19
6;4;2009;20
7;4;2009;72
7;4;2009;73
7;4;2009;74
7;4;2009;75
8;4;2009;134
8;4;2009;141
8;4;2009;145
8;4;2009;146
8;4;2009;147
9;4;2009;27
9;4;2009;28
9;4;2009;29
9;4;2009;30
9;4;2009;39
9;4;2009;40
10;4;2009;88
10;4;2009;91
10;4;2009;92
10;4;2009;94
10;4;2009;95
10;4;2009;96
10;4;2009;97
10;4;2009;98
10;4;2009;101
10;4;2009;168
11;4;2009;151
11;4;2009;152
11;4;2009;153
11;4;2009;154
11;4;2009;156
11;4;2009;157
11;4;2009;158
12;4;2009;76
12;4;2009;77
12;4;2009;78
12;4;2009;79
12;4;2009;81
12;4;2009;82
13;4;2009;5
14;4;2009;31
14;4;2009;33
14;4;2009;34
15;4;2009;59
15;4;2009;60
15;4;2009;61
15;4;2009;62
16;4;2009;22
16;4;2009;38
17;4;2009;37
18;4;2009;32
18;4;2009;41
19;4;2009;12
19;4;2009;13
20;4;2009;52
20;4;2009;53
20;4;2009;56
20;4;2009;57
20;4;2009;58
21;4;2009;64
22;4;2009;21
23;4;2009;14
23;4;2009;15
24;4;2009;48
24;4;2009;50
24;4;2009;51
24;4;2009;55
24;4;2009;63
25;4;2009;118
25;4;2009;124
25;4;2009;125
25;4;2009;126
25;4;2009;127
25;4;2009;129
26;4;2009;105
26;4;2009;106
27;4;2009;36
28;4;2009;90
28;4;2009;93
28;4;2009;100
29;4;2009;138
29;4;2009;139
29;4;2009;140
29;4;2009;143
29;4;2009;144
30;4;2009;104
30;4;2009;110
30;4;2009;111
30;4;2009;112
31;4;2009;16
32;4;2009;121
32;4;2009;122
32;4;2009;123
32;4;2009;128
32;4;2009;130
33;4;2009;165
33;4;2009;166
33;4;2009;167
34;4;2009;65
34;4;2009;66
35;4;2009;71
35;4;2009;119
35;4;2009;120
35;4;2009;159
36;4;2009;135
36;4;2009;136
36;4;2009;137
36;4;2009;142
36;4;2009;155
37;4;2009;89
37;4;2009;99
38;4;2009;107
38;4;2009;108
38;4;2009;109
39;4;2009;35
39;4;2009;43
40;4;2009;54
1;5;2009;6
1;5;2009;7
2;5;2009;9
2;5;2009;10
3;5;2009;23
3;5;2009;24
3;5;2009;25
3;5;2009;26
3;5;2009;44
4;5;2009;17
5;5;2009;1
5;5;2009;4
6;5;2009;18
6;5;2009;19
6;5;2009;20
7;5;2009;72
7;5;2009;73
7;5;2009;74
7;5;2009;75
8;5;2009;134
8;5;2009;141
8;5;2009;145
8;5;2009;146
8;5;2009;147
9;5;2009;27
9;5;2009;28
9;5;2009;29
9;5;2009;30
9;5;2009;39
9;5;2009;40
10;5;2009;88
10;5;2009;91
10;5;2009;92
10;5;2009;94
10;5;2009;95
10;5;2009;96
10;5;2009;97
10;5;2009;98
10;5;2009;101
10;5;2009;168
11;5;2009;151
11;5;2009;152
11;5;2009;153
11;5;2009;154
11;5;2009;156
11;5;2009;157
11;5;2009;158
12;5;2009;76
12;5;2009;77
12;5;2009;78
12;5;2009;79
12;5;2009;81
12;5;2009;82
13;5;2009;5
14;5;2009;31
14;5;2009;33
14;5;2009;34
15;5;2009;59
15;5;2009;60
15;5;2009;61
15;5;2009;62
16;5;2009;22
16;5;2009;38
17;5;2009;37
18;5;2009;32
18;5;2009;41
19;5;2009;12
19;5;2009;13
20;5;2009;52
20;5;2009;53
20;5;2009;56
20;5;2009;57
20;5;2009;58
21;5;2009;64
22;5;2009;21
23;5;2009;14
23;5;2009;15
24;5;2009;48
24;5;2009;50
24;5;2009;51
24;5;2009;55
24;5;2009;63
25;5;2009;118
25;5;2009;124
25;5;2009;125
25;5;2009;126
25;5;2009;127
25;5;2009;129
26;5;2009;105
26;5;2009;106
27;5;2009;36
28;5;2009;90
28;5;2009;93
28;5;2009;100
29;5;2009;138
29;5;2009;139
29;5;2009;140
29;5;2009;143
29;5;2009;144
30;5;2009;104
30;5;2009;110
30;5;2009;111
30;5;2009;112
31;5;2009;16
32;5;2009;121
32;5;2009;122
32;5;2009;123
32;5;2009;128
32;5;2009;130
33;5;2009;165
33;5;2009;166
33;5;2009;167
34;5;2009;65
34;5;2009;66
35;5;2009;71
35;5;2009;119
35;5;2009;120
35;5;2009;159
36;5;2009;135
36;5;2009;136
36;5;2009;137
36;5;2009;142
36;5;2009;155
37;5;2009;89
37;5;2009;99
38;5;2009;107
38;5;2009;108
38;5;2009;109
39;5;2009;35
39;5;2009;43
40;5;2009;54
1;6;2009;6
1;6;2009;7
2;6;2009;9
2;6;2009;10
3;6;2009;23
3;6;2009;24
3;6;2009;25
3;6;2009;26
3;6;2009;44
4;6;2009;17
5;6;2009;1
5;6;2009;4
6;6;2009;18
6;6;2009;19
6;6;2009;20
7;6;2009;72
7;6;2009;73
7;6;2009;74
7;6;2009;75
8;6;2009;134
8;6;2009;141
8;6;2009;145
8;6;2009;146
8;6;2009;147
9;6;2009;27
9;6;2009;28
9;6;2009;29
9;6;2009;30
9;6;2009;39
9;6;2009;40
10;6;2009;88
10;6;2009;91
10;6;2009;92
10;6;2009;94
10;6;2009;95
10;6;2009;96
10;6;2009;97
10;6;2009;98
10;6;2009;101
10;6;2009;168
11;6;2009;151
11;6;2009;152
11;6;2009;153
11;6;2009;154
11;6;2009;156
11;6;2009;157
11;6;2009;158
12;6;2009;76
12;6;2009;77
12;6;2009;78
12;6;2009;79
12;6;2009;81
12;6;2009;82
13;6;2009;5
14;6;2009;31
14;6;2009;33
14;6;2009;34
15;6;2009;59
15;6;2009;60
15;6;2009;61
15;6;2009;62
16;6;2009;22
16;6;2009;38
17;6;2009;37
18;6;2009;32
18;6;2009;41
19;6;2009;12
19;6;2009;13
20;6;2009;52
20;6;2009;53
20;6;2009;56
20;6;2009;57
20;6;2009;58
21;6;2009;64
22;6;2009;21
23;6;2009;14
23;6;2009;15
24;6;2009;48
24;6;2009;50
24;6;2009;51
24;6;2009;55
24;6;2009;63
25;6;2009;118
25;6;2009;124
25;6;2009;125
25;6;2009;126
25;6;2009;127
25;6;2009;129
26;6;2009;105
26;6;2009;106
27;6;2009;36
28;6;2009;90
28;6;2009;93
28;6;2009;100
29;6;2009;138
29;6;2009;139
29;6;2009;140
29;6;2009;143
29;6;2009;144
30;6;2009;104
30;6;2009;110
30;6;2009;111
30;6;2009;112
31;6;2009;16
32;6;2009;121
32;6;2009;122
32;6;2009;123
32;6;2009;128
32;6;2009;130
33;6;2009;165
33;6;2009;166
33;6;2009;167
34;6;2009;65
34;6;2009;66
35;6;2009;71
35;6;2009;119
35;6;2009;120
35;6;2009;159
36;6;2009;135
36;6;2009;136
36;6;2009;137
36;6;2009;142
36;6;2009;155
37;6;2009;89
37;6;2009;99
38;6;2009;107
38;6;2009;108
38;6;2009;109
39;6;2009;35
39;6;2009;43
40;6;2009;54
1;7;2009;6
1;7;2009;7
2;7;2009;9
2;7;2009;10
3;7;2009;23
3;7;2009;24
3;7;2009;25
3;7;2009;26
3;7;2009;44
4;7;2009;17
5;7;2009;1
5;7;2009;4
6;7;2009;18
6;7;2009;19
6;7;2009;20
7;7;2009;72
7;7;2009;73
7;7;2009;74
7;7;2009;75
8;7;2009;134
8;7;2009;141
8;7;2009;145
8;7;2009;146
8;7;2009;147
9;7;2009;27
9;7;2009;28
9;7;2009;29
9;7;2009;30
9;7;2009;39
9;7;2009;40
10;7;2009;88
10;7;2009;91
10;7;2009;92
10;7;2009;94
10;7;2009;95
10;7;2009;96
10;7;2009;97
10;7;2009;98
10;7;2009;101
10;7;2009;168
11;7;2009;151
11;7;2009;152
11;7;2009;153
11;7;2009;154
11;7;2009;156
11;7;2009;157
11;7;2009;158
12;7;2009;76
12;7;2009;77
12;7;2009;78
12;7;2009;79
12;7;2009;81
12;7;2009;82
13;7;2009;5
14;7;2009;31
14;7;2009;33
14;7;2009;34
15;7;2009;59
15;7;2009;60
15;7;2009;61
15;7;2009;62
16;7;2009;22
16;7;2009;38
17;7;2009;37
18;7;2009;32
18;7;2009;41
19;7;2009;12
19;7;2009;13
20;7;2009;52
20;7;2009;53
20;7;2009;56
20;7;2009;57
20;7;2009;58
21;7;2009;64
22;7;2009;21
23;7;2009;14
23;7;2009;15
24;7;2009;48
24;7;2009;50
24;7;2009;51
24;7;2009;55
24;7;2009;63
25;7;2009;118
25;7;2009;124
25;7;2009;125
25;7;2009;126
25;7;2009;127
25;7;2009;129
26;7;2009;105
26;7;2009;106
27;7;2009;36
28;7;2009;90
28;7;2009;93
28;7;2009;100
29;7;2009;138
29;7;2009;139
29;7;2009;140
29;7;2009;143
29;7;2009;144
30;7;2009;104
30;7;2009;110
30;7;2009;111
30;7;2009;112
31;7;2009;16
32;7;2009;121
32;7;2009;122
32;7;2009;123
32;7;2009;128
32;7;2009;130
33;7;2009;165
33;7;2009;166
33;7;2009;167
34;7;2009;65
34;7;2009;66
35;7;2009;71
35;7;2009;119
35;7;2009;120
35;7;2009;159
36;7;2009;135
36;7;2009;136
36;7;2009;137
36;7;2009;142
36;7;2009;155
37;7;2009;89
37;7;2009;99
38;7;2009;107
38;7;2009;108
38;7;2009;109
39;7;2009;35
39;7;2009;43
40;7;2009;54
1;8;2009;6
1;8;2009;7
2;8;2009;9
2;8;2009;10
3;8;2009;23
3;8;2009;24
3;8;2009;25
3;8;2009;26
3;8;2009;44
4;8;2009;17
5;8;2009;1
5;8;2009;4
6;8;2009;18
6;8;2009;19
6;8;2009;20
7;8;2009;72
7;8;2009;73
7;8;2009;74
7;8;2009;75
8;8;2009;134
8;8;2009;141
8;8;2009;145
8;8;2009;146
8;8;2009;147
9;8;2009;27
9;8;2009;28
9;8;2009;29
9;8;2009;30
9;8;2009;39
9;8;2009;40
10;8;2009;88
10;8;2009;91
10;8;2009;92
10;8;2009;94
10;8;2009;95
10;8;2009;96
10;8;2009;97
10;8;2009;98
10;8;2009;101
10;8;2009;168
11;8;2009;151
11;8;2009;152
11;8;2009;153
11;8;2009;154
11;8;2009;156
11;8;2009;157
11;8;2009;158
12;8;2009;76
12;8;2009;77
12;8;2009;78
12;8;2009;79
12;8;2009;81
12;8;2009;82
13;8;2009;5
14;8;2009;31
14;8;2009;33
14;8;2009;34
15;8;2009;59
15;8;2009;60
15;8;2009;61
15;8;2009;62
16;8;2009;22
16;8;2009;38
17;8;2009;37
18;8;2009;32
18;8;2009;41
19;8;2009;12
19;8;2009;13
20;8;2009;52
20;8;2009;53
20;8;2009;56
20;8;2009;57
20;8;2009;58
21;8;2009;64
22;8;2009;21
23;8;2009;14
23;8;2009;15
24;8;2009;48
24;8;2009;50
24;8;2009;51
24;8;2009;55
24;8;2009;63
25;8;2009;118
25;8;2009;124
25;8;2009;125
25;8;2009;126
25;8;2009;127
25;8;2009;129
26;8;2009;105
26;8;2009;106
27;8;2009;36
28;8;2009;90
28;8;2009;93
28;8;2009;100
29;8;2009;138
29;8;2009;139
29;8;2009;140
29;8;2009;143
29;8;2009;144
30;8;2009;104
30;8;2009;110
30;8;2009;111
30;8;2009;112
31;8;2009;16
32;8;2009;121
32;8;2009;122
32;8;2009;123
32;8;2009;128
32;8;2009;130
33;8;2009;165
33;8;2009;166
33;8;2009;167
34;8;2009;65
34;8;2009;66
35;8;2009;71
35;8;2009;119
35;8;2009;120
35;8;2009;159
36;8;2009;135
36;8;2009;136
36;8;2009;137
36;8;2009;142
36;8;2009;155
37;8;2009;89
37;8;2009;99
38;8;2009;107
38;8;2009;108
38;8;2009;109
39;8;2009;35
39;8;2009;43
40;8;2009;54
1;9;2009;6
1;9;2009;7
2;9;2009;9
2;9;2009;10
3;9;2009;23
3;9;2009;24
3;9;2009;25
3;9;2009;26
3;9;2009;44
4;9;2009;17
5;9;2009;1
5;9;2009;4
6;9;2009;18
6;9;2009;19
6;9;2009;20
7;9;2009;72
7;9;2009;73
7;9;2009;74
7;9;2009;75
8;9;2009;134
8;9;2009;141
8;9;2009;145
8;9;2009;146
8;9;2009;147
9;9;2009;27
9;9;2009;28
9;9;2009;29
9;9;2009;30
9;9;2009;39
9;9;2009;40
10;9;2009;88
10;9;2009;91
10;9;2009;92
10;9;2009;94
10;9;2009;95
10;9;2009;96
10;9;2009;97
10;9;2009;98
10;9;2009;101
10;9;2009;168
11;9;2009;151
11;9;2009;152
11;9;2009;153
11;9;2009;154
11;9;2009;156
11;9;2009;157
11;9;2009;158
12;9;2009;76
12;9;2009;77
12;9;2009;78
12;9;2009;79
12;9;2009;81
12;9;2009;82
13;9;2009;5
14;9;2009;31
14;9;2009;33
14;9;2009;34
15;9;2009;59
15;9;2009;60
15;9;2009;61
15;9;2009;62
16;9;2009;22
16;9;2009;38
17;9;2009;37
18;9;2009;32
18;9;2009;41
19;9;2009;12
19;9;2009;13
20;9;2009;52
20;9;2009;53
20;9;2009;56
20;9;2009;57
20;9;2009;58
21;9;2009;64
22;9;2009;21
23;9;2009;14
23;9;2009;15
24;9;2009;48
24;9;2009;50
24;9;2009;51
24;9;2009;55
24;9;2009;63
25;9;2009;118
25;9;2009;124
25;9;2009;125
25;9;2009;126
25;9;2009;127
25;9;2009;129
26;9;2009;105
26;9;2009;106
27;9;2009;36
28;9;2009;90
28;9;2009;93
28;9;2009;100
29;9;2009;138
29;9;2009;139
29;9;2009;140
29;9;2009;143
29;9;2009;144
30;9;2009;104
30;9;2009;110
30;9;2009;111
30;9;2009;112
31;9;2009;16
32;9;2009;121
32;9;2009;122
32;9;2009;123
32;9;2009;128
32;9;2009;130
33;9;2009;165
33;9;2009;166
33;9;2009;167
34;9;2009;65
34;9;2009;66
35;9;2009;71
35;9;2009;119
35;9;2009;120
35;9;2009;159
36;9;2009;135
36;9;2009;136
36;9;2009;137
36;9;2009;142
36;9;2009;155
37;9;2009;89
37;9;2009;99
38;9;2009;107
38;9;2009;108
38;9;2009;109
39;9;2009;35
39;9;2009;43
40;9;2009;54
1;10;2009;6
1;10;2009;7
2;10;2009;9
2;10;2009;10
3;10;2009;23
3;10;2009;24
3;10;2009;25
3;10;2009;26
3;10;2009;44
4;10;2009;17
5;10;2009;1
5;10;2009;4
6;10;2009;18
6;10;2009;19
6;10;2009;20
7;10;2009;72
7;10;2009;73
7;10;2009;74
7;10;2009;75
8;10;2009;134
8;10;2009;141
8;10;2009;145
8;10;2009;146
8;10;2009;147
9;10;2009;27
9;10;2009;28
9;10;2009;29
9;10;2009;30
9;10;2009;39
9;10;2009;40
10;10;2009;88
10;10;2009;91
10;10;2009;92
10;10;2009;94
10;10;2009;95
10;10;2009;96
10;10;2009;97
10;10;2009;98
10;10;2009;101
10;10;2009;168
11;10;2009;151
11;10;2009;152
11;10;2009;153
11;10;2009;154
11;10;2009;156
11;10;2009;157
11;10;2009;158
12;10;2009;76
12;10;2009;77
12;10;2009;78
12;10;2009;79
12;10;2009;81
12;10;2009;82
13;10;2009;5
14;10;2009;31
14;10;2009;33
14;10;2009;34
15;10;2009;59
15;10;2009;60
15;10;2009;61
15;10;2009;62
16;10;2009;22
16;10;2009;38
17;10;2009;37
18;10;2009;32
18;10;2009;41
19;10;2009;12
19;10;2009;13
20;10;2009;52
20;10;2009;53
20;10;2009;56
20;10;2009;57
20;10;2009;58
21;10;2009;64
22;10;2009;21
23;10;2009;14
23;10;2009;15
24;10;2009;48
24;10;2009;50
24;10;2009;51
24;10;2009;55
24;10;2009;63
25;10;2009;118
25;10;2009;124
25;10;2009;125
25;10;2009;126
25;10;2009;127
25;10;2009;129
26;10;2009;105
26;10;2009;106
27;10;2009;36
28;10;2009;90
28;10;2009;93
28;10;2009;100
29;10;2009;138
29;10;2009;139
29;10;2009;140
29;10;2009;143
29;10;2009;144
30;10;2009;104
30;10;2009;110
30;10;2009;111
30;10;2009;112
31;10;2009;16
32;10;2009;121
32;10;2009;122
32;10;2009;123
32;10;2009;128
32;10;2009;130
33;10;2009;165
33;10;2009;166
33;10;2009;167
34;10;2009;65
34;10;2009;66
35;10;2009;71
35;10;2009;119
35;10;2009;120
35;10;2009;159
36;10;2009;135
36;10;2009;136
36;10;2009;137
36;10;2009;142
36;10;2009;155
37;10;2009;89
37;10;2009;99
38;10;2009;107
38;10;2009;108
38;10;2009;109
39;10;2009;35
39;10;2009;43
40;10;2009;54
1;11;2009;6
1;11;2009;7
2;11;2009;9
2;11;2009;10
3;11;2009;23
3;11;2009;24
3;11;2009;25
3;11;2009;26
3;11;2009;44
4;11;2009;17
5;11;2009;1
5;11;2009;4
6;11;2009;18
6;11;2009;19
6;11;2009;20
7;11;2009;72
7;11;2009;73
7;11;2009;74
7;11;2009;75
8;11;2009;134
8;11;2009;141
8;11;2009;145
8;11;2009;146
8;11;2009;147
9;11;2009;27
9;11;2009;28
9;11;2009;29
9;11;2009;30
9;11;2009;39
9;11;2009;40
10;11;2009;88
10;11;2009;91
10;11;2009;92
10;11;2009;94
10;11;2009;95
10;11;2009;96
10;11;2009;97
10;11;2009;98
10;11;2009;101
10;11;2009;168
11;11;2009;151
11;11;2009;152
11;11;2009;153
11;11;2009;154
11;11;2009;156
11;11;2009;157
11;11;2009;158
12;11;2009;76
12;11;2009;77
12;11;2009;78
12;11;2009;79
12;11;2009;81
12;11;2009;82
13;11;2009;5
14;11;2009;31
14;11;2009;33
14;11;2009;34
15;11;2009;59
15;11;2009;60
15;11;2009;61
15;11;2009;62
16;11;2009;22
16;11;2009;38
17;11;2009;37
18;11;2009;32
18;11;2009;41
19;11;2009;12
19;11;2009;13
20;11;2009;52
20;11;2009;53
20;11;2009;56
20;11;2009;57
20;11;2009;58
21;11;2009;64
22;11;2009;21
23;11;2009;14
23;11;2009;15
24;11;2009;48
24;11;2009;50
24;11;2009;51
24;11;2009;55
24;11;2009;63
25;11;2009;118
25;11;2009;124
25;11;2009;125
25;11;2009;126
25;11;2009;127
25;11;2009;129
26;11;2009;105
26;11;2009;106
27;11;2009;36
28;11;2009;90
28;11;2009;93
28;11;2009;100
29;11;2009;138
29;11;2009;139
29;11;2009;140
29;11;2009;143
29;11;2009;144
30;11;2009;104
30;11;2009;110
30;11;2009;111
30;11;2009;112
31;11;2009;16
32;11;2009;121
32;11;2009;122
32;11;2009;123
32;11;2009;128
32;11;2009;130
33;11;2009;165
33;11;2009;166
33;11;2009;167
34;11;2009;65
34;11;2009;66
35;11;2009;71
35;11;2009;119
35;11;2009;120
35;11;2009;159
36;11;2009;135
36;11;2009;136
36;11;2009;137
36;11;2009;142
36;11;2009;155
37;11;2009;89
37;11;2009;99
38;11;2009;107
38;11;2009;108
38;11;2009;109
39;11;2009;35
39;11;2009;43
40;11;2009;54
1;12;2009;6
1;12;2009;7
2;12;2009;9
2;12;2009;10
3;12;2009;23
3;12;2009;24
3;12;2009;25
3;12;2009;26
3;12;2009;44
4;12;2009;17
5;12;2009;1
5;12;2009;4
6;12;2009;18
6;12;2009;19
6;12;2009;20
7;12;2009;72
7;12;2009;73
7;12;2009;74
7;12;2009;75
8;12;2009;134
8;12;2009;141
8;12;2009;145
8;12;2009;146
8;12;2009;147
9;12;2009;27
9;12;2009;28
9;12;2009;29
9;12;2009;30
9;12;2009;39
9;12;2009;40
10;12;2009;88
10;12;2009;91
10;12;2009;92
10;12;2009;94
10;12;2009;95
10;12;2009;96
10;12;2009;97
10;12;2009;98
10;12;2009;101
10;12;2009;168
11;12;2009;151
11;12;2009;152
11;12;2009;153
11;12;2009;154
11;12;2009;156
11;12;2009;157
11;12;2009;158
12;12;2009;76
12;12;2009;77
12;12;2009;78
12;12;2009;79
12;12;2009;81
12;12;2009;82
13;12;2009;5
14;12;2009;31
14;12;2009;33
14;12;2009;34
15;12;2009;59
15;12;2009;60
15;12;2009;61
15;12;2009;62
16;12;2009;22
16;12;2009;38
17;12;2009;37
18;12;2009;32
18;12;2009;41
19;12;2009;12
19;12;2009;13
20;12;2009;52
20;12;2009;53
20;12;2009;56
20;12;2009;57
20;12;2009;58
21;12;2009;64
22;12;2009;21
23;12;2009;14
23;12;2009;15
24;12;2009;48
24;12;2009;50
24;12;2009;51
24;12;2009;55
24;12;2009;63
25;12;2009;118
25;12;2009;124
25;12;2009;125
25;12;2009;126
25;12;2009;127
25;12;2009;129
26;12;2009;105
26;12;2009;106
27;12;2009;36
28;12;2009;90
28;12;2009;93
28;12;2009;100
29;12;2009;138
29;12;2009;139
29;12;2009;140
29;12;2009;143
29;12;2009;144
30;12;2009;104
30;12;2009;110
30;12;2009;111
30;12;2009;112
31;12;2009;16
32;12;2009;121
32;12;2009;122
32;12;2009;123
32;12;2009;128
32;12;2009;130
33;12;2009;165
33;12;2009;166
33;12;2009;167
34;12;2009;65
34;12;2009;66
35;12;2009;71
35;12;2009;119
35;12;2009;120
35;12;2009;159
36;12;2009;135
36;12;2009;136
36;12;2009;137
36;12;2009;142
36;12;2009;155
37;12;2009;89
37;12;2009;99
38;12;2009;107
38;12;2009;108
38;12;2009;109
39;12;2009;35
39;12;2009;43
40;12;2009;54
1;1;2010;6
1;1;2010;7
2;1;2010;9
2;1;2010;10
3;1;2010;23
3;1;2010;24
3;1;2010;25
3;1;2010;26
3;1;2010;44
4;1;2010;17
5;1;2010;1
5;1;2010;4
6;1;2010;18
6;1;2010;19
6;1;2010;20
7;1;2010;72
7;1;2010;73
7;1;2010;74
7;1;2010;75
8;1;2010;134
8;1;2010;141
8;1;2010;145
8;1;2010;146
8;1;2010;147
9;1;2010;27
9;1;2010;28
9;1;2010;29
9;1;2010;30
9;1;2010;39
9;1;2010;40
10;1;2010;88
10;1;2010;91
10;1;2010;92
10;1;2010;94
10;1;2010;95
10;1;2010;96
10;1;2010;97
10;1;2010;98
10;1;2010;101
10;1;2010;168
11;1;2010;151
11;1;2010;152
11;1;2010;153
11;1;2010;154
11;1;2010;156
11;1;2010;157
11;1;2010;158
12;1;2010;76
12;1;2010;77
12;1;2010;78
12;1;2010;79
12;1;2010;81
12;1;2010;82
13;1;2010;5
14;1;2010;31
14;1;2010;33
14;1;2010;34
15;1;2010;59
15;1;2010;60
15;1;2010;61
15;1;2010;62
16;1;2010;22
16;1;2010;38
17;1;2010;37
18;1;2010;32
18;1;2010;41
19;1;2010;12
19;1;2010;13
20;1;2010;52
20;1;2010;53
20;1;2010;56
20;1;2010;57
20;1;2010;58
21;1;2010;64
22;1;2010;21
23;1;2010;14
23;1;2010;15
24;1;2010;48
24;1;2010;50
24;1;2010;51
24;1;2010;55
24;1;2010;63
25;1;2010;118
25;1;2010;124
25;1;2010;125
25;1;2010;126
25;1;2010;127
25;1;2010;129
26;1;2010;105
26;1;2010;106
27;1;2010;36
28;1;2010;90
28;1;2010;93
28;1;2010;100
29;1;2010;138
29;1;2010;139
29;1;2010;140
29;1;2010;143
29;1;2010;144
30;1;2010;104
30;1;2010;110
30;1;2010;111
30;1;2010;112
31;1;2010;16
32;1;2010;121
32;1;2010;122
32;1;2010;123
32;1;2010;128
32;1;2010;130
33;1;2010;165
33;1;2010;166
33;1;2010;167
34;1;2010;65
34;1;2010;66
35;1;2010;71
35;1;2010;119
35;1;2010;120
35;1;2010;159
36;1;2010;135
36;1;2010;136
36;1;2010;137
36;1;2010;142
36;1;2010;155
37;1;2010;89
37;1;2010;99
38;1;2010;107
38;1;2010;108
38;1;2010;109
39;1;2010;35
39;1;2010;43
40;1;2010;54
1;2;2010;6
1;2;2010;7
2;2;2010;9
2;2;2010;10
3;2;2010;23
3;2;2010;24
3;2;2010;25
3;2;2010;26
3;2;2010;44
4;2;2010;17
5;2;2010;1
5;2;2010;4
6;2;2010;18
6;2;2010;19
6;2;2010;20
7;2;2010;72
7;2;2010;73
7;2;2010;74
7;2;2010;75
8;2;2010;134
8;2;2010;141
8;2;2010;145
8;2;2010;146
8;2;2010;147
9;2;2010;27
9;2;2010;28
9;2;2010;29
9;2;2010;30
9;2;2010;39
9;2;2010;40
10;2;2010;88
10;2;2010;91
10;2;2010;92
10;2;2010;94
10;2;2010;95
10;2;2010;96
10;2;2010;97
10;2;2010;98
10;2;2010;101
10;2;2010;168
11;2;2010;151
11;2;2010;152
11;2;2010;153
11;2;2010;154
11;2;2010;156
11;2;2010;157
11;2;2010;158
12;2;2010;76
12;2;2010;77
12;2;2010;78
12;2;2010;79
12;2;2010;81
12;2;2010;82
13;2;2010;5
14;2;2010;31
14;2;2010;33
14;2;2010;34
15;2;2010;59
15;2;2010;60
15;2;2010;61
15;2;2010;62
16;2;2010;22
16;2;2010;38
17;2;2010;37
18;2;2010;32
18;2;2010;41
19;2;2010;12
19;2;2010;13
20;2;2010;52
20;2;2010;53
20;2;2010;56
20;2;2010;57
20;2;2010;58
21;2;2010;64
22;2;2010;21
23;2;2010;14
23;2;2010;15
24;2;2010;48
24;2;2010;50
24;2;2010;51
24;2;2010;55
24;2;2010;63
25;2;2010;118
25;2;2010;124
25;2;2010;125
25;2;2010;126
25;2;2010;127
25;2;2010;129
26;2;2010;105
26;2;2010;106
27;2;2010;36
28;2;2010;90
28;2;2010;93
28;2;2010;100
29;2;2010;138
29;2;2010;139
29;2;2010;140
29;2;2010;143
29;2;2010;144
30;2;2010;104
30;2;2010;110
30;2;2010;111
30;2;2010;112
31;2;2010;16
32;2;2010;121
32;2;2010;122
32;2;2010;123
32;2;2010;128
32;2;2010;130
33;2;2010;165
33;2;2010;166
33;2;2010;167
34;2;2010;65
34;2;2010;66
35;2;2010;71
35;2;2010;119
35;2;2010;120
35;2;2010;159
36;2;2010;135
36;2;2010;136
36;2;2010;137
36;2;2010;142
36;2;2010;155
37;2;2010;89
37;2;2010;99
38;2;2010;107
38;2;2010;108
38;2;2010;109
39;2;2010;35
39;2;2010;43
40;2;2010;54
1;3;2010;6
1;3;2010;7
2;3;2010;9
2;3;2010;10
3;3;2010;23
3;3;2010;24
3;3;2010;25
3;3;2010;26
3;3;2010;44
4;3;2010;17
5;3;2010;1
5;3;2010;4
6;3;2010;18
6;3;2010;19
6;3;2010;20
7;3;2010;72
7;3;2010;73
7;3;2010;74
7;3;2010;75
8;3;2010;134
8;3;2010;141
8;3;2010;145
8;3;2010;146
8;3;2010;147
9;3;2010;27
9;3;2010;28
9;3;2010;29
9;3;2010;30
9;3;2010;39
9;3;2010;40
10;3;2010;88
10;3;2010;91
10;3;2010;92
10;3;2010;94
10;3;2010;95
10;3;2010;96
10;3;2010;97
10;3;2010;98
10;3;2010;101
10;3;2010;168
11;3;2010;151
11;3;2010;152
11;3;2010;153
11;3;2010;154
11;3;2010;156
11;3;2010;157
11;3;2010;158
12;3;2010;76
12;3;2010;77
12;3;2010;78
12;3;2010;79
12;3;2010;81
12;3;2010;82
13;3;2010;5
14;3;2010;31
14;3;2010;33
14;3;2010;34
15;3;2010;59
15;3;2010;60
15;3;2010;61
15;3;2010;62
16;3;2010;22
16;3;2010;38
17;3;2010;37
18;3;2010;32
18;3;2010;41
19;3;2010;12
19;3;2010;13
20;3;2010;52
20;3;2010;53
20;3;2010;56
20;3;2010;57
20;3;2010;58
21;3;2010;64
22;3;2010;21
23;3;2010;14
23;3;2010;15
24;3;2010;48
24;3;2010;50
24;3;2010;51
24;3;2010;55
24;3;2010;63
25;3;2010;118
25;3;2010;124
25;3;2010;125
25;3;2010;126
25;3;2010;127
25;3;2010;129
26;3;2010;105
26;3;2010;106
27;3;2010;36
28;3;2010;90
28;3;2010;93
28;3;2010;100
29;3;2010;138
29;3;2010;139
29;3;2010;140
29;3;2010;143
29;3;2010;144
30;3;2010;104
30;3;2010;110
30;3;2010;111
30;3;2010;112
31;3;2010;16
32;3;2010;121
32;3;2010;122
32;3;2010;123
32;3;2010;128
32;3;2010;130
33;3;2010;165
33;3;2010;166
33;3;2010;167
34;3;2010;65
34;3;2010;66
35;3;2010;71
35;3;2010;119
35;3;2010;120
35;3;2010;159
36;3;2010;135
36;3;2010;136
36;3;2010;137
36;3;2010;142
36;3;2010;155
37;3;2010;89
37;3;2010;99
38;3;2010;107
38;3;2010;108
38;3;2010;109
39;3;2010;35
39;3;2010;43
40;3;2010;54
1;4;2010;6
1;4;2010;7
2;4;2010;9
2;4;2010;10
3;4;2010;23
3;4;2010;24
3;4;2010;25
3;4;2010;26
3;4;2010;44
4;4;2010;17
5;4;2010;1
5;4;2010;4
6;4;2010;18
6;4;2010;19
6;4;2010;20
7;4;2010;72
7;4;2010;73
7;4;2010;74
7;4;2010;75
8;4;2010;134
8;4;2010;141
8;4;2010;145
8;4;2010;146
8;4;2010;147
9;4;2010;27
9;4;2010;28
9;4;2010;29
9;4;2010;30
9;4;2010;39
9;4;2010;40
10;4;2010;88
10;4;2010;91
10;4;2010;92
10;4;2010;94
10;4;2010;95
10;4;2010;96
10;4;2010;97
10;4;2010;98
10;4;2010;101
10;4;2010;168
11;4;2010;151
11;4;2010;152
11;4;2010;153
11;4;2010;154
11;4;2010;156
11;4;2010;157
11;4;2010;158
12;4;2010;76
12;4;2010;77
12;4;2010;78
12;4;2010;79
12;4;2010;81
12;4;2010;82
13;4;2010;5
14;4;2010;31
14;4;2010;33
14;4;2010;34
15;4;2010;59
15;4;2010;60
15;4;2010;61
15;4;2010;62
16;4;2010;22
16;4;2010;38
17;4;2010;37
18;4;2010;32
18;4;2010;41
19;4;2010;12
19;4;2010;13
20;4;2010;52
20;4;2010;53
20;4;2010;56
20;4;2010;57
20;4;2010;58
21;4;2010;64
22;4;2010;21
23;4;2010;14
23;4;2010;15
24;4;2010;48
24;4;2010;50
24;4;2010;51
24;4;2010;55
24;4;2010;63
25;4;2010;118
25;4;2010;124
25;4;2010;125
25;4;2010;126
25;4;2010;127
25;4;2010;129
26;4;2010;105
26;4;2010;106
27;4;2010;36
28;4;2010;90
28;4;2010;93
28;4;2010;100
29;4;2010;138
29;4;2010;139
29;4;2010;140
29;4;2010;143
29;4;2010;144
30;4;2010;104
30;4;2010;110
30;4;2010;111
30;4;2010;112
31;4;2010;16
31;4;2010;42
32;4;2010;121
32;4;2010;122
32;4;2010;123
32;4;2010;128
32;4;2010;130
33;4;2010;165
33;4;2010;166
33;4;2010;167
34;4;2010;65
34;4;2010;66
35;4;2010;71
35;4;2010;119
35;4;2010;120
35;4;2010;159
36;4;2010;135
36;4;2010;136
36;4;2010;137
36;4;2010;142
36;4;2010;155
37;4;2010;89
37;4;2010;99
38;4;2010;107
38;4;2010;108
38;4;2010;109
39;4;2010;35
39;4;2010;43
40;4;2010;54
1;5;2010;6
1;5;2010;7
2;5;2010;9
2;5;2010;10
3;5;2010;23
3;5;2010;24
3;5;2010;25
3;5;2010;26
3;5;2010;44
4;5;2010;17
5;5;2010;1
5;5;2010;4
6;5;2010;18
6;5;2010;19
6;5;2010;20
7;5;2010;72
7;5;2010;73
7;5;2010;74
7;5;2010;75
8;5;2010;134
8;5;2010;141
8;5;2010;145
8;5;2010;146
8;5;2010;147
9;5;2010;27
9;5;2010;28
9;5;2010;29
9;5;2010;30
9;5;2010;39
9;5;2010;40
10;5;2010;88
10;5;2010;91
10;5;2010;92
10;5;2010;94
10;5;2010;95
10;5;2010;96
10;5;2010;97
10;5;2010;98
10;5;2010;101
10;5;2010;168
11;5;2010;151
11;5;2010;152
11;5;2010;153
11;5;2010;154
11;5;2010;156
11;5;2010;157
11;5;2010;158
12;5;2010;76
12;5;2010;77
12;5;2010;78
12;5;2010;79
12;5;2010;81
12;5;2010;82
13;5;2010;5
14;5;2010;31
14;5;2010;33
14;5;2010;34
15;5;2010;59
15;5;2010;60
15;5;2010;61
15;5;2010;62
16;5;2010;22
16;5;2010;38
17;5;2010;37
18;5;2010;32
18;5;2010;41
19;5;2010;12
19;5;2010;13
20;5;2010;52
20;5;2010;53
20;5;2010;56
20;5;2010;57
20;5;2010;58
21;5;2010;64
22;5;2010;21
23;5;2010;14
23;5;2010;15
24;5;2010;48
24;5;2010;50
24;5;2010;51
24;5;2010;55
24;5;2010;63
25;5;2010;118
25;5;2010;124
25;5;2010;125
25;5;2010;126
25;5;2010;127
25;5;2010;129
26;5;2010;105
26;5;2010;106
27;5;2010;36
28;5;2010;90
28;5;2010;93
28;5;2010;100
29;5;2010;138
29;5;2010;139
29;5;2010;140
29;5;2010;143
29;5;2010;144
30;5;2010;104
30;5;2010;110
30;5;2010;111
30;5;2010;112
31;5;2010;16
31;5;2010;42
32;5;2010;121
32;5;2010;122
32;5;2010;123
32;5;2010;128
32;5;2010;130
33;5;2010;165
33;5;2010;166
33;5;2010;167
34;5;2010;65
34;5;2010;66
35;5;2010;71
35;5;2010;119
35;5;2010;120
35;5;2010;159
36;5;2010;135
36;5;2010;136
36;5;2010;137
36;5;2010;142
36;5;2010;155
37;5;2010;89
37;5;2010;99
38;5;2010;107
38;5;2010;108
38;5;2010;109
39;5;2010;35
39;5;2010;43
40;5;2010;54
1;6;2010;6
1;6;2010;7
2;6;2010;9
2;6;2010;10
3;6;2010;23
3;6;2010;24
3;6;2010;25
3;6;2010;26
3;6;2010;44
4;6;2010;17
5;6;2010;1
5;6;2010;4
6;6;2010;18
6;6;2010;19
6;6;2010;20
7;6;2010;72
7;6;2010;73
7;6;2010;74
7;6;2010;75
8;6;2010;134
8;6;2010;141
8;6;2010;145
8;6;2010;146
8;6;2010;147
9;6;2010;27
9;6;2010;28
9;6;2010;29
9;6;2010;30
9;6;2010;39
9;6;2010;40
10;6;2010;88
10;6;2010;91
10;6;2010;92
10;6;2010;94
10;6;2010;95
10;6;2010;96
10;6;2010;97
10;6;2010;98
10;6;2010;101
10;6;2010;168
11;6;2010;151
11;6;2010;152
11;6;2010;153
11;6;2010;154
11;6;2010;156
11;6;2010;157
11;6;2010;158
12;6;2010;76
12;6;2010;77
12;6;2010;78
12;6;2010;79
12;6;2010;81
12;6;2010;82
13;6;2010;5
14;6;2010;31
14;6;2010;33
14;6;2010;34
15;6;2010;59
15;6;2010;60
15;6;2010;61
15;6;2010;62
16;6;2010;22
16;6;2010;38
17;6;2010;37
18;6;2010;32
18;6;2010;41
19;6;2010;12
19;6;2010;13
20;6;2010;52
20;6;2010;53
20;6;2010;56
20;6;2010;57
20;6;2010;58
21;6;2010;64
22;6;2010;21
23;6;2010;14
23;6;2010;15
24;6;2010;48
24;6;2010;50
24;6;2010;51
24;6;2010;55
24;6;2010;63
25;6;2010;118
25;6;2010;124
25;6;2010;125
25;6;2010;126
25;6;2010;127
25;6;2010;129
26;6;2010;105
26;6;2010;106
27;6;2010;36
28;6;2010;90
28;6;2010;93
28;6;2010;100
29;6;2010;138
29;6;2010;139
29;6;2010;140
29;6;2010;143
29;6;2010;144
30;6;2010;104
30;6;2010;110
30;6;2010;111
30;6;2010;112
31;6;2010;16
31;6;2010;42
32;6;2010;121
32;6;2010;122
32;6;2010;123
32;6;2010;128
32;6;2010;130
33;6;2010;165
33;6;2010;166
33;6;2010;167
34;6;2010;65
34;6;2010;66
35;6;2010;71
35;6;2010;119
35;6;2010;120
35;6;2010;159
36;6;2010;135
36;6;2010;136
36;6;2010;137
36;6;2010;142
36;6;2010;155
37;6;2010;89
37;6;2010;99
38;6;2010;107
38;6;2010;108
38;6;2010;109
39;6;2010;35
39;6;2010;43
40;6;2010;54
1;7;2010;6
1;7;2010;7
2;7;2010;9
2;7;2010;10
3;7;2010;23
3;7;2010;24
3;7;2010;25
3;7;2010;26
3;7;2010;44
4;7;2010;17
5;7;2010;1
5;7;2010;4
6;7;2010;18
6;7;2010;19
6;7;2010;20
7;7;2010;72
7;7;2010;73
7;7;2010;74
7;7;2010;75
8;7;2010;134
8;7;2010;141
8;7;2010;145
8;7;2010;146
8;7;2010;147
9;7;2010;27
9;7;2010;28
9;7;2010;29
9;7;2010;30
9;7;2010;39
9;7;2010;40
10;7;2010;88
10;7;2010;91
10;7;2010;92
10;7;2010;94
10;7;2010;95
10;7;2010;96
10;7;2010;97
10;7;2010;98
10;7;2010;101
10;7;2010;168
11;7;2010;151
11;7;2010;152
11;7;2010;153
11;7;2010;154
11;7;2010;156
11;7;2010;157
11;7;2010;158
12;7;2010;76
12;7;2010;77
12;7;2010;78
12;7;2010;79
12;7;2010;81
12;7;2010;82
13;7;2010;5
14;7;2010;31
14;7;2010;33
14;7;2010;34
15;7;2010;59
15;7;2010;60
15;7;2010;61
15;7;2010;62
16;7;2010;22
16;7;2010;38
17;7;2010;37
18;7;2010;32
18;7;2010;41
19;7;2010;12
19;7;2010;13
20;7;2010;52
20;7;2010;53
20;7;2010;56
20;7;2010;57
20;7;2010;58
21;7;2010;64
22;7;2010;21
23;7;2010;14
23;7;2010;15
24;7;2010;48
24;7;2010;50
24;7;2010;51
24;7;2010;55
24;7;2010;63
25;7;2010;118
25;7;2010;124
25;7;2010;125
25;7;2010;126
25;7;2010;127
25;7;2010;129
26;7;2010;105
26;7;2010;106
27;7;2010;36
28;7;2010;90
28;7;2010;93
28;7;2010;100
29;7;2010;138
29;7;2010;139
29;7;2010;140
29;7;2010;143
29;7;2010;144
30;7;2010;104
30;7;2010;110
30;7;2010;111
30;7;2010;112
31;7;2010;16
31;7;2010;42
32;7;2010;121
32;7;2010;122
32;7;2010;123
32;7;2010;128
32;7;2010;130
33;7;2010;165
33;7;2010;166
33;7;2010;167
34;7;2010;65
34;7;2010;66
35;7;2010;71
35;7;2010;119
35;7;2010;120
35;7;2010;159
36;7;2010;135
36;7;2010;136
36;7;2010;137
36;7;2010;142
36;7;2010;155
37;7;2010;89
37;7;2010;99
38;7;2010;107
38;7;2010;108
38;7;2010;109
39;7;2010;35
39;7;2010;43
40;7;2010;54
1;8;2010;6
1;8;2010;7
2;8;2010;9
2;8;2010;10
3;8;2010;23
3;8;2010;24
3;8;2010;25
3;8;2010;26
3;8;2010;44
4;8;2010;17
5;8;2010;1
5;8;2010;4
6;8;2010;18
6;8;2010;19
6;8;2010;20
7;8;2010;72
7;8;2010;73
7;8;2010;74
7;8;2010;75
8;8;2010;134
8;8;2010;141
8;8;2010;145
8;8;2010;146
8;8;2010;147
9;8;2010;27
9;8;2010;28
9;8;2010;29
9;8;2010;30
9;8;2010;39
9;8;2010;40
10;8;2010;88
10;8;2010;91
10;8;2010;92
10;8;2010;94
10;8;2010;95
10;8;2010;96
10;8;2010;97
10;8;2010;98
10;8;2010;101
10;8;2010;168
11;8;2010;151
11;8;2010;152
11;8;2010;153
11;8;2010;154
11;8;2010;156
11;8;2010;157
11;8;2010;158
12;8;2010;76
12;8;2010;77
12;8;2010;78
12;8;2010;79
12;8;2010;81
12;8;2010;82
13;8;2010;5
14;8;2010;31
14;8;2010;33
14;8;2010;34
15;8;2010;59
15;8;2010;60
15;8;2010;61
15;8;2010;62
16;8;2010;22
16;8;2010;38
17;8;2010;37
18;8;2010;32
18;8;2010;41
19;8;2010;12
19;8;2010;13
20;8;2010;52
20;8;2010;53
20;8;2010;56
20;8;2010;57
20;8;2010;58
21;8;2010;64
22;8;2010;21
23;8;2010;14
23;8;2010;15
24;8;2010;48
24;8;2010;50
24;8;2010;51
24;8;2010;55
24;8;2010;63
25;8;2010;118
25;8;2010;124
25;8;2010;125
25;8;2010;126
25;8;2010;127
25;8;2010;129
26;8;2010;105
26;8;2010;106
27;8;2010;36
28;8;2010;90
28;8;2010;93
28;8;2010;100
29;8;2010;138
29;8;2010;139
29;8;2010;140
29;8;2010;143
29;8;2010;144
29;8;2010;148
30;8;2010;104
30;8;2010;110
30;8;2010;111
30;8;2010;112
31;8;2010;16
31;8;2010;42
32;8;2010;121
32;8;2010;122
32;8;2010;123
32;8;2010;128
32;8;2010;130
33;8;2010;165
33;8;2010;166
33;8;2010;167
34;8;2010;65
34;8;2010;66
35;8;2010;71
35;8;2010;119
35;8;2010;120
35;8;2010;159
36;8;2010;135
36;8;2010;136
36;8;2010;137
36;8;2010;142
36;8;2010;155
37;8;2010;89
37;8;2010;99
38;8;2010;107
38;8;2010;108
38;8;2010;109
39;8;2010;35
39;8;2010;43
40;8;2010;54
1;9;2010;6
1;9;2010;7
2;9;2010;9
2;9;2010;10
3;9;2010;23
3;9;2010;24
3;9;2010;25
3;9;2010;26
3;9;2010;44
4;9;2010;17
5;9;2010;1
5;9;2010;4
6;9;2010;18
6;9;2010;19
6;9;2010;20
7;9;2010;72
7;9;2010;73
7;9;2010;74
7;9;2010;75
8;9;2010;134
8;9;2010;141
8;9;2010;145
8;9;2010;146
8;9;2010;147
9;9;2010;27
9;9;2010;28
9;9;2010;29
9;9;2010;30
9;9;2010;39
9;9;2010;40
10;9;2010;88
10;9;2010;91
10;9;2010;92
10;9;2010;94
10;9;2010;95
10;9;2010;96
10;9;2010;97
10;9;2010;98
10;9;2010;101
10;9;2010;168
11;9;2010;151
11;9;2010;152
11;9;2010;153
11;9;2010;154
11;9;2010;156
11;9;2010;157
11;9;2010;158
12;9;2010;76
12;9;2010;77
12;9;2010;78
12;9;2010;79
12;9;2010;81
12;9;2010;82
13;9;2010;5
14;9;2010;31
14;9;2010;33
14;9;2010;34
15;9;2010;59
15;9;2010;60
15;9;2010;61
15;9;2010;62
16;9;2010;22
16;9;2010;38
17;9;2010;37
18;9;2010;32
18;9;2010;41
19;9;2010;12
19;9;2010;13
20;9;2010;52
20;9;2010;53
20;9;2010;56
20;9;2010;57
20;9;2010;58
21;9;2010;64
22;9;2010;21
23;9;2010;14
23;9;2010;15
24;9;2010;48
24;9;2010;50
24;9;2010;51
24;9;2010;55
24;9;2010;63
25;9;2010;118
25;9;2010;124
25;9;2010;125
25;9;2010;126
25;9;2010;127
25;9;2010;129
26;9;2010;105
26;9;2010;106
27;9;2010;36
28;9;2010;90
28;9;2010;93
28;9;2010;100
29;9;2010;138
29;9;2010;139
29;9;2010;140
29;9;2010;143
29;9;2010;144
29;9;2010;148
30;9;2010;104
30;9;2010;110
30;9;2010;111
30;9;2010;112
31;9;2010;16
31;9;2010;42
32;9;2010;121
32;9;2010;122
32;9;2010;123
32;9;2010;128
32;9;2010;130
33;9;2010;165
33;9;2010;166
33;9;2010;167
34;9;2010;65
34;9;2010;66
35;9;2010;71
35;9;2010;119
35;9;2010;120
35;9;2010;159
36;9;2010;135
36;9;2010;136
36;9;2010;137
36;9;2010;142
36;9;2010;155
37;9;2010;89
37;9;2010;99
38;9;2010;107
38;9;2010;108
38;9;2010;109
39;9;2010;35
39;9;2010;43
40;9;2010;54
1;10;2010;6
1;10;2010;7
2;10;2010;9
2;10;2010;10
3;10;2010;23
3;10;2010;24
3;10;2010;25
3;10;2010;26
3;10;2010;44
4;10;2010;17
5;10;2010;1
5;10;2010;4
6;10;2010;18
6;10;2010;19
6;10;2010;20
7;10;2010;72
7;10;2010;73
7;10;2010;74
7;10;2010;75
8;10;2010;134
8;10;2010;141
8;10;2010;145
8;10;2010;146
8;10;2010;147
9;10;2010;27
9;10;2010;28
9;10;2010;29
9;10;2010;30
9;10;2010;39
9;10;2010;40
10;10;2010;88
10;10;2010;91
10;10;2010;92
10;10;2010;94
10;10;2010;95
10;10;2010;96
10;10;2010;97
10;10;2010;98
10;10;2010;101
10;10;2010;168
11;10;2010;151
11;10;2010;152
11;10;2010;153
11;10;2010;154
11;10;2010;156
11;10;2010;157
11;10;2010;158
12;10;2010;76
12;10;2010;77
12;10;2010;78
12;10;2010;79
12;10;2010;81
12;10;2010;82
13;10;2010;5
14;10;2010;31
14;10;2010;33
14;10;2010;34
15;10;2010;59
15;10;2010;60
15;10;2010;61
15;10;2010;62
16;10;2010;22
16;10;2010;38
17;10;2010;37
18;10;2010;32
18;10;2010;41
19;10;2010;12
19;10;2010;13
20;10;2010;52
20;10;2010;53
20;10;2010;56
20;10;2010;57
20;10;2010;58
21;10;2010;64
22;10;2010;21
23;10;2010;14
23;10;2010;15
24;10;2010;48
24;10;2010;50
24;10;2010;51
24;10;2010;55
24;10;2010;63
25;10;2010;118
25;10;2010;124
25;10;2010;125
25;10;2010;126
25;10;2010;127
25;10;2010;129
26;10;2010;105
26;10;2010;106
27;10;2010;36
28;10;2010;90
28;10;2010;93
28;10;2010;100
29;10;2010;138
29;10;2010;139
29;10;2010;140
29;10;2010;143
29;10;2010;144
29;10;2010;148
30;10;2010;104
30;10;2010;110
30;10;2010;111
30;10;2010;112
31;10;2010;16
31;10;2010;42
32;10;2010;121
32;10;2010;122
32;10;2010;123
32;10;2010;128
32;10;2010;130
33;10;2010;165
33;10;2010;166
33;10;2010;167
34;10;2010;65
34;10;2010;66
35;10;2010;71
35;10;2010;119
35;10;2010;120
35;10;2010;159
36;10;2010;135
36;10;2010;136
36;10;2010;137
36;10;2010;142
36;10;2010;155
37;10;2010;89
37;10;2010;99
38;10;2010;107
38;10;2010;108
38;10;2010;109
39;10;2010;35
39;10;2010;43
40;10;2010;54
1;11;2010;6
1;11;2010;7
2;11;2010;9
2;11;2010;10
3;11;2010;23
3;11;2010;24
3;11;2010;25
3;11;2010;26
3;11;2010;44
4;11;2010;17
5;11;2010;1
5;11;2010;4
6;11;2010;18
6;11;2010;19
6;11;2010;20
7;11;2010;72
7;11;2010;73
7;11;2010;74
7;11;2010;75
8;11;2010;134
8;11;2010;141
8;11;2010;145
8;11;2010;146
8;11;2010;147
9;11;2010;27
9;11;2010;28
9;11;2010;29
9;11;2010;30
9;11;2010;39
9;11;2010;40
10;11;2010;88
10;11;2010;91
10;11;2010;92
10;11;2010;94
10;11;2010;95
10;11;2010;96
10;11;2010;97
10;11;2010;98
10;11;2010;101
10;11;2010;168
11;11;2010;151
11;11;2010;152
11;11;2010;153
11;11;2010;154
11;11;2010;156
11;11;2010;157
11;11;2010;158
12;11;2010;76
12;11;2010;77
12;11;2010;78
12;11;2010;79
12;11;2010;81
12;11;2010;82
13;11;2010;5
14;11;2010;31
14;11;2010;33
14;11;2010;34
15;11;2010;59
15;11;2010;60
15;11;2010;61
15;11;2010;62
16;11;2010;22
16;11;2010;38
17;11;2010;37
18;11;2010;32
18;11;2010;41
19;11;2010;12
19;11;2010;13
20;11;2010;52
20;11;2010;53
20;11;2010;56
20;11;2010;57
20;11;2010;58
21;11;2010;64
22;11;2010;21
23;11;2010;14
23;11;2010;15
24;11;2010;48
24;11;2010;50
24;11;2010;51
24;11;2010;55
24;11;2010;63
25;11;2010;118
25;11;2010;124
25;11;2010;125
25;11;2010;126
25;11;2010;127
25;11;2010;129
26;11;2010;105
26;11;2010;106
27;11;2010;36
28;11;2010;90
28;11;2010;93
28;11;2010;100
29;11;2010;138
29;11;2010;139
29;11;2010;140
29;11;2010;143
29;11;2010;144
29;11;2010;148
30;11;2010;104
30;11;2010;110
30;11;2010;111
30;11;2010;112
31;11;2010;16
31;11;2010;42
32;11;2010;121
32;11;2010;122
32;11;2010;123
32;11;2010;128
32;11;2010;130
33;11;2010;165
33;11;2010;166
33;11;2010;167
34;11;2010;65
34;11;2010;66
35;11;2010;71
35;11;2010;119
35;11;2010;120
35;11;2010;159
36;11;2010;135
36;11;2010;136
36;11;2010;137
36;11;2010;142
36;11;2010;155
37;11;2010;89
37;11;2010;99
38;11;2010;107
38;11;2010;108
38;11;2010;109
39;11;2010;35
39;11;2010;43
40;11;2010;54
1;12;2010;6
1;12;2010;7
2;12;2010;9
2;12;2010;10
3;12;2010;23
3;12;2010;24
3;12;2010;25
3;12;2010;26
3;12;2010;44
4;12;2010;17
5;12;2010;1
5;12;2010;4
6;12;2010;18
6;12;2010;19
6;12;2010;20
7;12;2010;72
7;12;2010;73
7;12;2010;74
7;12;2010;75
8;12;2010;134
8;12;2010;141
8;12;2010;145
8;12;2010;146
8;12;2010;147
9;12;2010;27
9;12;2010;28
9;12;2010;29
9;12;2010;30
9;12;2010;39
9;12;2010;40
10;12;2010;88
10;12;2010;91
10;12;2010;92
10;12;2010;94
10;12;2010;95
10;12;2010;96
10;12;2010;97
10;12;2010;98
10;12;2010;101
10;12;2010;168
11;12;2010;151
11;12;2010;152
11;12;2010;153
11;12;2010;154
11;12;2010;156
11;12;2010;157
11;12;2010;158
12;12;2010;76
12;12;2010;77
12;12;2010;78
12;12;2010;79
12;12;2010;81
12;12;2010;82
13;12;2010;5
14;12;2010;31
14;12;2010;33
14;12;2010;34
15;12;2010;59
15;12;2010;60
15;12;2010;61
15;12;2010;62
16;12;2010;22
16;12;2010;38
17;12;2010;37
18;12;2010;32
18;12;2010;41
19;12;2010;12
19;12;2010;13
20;12;2010;52
20;12;2010;53
20;12;2010;56
20;12;2010;57
20;12;2010;58
21;12;2010;64
22;12;2010;21
23;12;2010;14
23;12;2010;15
24;12;2010;48
24;12;2010;50
24;12;2010;51
24;12;2010;55
24;12;2010;63
25;12;2010;118
25;12;2010;124
25;12;2010;125
25;12;2010;126
25;12;2010;127
25;12;2010;129
26;12;2010;105
26;12;2010;106
27;12;2010;36
28;12;2010;90
28;12;2010;93
28;12;2010;100
29;12;2010;138
29;12;2010;139
29;12;2010;140
29;12;2010;143
29;12;2010;144
29;12;2010;148
30;12;2010;104
30;12;2010;110
30;12;2010;111
30;12;2010;112
31;12;2010;16
31;12;2010;42
32;12;2010;121
32;12;2010;122
32;12;2010;123
32;12;2010;128
32;12;2010;130
33;12;2010;165
33;12;2010;166
33;12;2010;167
34;12;2010;65
34;12;2010;66
35;12;2010;71
35;12;2010;119
35;12;2010;120
35;12;2010;159
36;12;2010;135
36;12;2010;136
36;12;2010;137
36;12;2010;142
36;12;2010;155
37;12;2010;89
37;12;2010;99
38;12;2010;107
38;12;2010;108
38;12;2010;109
39;12;2010;35
39;12;2010;43
40;12;2010;54
1;1;2011;6
1;1;2011;7
2;1;2011;9
2;1;2011;10
3;1;2011;23
3;1;2011;24
3;1;2011;25
3;1;2011;26
3;1;2011;44
4;1;2011;17
5;1;2011;1
5;1;2011;4
6;1;2011;18
6;1;2011;19
6;1;2011;20
7;1;2011;72
7;1;2011;73
7;1;2011;74
7;1;2011;75
8;1;2011;134
8;1;2011;141
8;1;2011;145
8;1;2011;146
8;1;2011;147
9;1;2011;28
9;1;2011;30
9;1;2011;40
10;1;2011;87
10;1;2011;88
10;1;2011;91
10;1;2011;92
10;1;2011;94
10;1;2011;95
10;1;2011;96
10;1;2011;97
10;1;2011;98
10;1;2011;101
10;1;2011;168
11;1;2011;151
11;1;2011;152
11;1;2011;153
11;1;2011;154
11;1;2011;156
11;1;2011;157
11;1;2011;158
12;1;2011;76
12;1;2011;77
12;1;2011;78
12;1;2011;79
12;1;2011;81
12;1;2011;82
13;1;2011;5
14;1;2011;31
14;1;2011;33
14;1;2011;34
15;1;2011;59
15;1;2011;60
15;1;2011;61
15;1;2011;62
16;1;2011;22
16;1;2011;38
17;1;2011;37
18;1;2011;32
18;1;2011;41
19;1;2011;12
19;1;2011;13
20;1;2011;52
20;1;2011;53
20;1;2011;56
20;1;2011;57
20;1;2011;58
21;1;2011;64
22;1;2011;21
23;1;2011;14
23;1;2011;15
24;1;2011;48
24;1;2011;50
24;1;2011;51
24;1;2011;55
24;1;2011;63
25;1;2011;118
25;1;2011;124
25;1;2011;125
25;1;2011;126
25;1;2011;127
25;1;2011;129
26;1;2011;105
26;1;2011;106
27;1;2011;36
28;1;2011;90
28;1;2011;93
28;1;2011;100
29;1;2011;138
29;1;2011;139
29;1;2011;140
29;1;2011;143
29;1;2011;144
29;1;2011;148
30;1;2011;104
30;1;2011;110
30;1;2011;111
30;1;2011;112
31;1;2011;16
31;1;2011;42
32;1;2011;121
32;1;2011;122
32;1;2011;123
32;1;2011;128
32;1;2011;130
33;1;2011;165
33;1;2011;166
33;1;2011;167
34;1;2011;65
34;1;2011;66
34;1;2011;67
35;1;2011;70
35;1;2011;71
35;1;2011;119
35;1;2011;120
35;1;2011;159
36;1;2011;135
36;1;2011;136
36;1;2011;137
36;1;2011;142
36;1;2011;155
37;1;2011;89
37;1;2011;99
38;1;2011;107
38;1;2011;108
38;1;2011;109
39;1;2011;35
39;1;2011;43
40;1;2011;54
41;1;2011;27
41;1;2011;29
41;1;2011;39
1;2;2011;6
1;2;2011;7
2;2;2011;9
2;2;2011;10
3;2;2011;23
3;2;2011;24
3;2;2011;25
3;2;2011;26
3;2;2011;44
4;2;2011;17
5;2;2011;1
5;2;2011;4
6;2;2011;18
6;2;2011;19
6;2;2011;20
7;2;2011;72
7;2;2011;73
7;2;2011;74
7;2;2011;75
8;2;2011;134
8;2;2011;141
8;2;2011;145
8;2;2011;146
8;2;2011;147
9;2;2011;28
9;2;2011;30
9;2;2011;40
10;2;2011;87
10;2;2011;88
10;2;2011;91
10;2;2011;92
10;2;2011;94
10;2;2011;95
10;2;2011;96
10;2;2011;97
10;2;2011;98
10;2;2011;101
10;2;2011;168
11;2;2011;151
11;2;2011;152
11;2;2011;153
11;2;2011;154
11;2;2011;156
11;2;2011;157
11;2;2011;158
12;2;2011;76
12;2;2011;77
12;2;2011;78
12;2;2011;79
12;2;2011;81
12;2;2011;82
13;2;2011;5
14;2;2011;31
14;2;2011;33
14;2;2011;34
15;2;2011;59
15;2;2011;60
15;2;2011;61
15;2;2011;62
16;2;2011;22
16;2;2011;38
17;2;2011;37
18;2;2011;32
18;2;2011;41
19;2;2011;12
19;2;2011;13
20;2;2011;52
20;2;2011;53
20;2;2011;56
20;2;2011;57
20;2;2011;58
21;2;2011;64
22;2;2011;21
23;2;2011;14
23;2;2011;15
24;2;2011;48
24;2;2011;50
24;2;2011;51
24;2;2011;55
24;2;2011;63
25;2;2011;118
25;2;2011;124
25;2;2011;125
25;2;2011;126
25;2;2011;127
25;2;2011;129
25;2;2011;132
26;2;2011;105
26;2;2011;106
27;2;2011;36
28;2;2011;90
28;2;2011;93
28;2;2011;100
29;2;2011;138
29;2;2011;139
29;2;2011;140
29;2;2011;143
29;2;2011;144
29;2;2011;148
30;2;2011;104
30;2;2011;110
30;2;2011;111
30;2;2011;112
31;2;2011;16
31;2;2011;42
32;2;2011;121
32;2;2011;122
32;2;2011;123
32;2;2011;128
32;2;2011;130
33;2;2011;165
33;2;2011;166
33;2;2011;167
34;2;2011;65
34;2;2011;66
34;2;2011;67
35;2;2011;70
35;2;2011;71
35;2;2011;119
35;2;2011;120
35;2;2011;159
36;2;2011;135
36;2;2011;136
36;2;2011;137
36;2;2011;142
36;2;2011;155
37;2;2011;89
37;2;2011;99
38;2;2011;107
38;2;2011;108
38;2;2011;109
39;2;2011;35
39;2;2011;43
40;2;2011;54
41;2;2011;27
41;2;2011;29
41;2;2011;39
1;3;2011;6
1;3;2011;7
2;3;2011;9
2;3;2011;10
3;3;2011;23
3;3;2011;24
3;3;2011;25
3;3;2011;26
3;3;2011;44
4;3;2011;17
5;3;2011;1
5;3;2011;4
6;3;2011;18
6;3;2011;19
6;3;2011;20
7;3;2011;72
7;3;2011;73
7;3;2011;74
7;3;2011;75
8;3;2011;134
8;3;2011;141
8;3;2011;145
8;3;2011;146
8;3;2011;147
9;3;2011;28
9;3;2011;30
9;3;2011;40
10;3;2011;87
10;3;2011;88
10;3;2011;91
10;3;2011;92
10;3;2011;94
10;3;2011;95
10;3;2011;96
10;3;2011;97
10;3;2011;98
10;3;2011;101
10;3;2011;168
11;3;2011;151
11;3;2011;152
11;3;2011;153
11;3;2011;154
11;3;2011;156
11;3;2011;157
11;3;2011;158
12;3;2011;76
12;3;2011;77
12;3;2011;78
12;3;2011;79
12;3;2011;81
12;3;2011;82
13;3;2011;5
14;3;2011;31
14;3;2011;33
14;3;2011;34
15;3;2011;59
15;3;2011;60
15;3;2011;61
15;3;2011;62
16;3;2011;22
16;3;2011;38
17;3;2011;37
18;3;2011;32
18;3;2011;41
19;3;2011;12
19;3;2011;13
20;3;2011;52
20;3;2011;53
20;3;2011;56
20;3;2011;57
20;3;2011;58
21;3;2011;64
22;3;2011;21
23;3;2011;14
23;3;2011;15
24;3;2011;48
24;3;2011;50
24;3;2011;51
24;3;2011;55
24;3;2011;63
25;3;2011;118
25;3;2011;124
25;3;2011;125
25;3;2011;126
25;3;2011;127
25;3;2011;129
25;3;2011;132
26;3;2011;105
26;3;2011;106
27;3;2011;36
28;3;2011;90
28;3;2011;93
28;3;2011;100
29;3;2011;138
29;3;2011;139
29;3;2011;140
29;3;2011;143
29;3;2011;144
29;3;2011;148
30;3;2011;104
30;3;2011;110
30;3;2011;111
30;3;2011;112
31;3;2011;16
31;3;2011;42
32;3;2011;121
32;3;2011;122
32;3;2011;123
32;3;2011;128
32;3;2011;130
33;3;2011;165
33;3;2011;166
33;3;2011;167
34;3;2011;65
34;3;2011;66
34;3;2011;67
35;3;2011;70
35;3;2011;71
35;3;2011;119
35;3;2011;120
35;3;2011;159
36;3;2011;135
36;3;2011;136
36;3;2011;137
36;3;2011;142
36;3;2011;155
37;3;2011;89
37;3;2011;99
38;3;2011;107
38;3;2011;108
38;3;2011;109
39;3;2011;35
39;3;2011;43
40;3;2011;54
41;3;2011;27
41;3;2011;29
41;3;2011;39
1;4;2011;6
1;4;2011;7
2;4;2011;9
2;4;2011;10
3;4;2011;23
3;4;2011;24
3;4;2011;25
3;4;2011;26
3;4;2011;44
4;4;2011;17
5;4;2011;1
5;4;2011;4
6;4;2011;18
6;4;2011;19
6;4;2011;20
7;4;2011;72
7;4;2011;73
7;4;2011;74
7;4;2011;75
8;4;2011;134
8;4;2011;141
8;4;2011;145
8;4;2011;146
8;4;2011;147
9;4;2011;28
9;4;2011;30
9;4;2011;40
10;4;2011;87
10;4;2011;88
10;4;2011;91
10;4;2011;92
10;4;2011;94
10;4;2011;95
10;4;2011;96
10;4;2011;97
10;4;2011;98
10;4;2011;101
10;4;2011;168
11;4;2011;151
11;4;2011;152
11;4;2011;153
11;4;2011;154
11;4;2011;156
11;4;2011;157
11;4;2011;158
12;4;2011;76
12;4;2011;77
12;4;2011;78
12;4;2011;79
12;4;2011;81
12;4;2011;82
13;4;2011;5
14;4;2011;31
14;4;2011;33
14;4;2011;34
15;4;2011;59
15;4;2011;60
15;4;2011;61
15;4;2011;62
16;4;2011;22
16;4;2011;38
17;4;2011;37
18;4;2011;32
18;4;2011;41
19;4;2011;12
19;4;2011;13
20;4;2011;52
20;4;2011;53
20;4;2011;56
20;4;2011;57
20;4;2011;58
21;4;2011;64
22;4;2011;21
23;4;2011;14
23;4;2011;15
24;4;2011;48
24;4;2011;50
24;4;2011;51
24;4;2011;55
24;4;2011;63
25;4;2011;118
25;4;2011;124
25;4;2011;125
25;4;2011;126
25;4;2011;127
25;4;2011;129
25;4;2011;132
26;4;2011;105
26;4;2011;106
27;4;2011;36
28;4;2011;90
28;4;2011;93
28;4;2011;100
29;4;2011;138
29;4;2011;139
29;4;2011;140
29;4;2011;143
29;4;2011;144
29;4;2011;148
30;4;2011;104
30;4;2011;110
30;4;2011;111
30;4;2011;112
31;4;2011;16
31;4;2011;42
32;4;2011;121
32;4;2011;122
32;4;2011;123
32;4;2011;128
32;4;2011;130
33;4;2011;165
33;4;2011;166
33;4;2011;167
34;4;2011;65
34;4;2011;66
34;4;2011;67
35;4;2011;70
35;4;2011;71
35;4;2011;119
35;4;2011;120
35;4;2011;159
36;4;2011;135
36;4;2011;136
36;4;2011;137
36;4;2011;142
36;4;2011;155
37;4;2011;89
37;4;2011;99
38;4;2011;107
38;4;2011;108
38;4;2011;109
39;4;2011;35
39;4;2011;43
40;4;2011;54
41;4;2011;27
41;4;2011;29
41;4;2011;39
1;5;2011;6
1;5;2011;7
2;5;2011;9
2;5;2011;10
3;5;2011;23
3;5;2011;24
3;5;2011;25
3;5;2011;26
3;5;2011;44
4;5;2011;17
5;5;2011;1
5;5;2011;4
6;5;2011;18
6;5;2011;19
6;5;2011;20
7;5;2011;72
7;5;2011;73
7;5;2011;74
7;5;2011;75
8;5;2011;134
8;5;2011;141
8;5;2011;145
8;5;2011;146
8;5;2011;147
9;5;2011;28
9;5;2011;30
9;5;2011;40
10;5;2011;87
10;5;2011;88
10;5;2011;91
10;5;2011;92
10;5;2011;94
10;5;2011;95
10;5;2011;96
10;5;2011;97
10;5;2011;98
10;5;2011;101
10;5;2011;168
11;5;2011;151
11;5;2011;152
11;5;2011;153
11;5;2011;154
11;5;2011;156
11;5;2011;157
11;5;2011;158
12;5;2011;76
12;5;2011;77
12;5;2011;78
12;5;2011;79
12;5;2011;81
12;5;2011;82
13;5;2011;5
14;5;2011;31
14;5;2011;33
14;5;2011;34
15;5;2011;59
15;5;2011;60
15;5;2011;61
15;5;2011;62
16;5;2011;22
16;5;2011;38
17;5;2011;37
18;5;2011;32
18;5;2011;41
19;5;2011;12
19;5;2011;13
20;5;2011;52
20;5;2011;53
20;5;2011;56
20;5;2011;57
20;5;2011;58
21;5;2011;64
22;5;2011;21
23;5;2011;14
23;5;2011;15
24;5;2011;48
24;5;2011;50
24;5;2011;51
24;5;2011;55
24;5;2011;63
25;5;2011;118
25;5;2011;124
25;5;2011;125
25;5;2011;126
25;5;2011;127
25;5;2011;129
25;5;2011;132
26;5;2011;105
26;5;2011;106
27;5;2011;36
28;5;2011;90
28;5;2011;93
28;5;2011;100
29;5;2011;138
29;5;2011;139
29;5;2011;140
29;5;2011;143
29;5;2011;144
29;5;2011;148
30;5;2011;104
30;5;2011;110
30;5;2011;111
30;5;2011;112
31;5;2011;16
31;5;2011;42
32;5;2011;121
32;5;2011;122
32;5;2011;123
32;5;2011;128
32;5;2011;130
33;5;2011;165
33;5;2011;166
33;5;2011;167
34;5;2011;65
34;5;2011;66
34;5;2011;67
35;5;2011;70
35;5;2011;71
35;5;2011;119
35;5;2011;120
35;5;2011;159
36;5;2011;135
36;5;2011;136
36;5;2011;137
36;5;2011;142
36;5;2011;155
37;5;2011;89
37;5;2011;99
38;5;2011;107
38;5;2011;108
38;5;2011;109
39;5;2011;35
39;5;2011;43
40;5;2011;54
41;5;2011;27
41;5;2011;29
41;5;2011;39
1;6;2011;6
1;6;2011;7
2;6;2011;9
2;6;2011;10
3;6;2011;23
3;6;2011;24
3;6;2011;25
3;6;2011;26
3;6;2011;44
4;6;2011;17
5;6;2011;1
5;6;2011;4
6;6;2011;18
6;6;2011;19
6;6;2011;20
7;6;2011;72
7;6;2011;73
7;6;2011;74
7;6;2011;75
8;6;2011;134
8;6;2011;141
8;6;2011;145
8;6;2011;146
8;6;2011;147
9;6;2011;28
9;6;2011;30
9;6;2011;40
10;6;2011;87
10;6;2011;88
10;6;2011;91
10;6;2011;92
10;6;2011;94
10;6;2011;95
10;6;2011;96
10;6;2011;97
10;6;2011;98
10;6;2011;101
10;6;2011;168
11;6;2011;151
11;6;2011;152
11;6;2011;153
11;6;2011;154
11;6;2011;156
11;6;2011;157
11;6;2011;158
12;6;2011;76
12;6;2011;77
12;6;2011;78
12;6;2011;79
12;6;2011;81
12;6;2011;82
13;6;2011;5
14;6;2011;31
14;6;2011;33
14;6;2011;34
15;6;2011;59
15;6;2011;60
15;6;2011;61
15;6;2011;62
16;6;2011;22
16;6;2011;38
17;6;2011;37
18;6;2011;32
18;6;2011;41
19;6;2011;12
19;6;2011;13
20;6;2011;52
20;6;2011;53
20;6;2011;56
20;6;2011;57
20;6;2011;58
21;6;2011;64
22;6;2011;21
23;6;2011;14
23;6;2011;15
24;6;2011;48
24;6;2011;50
24;6;2011;51
24;6;2011;55
24;6;2011;63
25;6;2011;118
25;6;2011;124
25;6;2011;125
25;6;2011;126
25;6;2011;127
25;6;2011;129
25;6;2011;132
26;6;2011;105
26;6;2011;106
27;6;2011;36
28;6;2011;90
28;6;2011;93
28;6;2011;100
29;6;2011;138
29;6;2011;139
29;6;2011;140
29;6;2011;143
29;6;2011;144
29;6;2011;148
30;6;2011;104
30;6;2011;110
30;6;2011;111
30;6;2011;112
31;6;2011;16
31;6;2011;42
32;6;2011;121
32;6;2011;122
32;6;2011;123
32;6;2011;128
32;6;2011;130
33;6;2011;165
33;6;2011;166
33;6;2011;167
34;6;2011;65
34;6;2011;66
34;6;2011;67
35;6;2011;70
35;6;2011;71
35;6;2011;119
35;6;2011;120
35;6;2011;159
36;6;2011;135
36;6;2011;136
36;6;2011;137
36;6;2011;142
36;6;2011;155
37;6;2011;89
37;6;2011;99
38;6;2011;107
38;6;2011;108
38;6;2011;109
39;6;2011;35
39;6;2011;43
40;6;2011;54
41;6;2011;27
41;6;2011;29
41;6;2011;39
2;7;2011;9
2;7;2011;10
3;7;2011;23
3;7;2011;24
3;7;2011;25
3;7;2011;26
3;7;2011;44
4;7;2011;6
4;7;2011;17
4;7;2011;18
5;7;2011;1
5;7;2011;4
5;7;2011;5
5;7;2011;7
6;7;2011;19
6;7;2011;20
7;7;2011;72
7;7;2011;73
7;7;2011;74
7;7;2011;75
8;7;2011;134
8;7;2011;141
8;7;2011;145
8;7;2011;146
8;7;2011;147
9;7;2011;28
9;7;2011;29
9;7;2011;30
9;7;2011;40
10;7;2011;87
10;7;2011;88
10;7;2011;91
10;7;2011;92
10;7;2011;94
10;7;2011;95
10;7;2011;96
10;7;2011;97
10;7;2011;98
11;7;2011;151
11;7;2011;152
11;7;2011;153
11;7;2011;154
11;7;2011;156
11;7;2011;157
11;7;2011;158
12;7;2011;76
12;7;2011;77
12;7;2011;78
12;7;2011;79
12;7;2011;81
12;7;2011;82
14;7;2011;33
14;7;2011;34
15;7;2011;59
15;7;2011;60
15;7;2011;61
15;7;2011;62
16;7;2011;22
16;7;2011;38
17;7;2011;37
18;7;2011;32
18;7;2011;41
19;7;2011;12
19;7;2011;13
20;7;2011;52
20;7;2011;53
20;7;2011;56
20;7;2011;57
20;7;2011;58
21;7;2011;64
22;7;2011;21
23;7;2011;14
23;7;2011;15
24;7;2011;48
24;7;2011;50
24;7;2011;51
24;7;2011;55
24;7;2011;63
25;7;2011;118
25;7;2011;124
25;7;2011;125
25;7;2011;126
25;7;2011;127
25;7;2011;129
25;7;2011;132
26;7;2011;105
26;7;2011;106
27;7;2011;36
27;7;2011;43
28;7;2011;90
28;7;2011;93
28;7;2011;101
29;7;2011;138
29;7;2011;139
29;7;2011;140
29;7;2011;143
29;7;2011;144
29;7;2011;148
30;7;2011;104
30;7;2011;110
30;7;2011;111
30;7;2011;112
31;7;2011;16
31;7;2011;42
32;7;2011;121
32;7;2011;122
32;7;2011;123
32;7;2011;128
32;7;2011;130
33;7;2011;165
33;7;2011;166
33;7;2011;167
33;7;2011;168
34;7;2011;65
34;7;2011;66
34;7;2011;67
35;7;2011;70
35;7;2011;71
35;7;2011;119
35;7;2011;120
35;7;2011;159
36;7;2011;135
36;7;2011;136
36;7;2011;137
36;7;2011;142
36;7;2011;155
37;7;2011;89
37;7;2011;99
37;7;2011;100
38;7;2011;107
38;7;2011;108
38;7;2011;109
39;7;2011;54
40;7;2011;35
41;7;2011;27
41;7;2011;31
41;7;2011;39
2;8;2011;9
2;8;2011;10
3;8;2011;23
3;8;2011;24
3;8;2011;25
3;8;2011;26
3;8;2011;44
4;8;2011;6
4;8;2011;17
4;8;2011;18
5;8;2011;1
5;8;2011;4
5;8;2011;5
5;8;2011;7
6;8;2011;19
6;8;2011;20
7;8;2011;72
7;8;2011;73
7;8;2011;74
7;8;2011;75
8;8;2011;134
8;8;2011;141
8;8;2011;145
8;8;2011;146
8;8;2011;147
9;8;2011;28
9;8;2011;29
9;8;2011;30
9;8;2011;40
10;8;2011;87
10;8;2011;88
10;8;2011;91
10;8;2011;92
10;8;2011;94
10;8;2011;95
10;8;2011;96
10;8;2011;97
10;8;2011;98
11;8;2011;151
11;8;2011;152
11;8;2011;153
11;8;2011;154
11;8;2011;156
11;8;2011;157
11;8;2011;158
12;8;2011;76
12;8;2011;77
12;8;2011;78
12;8;2011;79
12;8;2011;81
12;8;2011;82
14;8;2011;33
14;8;2011;34
15;8;2011;59
15;8;2011;60
15;8;2011;61
15;8;2011;62
16;8;2011;22
16;8;2011;38
17;8;2011;37
18;8;2011;32
18;8;2011;41
19;8;2011;12
19;8;2011;13
20;8;2011;52
20;8;2011;53
20;8;2011;56
20;8;2011;57
20;8;2011;58
21;8;2011;64
22;8;2011;21
23;8;2011;14
23;8;2011;15
24;8;2011;48
24;8;2011;50
24;8;2011;51
24;8;2011;55
24;8;2011;63
25;8;2011;118
25;8;2011;124
25;8;2011;125
25;8;2011;126
25;8;2011;127
25;8;2011;129
25;8;2011;132
26;8;2011;105
26;8;2011;106
27;8;2011;36
27;8;2011;43
28;8;2011;90
28;8;2011;93
28;8;2011;101
29;8;2011;138
29;8;2011;139
29;8;2011;140
29;8;2011;143
29;8;2011;144
29;8;2011;148
30;8;2011;104
30;8;2011;110
30;8;2011;111
30;8;2011;112
31;8;2011;16
31;8;2011;42
32;8;2011;121
32;8;2011;122
32;8;2011;123
32;8;2011;128
32;8;2011;130
33;8;2011;165
33;8;2011;166
33;8;2011;167
33;8;2011;168
34;8;2011;65
34;8;2011;66
34;8;2011;67
35;8;2011;70
35;8;2011;71
35;8;2011;119
35;8;2011;120
35;8;2011;159
36;8;2011;135
36;8;2011;136
36;8;2011;137
36;8;2011;142
36;8;2011;155
37;8;2011;89
37;8;2011;99
37;8;2011;100
38;8;2011;107
38;8;2011;108
38;8;2011;109
39;8;2011;54
40;8;2011;35
41;8;2011;27
41;8;2011;31
41;8;2011;39
2;9;2011;9
2;9;2011;10
3;9;2011;23
3;9;2011;24
3;9;2011;25
3;9;2011;26
3;9;2011;44
4;9;2011;6
4;9;2011;17
4;9;2011;18
5;9;2011;1
5;9;2011;4
5;9;2011;5
5;9;2011;7
6;9;2011;19
6;9;2011;20
7;9;2011;72
7;9;2011;73
7;9;2011;74
7;9;2011;75
8;9;2011;134
8;9;2011;141
8;9;2011;145
8;9;2011;146
8;9;2011;147
9;9;2011;28
9;9;2011;29
9;9;2011;30
9;9;2011;40
10;9;2011;87
10;9;2011;88
10;9;2011;91
10;9;2011;92
10;9;2011;94
10;9;2011;95
10;9;2011;96
10;9;2011;97
10;9;2011;98
11;9;2011;151
11;9;2011;152
11;9;2011;153
11;9;2011;154
11;9;2011;156
11;9;2011;157
11;9;2011;158
12;9;2011;76
12;9;2011;77
12;9;2011;78
12;9;2011;79
12;9;2011;81
12;9;2011;82
14;9;2011;33
14;9;2011;34
15;9;2011;59
15;9;2011;60
15;9;2011;61
15;9;2011;62
16;9;2011;22
16;9;2011;38
17;9;2011;37
18;9;2011;32
18;9;2011;41
19;9;2011;12
19;9;2011;13
20;9;2011;52
20;9;2011;53
20;9;2011;56
20;9;2011;57
20;9;2011;58
21;9;2011;64
22;9;2011;21
23;9;2011;14
23;9;2011;15
24;9;2011;48
24;9;2011;50
24;9;2011;51
24;9;2011;55
24;9;2011;63
25;9;2011;118
25;9;2011;124
25;9;2011;125
25;9;2011;126
25;9;2011;127
25;9;2011;129
25;9;2011;132
26;9;2011;105
26;9;2011;106
27;9;2011;36
27;9;2011;43
28;9;2011;90
28;9;2011;93
28;9;2011;101
29;9;2011;138
29;9;2011;139
29;9;2011;140
29;9;2011;143
29;9;2011;144
29;9;2011;148
30;9;2011;104
30;9;2011;110
30;9;2011;111
30;9;2011;112
31;9;2011;16
31;9;2011;42
32;9;2011;121
32;9;2011;122
32;9;2011;123
32;9;2011;128
32;9;2011;130
33;9;2011;165
33;9;2011;166
33;9;2011;167
33;9;2011;168
34;9;2011;65
34;9;2011;66
34;9;2011;67
35;9;2011;70
35;9;2011;71
35;9;2011;119
35;9;2011;120
35;9;2011;159
36;9;2011;135
36;9;2011;136
36;9;2011;137
36;9;2011;142
36;9;2011;155
37;9;2011;89
37;9;2011;99
37;9;2011;100
38;9;2011;107
38;9;2011;108
38;9;2011;109
39;9;2011;54
40;9;2011;35
41;9;2011;27
41;9;2011;31
41;9;2011;39
2;10;2011;9
2;10;2011;10
3;10;2011;23
3;10;2011;24
3;10;2011;25
3;10;2011;26
3;10;2011;44
4;10;2011;6
4;10;2011;17
4;10;2011;18
5;10;2011;1
5;10;2011;4
5;10;2011;5
5;10;2011;7
6;10;2011;19
6;10;2011;20
7;10;2011;72
7;10;2011;73
7;10;2011;74
7;10;2011;75
8;10;2011;134
8;10;2011;141
8;10;2011;145
8;10;2011;146
8;10;2011;147
9;10;2011;28
9;10;2011;29
9;10;2011;30
9;10;2011;40
10;10;2011;87
10;10;2011;88
10;10;2011;91
10;10;2011;92
10;10;2011;94
10;10;2011;95
10;10;2011;96
10;10;2011;97
10;10;2011;98
11;10;2011;151
11;10;2011;152
11;10;2011;153
11;10;2011;154
11;10;2011;156
11;10;2011;157
11;10;2011;158
12;10;2011;76
12;10;2011;77
12;10;2011;78
12;10;2011;79
12;10;2011;81
12;10;2011;82
14;10;2011;33
14;10;2011;34
15;10;2011;59
15;10;2011;60
15;10;2011;61
15;10;2011;62
16;10;2011;22
16;10;2011;38
17;10;2011;37
18;10;2011;32
18;10;2011;41
19;10;2011;12
19;10;2011;13
20;10;2011;52
20;10;2011;53
20;10;2011;56
20;10;2011;57
20;10;2011;58
21;10;2011;64
22;10;2011;21
23;10;2011;14
23;10;2011;15
24;10;2011;48
24;10;2011;50
24;10;2011;51
24;10;2011;55
24;10;2011;63
25;10;2011;118
25;10;2011;124
25;10;2011;125
25;10;2011;126
25;10;2011;127
25;10;2011;129
25;10;2011;132
26;10;2011;105
26;10;2011;106
27;10;2011;36
27;10;2011;43
28;10;2011;90
28;10;2011;93
28;10;2011;101
29;10;2011;138
29;10;2011;139
29;10;2011;140
29;10;2011;143
29;10;2011;144
29;10;2011;148
30;10;2011;104
30;10;2011;110
30;10;2011;111
30;10;2011;112
31;10;2011;16
31;10;2011;42
32;10;2011;121
32;10;2011;122
32;10;2011;123
32;10;2011;128
32;10;2011;130
33;10;2011;165
33;10;2011;166
33;10;2011;167
33;10;2011;168
34;10;2011;65
34;10;2011;66
34;10;2011;67
35;10;2011;70
35;10;2011;71
35;10;2011;119
35;10;2011;120
35;10;2011;159
36;10;2011;135
36;10;2011;136
36;10;2011;137
36;10;2011;142
36;10;2011;155
37;10;2011;89
37;10;2011;99
37;10;2011;100
38;10;2011;107
38;10;2011;108
38;10;2011;109
39;10;2011;54
40;10;2011;35
41;10;2011;27
41;10;2011;31
41;10;2011;39
2;11;2011;9
2;11;2011;10
3;11;2011;23
3;11;2011;24
3;11;2011;25
3;11;2011;26
3;11;2011;44
4;11;2011;6
4;11;2011;17
4;11;2011;18
5;11;2011;1
5;11;2011;4
5;11;2011;5
5;11;2011;7
6;11;2011;19
6;11;2011;20
7;11;2011;72
7;11;2011;73
7;11;2011;74
7;11;2011;75
8;11;2011;134
8;11;2011;141
8;11;2011;145
8;11;2011;146
8;11;2011;147
9;11;2011;28
9;11;2011;29
9;11;2011;30
9;11;2011;40
10;11;2011;87
10;11;2011;88
10;11;2011;91
10;11;2011;92
10;11;2011;94
10;11;2011;95
10;11;2011;96
10;11;2011;97
10;11;2011;98
11;11;2011;151
11;11;2011;152
11;11;2011;153
11;11;2011;154
11;11;2011;156
11;11;2011;157
11;11;2011;158
12;11;2011;76
12;11;2011;77
12;11;2011;78
12;11;2011;79
12;11;2011;81
12;11;2011;82
14;11;2011;33
14;11;2011;34
15;11;2011;59
15;11;2011;60
15;11;2011;61
15;11;2011;62
16;11;2011;22
16;11;2011;38
17;11;2011;37
18;11;2011;32
18;11;2011;41
19;11;2011;12
19;11;2011;13
20;11;2011;52
20;11;2011;53
20;11;2011;56
20;11;2011;57
20;11;2011;58
21;11;2011;64
22;11;2011;21
23;11;2011;14
23;11;2011;15
24;11;2011;48
24;11;2011;50
24;11;2011;51
24;11;2011;55
24;11;2011;63
25;11;2011;118
25;11;2011;124
25;11;2011;125
25;11;2011;126
25;11;2011;127
25;11;2011;129
25;11;2011;132
26;11;2011;105
26;11;2011;106
27;11;2011;36
27;11;2011;43
28;11;2011;90
28;11;2011;93
28;11;2011;101
29;11;2011;138
29;11;2011;139
29;11;2011;140
29;11;2011;143
29;11;2011;144
29;11;2011;148
30;11;2011;104
30;11;2011;110
30;11;2011;111
30;11;2011;112
31;11;2011;16
31;11;2011;42
32;11;2011;121
32;11;2011;122
32;11;2011;123
32;11;2011;128
32;11;2011;130
33;11;2011;165
33;11;2011;166
33;11;2011;167
33;11;2011;168
34;11;2011;65
34;11;2011;66
34;11;2011;67
35;11;2011;70
35;11;2011;71
35;11;2011;119
35;11;2011;120
35;11;2011;159
36;11;2011;135
36;11;2011;136
36;11;2011;137
36;11;2011;142
36;11;2011;155
37;11;2011;89
37;11;2011;99
37;11;2011;100
38;11;2011;107
38;11;2011;108
38;11;2011;109
39;11;2011;54
40;11;2011;35
41;11;2011;27
41;11;2011;31
41;11;2011;39
2;12;2011;9
2;12;2011;10
3;12;2011;23
3;12;2011;24
3;12;2011;25
3;12;2011;26
3;12;2011;44
4;12;2011;6
4;12;2011;17
4;12;2011;18
5;12;2011;1
5;12;2011;4
5;12;2011;5
5;12;2011;7
6;12;2011;19
6;12;2011;20
7;12;2011;72
7;12;2011;73
7;12;2011;74
7;12;2011;75
8;12;2011;134
8;12;2011;141
8;12;2011;145
8;12;2011;146
8;12;2011;147
9;12;2011;28
9;12;2011;29
9;12;2011;30
9;12;2011;40
10;12;2011;87
10;12;2011;88
10;12;2011;91
10;12;2011;92
10;12;2011;94
10;12;2011;95
10;12;2011;96
10;12;2011;97
10;12;2011;98
11;12;2011;151
11;12;2011;152
11;12;2011;153
11;12;2011;154
11;12;2011;156
11;12;2011;157
11;12;2011;158
12;12;2011;76
12;12;2011;77
12;12;2011;78
12;12;2011;79
12;12;2011;81
12;12;2011;82
14;12;2011;33
14;12;2011;34
15;12;2011;59
15;12;2011;60
15;12;2011;61
15;12;2011;62
16;12;2011;22
16;12;2011;38
17;12;2011;37
18;12;2011;32
18;12;2011;41
19;12;2011;12
19;12;2011;13
20;12;2011;52
20;12;2011;53
20;12;2011;56
20;12;2011;57
20;12;2011;58
21;12;2011;64
22;12;2011;21
23;12;2011;14
23;12;2011;15
24;12;2011;48
24;12;2011;50
24;12;2011;51
24;12;2011;55
24;12;2011;63
25;12;2011;118
25;12;2011;124
25;12;2011;125
25;12;2011;126
25;12;2011;127
25;12;2011;129
25;12;2011;132
26;12;2011;105
26;12;2011;106
27;12;2011;36
27;12;2011;43
28;12;2011;90
28;12;2011;93
28;12;2011;101
29;12;2011;138
29;12;2011;139
29;12;2011;140
29;12;2011;143
29;12;2011;144
29;12;2011;148
30;12;2011;104
30;12;2011;110
30;12;2011;111
30;12;2011;112
31;12;2011;16
31;12;2011;42
32;12;2011;121
32;12;2011;122
32;12;2011;123
32;12;2011;128
32;12;2011;130
33;12;2011;165
33;12;2011;166
33;12;2011;167
33;12;2011;168
34;12;2011;65
34;12;2011;66
34;12;2011;67
35;12;2011;70
35;12;2011;71
35;12;2011;119
35;12;2011;120
35;12;2011;159
36;12;2011;135
36;12;2011;136
36;12;2011;137
36;12;2011;142
36;12;2011;155
37;12;2011;89
37;12;2011;99
37;12;2011;100
38;12;2011;107
38;12;2011;108
38;12;2011;109
39;12;2011;54
40;12;2011;35
41;12;2011;27
41;12;2011;31
41;12;2011;39
2;1;2012;9
2;1;2012;10
3;1;2012;23
3;1;2012;24
3;1;2012;25
3;1;2012;26
3;1;2012;44
4;1;2012;6
4;1;2012;17
4;1;2012;18
5;1;2012;1
5;1;2012;4
5;1;2012;5
5;1;2012;7
6;1;2012;19
6;1;2012;20
7;1;2012;72
7;1;2012;73
7;1;2012;74
7;1;2012;75
8;1;2012;134
8;1;2012;141
8;1;2012;145
8;1;2012;146
8;1;2012;147
9;1;2012;28
9;1;2012;29
9;1;2012;30
9;1;2012;40
10;1;2012;87
10;1;2012;88
10;1;2012;91
10;1;2012;92
10;1;2012;94
10;1;2012;95
10;1;2012;96
10;1;2012;97
10;1;2012;98
11;1;2012;151
11;1;2012;152
11;1;2012;153
11;1;2012;154
11;1;2012;156
11;1;2012;157
11;1;2012;158
12;1;2012;76
12;1;2012;77
12;1;2012;78
12;1;2012;79
12;1;2012;81
12;1;2012;82
14;1;2012;33
14;1;2012;34
15;1;2012;59
15;1;2012;60
15;1;2012;61
15;1;2012;62
16;1;2012;22
16;1;2012;38
17;1;2012;37
18;1;2012;32
18;1;2012;41
19;1;2012;12
19;1;2012;13
20;1;2012;52
20;1;2012;53
20;1;2012;56
20;1;2012;57
20;1;2012;58
21;1;2012;64
22;1;2012;21
23;1;2012;14
23;1;2012;15
24;1;2012;48
24;1;2012;50
24;1;2012;51
24;1;2012;55
24;1;2012;63
25;1;2012;118
25;1;2012;124
25;1;2012;125
25;1;2012;126
25;1;2012;127
25;1;2012;129
25;1;2012;132
26;1;2012;105
26;1;2012;106
27;1;2012;36
27;1;2012;43
28;1;2012;90
28;1;2012;93
28;1;2012;101
29;1;2012;138
29;1;2012;139
29;1;2012;140
29;1;2012;143
29;1;2012;144
29;1;2012;148
30;1;2012;104
30;1;2012;110
30;1;2012;111
30;1;2012;112
31;1;2012;16
31;1;2012;42
32;1;2012;121
32;1;2012;122
32;1;2012;123
32;1;2012;128
32;1;2012;130
33;1;2012;165
33;1;2012;166
33;1;2012;167
33;1;2012;168
34;1;2012;65
34;1;2012;66
34;1;2012;67
35;1;2012;70
35;1;2012;71
35;1;2012;119
35;1;2012;120
35;1;2012;159
36;1;2012;135
36;1;2012;136
36;1;2012;137
36;1;2012;142
36;1;2012;155
37;1;2012;89
37;1;2012;99
37;1;2012;100
38;1;2012;107
38;1;2012;108
38;1;2012;109
39;1;2012;54
40;1;2012;35
41;1;2012;27
41;1;2012;31
41;1;2012;39
2;2;2012;9
2;2;2012;10
3;2;2012;23
3;2;2012;24
3;2;2012;25
3;2;2012;26
3;2;2012;44
4;2;2012;6
4;2;2012;17
4;2;2012;18
5;2;2012;1
5;2;2012;4
5;2;2012;5
5;2;2012;7
6;2;2012;19
6;2;2012;20
7;2;2012;72
7;2;2012;73
7;2;2012;74
7;2;2012;75
8;2;2012;134
8;2;2012;141
8;2;2012;145
8;2;2012;146
8;2;2012;147
9;2;2012;28
9;2;2012;29
9;2;2012;30
9;2;2012;40
10;2;2012;87
10;2;2012;88
10;2;2012;91
10;2;2012;92
10;2;2012;94
10;2;2012;95
10;2;2012;96
10;2;2012;97
10;2;2012;98
11;2;2012;151
11;2;2012;152
11;2;2012;153
11;2;2012;154
11;2;2012;156
11;2;2012;157
11;2;2012;158
12;2;2012;76
12;2;2012;77
12;2;2012;78
12;2;2012;79
12;2;2012;81
12;2;2012;82
14;2;2012;33
14;2;2012;34
15;2;2012;59
15;2;2012;60
15;2;2012;61
15;2;2012;62
16;2;2012;22
16;2;2012;38
17;2;2012;37
18;2;2012;32
18;2;2012;41
19;2;2012;12
19;2;2012;13
20;2;2012;52
20;2;2012;53
20;2;2012;56
20;2;2012;57
20;2;2012;58
21;2;2012;64
22;2;2012;21
23;2;2012;14
23;2;2012;15
24;2;2012;48
24;2;2012;50
24;2;2012;51
24;2;2012;55
24;2;2012;63
25;2;2012;118
25;2;2012;124
25;2;2012;125
25;2;2012;126
25;2;2012;127
25;2;2012;129
25;2;2012;132
26;2;2012;105
26;2;2012;106
27;2;2012;36
27;2;2012;43
28;2;2012;90
28;2;2012;93
28;2;2012;101
29;2;2012;138
29;2;2012;139
29;2;2012;140
29;2;2012;143
29;2;2012;144
29;2;2012;148
30;2;2012;104
30;2;2012;110
30;2;2012;111
30;2;2012;112
31;2;2012;16
31;2;2012;42
32;2;2012;121
32;2;2012;122
32;2;2012;123
32;2;2012;128
32;2;2012;130
33;2;2012;165
33;2;2012;166
33;2;2012;167
33;2;2012;168
34;2;2012;65
34;2;2012;66
34;2;2012;67
35;2;2012;70
35;2;2012;71
35;2;2012;119
35;2;2012;120
35;2;2012;159
36;2;2012;135
36;2;2012;136
36;2;2012;137
36;2;2012;142
36;2;2012;155
37;2;2012;89
37;2;2012;99
37;2;2012;100
38;2;2012;107
38;2;2012;108
38;2;2012;109
39;2;2012;54
40;2;2012;35
41;2;2012;27
41;2;2012;31
41;2;2012;39
2;3;2012;9
2;3;2012;10
3;3;2012;23
3;3;2012;24
3;3;2012;25
3;3;2012;26
3;3;2012;44
4;3;2012;6
4;3;2012;17
4;3;2012;18
5;3;2012;1
5;3;2012;4
5;3;2012;5
5;3;2012;7
6;3;2012;19
6;3;2012;20
7;3;2012;72
7;3;2012;73
7;3;2012;74
7;3;2012;75
8;3;2012;134
8;3;2012;141
8;3;2012;145
8;3;2012;146
8;3;2012;147
9;3;2012;28
9;3;2012;29
9;3;2012;30
9;3;2012;40
10;3;2012;87
10;3;2012;88
10;3;2012;91
10;3;2012;92
10;3;2012;94
10;3;2012;95
10;3;2012;96
10;3;2012;97
10;3;2012;98
11;3;2012;151
11;3;2012;152
11;3;2012;153
11;3;2012;154
11;3;2012;156
11;3;2012;157
11;3;2012;158
12;3;2012;76
12;3;2012;77
12;3;2012;78
12;3;2012;79
12;3;2012;81
12;3;2012;82
14;3;2012;33
14;3;2012;34
15;3;2012;59
15;3;2012;60
15;3;2012;61
15;3;2012;62
16;3;2012;22
16;3;2012;38
17;3;2012;37
18;3;2012;32
18;3;2012;41
19;3;2012;12
19;3;2012;13
20;3;2012;52
20;3;2012;53
20;3;2012;56
20;3;2012;57
20;3;2012;58
21;3;2012;64
22;3;2012;21
23;3;2012;14
23;3;2012;15
24;3;2012;48
24;3;2012;50
24;3;2012;51
24;3;2012;55
24;3;2012;63
25;3;2012;118
25;3;2012;124
25;3;2012;125
25;3;2012;126
25;3;2012;127
25;3;2012;129
25;3;2012;132
26;3;2012;105
26;3;2012;106
27;3;2012;36
27;3;2012;43
28;3;2012;90
28;3;2012;93
28;3;2012;101
29;3;2012;138
29;3;2012;139
29;3;2012;140
29;3;2012;143
29;3;2012;144
29;3;2012;148
30;3;2012;104
30;3;2012;110
30;3;2012;111
30;3;2012;112
31;3;2012;16
31;3;2012;42
32;3;2012;121
32;3;2012;122
32;3;2012;123
32;3;2012;128
32;3;2012;130
33;3;2012;165
33;3;2012;166
33;3;2012;167
33;3;2012;168
34;3;2012;65
34;3;2012;66
34;3;2012;67
35;3;2012;70
35;3;2012;71
35;3;2012;119
35;3;2012;120
35;3;2012;159
36;3;2012;135
36;3;2012;136
36;3;2012;137
36;3;2012;142
36;3;2012;155
37;3;2012;89
37;3;2012;99
37;3;2012;100
38;3;2012;107
38;3;2012;108
38;3;2012;109
39;3;2012;54
40;3;2012;35
41;3;2012;27
41;3;2012;31
41;3;2012;39
2;4;2012;9
2;4;2012;10
3;4;2012;23
3;4;2012;24
3;4;2012;25
3;4;2012;26
3;4;2012;44
4;4;2012;6
4;4;2012;17
4;4;2012;18
5;4;2012;1
5;4;2012;4
5;4;2012;5
5;4;2012;7
6;4;2012;19
6;4;2012;20
7;4;2012;72
7;4;2012;73
7;4;2012;74
7;4;2012;75
8;4;2012;134
8;4;2012;141
8;4;2012;145
8;4;2012;146
8;4;2012;147
9;4;2012;28
9;4;2012;29
9;4;2012;30
9;4;2012;40
10;4;2012;87
10;4;2012;88
10;4;2012;91
10;4;2012;92
10;4;2012;94
10;4;2012;95
10;4;2012;96
10;4;2012;97
10;4;2012;98
11;4;2012;151
11;4;2012;152
11;4;2012;153
11;4;2012;154
11;4;2012;156
11;4;2012;157
11;4;2012;158
12;4;2012;76
12;4;2012;77
12;4;2012;78
12;4;2012;79
12;4;2012;81
12;4;2012;82
14;4;2012;33
14;4;2012;34
15;4;2012;59
15;4;2012;60
15;4;2012;61
15;4;2012;62
16;4;2012;22
16;4;2012;38
17;4;2012;37
18;4;2012;32
18;4;2012;41
19;4;2012;12
19;4;2012;13
20;4;2012;52
20;4;2012;53
20;4;2012;56
20;4;2012;57
20;4;2012;58
21;4;2012;64
22;4;2012;21
23;4;2012;14
23;4;2012;15
24;4;2012;48
24;4;2012;50
24;4;2012;51
24;4;2012;55
24;4;2012;63
25;4;2012;118
25;4;2012;124
25;4;2012;125
25;4;2012;126
25;4;2012;127
25;4;2012;129
25;4;2012;132
26;4;2012;105
26;4;2012;106
27;4;2012;36
27;4;2012;43
28;4;2012;90
28;4;2012;93
28;4;2012;101
29;4;2012;138
29;4;2012;139
29;4;2012;140
29;4;2012;143
29;4;2012;144
29;4;2012;148
30;4;2012;104
30;4;2012;110
30;4;2012;111
30;4;2012;112
31;4;2012;16
31;4;2012;42
32;4;2012;121
32;4;2012;122
32;4;2012;123
32;4;2012;128
32;4;2012;130
33;4;2012;165
33;4;2012;166
33;4;2012;167
33;4;2012;168
34;4;2012;65
34;4;2012;66
34;4;2012;67
35;4;2012;70
35;4;2012;71
35;4;2012;119
35;4;2012;120
35;4;2012;159
36;4;2012;135
36;4;2012;136
36;4;2012;137
36;4;2012;142
36;4;2012;155
37;4;2012;89
37;4;2012;99
37;4;2012;100
38;4;2012;107
38;4;2012;108
38;4;2012;109
39;4;2012;54
40;4;2012;35
41;4;2012;27
41;4;2012;31
41;4;2012;39
2;5;2012;9
2;5;2012;10
3;5;2012;23
3;5;2012;24
3;5;2012;25
3;5;2012;26
3;5;2012;44
4;5;2012;6
4;5;2012;17
4;5;2012;18
5;5;2012;1
5;5;2012;4
5;5;2012;5
5;5;2012;7
6;5;2012;19
6;5;2012;20
7;5;2012;72
7;5;2012;73
7;5;2012;74
7;5;2012;75
8;5;2012;134
8;5;2012;141
8;5;2012;145
8;5;2012;146
8;5;2012;147
9;5;2012;28
9;5;2012;29
9;5;2012;30
9;5;2012;40
10;5;2012;87
10;5;2012;88
10;5;2012;91
10;5;2012;92
10;5;2012;94
10;5;2012;95
10;5;2012;96
10;5;2012;97
10;5;2012;98
11;5;2012;151
11;5;2012;152
11;5;2012;153
11;5;2012;154
11;5;2012;156
11;5;2012;157
11;5;2012;158
12;5;2012;76
12;5;2012;77
12;5;2012;78
12;5;2012;79
12;5;2012;81
12;5;2012;82
14;5;2012;33
14;5;2012;34
15;5;2012;59
15;5;2012;60
15;5;2012;61
15;5;2012;62
16;5;2012;22
16;5;2012;38
17;5;2012;37
18;5;2012;32
18;5;2012;41
19;5;2012;12
19;5;2012;13
20;5;2012;52
20;5;2012;53
20;5;2012;56
20;5;2012;57
20;5;2012;58
21;5;2012;64
22;5;2012;21
23;5;2012;14
23;5;2012;15
24;5;2012;48
24;5;2012;50
24;5;2012;51
24;5;2012;55
24;5;2012;63
25;5;2012;118
25;5;2012;124
25;5;2012;125
25;5;2012;126
25;5;2012;127
25;5;2012;129
25;5;2012;132
26;5;2012;105
26;5;2012;106
27;5;2012;36
27;5;2012;43
28;5;2012;90
28;5;2012;93
28;5;2012;101
29;5;2012;138
29;5;2012;139
29;5;2012;140
29;5;2012;143
29;5;2012;144
29;5;2012;148
30;5;2012;104
30;5;2012;110
30;5;2012;111
30;5;2012;112
31;5;2012;16
31;5;2012;42
32;5;2012;121
32;5;2012;122
32;5;2012;123
32;5;2012;128
32;5;2012;130
33;5;2012;165
33;5;2012;166
33;5;2012;167
33;5;2012;168
34;5;2012;65
34;5;2012;66
34;5;2012;67
35;5;2012;70
35;5;2012;71
35;5;2012;119
35;5;2012;120
35;5;2012;159
36;5;2012;135
36;5;2012;136
36;5;2012;137
36;5;2012;142
36;5;2012;155
37;5;2012;89
37;5;2012;99
37;5;2012;100
38;5;2012;107
38;5;2012;108
38;5;2012;109
39;5;2012;54
40;5;2012;35
41;5;2012;27
41;5;2012;31
41;5;2012;39
2;6;2012;9
2;6;2012;10
3;6;2012;23
3;6;2012;24
3;6;2012;25
3;6;2012;26
3;6;2012;44
4;6;2012;6
4;6;2012;17
4;6;2012;18
5;6;2012;1
5;6;2012;4
5;6;2012;5
5;6;2012;7
6;6;2012;19
6;6;2012;20
7;6;2012;72
7;6;2012;73
7;6;2012;74
7;6;2012;75
8;6;2012;134
8;6;2012;141
8;6;2012;145
8;6;2012;146
8;6;2012;147
9;6;2012;28
9;6;2012;29
9;6;2012;30
9;6;2012;40
10;6;2012;87
10;6;2012;88
10;6;2012;91
10;6;2012;92
10;6;2012;94
10;6;2012;95
10;6;2012;96
10;6;2012;97
10;6;2012;98
11;6;2012;151
11;6;2012;152
11;6;2012;153
11;6;2012;154
11;6;2012;156
11;6;2012;157
11;6;2012;158
12;6;2012;76
12;6;2012;77
12;6;2012;78
12;6;2012;79
12;6;2012;81
12;6;2012;82
14;6;2012;33
14;6;2012;34
15;6;2012;59
15;6;2012;60
15;6;2012;61
15;6;2012;62
16;6;2012;22
16;6;2012;38
17;6;2012;37
18;6;2012;32
18;6;2012;41
19;6;2012;12
19;6;2012;13
20;6;2012;52
20;6;2012;53
20;6;2012;56
20;6;2012;57
20;6;2012;58
21;6;2012;64
22;6;2012;21
23;6;2012;14
23;6;2012;15
24;6;2012;48
24;6;2012;50
24;6;2012;51
24;6;2012;55
24;6;2012;63
25;6;2012;118
25;6;2012;124
25;6;2012;125
25;6;2012;126
25;6;2012;127
25;6;2012;129
25;6;2012;132
26;6;2012;105
26;6;2012;106
27;6;2012;36
27;6;2012;43
28;6;2012;90
28;6;2012;93
28;6;2012;101
29;6;2012;138
29;6;2012;139
29;6;2012;140
29;6;2012;143
29;6;2012;144
29;6;2012;148
30;6;2012;104
30;6;2012;110
30;6;2012;111
30;6;2012;112
31;6;2012;16
31;6;2012;42
32;6;2012;121
32;6;2012;122
32;6;2012;123
32;6;2012;128
32;6;2012;130
33;6;2012;165
33;6;2012;166
33;6;2012;167
33;6;2012;168
34;6;2012;65
34;6;2012;66
34;6;2012;67
35;6;2012;70
35;6;2012;71
35;6;2012;119
35;6;2012;120
35;6;2012;159
36;6;2012;135
36;6;2012;136
36;6;2012;137
36;6;2012;142
36;6;2012;155
37;6;2012;89
37;6;2012;99
37;6;2012;100
38;6;2012;107
38;6;2012;108
38;6;2012;109
39;6;2012;54
40;6;2012;35
41;6;2012;27
41;6;2012;31
41;6;2012;39
2;7;2012;9
2;7;2012;10
3;7;2012;23
3;7;2012;24
3;7;2012;25
3;7;2012;26
3;7;2012;44
4;7;2012;6
4;7;2012;17
4;7;2012;18
5;7;2012;1
5;7;2012;4
5;7;2012;5
5;7;2012;7
6;7;2012;19
6;7;2012;20
7;7;2012;72
7;7;2012;73
7;7;2012;74
7;7;2012;75
8;7;2012;134
8;7;2012;141
8;7;2012;145
8;7;2012;146
8;7;2012;147
9;7;2012;28
9;7;2012;29
9;7;2012;30
9;7;2012;40
10;7;2012;87
10;7;2012;88
10;7;2012;91
10;7;2012;92
10;7;2012;94
10;7;2012;95
10;7;2012;96
10;7;2012;97
10;7;2012;98
11;7;2012;151
11;7;2012;152
11;7;2012;153
11;7;2012;154
11;7;2012;156
11;7;2012;157
11;7;2012;158
12;7;2012;76
12;7;2012;77
12;7;2012;78
12;7;2012;79
12;7;2012;81
12;7;2012;82
14;7;2012;33
14;7;2012;34
15;7;2012;59
15;7;2012;60
15;7;2012;61
15;7;2012;62
16;7;2012;22
16;7;2012;38
17;7;2012;37
18;7;2012;32
18;7;2012;41
19;7;2012;12
19;7;2012;13
20;7;2012;52
20;7;2012;53
20;7;2012;56
20;7;2012;57
20;7;2012;58
21;7;2012;64
22;7;2012;21
23;7;2012;14
23;7;2012;15
24;7;2012;48
24;7;2012;50
24;7;2012;51
24;7;2012;55
24;7;2012;63
25;7;2012;118
25;7;2012;124
25;7;2012;125
25;7;2012;126
25;7;2012;127
25;7;2012;129
25;7;2012;132
26;7;2012;105
26;7;2012;106
27;7;2012;36
27;7;2012;43
28;7;2012;90
28;7;2012;93
28;7;2012;101
29;7;2012;138
29;7;2012;139
29;7;2012;140
29;7;2012;143
29;7;2012;144
29;7;2012;148
30;7;2012;104
30;7;2012;110
30;7;2012;111
30;7;2012;112
31;7;2012;16
31;7;2012;42
32;7;2012;121
32;7;2012;122
32;7;2012;123
32;7;2012;128
32;7;2012;130
33;7;2012;165
33;7;2012;166
33;7;2012;167
33;7;2012;168
34;7;2012;65
34;7;2012;66
34;7;2012;67
35;7;2012;70
35;7;2012;71
35;7;2012;119
35;7;2012;120
35;7;2012;159
36;7;2012;135
36;7;2012;136
36;7;2012;137
36;7;2012;142
36;7;2012;155
37;7;2012;89
37;7;2012;99
37;7;2012;100
38;7;2012;107
38;7;2012;108
38;7;2012;109
39;7;2012;54
40;7;2012;35
41;7;2012;27
41;7;2012;31
41;7;2012;39
2;8;2012;9
2;8;2012;10
3;8;2012;23
3;8;2012;24
3;8;2012;25
3;8;2012;26
3;8;2012;44
4;8;2012;6
4;8;2012;17
4;8;2012;18
5;8;2012;1
5;8;2012;4
5;8;2012;5
5;8;2012;7
6;8;2012;19
6;8;2012;20
7;8;2012;72
7;8;2012;73
7;8;2012;74
7;8;2012;75
8;8;2012;134
8;8;2012;141
8;8;2012;145
8;8;2012;146
8;8;2012;147
9;8;2012;28
9;8;2012;29
9;8;2012;30
9;8;2012;40
10;8;2012;87
10;8;2012;88
10;8;2012;91
10;8;2012;92
10;8;2012;94
10;8;2012;95
10;8;2012;96
10;8;2012;97
10;8;2012;98
11;8;2012;151
11;8;2012;152
11;8;2012;153
11;8;2012;154
11;8;2012;156
11;8;2012;157
11;8;2012;158
12;8;2012;76
12;8;2012;77
12;8;2012;78
12;8;2012;79
12;8;2012;81
12;8;2012;82
14;8;2012;33
14;8;2012;34
15;8;2012;59
15;8;2012;60
15;8;2012;61
15;8;2012;62
16;8;2012;22
16;8;2012;38
17;8;2012;37
18;8;2012;32
18;8;2012;41
19;8;2012;12
19;8;2012;13
20;8;2012;52
20;8;2012;53
20;8;2012;56
20;8;2012;57
20;8;2012;58
21;8;2012;64
22;8;2012;21
23;8;2012;14
23;8;2012;15
24;8;2012;48
24;8;2012;50
24;8;2012;51
24;8;2012;55
24;8;2012;63
25;8;2012;118
25;8;2012;124
25;8;2012;125
25;8;2012;126
25;8;2012;127
25;8;2012;129
25;8;2012;132
26;8;2012;105
26;8;2012;106
27;8;2012;36
27;8;2012;43
28;8;2012;90
28;8;2012;93
28;8;2012;101
29;8;2012;138
29;8;2012;139
29;8;2012;140
29;8;2012;143
29;8;2012;144
29;8;2012;148
30;8;2012;104
30;8;2012;110
30;8;2012;111
30;8;2012;112
31;8;2012;16
31;8;2012;42
32;8;2012;121
32;8;2012;122
32;8;2012;123
32;8;2012;128
32;8;2012;130
33;8;2012;165
33;8;2012;166
33;8;2012;167
33;8;2012;168
34;8;2012;65
34;8;2012;66
34;8;2012;67
35;8;2012;70
35;8;2012;71
35;8;2012;119
35;8;2012;120
35;8;2012;159
36;8;2012;135
36;8;2012;136
36;8;2012;137
36;8;2012;142
36;8;2012;155
37;8;2012;89
37;8;2012;99
37;8;2012;100
38;8;2012;107
38;8;2012;108
38;8;2012;109
39;8;2012;54
40;8;2012;35
41;8;2012;27
41;8;2012;31
41;8;2012;39
2;9;2012;9
2;9;2012;10
3;9;2012;23
3;9;2012;24
3;9;2012;25
3;9;2012;26
3;9;2012;44
4;9;2012;6
4;9;2012;17
4;9;2012;18
5;9;2012;1
5;9;2012;4
5;9;2012;5
5;9;2012;7
6;9;2012;19
6;9;2012;20
7;9;2012;72
7;9;2012;73
7;9;2012;74
7;9;2012;75
8;9;2012;134
8;9;2012;141
8;9;2012;145
8;9;2012;146
8;9;2012;147
9;9;2012;28
9;9;2012;29
9;9;2012;30
9;9;2012;40
10;9;2012;87
10;9;2012;88
10;9;2012;91
10;9;2012;92
10;9;2012;94
10;9;2012;95
10;9;2012;96
10;9;2012;97
10;9;2012;98
11;9;2012;151
11;9;2012;152
11;9;2012;153
11;9;2012;154
11;9;2012;156
11;9;2012;157
11;9;2012;158
12;9;2012;76
12;9;2012;77
12;9;2012;78
12;9;2012;79
12;9;2012;81
12;9;2012;82
14;9;2012;33
14;9;2012;34
15;9;2012;59
15;9;2012;60
15;9;2012;61
15;9;2012;62
16;9;2012;22
16;9;2012;38
17;9;2012;37
18;9;2012;32
18;9;2012;41
19;9;2012;12
19;9;2012;13
20;9;2012;52
20;9;2012;53
20;9;2012;56
20;9;2012;57
20;9;2012;58
21;9;2012;64
22;9;2012;21
23;9;2012;14
23;9;2012;15
24;9;2012;48
24;9;2012;50
24;9;2012;51
24;9;2012;55
24;9;2012;63
25;9;2012;118
25;9;2012;124
25;9;2012;125
25;9;2012;126
25;9;2012;127
25;9;2012;129
25;9;2012;132
26;9;2012;105
26;9;2012;106
27;9;2012;36
27;9;2012;43
28;9;2012;90
28;9;2012;93
28;9;2012;101
29;9;2012;138
29;9;2012;139
29;9;2012;140
29;9;2012;143
29;9;2012;144
29;9;2012;148
30;9;2012;104
30;9;2012;110
30;9;2012;111
30;9;2012;112
31;9;2012;16
31;9;2012;42
32;9;2012;121
32;9;2012;122
32;9;2012;123
32;9;2012;128
32;9;2012;130
33;9;2012;165
33;9;2012;166
33;9;2012;167
33;9;2012;168
34;9;2012;65
34;9;2012;66
34;9;2012;67
35;9;2012;70
35;9;2012;71
35;9;2012;119
35;9;2012;120
35;9;2012;159
36;9;2012;135
36;9;2012;136
36;9;2012;137
36;9;2012;142
36;9;2012;155
37;9;2012;89
37;9;2012;99
37;9;2012;100
38;9;2012;107
38;9;2012;108
38;9;2012;109
39;9;2012;54
40;9;2012;35
41;9;2012;27
41;9;2012;31
41;9;2012;39
2;10;2012;9
2;10;2012;10
3;10;2012;23
3;10;2012;24
3;10;2012;25
3;10;2012;26
3;10;2012;44
4;10;2012;6
4;10;2012;17
4;10;2012;18
5;10;2012;1
5;10;2012;4
5;10;2012;5
5;10;2012;7
6;10;2012;19
6;10;2012;20
7;10;2012;72
7;10;2012;73
7;10;2012;74
7;10;2012;75
8;10;2012;134
8;10;2012;141
8;10;2012;145
8;10;2012;146
8;10;2012;147
9;10;2012;28
9;10;2012;29
9;10;2012;30
9;10;2012;40
10;10;2012;87
10;10;2012;88
10;10;2012;91
10;10;2012;92
10;10;2012;94
10;10;2012;95
10;10;2012;96
10;10;2012;97
10;10;2012;98
11;10;2012;151
11;10;2012;152
11;10;2012;153
11;10;2012;154
11;10;2012;156
11;10;2012;157
11;10;2012;158
12;10;2012;76
12;10;2012;77
12;10;2012;78
12;10;2012;79
12;10;2012;81
12;10;2012;82
14;10;2012;33
14;10;2012;34
15;10;2012;59
15;10;2012;60
15;10;2012;61
15;10;2012;62
16;10;2012;22
16;10;2012;38
17;10;2012;37
18;10;2012;32
18;10;2012;41
19;10;2012;12
19;10;2012;13
20;10;2012;52
20;10;2012;53
20;10;2012;56
20;10;2012;57
20;10;2012;58
21;10;2012;64
22;10;2012;21
23;10;2012;14
23;10;2012;15
24;10;2012;48
24;10;2012;50
24;10;2012;51
24;10;2012;55
24;10;2012;63
25;10;2012;118
25;10;2012;124
25;10;2012;125
25;10;2012;126
25;10;2012;127
25;10;2012;129
25;10;2012;132
26;10;2012;105
26;10;2012;106
27;10;2012;36
27;10;2012;43
28;10;2012;90
28;10;2012;93
28;10;2012;101
29;10;2012;138
29;10;2012;139
29;10;2012;140
29;10;2012;143
29;10;2012;144
29;10;2012;148
30;10;2012;104
30;10;2012;110
30;10;2012;111
30;10;2012;112
31;10;2012;16
31;10;2012;42
32;10;2012;121
32;10;2012;122
32;10;2012;123
32;10;2012;128
32;10;2012;130
33;10;2012;165
33;10;2012;166
33;10;2012;167
33;10;2012;168
34;10;2012;65
34;10;2012;66
34;10;2012;67
35;10;2012;70
35;10;2012;71
35;10;2012;119
35;10;2012;120
35;10;2012;159
36;10;2012;135
36;10;2012;136
36;10;2012;137
36;10;2012;142
36;10;2012;155
37;10;2012;89
37;10;2012;99
37;10;2012;100
38;10;2012;107
38;10;2012;108
38;10;2012;109
39;10;2012;54
40;10;2012;35
41;10;2012;27
41;10;2012;31
41;10;2012;39
2;11;2012;9
2;11;2012;10
3;11;2012;23
3;11;2012;24
3;11;2012;25
3;11;2012;26
3;11;2012;44
4;11;2012;6
4;11;2012;17
4;11;2012;18
5;11;2012;1
5;11;2012;4
5;11;2012;5
5;11;2012;7
6;11;2012;19
6;11;2012;20
7;11;2012;72
7;11;2012;73
7;11;2012;74
7;11;2012;75
8;11;2012;134
8;11;2012;141
8;11;2012;145
8;11;2012;146
8;11;2012;147
9;11;2012;28
9;11;2012;29
9;11;2012;30
9;11;2012;40
10;11;2012;87
10;11;2012;88
10;11;2012;91
10;11;2012;92
10;11;2012;94
10;11;2012;95
10;11;2012;96
10;11;2012;97
10;11;2012;98
11;11;2012;151
11;11;2012;152
11;11;2012;153
11;11;2012;154
11;11;2012;156
11;11;2012;157
11;11;2012;158
12;11;2012;76
12;11;2012;77
12;11;2012;78
12;11;2012;79
12;11;2012;81
12;11;2012;82
14;11;2012;33
14;11;2012;34
15;11;2012;59
15;11;2012;60
15;11;2012;61
15;11;2012;62
16;11;2012;22
16;11;2012;38
17;11;2012;37
18;11;2012;32
18;11;2012;41
19;11;2012;12
19;11;2012;13
20;11;2012;52
20;11;2012;53
20;11;2012;56
20;11;2012;57
20;11;2012;58
21;11;2012;64
22;11;2012;21
23;11;2012;14
23;11;2012;15
24;11;2012;48
24;11;2012;50
24;11;2012;51
24;11;2012;55
24;11;2012;63
25;11;2012;118
25;11;2012;124
25;11;2012;125
25;11;2012;126
25;11;2012;127
25;11;2012;129
25;11;2012;132
26;11;2012;105
26;11;2012;106
27;11;2012;36
27;11;2012;43
28;11;2012;90
28;11;2012;93
28;11;2012;101
29;11;2012;138
29;11;2012;139
29;11;2012;140
29;11;2012;143
29;11;2012;144
29;11;2012;148
30;11;2012;104
30;11;2012;110
30;11;2012;111
30;11;2012;112
31;11;2012;16
31;11;2012;42
32;11;2012;121
32;11;2012;122
32;11;2012;123
32;11;2012;128
32;11;2012;130
33;11;2012;165
33;11;2012;166
33;11;2012;167
33;11;2012;168
34;11;2012;65
34;11;2012;66
34;11;2012;67
35;11;2012;70
35;11;2012;71
35;11;2012;119
35;11;2012;120
35;11;2012;159
36;11;2012;135
36;11;2012;136
36;11;2012;137
36;11;2012;142
36;11;2012;155
37;11;2012;89
37;11;2012;99
37;11;2012;100
38;11;2012;107
38;11;2012;108
38;11;2012;109
39;11;2012;54
40;11;2012;35
41;11;2012;27
41;11;2012;31
41;11;2012;39
2;12;2012;9
2;12;2012;10
3;12;2012;23
3;12;2012;24
3;12;2012;25
3;12;2012;26
3;12;2012;44
4;12;2012;6
4;12;2012;17
4;12;2012;18
5;12;2012;1
5;12;2012;4
5;12;2012;5
5;12;2012;7
6;12;2012;19
6;12;2012;20
7;12;2012;72
7;12;2012;73
7;12;2012;74
7;12;2012;75
8;12;2012;134
8;12;2012;141
8;12;2012;145
8;12;2012;146
8;12;2012;147
9;12;2012;28
9;12;2012;29
9;12;2012;30
9;12;2012;40
10;12;2012;87
10;12;2012;88
10;12;2012;91
10;12;2012;92
10;12;2012;94
10;12;2012;95
10;12;2012;96
10;12;2012;97
10;12;2012;98
11;12;2012;151
11;12;2012;152
11;12;2012;153
11;12;2012;154
11;12;2012;156
11;12;2012;157
11;12;2012;158
12;12;2012;76
12;12;2012;77
12;12;2012;78
12;12;2012;79
12;12;2012;81
12;12;2012;82
14;12;2012;33
14;12;2012;34
15;12;2012;59
15;12;2012;60
15;12;2012;61
15;12;2012;62
16;12;2012;22
16;12;2012;38
17;12;2012;37
18;12;2012;32
18;12;2012;41
19;12;2012;12
19;12;2012;13
20;12;2012;52
20;12;2012;53
20;12;2012;56
20;12;2012;57
20;12;2012;58
21;12;2012;64
22;12;2012;21
23;12;2012;14
23;12;2012;15
24;12;2012;48
24;12;2012;50
24;12;2012;51
24;12;2012;55
24;12;2012;63
25;12;2012;118
25;12;2012;124
25;12;2012;125
25;12;2012;126
25;12;2012;127
25;12;2012;129
25;12;2012;132
26;12;2012;105
26;12;2012;106
27;12;2012;36
27;12;2012;43
28;12;2012;90
28;12;2012;93
28;12;2012;101
29;12;2012;138
29;12;2012;139
29;12;2012;140
29;12;2012;143
29;12;2012;144
29;12;2012;148
30;12;2012;104
30;12;2012;110
30;12;2012;111
30;12;2012;112
31;12;2012;16
31;12;2012;42
32;12;2012;121
32;12;2012;122
32;12;2012;123
32;12;2012;128
32;12;2012;130
33;12;2012;165
33;12;2012;166
33;12;2012;167
33;12;2012;168
34;12;2012;65
34;12;2012;66
34;12;2012;67
35;12;2012;70
35;12;2012;71
35;12;2012;119
35;12;2012;120
35;12;2012;159
36;12;2012;135
36;12;2012;136
36;12;2012;137
36;12;2012;142
36;12;2012;155
37;12;2012;89
37;12;2012;99
37;12;2012;100
38;12;2012;107
38;12;2012;108
38;12;2012;109
39;12;2012;54
40;12;2012;35
41;12;2012;27
41;12;2012;31
41;12;2012;39
2;1;2013;9
2;1;2013;10
3;1;2013;23
3;1;2013;24
3;1;2013;25
3;1;2013;26
3;1;2013;44
4;1;2013;6
4;1;2013;17
4;1;2013;18
5;1;2013;1
5;1;2013;4
5;1;2013;5
5;1;2013;7
6;1;2013;19
6;1;2013;20
7;1;2013;72
7;1;2013;73
7;1;2013;74
7;1;2013;75
8;1;2013;134
8;1;2013;141
8;1;2013;145
8;1;2013;146
8;1;2013;147
9;1;2013;28
9;1;2013;29
9;1;2013;30
9;1;2013;40
10;1;2013;87
10;1;2013;88
10;1;2013;91
10;1;2013;92
10;1;2013;94
10;1;2013;95
10;1;2013;96
10;1;2013;97
10;1;2013;98
11;1;2013;151
11;1;2013;152
11;1;2013;153
11;1;2013;154
11;1;2013;156
11;1;2013;157
11;1;2013;158
12;1;2013;76
12;1;2013;77
12;1;2013;78
12;1;2013;79
12;1;2013;81
12;1;2013;82
14;1;2013;33
14;1;2013;34
15;1;2013;59
15;1;2013;60
15;1;2013;61
15;1;2013;62
16;1;2013;22
16;1;2013;38
17;1;2013;37
18;1;2013;32
18;1;2013;41
19;1;2013;12
19;1;2013;13
20;1;2013;52
20;1;2013;53
20;1;2013;56
20;1;2013;57
20;1;2013;58
21;1;2013;64
22;1;2013;21
23;1;2013;14
23;1;2013;15
24;1;2013;48
24;1;2013;50
24;1;2013;51
24;1;2013;55
24;1;2013;63
25;1;2013;118
25;1;2013;124
25;1;2013;125
25;1;2013;126
25;1;2013;127
25;1;2013;129
25;1;2013;132
26;1;2013;105
26;1;2013;106
27;1;2013;36
27;1;2013;43
28;1;2013;90
28;1;2013;93
28;1;2013;101
29;1;2013;138
29;1;2013;139
29;1;2013;140
29;1;2013;143
29;1;2013;144
29;1;2013;148
30;1;2013;104
30;1;2013;110
30;1;2013;111
30;1;2013;112
31;1;2013;16
31;1;2013;42
32;1;2013;121
32;1;2013;122
32;1;2013;123
32;1;2013;128
32;1;2013;130
33;1;2013;165
33;1;2013;166
33;1;2013;167
33;1;2013;168
34;1;2013;65
34;1;2013;66
34;1;2013;67
35;1;2013;70
35;1;2013;71
35;1;2013;119
35;1;2013;120
35;1;2013;159
36;1;2013;135
36;1;2013;136
36;1;2013;137
36;1;2013;142
36;1;2013;155
37;1;2013;89
37;1;2013;99
37;1;2013;100
38;1;2013;107
38;1;2013;108
38;1;2013;109
39;1;2013;54
40;1;2013;35
41;1;2013;27
41;1;2013;31
41;1;2013;39
2;2;2013;9
2;2;2013;10
3;2;2013;23
3;2;2013;24
3;2;2013;25
3;2;2013;26
3;2;2013;44
4;2;2013;6
4;2;2013;17
4;2;2013;18
5;2;2013;1
5;2;2013;4
5;2;2013;5
5;2;2013;7
6;2;2013;19
6;2;2013;20
7;2;2013;72
7;2;2013;73
7;2;2013;74
7;2;2013;75
8;2;2013;134
8;2;2013;141
8;2;2013;145
8;2;2013;146
8;2;2013;147
9;2;2013;28
9;2;2013;29
9;2;2013;30
9;2;2013;40
10;2;2013;87
10;2;2013;88
10;2;2013;91
10;2;2013;92
10;2;2013;94
10;2;2013;95
10;2;2013;96
10;2;2013;97
10;2;2013;98
11;2;2013;151
11;2;2013;152
11;2;2013;153
11;2;2013;154
11;2;2013;156
11;2;2013;157
11;2;2013;158
12;2;2013;76
12;2;2013;77
12;2;2013;78
12;2;2013;79
12;2;2013;81
12;2;2013;82
14;2;2013;33
14;2;2013;34
15;2;2013;59
15;2;2013;60
15;2;2013;61
15;2;2013;62
16;2;2013;22
16;2;2013;38
17;2;2013;37
18;2;2013;32
18;2;2013;41
19;2;2013;12
19;2;2013;13
20;2;2013;52
20;2;2013;53
20;2;2013;56
20;2;2013;57
20;2;2013;58
21;2;2013;64
22;2;2013;21
23;2;2013;14
23;2;2013;15
24;2;2013;48
24;2;2013;50
24;2;2013;51
24;2;2013;55
24;2;2013;63
25;2;2013;118
25;2;2013;124
25;2;2013;125
25;2;2013;126
25;2;2013;127
25;2;2013;129
25;2;2013;132
26;2;2013;105
26;2;2013;106
27;2;2013;36
27;2;2013;43
28;2;2013;90
28;2;2013;93
28;2;2013;101
29;2;2013;138
29;2;2013;139
29;2;2013;140
29;2;2013;143
29;2;2013;144
29;2;2013;148
30;2;2013;104
30;2;2013;110
30;2;2013;111
30;2;2013;112
31;2;2013;16
31;2;2013;42
32;2;2013;121
32;2;2013;122
32;2;2013;123
32;2;2013;128
32;2;2013;130
33;2;2013;165
33;2;2013;166
33;2;2013;167
33;2;2013;168
34;2;2013;65
34;2;2013;66
34;2;2013;67
35;2;2013;70
35;2;2013;71
35;2;2013;119
35;2;2013;120
35;2;2013;159
36;2;2013;135
36;2;2013;136
36;2;2013;137
36;2;2013;142
36;2;2013;155
37;2;2013;89
37;2;2013;99
37;2;2013;100
38;2;2013;107
38;2;2013;108
38;2;2013;109
39;2;2013;54
40;2;2013;35
41;2;2013;27
41;2;2013;31
41;2;2013;39
2;3;2013;9
2;3;2013;10
3;3;2013;23
3;3;2013;24
3;3;2013;25
3;3;2013;26
3;3;2013;44
4;3;2013;6
4;3;2013;17
4;3;2013;18
5;3;2013;1
5;3;2013;4
5;3;2013;5
5;3;2013;7
6;3;2013;19
6;3;2013;20
7;3;2013;72
7;3;2013;73
7;3;2013;74
7;3;2013;75
8;3;2013;134
8;3;2013;141
8;3;2013;145
8;3;2013;146
8;3;2013;147
9;3;2013;28
9;3;2013;29
9;3;2013;30
9;3;2013;40
10;3;2013;87
10;3;2013;88
10;3;2013;91
10;3;2013;92
10;3;2013;94
10;3;2013;95
10;3;2013;96
10;3;2013;97
10;3;2013;98
11;3;2013;151
11;3;2013;152
11;3;2013;153
11;3;2013;154
11;3;2013;156
11;3;2013;157
11;3;2013;158
12;3;2013;76
12;3;2013;77
12;3;2013;78
12;3;2013;79
12;3;2013;81
12;3;2013;82
14;3;2013;33
14;3;2013;34
15;3;2013;59
15;3;2013;60
15;3;2013;61
15;3;2013;62
16;3;2013;22
16;3;2013;38
17;3;2013;37
18;3;2013;32
18;3;2013;41
19;3;2013;12
19;3;2013;13
20;3;2013;52
20;3;2013;53
20;3;2013;56
20;3;2013;57
20;3;2013;58
21;3;2013;64
22;3;2013;21
23;3;2013;14
23;3;2013;15
24;3;2013;48
24;3;2013;50
24;3;2013;51
24;3;2013;55
24;3;2013;63
25;3;2013;118
25;3;2013;124
25;3;2013;125
25;3;2013;126
25;3;2013;127
25;3;2013;129
25;3;2013;132
26;3;2013;105
26;3;2013;106
27;3;2013;36
27;3;2013;43
28;3;2013;90
28;3;2013;93
28;3;2013;101
29;3;2013;138
29;3;2013;139
29;3;2013;140
29;3;2013;143
29;3;2013;144
29;3;2013;148
30;3;2013;104
30;3;2013;110
30;3;2013;111
30;3;2013;112
31;3;2013;16
31;3;2013;42
32;3;2013;121
32;3;2013;122
32;3;2013;123
32;3;2013;128
32;3;2013;130
33;3;2013;165
33;3;2013;166
33;3;2013;167
33;3;2013;168
34;3;2013;65
34;3;2013;66
34;3;2013;67
35;3;2013;70
35;3;2013;71
35;3;2013;119
35;3;2013;120
35;3;2013;159
36;3;2013;135
36;3;2013;136
36;3;2013;137
36;3;2013;142
36;3;2013;155
37;3;2013;89
37;3;2013;99
37;3;2013;100
38;3;2013;107
38;3;2013;108
38;3;2013;109
39;3;2013;54
40;3;2013;35
41;3;2013;27
41;3;2013;31
41;3;2013;39
2;4;2013;9
2;4;2013;10
3;4;2013;23
3;4;2013;24
3;4;2013;25
3;4;2013;26
3;4;2013;44
4;4;2013;6
4;4;2013;17
4;4;2013;18
5;4;2013;1
5;4;2013;4
5;4;2013;5
5;4;2013;7
6;4;2013;19
6;4;2013;20
7;4;2013;72
7;4;2013;73
7;4;2013;74
7;4;2013;75
8;4;2013;134
8;4;2013;141
8;4;2013;145
8;4;2013;146
8;4;2013;147
9;4;2013;28
9;4;2013;29
9;4;2013;30
9;4;2013;40
10;4;2013;87
10;4;2013;88
10;4;2013;91
10;4;2013;92
10;4;2013;94
10;4;2013;95
10;4;2013;96
10;4;2013;97
10;4;2013;98
11;4;2013;151
11;4;2013;152
11;4;2013;153
11;4;2013;154
11;4;2013;156
11;4;2013;157
11;4;2013;158
12;4;2013;76
12;4;2013;77
12;4;2013;78
12;4;2013;79
12;4;2013;81
12;4;2013;82
14;4;2013;33
14;4;2013;34
15;4;2013;59
15;4;2013;60
15;4;2013;61
15;4;2013;62
16;4;2013;22
16;4;2013;38
17;4;2013;37
18;4;2013;32
18;4;2013;41
19;4;2013;12
19;4;2013;13
20;4;2013;52
20;4;2013;53
20;4;2013;56
20;4;2013;57
20;4;2013;58
21;4;2013;64
22;4;2013;21
23;4;2013;14
23;4;2013;15
24;4;2013;48
24;4;2013;50
24;4;2013;51
24;4;2013;55
24;4;2013;63
25;4;2013;118
25;4;2013;124
25;4;2013;125
25;4;2013;126
25;4;2013;127
25;4;2013;129
25;4;2013;132
26;4;2013;105
26;4;2013;106
27;4;2013;36
27;4;2013;43
28;4;2013;90
28;4;2013;93
28;4;2013;101
29;4;2013;138
29;4;2013;139
29;4;2013;140
29;4;2013;143
29;4;2013;144
29;4;2013;148
30;4;2013;104
30;4;2013;110
30;4;2013;111
30;4;2013;112
31;4;2013;16
31;4;2013;42
32;4;2013;121
32;4;2013;122
32;4;2013;123
32;4;2013;128
32;4;2013;130
33;4;2013;165
33;4;2013;166
33;4;2013;167
33;4;2013;168
34;4;2013;65
34;4;2013;66
34;4;2013;67
35;4;2013;70
35;4;2013;71
35;4;2013;119
35;4;2013;120
35;4;2013;159
36;4;2013;135
36;4;2013;136
36;4;2013;137
36;4;2013;142
36;4;2013;155
37;4;2013;89
37;4;2013;99
37;4;2013;100
38;4;2013;107
38;4;2013;108
38;4;2013;109
39;4;2013;54
40;4;2013;35
41;4;2013;27
41;4;2013;31
41;4;2013;39
2;5;2013;9
2;5;2013;10
3;5;2013;23
3;5;2013;24
3;5;2013;25
3;5;2013;26
3;5;2013;44
4;5;2013;6
4;5;2013;17
4;5;2013;18
5;5;2013;1
5;5;2013;4
5;5;2013;5
5;5;2013;7
6;5;2013;19
6;5;2013;20
7;5;2013;72
7;5;2013;73
7;5;2013;74
7;5;2013;75
8;5;2013;134
8;5;2013;141
8;5;2013;145
8;5;2013;146
8;5;2013;147
9;5;2013;28
9;5;2013;29
9;5;2013;30
9;5;2013;40
10;5;2013;87
10;5;2013;88
10;5;2013;91
10;5;2013;92
10;5;2013;94
10;5;2013;95
10;5;2013;96
10;5;2013;97
10;5;2013;98
11;5;2013;151
11;5;2013;152
11;5;2013;153
11;5;2013;154
11;5;2013;156
11;5;2013;157
11;5;2013;158
12;5;2013;76
12;5;2013;77
12;5;2013;78
12;5;2013;79
12;5;2013;81
12;5;2013;82
14;5;2013;33
14;5;2013;34
15;5;2013;59
15;5;2013;60
15;5;2013;61
15;5;2013;62
16;5;2013;22
16;5;2013;38
17;5;2013;37
18;5;2013;32
18;5;2013;41
19;5;2013;12
19;5;2013;13
20;5;2013;52
20;5;2013;53
20;5;2013;56
20;5;2013;57
20;5;2013;58
21;5;2013;64
22;5;2013;21
23;5;2013;14
23;5;2013;15
24;5;2013;48
24;5;2013;50
24;5;2013;51
24;5;2013;55
24;5;2013;63
25;5;2013;118
25;5;2013;124
25;5;2013;125
25;5;2013;126
25;5;2013;127
25;5;2013;129
25;5;2013;132
26;5;2013;105
26;5;2013;106
27;5;2013;36
27;5;2013;43
28;5;2013;90
28;5;2013;93
28;5;2013;101
29;5;2013;138
29;5;2013;139
29;5;2013;140
29;5;2013;143
29;5;2013;144
29;5;2013;148
30;5;2013;104
30;5;2013;110
30;5;2013;111
30;5;2013;112
31;5;2013;16
31;5;2013;42
32;5;2013;121
32;5;2013;122
32;5;2013;123
32;5;2013;128
32;5;2013;130
33;5;2013;165
33;5;2013;166
33;5;2013;167
33;5;2013;168
34;5;2013;65
34;5;2013;66
34;5;2013;67
35;5;2013;70
35;5;2013;71
35;5;2013;119
35;5;2013;120
35;5;2013;159
36;5;2013;135
36;5;2013;136
36;5;2013;137
36;5;2013;142
36;5;2013;155
37;5;2013;89
37;5;2013;99
37;5;2013;100
38;5;2013;107
38;5;2013;108
38;5;2013;109
39;5;2013;54
40;5;2013;35
41;5;2013;27
41;5;2013;31
41;5;2013;39
2;6;2013;9
2;6;2013;10
3;6;2013;23
3;6;2013;24
3;6;2013;25
3;6;2013;26
3;6;2013;44
4;6;2013;6
4;6;2013;17
4;6;2013;18
5;6;2013;1
5;6;2013;4
5;6;2013;5
5;6;2013;7
6;6;2013;19
6;6;2013;20
7;6;2013;72
7;6;2013;73
7;6;2013;74
7;6;2013;75
8;6;2013;134
8;6;2013;141
8;6;2013;145
8;6;2013;146
8;6;2013;147
9;6;2013;28
9;6;2013;29
9;6;2013;30
9;6;2013;40
10;6;2013;87
10;6;2013;88
10;6;2013;91
10;6;2013;92
10;6;2013;94
10;6;2013;95
10;6;2013;96
10;6;2013;97
10;6;2013;98
11;6;2013;151
11;6;2013;152
11;6;2013;153
11;6;2013;154
11;6;2013;156
11;6;2013;157
11;6;2013;158
12;6;2013;76
12;6;2013;77
12;6;2013;78
12;6;2013;79
12;6;2013;81
12;6;2013;82
14;6;2013;33
14;6;2013;34
15;6;2013;59
15;6;2013;60
15;6;2013;61
15;6;2013;62
16;6;2013;22
16;6;2013;38
17;6;2013;37
18;6;2013;32
18;6;2013;41
19;6;2013;12
19;6;2013;13
20;6;2013;52
20;6;2013;53
20;6;2013;56
20;6;2013;57
20;6;2013;58
21;6;2013;64
22;6;2013;21
23;6;2013;14
23;6;2013;15
24;6;2013;48
24;6;2013;50
24;6;2013;51
24;6;2013;55
24;6;2013;63
25;6;2013;118
25;6;2013;124
25;6;2013;125
25;6;2013;126
25;6;2013;127
25;6;2013;129
25;6;2013;132
26;6;2013;105
26;6;2013;106
27;6;2013;36
27;6;2013;43
28;6;2013;90
28;6;2013;93
28;6;2013;101
29;6;2013;138
29;6;2013;139
29;6;2013;140
29;6;2013;143
29;6;2013;144
29;6;2013;148
30;6;2013;104
30;6;2013;110
30;6;2013;111
30;6;2013;112
31;6;2013;16
31;6;2013;42
32;6;2013;121
32;6;2013;122
32;6;2013;123
32;6;2013;128
32;6;2013;130
33;6;2013;165
33;6;2013;166
33;6;2013;167
33;6;2013;168
34;6;2013;65
34;6;2013;66
34;6;2013;67
35;6;2013;70
35;6;2013;71
35;6;2013;119
35;6;2013;120
35;6;2013;159
36;6;2013;135
36;6;2013;136
36;6;2013;137
36;6;2013;142
36;6;2013;155
37;6;2013;89
37;6;2013;99
37;6;2013;100
38;6;2013;107
38;6;2013;108
38;6;2013;109
39;6;2013;54
40;6;2013;35
41;6;2013;27
41;6;2013;31
41;6;2013;39
2;7;2013;9
2;7;2013;10
3;7;2013;23
3;7;2013;24
3;7;2013;25
3;7;2013;26
3;7;2013;44
4;7;2013;6
4;7;2013;17
4;7;2013;18
5;7;2013;1
5;7;2013;4
5;7;2013;5
5;7;2013;7
6;7;2013;19
6;7;2013;20
7;7;2013;72
7;7;2013;73
7;7;2013;74
7;7;2013;75
8;7;2013;134
8;7;2013;141
8;7;2013;145
8;7;2013;146
8;7;2013;147
9;7;2013;28
9;7;2013;29
9;7;2013;30
9;7;2013;40
10;7;2013;87
10;7;2013;88
10;7;2013;91
10;7;2013;92
10;7;2013;94
10;7;2013;95
10;7;2013;96
10;7;2013;97
10;7;2013;98
11;7;2013;151
11;7;2013;152
11;7;2013;153
11;7;2013;154
11;7;2013;156
11;7;2013;157
11;7;2013;158
12;7;2013;76
12;7;2013;77
12;7;2013;78
12;7;2013;79
12;7;2013;81
12;7;2013;82
14;7;2013;33
14;7;2013;34
15;7;2013;59
15;7;2013;60
15;7;2013;61
15;7;2013;62
16;7;2013;22
16;7;2013;38
17;7;2013;37
18;7;2013;32
18;7;2013;41
19;7;2013;12
19;7;2013;13
20;7;2013;52
20;7;2013;53
20;7;2013;56
20;7;2013;57
20;7;2013;58
21;7;2013;64
22;7;2013;21
23;7;2013;14
23;7;2013;15
24;7;2013;48
24;7;2013;50
24;7;2013;51
24;7;2013;55
24;7;2013;63
25;7;2013;118
25;7;2013;124
25;7;2013;125
25;7;2013;126
25;7;2013;127
25;7;2013;129
25;7;2013;132
26;7;2013;105
26;7;2013;106
27;7;2013;36
27;7;2013;43
28;7;2013;90
28;7;2013;93
28;7;2013;101
29;7;2013;138
29;7;2013;139
29;7;2013;140
29;7;2013;143
29;7;2013;144
29;7;2013;148
30;7;2013;104
30;7;2013;110
30;7;2013;111
30;7;2013;112
31;7;2013;16
31;7;2013;42
32;7;2013;121
32;7;2013;122
32;7;2013;123
32;7;2013;128
32;7;2013;130
33;7;2013;165
33;7;2013;166
33;7;2013;167
33;7;2013;168
34;7;2013;65
34;7;2013;66
34;7;2013;67
35;7;2013;70
35;7;2013;71
35;7;2013;119
35;7;2013;120
35;7;2013;159
36;7;2013;135
36;7;2013;136
36;7;2013;137
36;7;2013;142
36;7;2013;155
37;7;2013;89
37;7;2013;99
37;7;2013;100
38;7;2013;107
38;7;2013;108
38;7;2013;109
39;7;2013;54
40;7;2013;35
41;7;2013;27
41;7;2013;31
41;7;2013;39
2;8;2013;9
2;8;2013;10
3;8;2013;23
3;8;2013;24
3;8;2013;25
3;8;2013;26
3;8;2013;44
4;8;2013;6
4;8;2013;17
4;8;2013;18
5;8;2013;1
5;8;2013;4
5;8;2013;5
5;8;2013;7
6;8;2013;19
6;8;2013;20
7;8;2013;72
7;8;2013;73
7;8;2013;74
7;8;2013;75
8;8;2013;134
8;8;2013;141
8;8;2013;145
8;8;2013;146
8;8;2013;147
9;8;2013;28
9;8;2013;29
9;8;2013;30
9;8;2013;40
10;8;2013;87
10;8;2013;88
10;8;2013;91
10;8;2013;92
10;8;2013;94
10;8;2013;95
10;8;2013;96
10;8;2013;97
10;8;2013;98
11;8;2013;151
11;8;2013;152
11;8;2013;153
11;8;2013;154
11;8;2013;156
11;8;2013;157
11;8;2013;158
12;8;2013;76
12;8;2013;77
12;8;2013;78
12;8;2013;79
12;8;2013;81
12;8;2013;82
14;8;2013;33
14;8;2013;34
15;8;2013;59
15;8;2013;60
15;8;2013;61
15;8;2013;62
16;8;2013;22
16;8;2013;38
17;8;2013;37
18;8;2013;32
18;8;2013;41
19;8;2013;12
19;8;2013;13
20;8;2013;52
20;8;2013;53
20;8;2013;56
20;8;2013;57
20;8;2013;58
21;8;2013;64
22;8;2013;21
23;8;2013;14
23;8;2013;15
24;8;2013;48
24;8;2013;50
24;8;2013;51
24;8;2013;55
24;8;2013;63
25;8;2013;118
25;8;2013;124
25;8;2013;125
25;8;2013;126
25;8;2013;127
25;8;2013;129
25;8;2013;132
26;8;2013;105
26;8;2013;106
27;8;2013;36
27;8;2013;43
28;8;2013;90
28;8;2013;93
28;8;2013;101
29;8;2013;138
29;8;2013;139
29;8;2013;140
29;8;2013;143
29;8;2013;144
29;8;2013;148
30;8;2013;104
30;8;2013;110
30;8;2013;111
30;8;2013;112
31;8;2013;16
31;8;2013;42
32;8;2013;121
32;8;2013;122
32;8;2013;123
32;8;2013;128
32;8;2013;130
33;8;2013;165
33;8;2013;166
33;8;2013;167
33;8;2013;168
34;8;2013;65
34;8;2013;66
34;8;2013;67
35;8;2013;70
35;8;2013;71
35;8;2013;119
35;8;2013;120
35;8;2013;159
36;8;2013;135
36;8;2013;136
36;8;2013;137
36;8;2013;142
36;8;2013;155
37;8;2013;89
37;8;2013;99
37;8;2013;100
38;8;2013;107
38;8;2013;108
38;8;2013;109
39;8;2013;54
40;8;2013;35
41;8;2013;27
41;8;2013;31
41;8;2013;39
2;9;2013;9
2;9;2013;10
3;9;2013;23
3;9;2013;24
3;9;2013;25
3;9;2013;26
3;9;2013;44
4;9;2013;6
4;9;2013;17
4;9;2013;18
5;9;2013;1
5;9;2013;4
5;9;2013;5
5;9;2013;7
6;9;2013;19
6;9;2013;20
7;9;2013;72
7;9;2013;73
7;9;2013;74
7;9;2013;75
8;9;2013;134
8;9;2013;141
8;9;2013;145
8;9;2013;146
8;9;2013;147
9;9;2013;28
9;9;2013;29
9;9;2013;30
9;9;2013;40
10;9;2013;87
10;9;2013;88
10;9;2013;91
10;9;2013;92
10;9;2013;94
10;9;2013;95
10;9;2013;96
10;9;2013;97
10;9;2013;98
11;9;2013;151
11;9;2013;152
11;9;2013;153
11;9;2013;154
11;9;2013;156
11;9;2013;157
11;9;2013;158
12;9;2013;76
12;9;2013;77
12;9;2013;78
12;9;2013;79
12;9;2013;81
12;9;2013;82
14;9;2013;33
14;9;2013;34
15;9;2013;59
15;9;2013;60
15;9;2013;61
15;9;2013;62
16;9;2013;22
16;9;2013;38
17;9;2013;37
18;9;2013;32
18;9;2013;41
19;9;2013;12
19;9;2013;13
20;9;2013;52
20;9;2013;53
20;9;2013;56
20;9;2013;57
20;9;2013;58
21;9;2013;64
22;9;2013;21
23;9;2013;14
23;9;2013;15
24;9;2013;48
24;9;2013;50
24;9;2013;51
24;9;2013;55
24;9;2013;63
25;9;2013;118
25;9;2013;124
25;9;2013;125
25;9;2013;126
25;9;2013;127
25;9;2013;129
25;9;2013;132
26;9;2013;105
26;9;2013;106
27;9;2013;36
27;9;2013;43
28;9;2013;90
28;9;2013;93
28;9;2013;101
29;9;2013;138
29;9;2013;139
29;9;2013;140
29;9;2013;143
29;9;2013;144
29;9;2013;148
30;9;2013;104
30;9;2013;110
30;9;2013;111
30;9;2013;112
31;9;2013;16
31;9;2013;42
32;9;2013;121
32;9;2013;122
32;9;2013;123
32;9;2013;128
32;9;2013;130
33;9;2013;165
33;9;2013;166
33;9;2013;167
33;9;2013;168
34;9;2013;65
34;9;2013;66
34;9;2013;67
35;9;2013;70
35;9;2013;71
35;9;2013;119
35;9;2013;120
35;9;2013;159
36;9;2013;135
36;9;2013;136
36;9;2013;137
36;9;2013;142
36;9;2013;155
37;9;2013;89
37;9;2013;99
37;9;2013;100
38;9;2013;107
38;9;2013;108
38;9;2013;109
39;9;2013;54
40;9;2013;35
41;9;2013;27
41;9;2013;31
41;9;2013;39
2;10;2013;9
2;10;2013;10
3;10;2013;23
3;10;2013;24
3;10;2013;25
3;10;2013;26
3;10;2013;44
4;10;2013;6
4;10;2013;17
4;10;2013;18
5;10;2013;1
5;10;2013;4
5;10;2013;5
5;10;2013;7
6;10;2013;19
6;10;2013;20
7;10;2013;72
7;10;2013;73
7;10;2013;74
7;10;2013;75
8;10;2013;134
8;10;2013;141
8;10;2013;145
8;10;2013;146
8;10;2013;147
9;10;2013;28
9;10;2013;29
9;10;2013;30
9;10;2013;40
10;10;2013;87
10;10;2013;88
10;10;2013;91
10;10;2013;92
10;10;2013;94
10;10;2013;95
10;10;2013;96
10;10;2013;97
10;10;2013;98
11;10;2013;151
11;10;2013;152
11;10;2013;153
11;10;2013;154
11;10;2013;156
11;10;2013;157
11;10;2013;158
12;10;2013;76
12;10;2013;77
12;10;2013;78
12;10;2013;79
12;10;2013;81
12;10;2013;82
14;10;2013;33
14;10;2013;34
15;10;2013;59
15;10;2013;60
15;10;2013;61
15;10;2013;62
16;10;2013;22
16;10;2013;38
17;10;2013;37
18;10;2013;32
18;10;2013;41
19;10;2013;12
19;10;2013;13
20;10;2013;52
20;10;2013;53
20;10;2013;56
20;10;2013;57
20;10;2013;58
21;10;2013;64
22;10;2013;21
23;10;2013;14
23;10;2013;15
24;10;2013;48
24;10;2013;50
24;10;2013;51
24;10;2013;55
24;10;2013;63
25;10;2013;118
25;10;2013;124
25;10;2013;125
25;10;2013;126
25;10;2013;127
25;10;2013;129
25;10;2013;132
26;10;2013;105
26;10;2013;106
27;10;2013;36
27;10;2013;43
28;10;2013;90
28;10;2013;93
28;10;2013;101
29;10;2013;138
29;10;2013;139
29;10;2013;140
29;10;2013;143
29;10;2013;144
29;10;2013;148
30;10;2013;104
30;10;2013;110
30;10;2013;111
30;10;2013;112
31;10;2013;16
31;10;2013;42
32;10;2013;121
32;10;2013;122
32;10;2013;123
32;10;2013;128
32;10;2013;130
33;10;2013;165
33;10;2013;166
33;10;2013;167
33;10;2013;168
34;10;2013;65
34;10;2013;66
34;10;2013;67
35;10;2013;70
35;10;2013;71
35;10;2013;119
35;10;2013;120
35;10;2013;159
36;10;2013;135
36;10;2013;136
36;10;2013;137
36;10;2013;142
36;10;2013;155
37;10;2013;89
37;10;2013;99
37;10;2013;100
38;10;2013;107
38;10;2013;108
38;10;2013;109
39;10;2013;54
40;10;2013;35
41;10;2013;27
41;10;2013;31
41;10;2013;39
2;11;2013;9
2;11;2013;10
3;11;2013;23
3;11;2013;24
3;11;2013;25
3;11;2013;26
3;11;2013;44
4;11;2013;6
4;11;2013;17
4;11;2013;18
5;11;2013;1
5;11;2013;4
5;11;2013;5
5;11;2013;7
6;11;2013;19
6;11;2013;20
7;11;2013;72
7;11;2013;73
7;11;2013;74
7;11;2013;75
8;11;2013;134
8;11;2013;141
8;11;2013;145
8;11;2013;146
8;11;2013;147
9;11;2013;28
9;11;2013;29
9;11;2013;30
9;11;2013;40
10;11;2013;87
10;11;2013;88
10;11;2013;91
10;11;2013;92
10;11;2013;94
10;11;2013;95
10;11;2013;96
10;11;2013;97
10;11;2013;98
11;11;2013;151
11;11;2013;152
11;11;2013;153
11;11;2013;154
11;11;2013;156
11;11;2013;157
11;11;2013;158
12;11;2013;76
12;11;2013;77
12;11;2013;78
12;11;2013;79
12;11;2013;81
12;11;2013;82
14;11;2013;33
14;11;2013;34
15;11;2013;59
15;11;2013;60
15;11;2013;61
15;11;2013;62
16;11;2013;22
16;11;2013;38
17;11;2013;37
18;11;2013;32
18;11;2013;41
19;11;2013;12
19;11;2013;13
20;11;2013;52
20;11;2013;53
20;11;2013;56
20;11;2013;57
20;11;2013;58
21;11;2013;64
22;11;2013;21
23;11;2013;14
23;11;2013;15
24;11;2013;48
24;11;2013;50
24;11;2013;51
24;11;2013;55
24;11;2013;63
25;11;2013;118
25;11;2013;124
25;11;2013;125
25;11;2013;126
25;11;2013;127
25;11;2013;129
25;11;2013;132
26;11;2013;105
26;11;2013;106
27;11;2013;36
27;11;2013;43
28;11;2013;90
28;11;2013;93
28;11;2013;101
29;11;2013;138
29;11;2013;139
29;11;2013;140
29;11;2013;143
29;11;2013;144
29;11;2013;148
30;11;2013;104
30;11;2013;110
30;11;2013;111
30;11;2013;112
31;11;2013;16
31;11;2013;42
32;11;2013;121
32;11;2013;122
32;11;2013;123
32;11;2013;128
32;11;2013;130
33;11;2013;165
33;11;2013;166
33;11;2013;167
33;11;2013;168
34;11;2013;65
34;11;2013;66
34;11;2013;67
35;11;2013;70
35;11;2013;71
35;11;2013;119
35;11;2013;120
35;11;2013;159
36;11;2013;135
36;11;2013;136
36;11;2013;137
36;11;2013;142
36;11;2013;155
37;11;2013;89
37;11;2013;99
37;11;2013;100
38;11;2013;107
38;11;2013;108
38;11;2013;109
39;11;2013;54
40;11;2013;35
41;11;2013;27
41;11;2013;31
41;11;2013;39
2;12;2013;9
2;12;2013;10
3;12;2013;23
3;12;2013;24
3;12;2013;25
3;12;2013;26
3;12;2013;44
4;12;2013;6
4;12;2013;17
4;12;2013;18
5;12;2013;1
5;12;2013;4
5;12;2013;5
5;12;2013;7
6;12;2013;19
6;12;2013;20
7;12;2013;72
7;12;2013;73
7;12;2013;74
7;12;2013;75
8;12;2013;134
8;12;2013;141
8;12;2013;145
8;12;2013;146
8;12;2013;147
9;12;2013;28
9;12;2013;29
9;12;2013;30
9;12;2013;40
10;12;2013;87
10;12;2013;88
10;12;2013;91
10;12;2013;92
10;12;2013;94
10;12;2013;95
10;12;2013;96
10;12;2013;97
10;12;2013;98
11;12;2013;151
11;12;2013;152
11;12;2013;153
11;12;2013;154
11;12;2013;156
11;12;2013;157
11;12;2013;158
12;12;2013;76
12;12;2013;77
12;12;2013;78
12;12;2013;79
12;12;2013;81
12;12;2013;82
14;12;2013;33
14;12;2013;34
15;12;2013;59
15;12;2013;60
15;12;2013;61
15;12;2013;62
16;12;2013;22
16;12;2013;38
16;12;2013;45
17;12;2013;37
18;12;2013;32
18;12;2013;41
19;12;2013;12
19;12;2013;13
20;12;2013;52
20;12;2013;53
20;12;2013;56
20;12;2013;57
20;12;2013;58
21;12;2013;64
22;12;2013;21
23;12;2013;11
23;12;2013;14
23;12;2013;15
24;12;2013;48
24;12;2013;50
24;12;2013;51
24;12;2013;55
24;12;2013;63
25;12;2013;118
25;12;2013;124
25;12;2013;125
25;12;2013;126
25;12;2013;127
25;12;2013;129
25;12;2013;132
26;12;2013;105
26;12;2013;106
27;12;2013;36
27;12;2013;43
28;12;2013;90
28;12;2013;93
28;12;2013;101
29;12;2013;138
29;12;2013;139
29;12;2013;140
29;12;2013;143
29;12;2013;144
29;12;2013;148
30;12;2013;104
30;12;2013;110
30;12;2013;111
30;12;2013;112
31;12;2013;16
31;12;2013;42
32;12;2013;121
32;12;2013;122
32;12;2013;123
32;12;2013;128
32;12;2013;130
33;12;2013;165
33;12;2013;166
33;12;2013;167
33;12;2013;168
34;12;2013;65
34;12;2013;66
34;12;2013;67
35;12;2013;70
35;12;2013;71
35;12;2013;119
35;12;2013;120
35;12;2013;159
36;12;2013;135
36;12;2013;136
36;12;2013;137
36;12;2013;142
36;12;2013;155
37;12;2013;89
37;12;2013;99
37;12;2013;100
38;12;2013;107
38;12;2013;108
38;12;2013;109
39;12;2013;54
40;12;2013;35
41;12;2013;27
41;12;2013;31
41;12;2013;39
2;1;2014;9
2;1;2014;10
3;1;2014;23
3;1;2014;24
3;1;2014;25
3;1;2014;26
3;1;2014;44
4;1;2014;6
4;1;2014;17
4;1;2014;18
5;1;2014;1
5;1;2014;4
5;1;2014;5
5;1;2014;7
6;1;2014;19
6;1;2014;20
7;1;2014;72
7;1;2014;73
7;1;2014;74
7;1;2014;75
8;1;2014;134
8;1;2014;141
8;1;2014;145
8;1;2014;146
8;1;2014;147
9;1;2014;28
9;1;2014;29
9;1;2014;30
9;1;2014;40
10;1;2014;87
10;1;2014;88
10;1;2014;91
10;1;2014;92
10;1;2014;94
10;1;2014;95
10;1;2014;96
10;1;2014;97
10;1;2014;98
11;1;2014;151
11;1;2014;152
11;1;2014;153
11;1;2014;154
11;1;2014;156
11;1;2014;157
11;1;2014;158
12;1;2014;76
12;1;2014;77
12;1;2014;78
12;1;2014;79
12;1;2014;81
12;1;2014;82
14;1;2014;33
14;1;2014;34
15;1;2014;59
15;1;2014;60
15;1;2014;61
15;1;2014;62
16;1;2014;22
16;1;2014;38
16;1;2014;45
17;1;2014;37
18;1;2014;32
18;1;2014;41
19;1;2014;12
19;1;2014;13
20;1;2014;52
20;1;2014;53
20;1;2014;56
20;1;2014;57
20;1;2014;58
21;1;2014;64
22;1;2014;21
23;1;2014;11
23;1;2014;14
23;1;2014;15
24;1;2014;48
24;1;2014;50
24;1;2014;51
24;1;2014;55
24;1;2014;63
25;1;2014;118
25;1;2014;124
25;1;2014;125
25;1;2014;126
25;1;2014;127
25;1;2014;129
25;1;2014;132
26;1;2014;105
26;1;2014;106
27;1;2014;36
27;1;2014;43
28;1;2014;90
28;1;2014;93
28;1;2014;101
29;1;2014;138
29;1;2014;139
29;1;2014;140
29;1;2014;143
29;1;2014;144
29;1;2014;148
30;1;2014;104
30;1;2014;110
30;1;2014;111
30;1;2014;112
31;1;2014;16
31;1;2014;42
32;1;2014;121
32;1;2014;122
32;1;2014;123
32;1;2014;128
32;1;2014;130
33;1;2014;165
33;1;2014;166
33;1;2014;167
33;1;2014;168
34;1;2014;65
34;1;2014;66
34;1;2014;67
35;1;2014;70
35;1;2014;71
35;1;2014;119
35;1;2014;120
35;1;2014;159
36;1;2014;135
36;1;2014;136
36;1;2014;137
36;1;2014;142
36;1;2014;155
37;1;2014;89
37;1;2014;99
37;1;2014;100
38;1;2014;107
38;1;2014;108
38;1;2014;109
39;1;2014;54
40;1;2014;35
41;1;2014;27
41;1;2014;31
41;1;2014;39
2;2;2014;9
2;2;2014;10
3;2;2014;23
3;2;2014;24
3;2;2014;25
3;2;2014;26
3;2;2014;44
4;2;2014;6
4;2;2014;17
4;2;2014;18
5;2;2014;1
5;2;2014;4
5;2;2014;5
5;2;2014;7
6;2;2014;19
6;2;2014;20
7;2;2014;72
7;2;2014;73
7;2;2014;74
7;2;2014;75
8;2;2014;134
8;2;2014;141
8;2;2014;145
8;2;2014;146
8;2;2014;147
9;2;2014;28
9;2;2014;29
9;2;2014;30
9;2;2014;40
10;2;2014;87
10;2;2014;88
10;2;2014;91
10;2;2014;92
10;2;2014;94
10;2;2014;95
10;2;2014;96
10;2;2014;97
10;2;2014;98
11;2;2014;151
11;2;2014;152
11;2;2014;153
11;2;2014;154
11;2;2014;156
11;2;2014;157
11;2;2014;158
12;2;2014;76
12;2;2014;77
12;2;2014;78
12;2;2014;79
12;2;2014;81
12;2;2014;82
14;2;2014;33
14;2;2014;34
15;2;2014;59
15;2;2014;60
15;2;2014;61
15;2;2014;62
16;2;2014;22
16;2;2014;38
16;2;2014;45
17;2;2014;37
18;2;2014;32
18;2;2014;41
19;2;2014;12
19;2;2014;13
20;2;2014;52
20;2;2014;53
20;2;2014;56
20;2;2014;57
20;2;2014;58
21;2;2014;64
22;2;2014;21
23;2;2014;11
23;2;2014;14
23;2;2014;15
24;2;2014;48
24;2;2014;50
24;2;2014;51
24;2;2014;55
24;2;2014;63
25;2;2014;118
25;2;2014;124
25;2;2014;125
25;2;2014;126
25;2;2014;127
25;2;2014;129
25;2;2014;132
26;2;2014;105
26;2;2014;106
27;2;2014;36
27;2;2014;43
28;2;2014;90
28;2;2014;93
28;2;2014;101
29;2;2014;138
29;2;2014;139
29;2;2014;140
29;2;2014;143
29;2;2014;144
29;2;2014;148
30;2;2014;104
30;2;2014;110
30;2;2014;111
30;2;2014;112
31;2;2014;16
31;2;2014;42
32;2;2014;121
32;2;2014;122
32;2;2014;123
32;2;2014;128
32;2;2014;130
33;2;2014;165
33;2;2014;166
33;2;2014;167
33;2;2014;168
34;2;2014;65
34;2;2014;66
34;2;2014;67
35;2;2014;70
35;2;2014;71
35;2;2014;119
35;2;2014;120
35;2;2014;159
36;2;2014;135
36;2;2014;136
36;2;2014;137
36;2;2014;142
36;2;2014;155
37;2;2014;89
37;2;2014;99
37;2;2014;100
38;2;2014;107
38;2;2014;108
38;2;2014;109
39;2;2014;54
40;2;2014;35
41;2;2014;27
41;2;2014;31
41;2;2014;39
2;3;2014;9
2;3;2014;10
3;3;2014;23
3;3;2014;24
3;3;2014;25
3;3;2014;26
3;3;2014;44
4;3;2014;6
4;3;2014;17
4;3;2014;18
5;3;2014;1
5;3;2014;4
5;3;2014;5
5;3;2014;7
6;3;2014;19
6;3;2014;20
7;3;2014;72
7;3;2014;73
7;3;2014;74
7;3;2014;75
8;3;2014;134
8;3;2014;141
8;3;2014;145
8;3;2014;146
8;3;2014;147
9;3;2014;28
9;3;2014;29
9;3;2014;30
9;3;2014;40
10;3;2014;87
10;3;2014;88
10;3;2014;91
10;3;2014;92
10;3;2014;94
10;3;2014;95
10;3;2014;96
10;3;2014;97
10;3;2014;98
11;3;2014;151
11;3;2014;152
11;3;2014;153
11;3;2014;154
11;3;2014;156
11;3;2014;157
11;3;2014;158
12;3;2014;76
12;3;2014;77
12;3;2014;78
12;3;2014;79
12;3;2014;81
12;3;2014;82
14;3;2014;33
14;3;2014;34
15;3;2014;59
15;3;2014;60
15;3;2014;61
15;3;2014;62
16;3;2014;22
16;3;2014;38
16;3;2014;45
17;3;2014;37
18;3;2014;32
18;3;2014;41
19;3;2014;12
19;3;2014;13
20;3;2014;52
20;3;2014;53
20;3;2014;56
20;3;2014;57
20;3;2014;58
21;3;2014;64
22;3;2014;21
23;3;2014;11
23;3;2014;14
23;3;2014;15
24;3;2014;48
24;3;2014;50
24;3;2014;51
24;3;2014;55
24;3;2014;63
25;3;2014;118
25;3;2014;124
25;3;2014;125
25;3;2014;126
25;3;2014;127
25;3;2014;129
25;3;2014;132
26;3;2014;105
26;3;2014;106
27;3;2014;36
27;3;2014;43
28;3;2014;90
28;3;2014;93
28;3;2014;101
29;3;2014;138
29;3;2014;139
29;3;2014;140
29;3;2014;143
29;3;2014;144
29;3;2014;148
30;3;2014;104
30;3;2014;110
30;3;2014;111
30;3;2014;112
31;3;2014;16
31;3;2014;42
32;3;2014;121
32;3;2014;122
32;3;2014;123
32;3;2014;128
32;3;2014;130
33;3;2014;165
33;3;2014;166
33;3;2014;167
33;3;2014;168
34;3;2014;65
34;3;2014;66
34;3;2014;67
35;3;2014;70
35;3;2014;71
35;3;2014;119
35;3;2014;120
35;3;2014;159
36;3;2014;135
36;3;2014;136
36;3;2014;137
36;3;2014;142
36;3;2014;155
37;3;2014;89
37;3;2014;99
37;3;2014;100
38;3;2014;107
38;3;2014;108
38;3;2014;109
39;3;2014;54
40;3;2014;35
41;3;2014;27
41;3;2014;31
41;3;2014;39
2;4;2014;9
2;4;2014;10
3;4;2014;23
3;4;2014;24
3;4;2014;25
3;4;2014;26
3;4;2014;44
4;4;2014;6
4;4;2014;17
4;4;2014;18
5;4;2014;1
5;4;2014;4
5;4;2014;5
5;4;2014;7
6;4;2014;19
6;4;2014;20
7;4;2014;72
7;4;2014;73
7;4;2014;74
7;4;2014;75
8;4;2014;134
8;4;2014;141
8;4;2014;145
8;4;2014;146
8;4;2014;147
9;4;2014;28
9;4;2014;29
9;4;2014;30
9;4;2014;40
10;4;2014;87
10;4;2014;88
10;4;2014;91
10;4;2014;92
10;4;2014;94
10;4;2014;95
10;4;2014;96
10;4;2014;97
10;4;2014;98
11;4;2014;151
11;4;2014;152
11;4;2014;153
11;4;2014;154
11;4;2014;156
11;4;2014;157
11;4;2014;158
12;4;2014;76
12;4;2014;77
12;4;2014;78
12;4;2014;79
12;4;2014;81
12;4;2014;82
14;4;2014;33
14;4;2014;34
15;4;2014;59
15;4;2014;60
15;4;2014;61
15;4;2014;62
16;4;2014;22
16;4;2014;38
16;4;2014;45
17;4;2014;37
18;4;2014;32
18;4;2014;41
19;4;2014;12
19;4;2014;13
20;4;2014;52
20;4;2014;53
20;4;2014;56
20;4;2014;57
20;4;2014;58
21;4;2014;64
22;4;2014;21
23;4;2014;11
23;4;2014;14
23;4;2014;15
24;4;2014;48
24;4;2014;50
24;4;2014;51
24;4;2014;55
24;4;2014;63
25;4;2014;118
25;4;2014;124
25;4;2014;125
25;4;2014;126
25;4;2014;127
25;4;2014;129
25;4;2014;132
26;4;2014;105
26;4;2014;106
27;4;2014;36
27;4;2014;43
28;4;2014;90
28;4;2014;93
28;4;2014;101
29;4;2014;138
29;4;2014;139
29;4;2014;140
29;4;2014;143
29;4;2014;144
29;4;2014;148
30;4;2014;104
30;4;2014;110
30;4;2014;111
30;4;2014;112
31;4;2014;16
31;4;2014;42
32;4;2014;121
32;4;2014;122
32;4;2014;123
32;4;2014;128
32;4;2014;130
33;4;2014;165
33;4;2014;166
33;4;2014;167
33;4;2014;168
34;4;2014;65
34;4;2014;66
34;4;2014;67
35;4;2014;70
35;4;2014;71
35;4;2014;119
35;4;2014;120
35;4;2014;159
36;4;2014;135
36;4;2014;136
36;4;2014;137
36;4;2014;142
36;4;2014;155
37;4;2014;89
37;4;2014;99
37;4;2014;100
38;4;2014;107
38;4;2014;108
38;4;2014;109
39;4;2014;54
40;4;2014;35
41;4;2014;27
41;4;2014;31
41;4;2014;39
2;5;2014;9
2;5;2014;10
3;5;2014;23
3;5;2014;24
3;5;2014;25
3;5;2014;26
3;5;2014;44
4;5;2014;6
4;5;2014;17
4;5;2014;18
5;5;2014;1
5;5;2014;4
5;5;2014;5
5;5;2014;7
6;5;2014;19
6;5;2014;20
7;5;2014;72
7;5;2014;73
7;5;2014;74
7;5;2014;75
8;5;2014;134
8;5;2014;141
8;5;2014;145
8;5;2014;146
8;5;2014;147
9;5;2014;28
9;5;2014;29
9;5;2014;30
9;5;2014;40
10;5;2014;87
10;5;2014;88
10;5;2014;91
10;5;2014;92
10;5;2014;94
10;5;2014;95
10;5;2014;96
10;5;2014;97
10;5;2014;98
11;5;2014;151
11;5;2014;152
11;5;2014;153
11;5;2014;154
11;5;2014;156
11;5;2014;157
11;5;2014;158
12;5;2014;76
12;5;2014;77
12;5;2014;78
12;5;2014;79
12;5;2014;81
12;5;2014;82
14;5;2014;33
14;5;2014;34
15;5;2014;59
15;5;2014;60
15;5;2014;61
15;5;2014;62
16;5;2014;22
16;5;2014;38
16;5;2014;45
17;5;2014;37
18;5;2014;32
18;5;2014;41
19;5;2014;12
19;5;2014;13
20;5;2014;52
20;5;2014;53
20;5;2014;56
20;5;2014;57
20;5;2014;58
21;5;2014;64
22;5;2014;21
23;5;2014;11
23;5;2014;14
23;5;2014;15
24;5;2014;48
24;5;2014;50
24;5;2014;51
24;5;2014;55
24;5;2014;63
25;5;2014;118
25;5;2014;124
25;5;2014;125
25;5;2014;126
25;5;2014;127
25;5;2014;129
25;5;2014;132
26;5;2014;105
26;5;2014;106
27;5;2014;36
27;5;2014;43
28;5;2014;90
28;5;2014;93
28;5;2014;101
29;5;2014;138
29;5;2014;139
29;5;2014;140
29;5;2014;143
29;5;2014;144
29;5;2014;148
30;5;2014;104
30;5;2014;110
30;5;2014;111
30;5;2014;112
31;5;2014;16
31;5;2014;42
32;5;2014;121
32;5;2014;122
32;5;2014;123
32;5;2014;128
32;5;2014;130
33;5;2014;165
33;5;2014;166
33;5;2014;167
33;5;2014;168
34;5;2014;65
34;5;2014;66
34;5;2014;67
35;5;2014;70
35;5;2014;71
35;5;2014;119
35;5;2014;120
35;5;2014;159
36;5;2014;135
36;5;2014;136
36;5;2014;137
36;5;2014;142
36;5;2014;155
37;5;2014;89
37;5;2014;99
37;5;2014;100
38;5;2014;107
38;5;2014;108
38;5;2014;109
39;5;2014;54
40;5;2014;35
41;5;2014;27
41;5;2014;31
41;5;2014;39
2;6;2014;9
2;6;2014;10
3;6;2014;23
3;6;2014;24
3;6;2014;25
3;6;2014;26
3;6;2014;44
4;6;2014;6
4;6;2014;17
4;6;2014;18
5;6;2014;1
5;6;2014;4
5;6;2014;5
5;6;2014;7
6;6;2014;19
6;6;2014;20
7;6;2014;72
7;6;2014;73
7;6;2014;74
7;6;2014;75
8;6;2014;134
8;6;2014;141
8;6;2014;145
8;6;2014;146
8;6;2014;147
9;6;2014;28
9;6;2014;29
9;6;2014;30
9;6;2014;40
10;6;2014;87
10;6;2014;88
10;6;2014;91
10;6;2014;92
10;6;2014;94
10;6;2014;95
10;6;2014;96
10;6;2014;97
10;6;2014;98
11;6;2014;151
11;6;2014;152
11;6;2014;153
11;6;2014;154
11;6;2014;156
11;6;2014;157
11;6;2014;158
12;6;2014;76
12;6;2014;77
12;6;2014;78
12;6;2014;79
12;6;2014;81
12;6;2014;82
14;6;2014;33
14;6;2014;34
15;6;2014;59
15;6;2014;60
15;6;2014;61
15;6;2014;62
16;6;2014;22
16;6;2014;38
16;6;2014;45
17;6;2014;37
18;6;2014;32
18;6;2014;41
19;6;2014;12
19;6;2014;13
20;6;2014;52
20;6;2014;53
20;6;2014;56
20;6;2014;57
20;6;2014;58
21;6;2014;64
22;6;2014;21
23;6;2014;11
23;6;2014;14
23;6;2014;15
24;6;2014;48
24;6;2014;50
24;6;2014;51
24;6;2014;55
24;6;2014;63
25;6;2014;118
25;6;2014;124
25;6;2014;125
25;6;2014;126
25;6;2014;127
25;6;2014;129
25;6;2014;132
26;6;2014;105
26;6;2014;106
27;6;2014;36
27;6;2014;43
28;6;2014;90
28;6;2014;93
28;6;2014;101
29;6;2014;138
29;6;2014;139
29;6;2014;140
29;6;2014;143
29;6;2014;144
29;6;2014;148
30;6;2014;104
30;6;2014;110
30;6;2014;111
30;6;2014;112
31;6;2014;16
31;6;2014;42
32;6;2014;121
32;6;2014;122
32;6;2014;123
32;6;2014;128
32;6;2014;130
33;6;2014;165
33;6;2014;166
33;6;2014;167
33;6;2014;168
34;6;2014;65
34;6;2014;66
34;6;2014;67
35;6;2014;70
35;6;2014;71
35;6;2014;119
35;6;2014;120
35;6;2014;159
36;6;2014;135
36;6;2014;136
36;6;2014;137
36;6;2014;142
36;6;2014;155
37;6;2014;89
37;6;2014;99
37;6;2014;100
38;6;2014;107
38;6;2014;108
38;6;2014;109
39;6;2014;54
40;6;2014;35
41;6;2014;27
41;6;2014;31
41;6;2014;39
2;7;2014;9
2;7;2014;10
3;7;2014;23
3;7;2014;24
3;7;2014;25
3;7;2014;26
3;7;2014;44
4;7;2014;6
4;7;2014;17
4;7;2014;18
5;7;2014;1
5;7;2014;4
5;7;2014;5
5;7;2014;7
6;7;2014;19
6;7;2014;20
7;7;2014;72
7;7;2014;73
7;7;2014;74
7;7;2014;75
8;7;2014;134
8;7;2014;141
8;7;2014;145
8;7;2014;146
8;7;2014;147
9;7;2014;28
9;7;2014;29
9;7;2014;30
9;7;2014;40
10;7;2014;87
10;7;2014;88
10;7;2014;91
10;7;2014;92
10;7;2014;94
10;7;2014;95
10;7;2014;96
10;7;2014;97
10;7;2014;98
11;7;2014;151
11;7;2014;152
11;7;2014;153
11;7;2014;154
11;7;2014;156
11;7;2014;157
11;7;2014;158
12;7;2014;76
12;7;2014;77
12;7;2014;78
12;7;2014;79
12;7;2014;81
12;7;2014;82
14;7;2014;33
14;7;2014;34
15;7;2014;59
15;7;2014;60
15;7;2014;61
15;7;2014;62
16;7;2014;22
16;7;2014;38
16;7;2014;45
17;7;2014;37
18;7;2014;32
18;7;2014;41
19;7;2014;12
19;7;2014;13
20;7;2014;52
20;7;2014;53
20;7;2014;56
20;7;2014;57
20;7;2014;58
21;7;2014;64
22;7;2014;21
23;7;2014;11
23;7;2014;14
23;7;2014;15
24;7;2014;48
24;7;2014;50
24;7;2014;51
24;7;2014;55
24;7;2014;63
25;7;2014;118
25;7;2014;124
25;7;2014;125
25;7;2014;126
25;7;2014;127
25;7;2014;129
25;7;2014;132
26;7;2014;105
26;7;2014;106
27;7;2014;36
27;7;2014;43
28;7;2014;90
28;7;2014;93
28;7;2014;101
29;7;2014;138
29;7;2014;139
29;7;2014;140
29;7;2014;143
29;7;2014;144
29;7;2014;148
30;7;2014;104
30;7;2014;110
30;7;2014;111
30;7;2014;112
31;7;2014;16
31;7;2014;42
32;7;2014;121
32;7;2014;122
32;7;2014;123
32;7;2014;128
32;7;2014;130
33;7;2014;165
33;7;2014;166
33;7;2014;167
33;7;2014;168
34;7;2014;65
34;7;2014;66
34;7;2014;67
35;7;2014;70
35;7;2014;71
35;7;2014;119
35;7;2014;120
35;7;2014;159
36;7;2014;135
36;7;2014;136
36;7;2014;137
36;7;2014;142
36;7;2014;155
37;7;2014;89
37;7;2014;99
37;7;2014;100
38;7;2014;107
38;7;2014;108
38;7;2014;109
39;7;2014;54
40;7;2014;35
41;7;2014;27
41;7;2014;31
41;7;2014;39
2;8;2014;9
2;8;2014;10
3;8;2014;23
3;8;2014;24
3;8;2014;25
3;8;2014;26
3;8;2014;44
4;8;2014;6
4;8;2014;17
4;8;2014;18
5;8;2014;1
5;8;2014;4
5;8;2014;5
5;8;2014;7
6;8;2014;19
6;8;2014;20
7;8;2014;72
7;8;2014;73
7;8;2014;74
7;8;2014;75
8;8;2014;134
8;8;2014;141
8;8;2014;145
8;8;2014;146
8;8;2014;147
9;8;2014;28
9;8;2014;29
9;8;2014;30
9;8;2014;40
10;8;2014;87
10;8;2014;88
10;8;2014;91
10;8;2014;92
10;8;2014;94
10;8;2014;95
10;8;2014;96
10;8;2014;97
10;8;2014;98
11;8;2014;151
11;8;2014;152
11;8;2014;153
11;8;2014;154
11;8;2014;156
11;8;2014;157
11;8;2014;158
12;8;2014;76
12;8;2014;77
12;8;2014;78
12;8;2014;79
12;8;2014;81
12;8;2014;82
14;8;2014;33
14;8;2014;34
15;8;2014;59
15;8;2014;60
15;8;2014;61
15;8;2014;62
16;8;2014;22
16;8;2014;38
16;8;2014;45
17;8;2014;37
18;8;2014;32
18;8;2014;41
19;8;2014;12
19;8;2014;13
20;8;2014;52
20;8;2014;53
20;8;2014;56
20;8;2014;57
20;8;2014;58
21;8;2014;64
22;8;2014;21
23;8;2014;11
23;8;2014;14
23;8;2014;15
24;8;2014;48
24;8;2014;50
24;8;2014;51
24;8;2014;55
24;8;2014;63
25;8;2014;118
25;8;2014;124
25;8;2014;125
25;8;2014;126
25;8;2014;127
25;8;2014;129
25;8;2014;132
26;8;2014;105
26;8;2014;106
27;8;2014;36
27;8;2014;43
28;8;2014;90
28;8;2014;93
28;8;2014;101
29;8;2014;138
29;8;2014;139
29;8;2014;140
29;8;2014;143
29;8;2014;144
29;8;2014;148
30;8;2014;104
30;8;2014;110
30;8;2014;111
30;8;2014;112
31;8;2014;16
31;8;2014;42
32;8;2014;121
32;8;2014;122
32;8;2014;123
32;8;2014;128
32;8;2014;130
33;8;2014;165
33;8;2014;166
33;8;2014;167
33;8;2014;168
34;8;2014;65
34;8;2014;66
34;8;2014;67
35;8;2014;70
35;8;2014;71
35;8;2014;119
35;8;2014;120
35;8;2014;159
36;8;2014;135
36;8;2014;136
36;8;2014;137
36;8;2014;142
36;8;2014;155
37;8;2014;89
37;8;2014;99
37;8;2014;100
38;8;2014;107
38;8;2014;108
38;8;2014;109
39;8;2014;54
40;8;2014;35
41;8;2014;27
41;8;2014;31
41;8;2014;39
2;9;2014;9
2;9;2014;10
3;9;2014;23
3;9;2014;24
3;9;2014;25
3;9;2014;26
3;9;2014;44
4;9;2014;6
4;9;2014;17
4;9;2014;18
5;9;2014;1
5;9;2014;4
5;9;2014;5
5;9;2014;7
6;9;2014;19
6;9;2014;20
7;9;2014;72
7;9;2014;73
7;9;2014;74
7;9;2014;75
8;9;2014;134
8;9;2014;141
8;9;2014;145
8;9;2014;146
8;9;2014;147
9;9;2014;28
9;9;2014;29
9;9;2014;30
9;9;2014;40
10;9;2014;87
10;9;2014;88
10;9;2014;91
10;9;2014;92
10;9;2014;94
10;9;2014;95
10;9;2014;96
10;9;2014;97
10;9;2014;98
11;9;2014;151
11;9;2014;152
11;9;2014;153
11;9;2014;154
11;9;2014;156
11;9;2014;157
11;9;2014;158
12;9;2014;76
12;9;2014;77
12;9;2014;78
12;9;2014;79
12;9;2014;81
12;9;2014;82
14;9;2014;33
14;9;2014;34
15;9;2014;59
15;9;2014;60
15;9;2014;61
15;9;2014;62
16;9;2014;22
16;9;2014;38
16;9;2014;45
17;9;2014;37
18;9;2014;32
18;9;2014;41
19;9;2014;12
19;9;2014;13
20;9;2014;52
20;9;2014;53
20;9;2014;56
20;9;2014;57
20;9;2014;58
21;9;2014;64
22;9;2014;21
23;9;2014;11
23;9;2014;14
23;9;2014;15
24;9;2014;48
24;9;2014;50
24;9;2014;51
24;9;2014;55
24;9;2014;63
25;9;2014;118
25;9;2014;124
25;9;2014;125
25;9;2014;126
25;9;2014;127
25;9;2014;129
25;9;2014;132
26;9;2014;105
26;9;2014;106
27;9;2014;36
27;9;2014;43
28;9;2014;90
28;9;2014;93
28;9;2014;101
29;9;2014;138
29;9;2014;139
29;9;2014;140
29;9;2014;143
29;9;2014;144
29;9;2014;148
30;9;2014;104
30;9;2014;110
30;9;2014;111
30;9;2014;112
31;9;2014;16
31;9;2014;42
32;9;2014;121
32;9;2014;122
32;9;2014;123
32;9;2014;128
32;9;2014;130
33;9;2014;165
33;9;2014;166
33;9;2014;167
33;9;2014;168
34;9;2014;65
34;9;2014;66
34;9;2014;67
35;9;2014;70
35;9;2014;71
35;9;2014;119
35;9;2014;120
35;9;2014;159
36;9;2014;135
36;9;2014;136
36;9;2014;137
36;9;2014;142
36;9;2014;155
37;9;2014;89
37;9;2014;99
37;9;2014;100
38;9;2014;107
38;9;2014;108
38;9;2014;109
39;9;2014;54
40;9;2014;35
41;9;2014;27
41;9;2014;31
41;9;2014;39
2;10;2014;9
2;10;2014;10
3;10;2014;23
3;10;2014;24
3;10;2014;25
3;10;2014;26
3;10;2014;44
4;10;2014;6
4;10;2014;17
4;10;2014;18
5;10;2014;1
5;10;2014;4
5;10;2014;5
5;10;2014;7
6;10;2014;19
6;10;2014;20
7;10;2014;72
7;10;2014;73
7;10;2014;74
7;10;2014;75
8;10;2014;134
8;10;2014;141
8;10;2014;145
8;10;2014;146
8;10;2014;147
9;10;2014;28
9;10;2014;29
9;10;2014;30
9;10;2014;40
10;10;2014;87
10;10;2014;88
10;10;2014;91
10;10;2014;92
10;10;2014;94
10;10;2014;95
10;10;2014;96
10;10;2014;97
10;10;2014;98
11;10;2014;151
11;10;2014;152
11;10;2014;153
11;10;2014;154
11;10;2014;156
11;10;2014;157
11;10;2014;158
12;10;2014;76
12;10;2014;77
12;10;2014;78
12;10;2014;79
12;10;2014;81
12;10;2014;82
14;10;2014;33
14;10;2014;34
15;10;2014;59
15;10;2014;60
15;10;2014;61
15;10;2014;62
16;10;2014;22
16;10;2014;38
16;10;2014;45
17;10;2014;37
18;10;2014;32
18;10;2014;41
19;10;2014;12
19;10;2014;13
20;10;2014;52
20;10;2014;53
20;10;2014;56
20;10;2014;57
20;10;2014;58
21;10;2014;64
22;10;2014;21
23;10;2014;11
23;10;2014;14
23;10;2014;15
24;10;2014;48
24;10;2014;50
24;10;2014;51
24;10;2014;55
24;10;2014;63
25;10;2014;118
25;10;2014;124
25;10;2014;125
25;10;2014;126
25;10;2014;127
25;10;2014;129
25;10;2014;132
26;10;2014;105
26;10;2014;106
27;10;2014;36
27;10;2014;43
28;10;2014;90
28;10;2014;93
28;10;2014;101
29;10;2014;138
29;10;2014;139
29;10;2014;140
29;10;2014;143
29;10;2014;144
29;10;2014;148
30;10;2014;104
30;10;2014;110
30;10;2014;111
30;10;2014;112
31;10;2014;16
31;10;2014;42
32;10;2014;121
32;10;2014;122
32;10;2014;123
32;10;2014;128
32;10;2014;130
33;10;2014;165
33;10;2014;166
33;10;2014;167
33;10;2014;168
34;10;2014;65
34;10;2014;66
34;10;2014;67
35;10;2014;70
35;10;2014;71
35;10;2014;119
35;10;2014;120
35;10;2014;159
36;10;2014;135
36;10;2014;136
36;10;2014;137
36;10;2014;142
36;10;2014;155
37;10;2014;89
37;10;2014;99
37;10;2014;100
38;10;2014;107
38;10;2014;108
38;10;2014;109
39;10;2014;54
40;10;2014;35
41;10;2014;27
41;10;2014;31
41;10;2014;39
2;11;2014;9
2;11;2014;10
3;11;2014;23
3;11;2014;24
3;11;2014;25
3;11;2014;26
3;11;2014;44
4;11;2014;6
4;11;2014;17
4;11;2014;18
5;11;2014;1
5;11;2014;4
5;11;2014;5
5;11;2014;7
6;11;2014;19
6;11;2014;20
7;11;2014;72
7;11;2014;73
7;11;2014;74
7;11;2014;75
8;11;2014;134
8;11;2014;141
8;11;2014;145
8;11;2014;146
8;11;2014;147
9;11;2014;28
9;11;2014;29
9;11;2014;30
9;11;2014;40
10;11;2014;87
10;11;2014;88
10;11;2014;91
10;11;2014;92
10;11;2014;94
10;11;2014;95
10;11;2014;96
10;11;2014;97
10;11;2014;98
11;11;2014;151
11;11;2014;152
11;11;2014;153
11;11;2014;154
11;11;2014;156
11;11;2014;157
11;11;2014;158
12;11;2014;76
12;11;2014;77
12;11;2014;78
12;11;2014;79
12;11;2014;81
12;11;2014;82
14;11;2014;33
14;11;2014;34
15;11;2014;59
15;11;2014;60
15;11;2014;61
15;11;2014;62
16;11;2014;22
16;11;2014;38
16;11;2014;45
17;11;2014;37
18;11;2014;32
18;11;2014;41
19;11;2014;12
19;11;2014;13
20;11;2014;52
20;11;2014;53
20;11;2014;56
20;11;2014;57
20;11;2014;58
21;11;2014;64
22;11;2014;21
23;11;2014;11
23;11;2014;14
23;11;2014;15
24;11;2014;48
24;11;2014;50
24;11;2014;51
24;11;2014;55
24;11;2014;63
25;11;2014;118
25;11;2014;124
25;11;2014;125
25;11;2014;126
25;11;2014;127
25;11;2014;129
25;11;2014;132
26;11;2014;105
26;11;2014;106
27;11;2014;36
27;11;2014;43
28;11;2014;90
28;11;2014;93
28;11;2014;101
29;11;2014;138
29;11;2014;139
29;11;2014;140
29;11;2014;143
29;11;2014;144
29;11;2014;148
30;11;2014;104
30;11;2014;110
30;11;2014;111
30;11;2014;112
31;11;2014;16
31;11;2014;42
32;11;2014;121
32;11;2014;122
32;11;2014;123
32;11;2014;128
32;11;2014;130
33;11;2014;165
33;11;2014;166
33;11;2014;167
33;11;2014;168
34;11;2014;65
34;11;2014;66
34;11;2014;67
35;11;2014;70
35;11;2014;71
35;11;2014;119
35;11;2014;120
35;11;2014;159
36;11;2014;135
36;11;2014;136
36;11;2014;137
36;11;2014;142
36;11;2014;155
37;11;2014;89
37;11;2014;99
37;11;2014;100
38;11;2014;107
38;11;2014;108
38;11;2014;109
39;11;2014;54
40;11;2014;35
41;11;2014;27
41;11;2014;31
41;11;2014;39
2;12;2014;9
2;12;2014;10
3;12;2014;23
3;12;2014;24
3;12;2014;25
3;12;2014;26
3;12;2014;44
4;12;2014;6
4;12;2014;17
4;12;2014;18
5;12;2014;1
5;12;2014;4
5;12;2014;5
5;12;2014;7
6;12;2014;19
6;12;2014;20
7;12;2014;72
7;12;2014;73
7;12;2014;74
7;12;2014;75
8;12;2014;134
8;12;2014;141
8;12;2014;145
8;12;2014;146
8;12;2014;147
9;12;2014;28
9;12;2014;29
9;12;2014;30
9;12;2014;40
10;12;2014;87
10;12;2014;88
10;12;2014;91
10;12;2014;92
10;12;2014;94
10;12;2014;95
10;12;2014;96
10;12;2014;97
10;12;2014;98
11;12;2014;151
11;12;2014;152
11;12;2014;153
11;12;2014;154
11;12;2014;156
11;12;2014;157
11;12;2014;158
12;12;2014;76
12;12;2014;77
12;12;2014;78
12;12;2014;79
12;12;2014;81
12;12;2014;82
14;12;2014;33
14;12;2014;34
15;12;2014;59
15;12;2014;60
15;12;2014;61
15;12;2014;62
16;12;2014;22
16;12;2014;38
16;12;2014;45
17;12;2014;37
18;12;2014;32
18;12;2014;41
19;12;2014;12
19;12;2014;13
20;12;2014;52
20;12;2014;53
20;12;2014;56
20;12;2014;57
20;12;2014;58
21;12;2014;64
22;12;2014;21
23;12;2014;11
23;12;2014;14
23;12;2014;15
24;12;2014;48
24;12;2014;50
24;12;2014;51
24;12;2014;55
24;12;2014;63
25;12;2014;118
25;12;2014;124
25;12;2014;125
25;12;2014;126
25;12;2014;127
25;12;2014;129
25;12;2014;132
26;12;2014;105
26;12;2014;106
27;12;2014;36
27;12;2014;43
28;12;2014;90
28;12;2014;93
28;12;2014;101
29;12;2014;138
29;12;2014;139
29;12;2014;140
29;12;2014;143
29;12;2014;144
29;12;2014;148
30;12;2014;104
30;12;2014;110
30;12;2014;111
30;12;2014;112
31;12;2014;16
31;12;2014;42
32;12;2014;121
32;12;2014;122
32;12;2014;123
32;12;2014;128
32;12;2014;130
33;12;2014;165
33;12;2014;166
33;12;2014;167
33;12;2014;168
34;12;2014;65
34;12;2014;66
34;12;2014;67
35;12;2014;70
35;12;2014;71
35;12;2014;119
35;12;2014;120
35;12;2014;159
36;12;2014;135
36;12;2014;136
36;12;2014;137
36;12;2014;142
36;12;2014;155
37;12;2014;89
37;12;2014;99
37;12;2014;100
38;12;2014;107
38;12;2014;108
38;12;2014;109
39;12;2014;54
40;12;2014;35
41;12;2014;27
41;12;2014;31
41;12;2014;39
2;1;2015;9
2;1;2015;10
3;1;2015;23
3;1;2015;24
3;1;2015;25
3;1;2015;26
3;1;2015;44
4;1;2015;6
4;1;2015;17
4;1;2015;18
5;1;2015;1
5;1;2015;4
5;1;2015;5
5;1;2015;7
6;1;2015;19
6;1;2015;20
7;1;2015;72
7;1;2015;73
7;1;2015;74
7;1;2015;75
8;1;2015;134
8;1;2015;141
8;1;2015;145
8;1;2015;146
8;1;2015;147
9;1;2015;28
9;1;2015;29
9;1;2015;30
9;1;2015;40
10;1;2015;87
10;1;2015;88
10;1;2015;91
10;1;2015;92
10;1;2015;94
10;1;2015;95
10;1;2015;96
10;1;2015;97
10;1;2015;98
11;1;2015;151
11;1;2015;152
11;1;2015;153
11;1;2015;154
11;1;2015;156
11;1;2015;157
11;1;2015;158
12;1;2015;76
12;1;2015;77
12;1;2015;78
12;1;2015;79
12;1;2015;81
12;1;2015;82
14;1;2015;33
14;1;2015;34
15;1;2015;59
15;1;2015;60
15;1;2015;61
15;1;2015;62
16;1;2015;22
16;1;2015;38
16;1;2015;45
17;1;2015;37
18;1;2015;32
18;1;2015;41
19;1;2015;12
19;1;2015;13
20;1;2015;52
20;1;2015;53
20;1;2015;56
20;1;2015;57
20;1;2015;58
21;1;2015;64
22;1;2015;21
23;1;2015;11
23;1;2015;14
23;1;2015;15
24;1;2015;48
24;1;2015;50
24;1;2015;51
24;1;2015;55
24;1;2015;63
25;1;2015;118
25;1;2015;124
25;1;2015;125
25;1;2015;126
25;1;2015;127
25;1;2015;129
25;1;2015;132
26;1;2015;105
26;1;2015;106
27;1;2015;36
27;1;2015;43
28;1;2015;90
28;1;2015;93
28;1;2015;101
29;1;2015;138
29;1;2015;139
29;1;2015;140
29;1;2015;143
29;1;2015;144
29;1;2015;148
30;1;2015;104
30;1;2015;110
30;1;2015;111
30;1;2015;112
31;1;2015;16
31;1;2015;42
32;1;2015;121
32;1;2015;122
32;1;2015;123
32;1;2015;128
32;1;2015;130
33;1;2015;165
33;1;2015;166
33;1;2015;167
33;1;2015;168
34;1;2015;65
34;1;2015;66
34;1;2015;67
35;1;2015;70
35;1;2015;71
35;1;2015;119
35;1;2015;120
35;1;2015;159
36;1;2015;135
36;1;2015;136
36;1;2015;137
36;1;2015;142
36;1;2015;155
37;1;2015;89
37;1;2015;99
37;1;2015;100
38;1;2015;107
38;1;2015;108
38;1;2015;109
39;1;2015;54
40;1;2015;35
41;1;2015;27
41;1;2015;31
41;1;2015;39
2;2;2015;9
2;2;2015;10
3;2;2015;23
3;2;2015;24
3;2;2015;25
3;2;2015;26
3;2;2015;44
4;2;2015;6
4;2;2015;17
4;2;2015;18
5;2;2015;1
5;2;2015;4
5;2;2015;5
5;2;2015;7
6;2;2015;19
6;2;2015;20
7;2;2015;72
7;2;2015;73
7;2;2015;74
7;2;2015;75
8;2;2015;134
8;2;2015;141
8;2;2015;145
8;2;2015;146
8;2;2015;147
9;2;2015;28
9;2;2015;29
9;2;2015;30
9;2;2015;40
10;2;2015;87
10;2;2015;88
10;2;2015;91
10;2;2015;92
10;2;2015;94
10;2;2015;95
10;2;2015;96
10;2;2015;97
10;2;2015;98
11;2;2015;151
11;2;2015;152
11;2;2015;153
11;2;2015;154
11;2;2015;156
11;2;2015;157
11;2;2015;158
12;2;2015;76
12;2;2015;77
12;2;2015;78
12;2;2015;79
12;2;2015;81
12;2;2015;82
14;2;2015;33
14;2;2015;34
15;2;2015;59
15;2;2015;60
15;2;2015;61
15;2;2015;62
16;2;2015;22
16;2;2015;38
16;2;2015;45
17;2;2015;37
18;2;2015;32
18;2;2015;41
19;2;2015;12
19;2;2015;13
20;2;2015;52
20;2;2015;53
20;2;2015;56
20;2;2015;57
20;2;2015;58
21;2;2015;64
22;2;2015;21
23;2;2015;11
23;2;2015;14
23;2;2015;15
24;2;2015;48
24;2;2015;50
24;2;2015;51
24;2;2015;55
24;2;2015;63
25;2;2015;118
25;2;2015;124
25;2;2015;125
25;2;2015;126
25;2;2015;127
25;2;2015;129
25;2;2015;132
26;2;2015;105
26;2;2015;106
27;2;2015;36
27;2;2015;43
28;2;2015;90
28;2;2015;93
28;2;2015;101
29;2;2015;138
29;2;2015;139
29;2;2015;140
29;2;2015;143
29;2;2015;144
29;2;2015;148
30;2;2015;104
30;2;2015;110
30;2;2015;111
30;2;2015;112
31;2;2015;16
31;2;2015;42
32;2;2015;121
32;2;2015;122
32;2;2015;123
32;2;2015;128
32;2;2015;130
33;2;2015;165
33;2;2015;166
33;2;2015;167
33;2;2015;168
34;2;2015;65
34;2;2015;66
34;2;2015;67
35;2;2015;70
35;2;2015;71
35;2;2015;119
35;2;2015;120
35;2;2015;159
36;2;2015;135
36;2;2015;136
36;2;2015;137
36;2;2015;142
36;2;2015;155
37;2;2015;89
37;2;2015;99
37;2;2015;100
38;2;2015;107
38;2;2015;108
38;2;2015;109
39;2;2015;54
40;2;2015;35
41;2;2015;27
41;2;2015;31
41;2;2015;39
2;3;2015;9
2;3;2015;10
3;3;2015;23
3;3;2015;24
3;3;2015;25
3;3;2015;26
3;3;2015;44
4;3;2015;6
4;3;2015;17
4;3;2015;18
5;3;2015;1
5;3;2015;4
5;3;2015;5
5;3;2015;7
6;3;2015;19
6;3;2015;20
7;3;2015;72
7;3;2015;73
7;3;2015;74
7;3;2015;75
8;3;2015;134
8;3;2015;141
8;3;2015;145
8;3;2015;146
8;3;2015;147
9;3;2015;28
9;3;2015;29
9;3;2015;30
9;3;2015;40
10;3;2015;87
10;3;2015;88
10;3;2015;91
10;3;2015;92
10;3;2015;94
10;3;2015;95
10;3;2015;96
10;3;2015;97
10;3;2015;98
11;3;2015;151
11;3;2015;152
11;3;2015;153
11;3;2015;154
11;3;2015;156
11;3;2015;157
11;3;2015;158
12;3;2015;76
12;3;2015;77
12;3;2015;78
12;3;2015;79
12;3;2015;81
12;3;2015;82
14;3;2015;33
14;3;2015;34
15;3;2015;59
15;3;2015;60
15;3;2015;61
15;3;2015;62
16;3;2015;22
16;3;2015;38
16;3;2015;45
17;3;2015;37
18;3;2015;32
18;3;2015;41
19;3;2015;12
19;3;2015;13
20;3;2015;52
20;3;2015;53
20;3;2015;56
20;3;2015;57
20;3;2015;58
21;3;2015;64
22;3;2015;21
23;3;2015;11
23;3;2015;14
23;3;2015;15
24;3;2015;48
24;3;2015;50
24;3;2015;51
24;3;2015;55
24;3;2015;63
25;3;2015;118
25;3;2015;124
25;3;2015;125
25;3;2015;126
25;3;2015;127
25;3;2015;129
25;3;2015;132
26;3;2015;105
26;3;2015;106
27;3;2015;36
27;3;2015;43
28;3;2015;90
28;3;2015;93
28;3;2015;101
29;3;2015;138
29;3;2015;139
29;3;2015;140
29;3;2015;143
29;3;2015;144
29;3;2015;148
30;3;2015;104
30;3;2015;110
30;3;2015;111
30;3;2015;112
31;3;2015;16
31;3;2015;42
32;3;2015;121
32;3;2015;122
32;3;2015;123
32;3;2015;128
32;3;2015;130
33;3;2015;165
33;3;2015;166
33;3;2015;167
33;3;2015;168
34;3;2015;65
34;3;2015;66
34;3;2015;67
35;3;2015;70
35;3;2015;71
35;3;2015;119
35;3;2015;120
35;3;2015;159
36;3;2015;135
36;3;2015;136
36;3;2015;137
36;3;2015;142
36;3;2015;155
37;3;2015;89
37;3;2015;99
37;3;2015;100
38;3;2015;107
38;3;2015;108
38;3;2015;109
39;3;2015;54
40;3;2015;35
41;3;2015;27
41;3;2015;31
41;3;2015;39
2;4;2015;9
2;4;2015;10
3;4;2015;23
3;4;2015;24
3;4;2015;25
3;4;2015;26
3;4;2015;44
4;4;2015;6
4;4;2015;17
4;4;2015;18
5;4;2015;1
5;4;2015;4
5;4;2015;5
5;4;2015;7
6;4;2015;19
6;4;2015;20
7;4;2015;72
7;4;2015;73
7;4;2015;74
7;4;2015;75
8;4;2015;134
8;4;2015;141
8;4;2015;145
8;4;2015;146
8;4;2015;147
9;4;2015;28
9;4;2015;29
9;4;2015;30
9;4;2015;40
10;4;2015;87
10;4;2015;88
10;4;2015;91
10;4;2015;92
10;4;2015;94
10;4;2015;95
10;4;2015;96
10;4;2015;97
10;4;2015;98
11;4;2015;151
11;4;2015;152
11;4;2015;153
11;4;2015;154
11;4;2015;156
11;4;2015;157
11;4;2015;158
12;4;2015;76
12;4;2015;77
12;4;2015;78
12;4;2015;79
12;4;2015;81
12;4;2015;82
14;4;2015;33
14;4;2015;34
15;4;2015;59
15;4;2015;60
15;4;2015;61
15;4;2015;62
16;4;2015;22
16;4;2015;38
16;4;2015;45
17;4;2015;37
18;4;2015;32
18;4;2015;41
19;4;2015;12
19;4;2015;13
20;4;2015;52
20;4;2015;53
20;4;2015;56
20;4;2015;57
20;4;2015;58
21;4;2015;64
22;4;2015;21
23;4;2015;11
23;4;2015;14
23;4;2015;15
24;4;2015;48
24;4;2015;50
24;4;2015;51
24;4;2015;55
24;4;2015;63
25;4;2015;118
25;4;2015;124
25;4;2015;125
25;4;2015;126
25;4;2015;127
25;4;2015;129
25;4;2015;132
26;4;2015;105
26;4;2015;106
27;4;2015;36
27;4;2015;43
28;4;2015;90
28;4;2015;93
28;4;2015;101
29;4;2015;138
29;4;2015;139
29;4;2015;140
29;4;2015;143
29;4;2015;144
29;4;2015;148
30;4;2015;104
30;4;2015;110
30;4;2015;111
30;4;2015;112
31;4;2015;16
31;4;2015;42
32;4;2015;121
32;4;2015;122
32;4;2015;123
32;4;2015;128
32;4;2015;130
33;4;2015;165
33;4;2015;166
33;4;2015;167
33;4;2015;168
34;4;2015;65
34;4;2015;66
34;4;2015;67
35;4;2015;70
35;4;2015;71
35;4;2015;119
35;4;2015;120
35;4;2015;159
36;4;2015;135
36;4;2015;136
36;4;2015;137
36;4;2015;142
36;4;2015;155
37;4;2015;89
37;4;2015;99
37;4;2015;100
38;4;2015;107
38;4;2015;108
38;4;2015;109
39;4;2015;54
40;4;2015;35
41;4;2015;27
41;4;2015;31
41;4;2015;39
2;5;2015;9
2;5;2015;10
3;5;2015;23
3;5;2015;24
3;5;2015;25
3;5;2015;26
3;5;2015;44
4;5;2015;6
4;5;2015;17
4;5;2015;18
5;5;2015;1
5;5;2015;4
5;5;2015;5
5;5;2015;7
6;5;2015;19
6;5;2015;20
7;5;2015;72
7;5;2015;73
7;5;2015;74
7;5;2015;75
8;5;2015;134
8;5;2015;141
8;5;2015;145
8;5;2015;146
8;5;2015;147
9;5;2015;28
9;5;2015;29
9;5;2015;30
9;5;2015;40
10;5;2015;87
10;5;2015;88
10;5;2015;91
10;5;2015;92
10;5;2015;94
10;5;2015;95
10;5;2015;96
10;5;2015;97
10;5;2015;98
11;5;2015;151
11;5;2015;152
11;5;2015;153
11;5;2015;154
11;5;2015;156
11;5;2015;157
11;5;2015;158
12;5;2015;76
12;5;2015;77
12;5;2015;78
12;5;2015;79
12;5;2015;81
12;5;2015;82
14;5;2015;33
14;5;2015;34
15;5;2015;59
15;5;2015;60
15;5;2015;61
15;5;2015;62
16;5;2015;22
16;5;2015;38
16;5;2015;45
17;5;2015;37
18;5;2015;32
18;5;2015;41
19;5;2015;12
19;5;2015;13
20;5;2015;52
20;5;2015;53
20;5;2015;56
20;5;2015;57
20;5;2015;58
21;5;2015;64
22;5;2015;21
23;5;2015;11
23;5;2015;14
23;5;2015;15
24;5;2015;48
24;5;2015;50
24;5;2015;51
24;5;2015;55
24;5;2015;63
25;5;2015;118
25;5;2015;124
25;5;2015;125
25;5;2015;126
25;5;2015;127
25;5;2015;129
25;5;2015;132
26;5;2015;105
26;5;2015;106
27;5;2015;36
27;5;2015;43
28;5;2015;90
28;5;2015;93
28;5;2015;101
29;5;2015;138
29;5;2015;139
29;5;2015;140
29;5;2015;143
29;5;2015;144
29;5;2015;148
30;5;2015;104
30;5;2015;110
30;5;2015;111
30;5;2015;112
31;5;2015;16
31;5;2015;42
32;5;2015;121
32;5;2015;122
32;5;2015;123
32;5;2015;128
32;5;2015;130
33;5;2015;165
33;5;2015;166
33;5;2015;167
33;5;2015;168
34;5;2015;65
34;5;2015;66
34;5;2015;67
35;5;2015;70
35;5;2015;71
35;5;2015;119
35;5;2015;120
35;5;2015;159
36;5;2015;135
36;5;2015;136
36;5;2015;137
36;5;2015;142
36;5;2015;155
37;5;2015;89
37;5;2015;99
37;5;2015;100
38;5;2015;107
38;5;2015;108
38;5;2015;109
39;5;2015;54
40;5;2015;35
41;5;2015;27
41;5;2015;31
41;5;2015;39
2;6;2015;9
2;6;2015;10
3;6;2015;23
3;6;2015;24
3;6;2015;25
3;6;2015;26
3;6;2015;44
4;6;2015;6
4;6;2015;17
4;6;2015;18
5;6;2015;1
5;6;2015;4
5;6;2015;5
5;6;2015;7
6;6;2015;19
6;6;2015;20
7;6;2015;72
7;6;2015;73
7;6;2015;74
7;6;2015;75
8;6;2015;134
8;6;2015;141
8;6;2015;145
8;6;2015;146
8;6;2015;147
9;6;2015;28
9;6;2015;29
9;6;2015;30
9;6;2015;40
10;6;2015;87
10;6;2015;88
10;6;2015;91
10;6;2015;92
10;6;2015;94
10;6;2015;95
10;6;2015;96
10;6;2015;97
10;6;2015;98
11;6;2015;151
11;6;2015;152
11;6;2015;153
11;6;2015;154
11;6;2015;156
11;6;2015;157
11;6;2015;158
12;6;2015;76
12;6;2015;77
12;6;2015;78
12;6;2015;79
12;6;2015;81
12;6;2015;82
14;6;2015;33
14;6;2015;34
15;6;2015;59
15;6;2015;60
15;6;2015;61
15;6;2015;62
16;6;2015;22
16;6;2015;38
16;6;2015;45
17;6;2015;37
18;6;2015;32
18;6;2015;41
19;6;2015;12
19;6;2015;13
20;6;2015;52
20;6;2015;53
20;6;2015;56
20;6;2015;57
20;6;2015;58
21;6;2015;64
22;6;2015;21
23;6;2015;11
23;6;2015;14
23;6;2015;15
24;6;2015;48
24;6;2015;50
24;6;2015;51
24;6;2015;55
24;6;2015;63
25;6;2015;118
25;6;2015;124
25;6;2015;125
25;6;2015;126
25;6;2015;127
25;6;2015;129
25;6;2015;132
26;6;2015;105
26;6;2015;106
27;6;2015;36
27;6;2015;43
28;6;2015;90
28;6;2015;93
28;6;2015;101
29;6;2015;138
29;6;2015;139
29;6;2015;140
29;6;2015;143
29;6;2015;144
29;6;2015;148
30;6;2015;104
30;6;2015;110
30;6;2015;111
30;6;2015;112
31;6;2015;16
31;6;2015;42
32;6;2015;121
32;6;2015;122
32;6;2015;123
32;6;2015;128
32;6;2015;130
33;6;2015;165
33;6;2015;166
33;6;2015;167
33;6;2015;168
34;6;2015;65
34;6;2015;66
34;6;2015;67
35;6;2015;70
35;6;2015;71
35;6;2015;119
35;6;2015;120
35;6;2015;159
36;6;2015;135
36;6;2015;136
36;6;2015;137
36;6;2015;142
36;6;2015;155
37;6;2015;89
37;6;2015;99
37;6;2015;100
38;6;2015;107
38;6;2015;108
38;6;2015;109
39;6;2015;54
40;6;2015;35
41;6;2015;27
41;6;2015;31
41;6;2015;39
2;7;2015;9
2;7;2015;10
3;7;2015;23
3;7;2015;24
3;7;2015;25
3;7;2015;26
3;7;2015;44
4;7;2015;6
4;7;2015;17
4;7;2015;18
5;7;2015;1
5;7;2015;4
5;7;2015;5
5;7;2015;7
6;7;2015;19
6;7;2015;20
7;7;2015;72
7;7;2015;73
7;7;2015;74
7;7;2015;75
8;7;2015;134
8;7;2015;141
8;7;2015;145
8;7;2015;146
8;7;2015;147
9;7;2015;28
9;7;2015;29
9;7;2015;30
9;7;2015;40
10;7;2015;87
10;7;2015;88
10;7;2015;91
10;7;2015;92
10;7;2015;94
10;7;2015;95
10;7;2015;96
10;7;2015;97
10;7;2015;98
11;7;2015;151
11;7;2015;152
11;7;2015;153
11;7;2015;154
11;7;2015;156
11;7;2015;157
11;7;2015;158
12;7;2015;76
12;7;2015;77
12;7;2015;78
12;7;2015;79
12;7;2015;81
12;7;2015;82
14;7;2015;33
14;7;2015;34
15;7;2015;59
15;7;2015;60
15;7;2015;61
15;7;2015;62
16;7;2015;22
16;7;2015;38
16;7;2015;45
17;7;2015;37
18;7;2015;32
18;7;2015;41
19;7;2015;12
19;7;2015;13
20;7;2015;52
20;7;2015;53
20;7;2015;56
20;7;2015;57
20;7;2015;58
21;7;2015;64
22;7;2015;21
23;7;2015;11
23;7;2015;14
23;7;2015;15
24;7;2015;48
24;7;2015;50
24;7;2015;51
24;7;2015;55
24;7;2015;63
25;7;2015;118
25;7;2015;124
25;7;2015;125
25;7;2015;126
25;7;2015;127
25;7;2015;129
25;7;2015;132
26;7;2015;105
26;7;2015;106
27;7;2015;36
27;7;2015;43
28;7;2015;90
28;7;2015;93
28;7;2015;101
29;7;2015;138
29;7;2015;139
29;7;2015;140
29;7;2015;143
29;7;2015;144
29;7;2015;148
30;7;2015;104
30;7;2015;110
30;7;2015;111
30;7;2015;112
31;7;2015;16
31;7;2015;42
32;7;2015;121
32;7;2015;122
32;7;2015;123
32;7;2015;128
32;7;2015;130
33;7;2015;165
33;7;2015;166
33;7;2015;167
33;7;2015;168
34;7;2015;65
34;7;2015;66
34;7;2015;67
35;7;2015;70
35;7;2015;71
35;7;2015;119
35;7;2015;120
35;7;2015;159
36;7;2015;135
36;7;2015;136
36;7;2015;137
36;7;2015;142
36;7;2015;155
37;7;2015;89
37;7;2015;99
37;7;2015;100
38;7;2015;107
38;7;2015;108
38;7;2015;109
39;7;2015;54
40;7;2015;35
41;7;2015;27
41;7;2015;31
41;7;2015;39
2;8;2015;9
2;8;2015;10
3;8;2015;23
3;8;2015;24
3;8;2015;25
3;8;2015;26
3;8;2015;44
4;8;2015;6
4;8;2015;17
4;8;2015;18
5;8;2015;1
5;8;2015;4
5;8;2015;5
5;8;2015;7
6;8;2015;19
6;8;2015;20
7;8;2015;72
7;8;2015;73
7;8;2015;74
7;8;2015;75
8;8;2015;134
8;8;2015;141
8;8;2015;145
8;8;2015;146
8;8;2015;147
9;8;2015;28
9;8;2015;29
9;8;2015;30
9;8;2015;40
10;8;2015;87
10;8;2015;88
10;8;2015;91
10;8;2015;92
10;8;2015;94
10;8;2015;95
10;8;2015;96
10;8;2015;97
10;8;2015;98
11;8;2015;151
11;8;2015;152
11;8;2015;153
11;8;2015;154
11;8;2015;156
11;8;2015;157
11;8;2015;158
12;8;2015;76
12;8;2015;77
12;8;2015;78
12;8;2015;79
12;8;2015;81
12;8;2015;82
14;8;2015;33
14;8;2015;34
15;8;2015;59
15;8;2015;60
15;8;2015;61
15;8;2015;62
16;8;2015;22
16;8;2015;38
16;8;2015;45
17;8;2015;37
18;8;2015;32
18;8;2015;41
19;8;2015;12
19;8;2015;13
20;8;2015;52
20;8;2015;53
20;8;2015;56
20;8;2015;57
20;8;2015;58
21;8;2015;64
22;8;2015;21
23;8;2015;11
23;8;2015;14
23;8;2015;15
24;8;2015;48
24;8;2015;50
24;8;2015;51
24;8;2015;55
24;8;2015;63
25;8;2015;118
25;8;2015;124
25;8;2015;125
25;8;2015;126
25;8;2015;127
25;8;2015;129
25;8;2015;132
26;8;2015;105
26;8;2015;106
27;8;2015;36
27;8;2015;43
28;8;2015;90
28;8;2015;93
28;8;2015;101
29;8;2015;138
29;8;2015;139
29;8;2015;140
29;8;2015;143
29;8;2015;144
29;8;2015;148
30;8;2015;104
30;8;2015;110
30;8;2015;111
30;8;2015;112
31;8;2015;16
31;8;2015;42
32;8;2015;121
32;8;2015;122
32;8;2015;123
32;8;2015;128
32;8;2015;130
33;8;2015;165
33;8;2015;166
33;8;2015;167
33;8;2015;168
34;8;2015;65
34;8;2015;66
34;8;2015;67
35;8;2015;70
35;8;2015;71
35;8;2015;119
35;8;2015;120
35;8;2015;159
36;8;2015;135
36;8;2015;136
36;8;2015;137
36;8;2015;142
36;8;2015;155
37;8;2015;89
37;8;2015;99
37;8;2015;100
38;8;2015;107
38;8;2015;108
38;8;2015;109
39;8;2015;54
40;8;2015;35
41;8;2015;27
41;8;2015;31
41;8;2015;39
2;9;2015;9
2;9;2015;10
3;9;2015;23
3;9;2015;24
3;9;2015;25
3;9;2015;26
3;9;2015;44
4;9;2015;6
4;9;2015;17
4;9;2015;18
5;9;2015;1
5;9;2015;4
5;9;2015;5
5;9;2015;7
6;9;2015;19
6;9;2015;20
7;9;2015;72
7;9;2015;73
7;9;2015;74
7;9;2015;75
8;9;2015;134
8;9;2015;141
8;9;2015;145
8;9;2015;146
8;9;2015;147
9;9;2015;28
9;9;2015;29
9;9;2015;30
9;9;2015;40
10;9;2015;87
10;9;2015;88
10;9;2015;91
10;9;2015;92
10;9;2015;94
10;9;2015;95
10;9;2015;96
10;9;2015;97
10;9;2015;98
11;9;2015;151
11;9;2015;152
11;9;2015;153
11;9;2015;154
11;9;2015;156
11;9;2015;157
11;9;2015;158
12;9;2015;76
12;9;2015;77
12;9;2015;78
12;9;2015;79
12;9;2015;81
12;9;2015;82
14;9;2015;33
14;9;2015;34
15;9;2015;59
15;9;2015;60
15;9;2015;61
15;9;2015;62
16;9;2015;22
16;9;2015;38
16;9;2015;45
17;9;2015;37
18;9;2015;32
18;9;2015;41
19;9;2015;12
19;9;2015;13
20;9;2015;52
20;9;2015;53
20;9;2015;56
20;9;2015;57
20;9;2015;58
21;9;2015;64
22;9;2015;21
23;9;2015;11
23;9;2015;14
23;9;2015;15
24;9;2015;48
24;9;2015;50
24;9;2015;51
24;9;2015;55
24;9;2015;63
25;9;2015;118
25;9;2015;124
25;9;2015;125
25;9;2015;126
25;9;2015;127
25;9;2015;129
25;9;2015;132
26;9;2015;105
26;9;2015;106
27;9;2015;36
27;9;2015;43
28;9;2015;90
28;9;2015;93
28;9;2015;101
29;9;2015;138
29;9;2015;139
29;9;2015;140
29;9;2015;143
29;9;2015;144
29;9;2015;148
30;9;2015;104
30;9;2015;110
30;9;2015;111
30;9;2015;112
31;9;2015;16
31;9;2015;42
32;9;2015;121
32;9;2015;122
32;9;2015;123
32;9;2015;128
32;9;2015;130
33;9;2015;165
33;9;2015;166
33;9;2015;167
33;9;2015;168
34;9;2015;65
34;9;2015;66
34;9;2015;67
35;9;2015;70
35;9;2015;71
35;9;2015;119
35;9;2015;120
35;9;2015;159
36;9;2015;135
36;9;2015;136
36;9;2015;137
36;9;2015;142
36;9;2015;155
37;9;2015;89
37;9;2015;99
37;9;2015;100
38;9;2015;107
38;9;2015;108
38;9;2015;109
39;9;2015;54
40;9;2015;35
41;9;2015;27
41;9;2015;31
41;9;2015;39
2;10;2015;9
2;10;2015;10
3;10;2015;23
3;10;2015;24
3;10;2015;25
3;10;2015;26
3;10;2015;44
4;10;2015;6
4;10;2015;17
4;10;2015;18
5;10;2015;1
5;10;2015;4
5;10;2015;5
5;10;2015;7
6;10;2015;19
6;10;2015;20
7;10;2015;72
7;10;2015;73
7;10;2015;74
7;10;2015;75
8;10;2015;134
8;10;2015;141
8;10;2015;145
8;10;2015;146
8;10;2015;147
9;10;2015;28
9;10;2015;29
9;10;2015;30
9;10;2015;40
10;10;2015;87
10;10;2015;88
10;10;2015;91
10;10;2015;92
10;10;2015;94
10;10;2015;95
10;10;2015;96
10;10;2015;97
10;10;2015;98
11;10;2015;151
11;10;2015;152
11;10;2015;153
11;10;2015;154
11;10;2015;156
11;10;2015;157
11;10;2015;158
12;10;2015;76
12;10;2015;77
12;10;2015;78
12;10;2015;79
12;10;2015;81
12;10;2015;82
14;10;2015;33
14;10;2015;34
15;10;2015;59
15;10;2015;60
15;10;2015;61
15;10;2015;62
16;10;2015;22
16;10;2015;38
16;10;2015;45
17;10;2015;37
18;10;2015;32
18;10;2015;41
19;10;2015;12
19;10;2015;13
20;10;2015;52
20;10;2015;53
20;10;2015;56
20;10;2015;57
20;10;2015;58
21;10;2015;64
22;10;2015;21
23;10;2015;11
23;10;2015;14
23;10;2015;15
24;10;2015;48
24;10;2015;50
24;10;2015;51
24;10;2015;55
24;10;2015;63
25;10;2015;118
25;10;2015;124
25;10;2015;125
25;10;2015;126
25;10;2015;127
25;10;2015;129
25;10;2015;132
26;10;2015;105
26;10;2015;106
27;10;2015;36
27;10;2015;43
28;10;2015;90
28;10;2015;93
28;10;2015;101
29;10;2015;138
29;10;2015;139
29;10;2015;140
29;10;2015;143
29;10;2015;144
29;10;2015;148
30;10;2015;104
30;10;2015;110
30;10;2015;111
30;10;2015;112
31;10;2015;16
31;10;2015;42
32;10;2015;121
32;10;2015;122
32;10;2015;123
32;10;2015;128
32;10;2015;130
33;10;2015;165
33;10;2015;166
33;10;2015;167
33;10;2015;168
34;10;2015;65
34;10;2015;66
34;10;2015;67
35;10;2015;70
35;10;2015;71
35;10;2015;119
35;10;2015;120
35;10;2015;159
36;10;2015;135
36;10;2015;136
36;10;2015;137
36;10;2015;142
36;10;2015;155
37;10;2015;89
37;10;2015;99
37;10;2015;100
38;10;2015;107
38;10;2015;108
38;10;2015;109
39;10;2015;54
40;10;2015;35
41;10;2015;27
41;10;2015;31
41;10;2015;39
2;11;2015;9
2;11;2015;10
3;11;2015;23
3;11;2015;24
3;11;2015;25
3;11;2015;26
3;11;2015;44
4;11;2015;6
4;11;2015;17
4;11;2015;18
5;11;2015;1
5;11;2015;4
5;11;2015;5
5;11;2015;7
6;11;2015;19
6;11;2015;20
7;11;2015;72
7;11;2015;73
7;11;2015;74
7;11;2015;75
8;11;2015;134
8;11;2015;141
8;11;2015;145
8;11;2015;146
8;11;2015;147
9;11;2015;28
9;11;2015;29
9;11;2015;30
9;11;2015;40
10;11;2015;87
10;11;2015;88
10;11;2015;91
10;11;2015;92
10;11;2015;94
10;11;2015;95
10;11;2015;96
10;11;2015;97
10;11;2015;98
11;11;2015;151
11;11;2015;152
11;11;2015;153
11;11;2015;154
11;11;2015;156
11;11;2015;157
11;11;2015;158
12;11;2015;76
12;11;2015;77
12;11;2015;78
12;11;2015;79
12;11;2015;81
12;11;2015;82
14;11;2015;33
14;11;2015;34
15;11;2015;59
15;11;2015;60
15;11;2015;61
15;11;2015;62
16;11;2015;22
16;11;2015;38
16;11;2015;45
17;11;2015;37
18;11;2015;32
18;11;2015;41
19;11;2015;12
19;11;2015;13
20;11;2015;52
20;11;2015;53
20;11;2015;56
20;11;2015;57
20;11;2015;58
21;11;2015;64
22;11;2015;21
23;11;2015;11
23;11;2015;14
23;11;2015;15
24;11;2015;48
24;11;2015;50
24;11;2015;51
24;11;2015;55
24;11;2015;63
25;11;2015;118
25;11;2015;124
25;11;2015;125
25;11;2015;126
25;11;2015;127
25;11;2015;129
25;11;2015;132
26;11;2015;105
26;11;2015;106
27;11;2015;36
27;11;2015;43
28;11;2015;90
28;11;2015;93
28;11;2015;101
29;11;2015;138
29;11;2015;139
29;11;2015;140
29;11;2015;143
29;11;2015;144
29;11;2015;148
30;11;2015;104
30;11;2015;110
30;11;2015;111
30;11;2015;112
31;11;2015;16
31;11;2015;42
32;11;2015;121
32;11;2015;122
32;11;2015;123
32;11;2015;128
32;11;2015;130
33;11;2015;165
33;11;2015;166
33;11;2015;167
33;11;2015;168
34;11;2015;65
34;11;2015;66
34;11;2015;67
35;11;2015;70
35;11;2015;71
35;11;2015;119
35;11;2015;120
35;11;2015;159
36;11;2015;135
36;11;2015;136
36;11;2015;137
36;11;2015;142
36;11;2015;155
37;11;2015;89
37;11;2015;99
37;11;2015;100
38;11;2015;107
38;11;2015;108
38;11;2015;109
39;11;2015;54
40;11;2015;35
41;11;2015;27
41;11;2015;31
41;11;2015;39
2;12;2015;9
2;12;2015;10
3;12;2015;23
3;12;2015;24
3;12;2015;25
3;12;2015;26
3;12;2015;44
4;12;2015;6
4;12;2015;17
4;12;2015;18
5;12;2015;1
5;12;2015;4
5;12;2015;5
5;12;2015;7
6;12;2015;19
6;12;2015;20
7;12;2015;72
7;12;2015;73
7;12;2015;74
7;12;2015;75
8;12;2015;134
8;12;2015;141
8;12;2015;145
8;12;2015;146
8;12;2015;147
9;12;2015;28
9;12;2015;29
9;12;2015;30
9;12;2015;40
10;12;2015;87
10;12;2015;88
10;12;2015;91
10;12;2015;92
10;12;2015;94
10;12;2015;95
10;12;2015;96
10;12;2015;97
10;12;2015;98
11;12;2015;151
11;12;2015;152
11;12;2015;153
11;12;2015;154
11;12;2015;156
11;12;2015;157
11;12;2015;158
12;12;2015;76
12;12;2015;77
12;12;2015;78
12;12;2015;79
12;12;2015;81
12;12;2015;82
14;12;2015;33
14;12;2015;34
15;12;2015;59
15;12;2015;60
15;12;2015;61
15;12;2015;62
16;12;2015;22
16;12;2015;38
16;12;2015;45
17;12;2015;37
18;12;2015;32
18;12;2015;41
19;12;2015;12
19;12;2015;13
20;12;2015;52
20;12;2015;53
20;12;2015;56
20;12;2015;57
20;12;2015;58
21;12;2015;64
22;12;2015;21
23;12;2015;11
23;12;2015;14
23;12;2015;15
24;12;2015;48
24;12;2015;50
24;12;2015;51
24;12;2015;55
24;12;2015;63
25;12;2015;118
25;12;2015;124
25;12;2015;125
25;12;2015;126
25;12;2015;127
25;12;2015;129
25;12;2015;132
26;12;2015;105
26;12;2015;106
27;12;2015;36
27;12;2015;43
28;12;2015;90
28;12;2015;93
28;12;2015;101
29;12;2015;138
29;12;2015;139
29;12;2015;140
29;12;2015;143
29;12;2015;144
29;12;2015;148
30;12;2015;104
30;12;2015;110
30;12;2015;111
30;12;2015;112
31;12;2015;16
31;12;2015;42
32;12;2015;121
32;12;2015;122
32;12;2015;123
32;12;2015;128
32;12;2015;130
33;12;2015;165
33;12;2015;166
33;12;2015;167
33;12;2015;168
34;12;2015;65
34;12;2015;66
34;12;2015;67
35;12;2015;70
35;12;2015;71
35;12;2015;119
35;12;2015;120
35;12;2015;159
36;12;2015;135
36;12;2015;136
36;12;2015;137
36;12;2015;142
36;12;2015;155
37;12;2015;89
37;12;2015;99
37;12;2015;100
38;12;2015;107
38;12;2015;108
38;12;2015;109
39;12;2015;54
40;12;2015;35
41;12;2015;27
41;12;2015;31
41;12;2015;39
2;1;2016;9
2;1;2016;10
3;1;2016;23
3;1;2016;24
3;1;2016;25
3;1;2016;26
3;1;2016;44
4;1;2016;6
4;1;2016;17
4;1;2016;18
5;1;2016;1
5;1;2016;4
5;1;2016;5
5;1;2016;7
6;1;2016;19
6;1;2016;20
7;1;2016;72
7;1;2016;73
7;1;2016;74
7;1;2016;75
8;1;2016;134
8;1;2016;141
8;1;2016;145
8;1;2016;146
8;1;2016;147
9;1;2016;28
9;1;2016;29
9;1;2016;30
9;1;2016;40
10;1;2016;87
10;1;2016;88
10;1;2016;91
10;1;2016;92
10;1;2016;94
10;1;2016;95
10;1;2016;96
10;1;2016;97
10;1;2016;98
11;1;2016;151
11;1;2016;152
11;1;2016;153
11;1;2016;154
11;1;2016;156
11;1;2016;157
11;1;2016;158
12;1;2016;76
12;1;2016;77
12;1;2016;78
12;1;2016;79
12;1;2016;81
12;1;2016;82
14;1;2016;33
14;1;2016;34
15;1;2016;59
15;1;2016;60
15;1;2016;61
15;1;2016;62
16;1;2016;22
16;1;2016;38
16;1;2016;45
17;1;2016;37
18;1;2016;32
18;1;2016;41
19;1;2016;12
19;1;2016;13
20;1;2016;52
20;1;2016;53
20;1;2016;56
20;1;2016;57
20;1;2016;58
21;1;2016;64
22;1;2016;21
23;1;2016;11
23;1;2016;14
23;1;2016;15
24;1;2016;48
24;1;2016;50
24;1;2016;51
24;1;2016;55
24;1;2016;63
25;1;2016;118
25;1;2016;124
25;1;2016;125
25;1;2016;126
25;1;2016;127
25;1;2016;129
25;1;2016;132
26;1;2016;105
26;1;2016;106
27;1;2016;36
27;1;2016;43
28;1;2016;90
28;1;2016;93
28;1;2016;101
29;1;2016;138
29;1;2016;139
29;1;2016;140
29;1;2016;143
29;1;2016;144
29;1;2016;148
30;1;2016;104
30;1;2016;110
30;1;2016;111
30;1;2016;112
31;1;2016;16
31;1;2016;42
32;1;2016;121
32;1;2016;122
32;1;2016;123
32;1;2016;128
32;1;2016;130
33;1;2016;165
33;1;2016;166
33;1;2016;167
33;1;2016;168
34;1;2016;65
34;1;2016;66
34;1;2016;67
35;1;2016;70
35;1;2016;71
35;1;2016;119
35;1;2016;120
35;1;2016;159
36;1;2016;135
36;1;2016;136
36;1;2016;137
36;1;2016;142
36;1;2016;155
37;1;2016;89
37;1;2016;99
37;1;2016;100
38;1;2016;107
38;1;2016;108
38;1;2016;109
39;1;2016;54
40;1;2016;35
41;1;2016;27
41;1;2016;31
41;1;2016;39
2;2;2016;9
2;2;2016;10
3;2;2016;23
3;2;2016;24
3;2;2016;25
3;2;2016;26
3;2;2016;44
4;2;2016;6
4;2;2016;17
4;2;2016;18
5;2;2016;1
5;2;2016;4
5;2;2016;5
5;2;2016;7
6;2;2016;19
6;2;2016;20
7;2;2016;72
7;2;2016;73
7;2;2016;74
7;2;2016;75
8;2;2016;134
8;2;2016;141
8;2;2016;145
8;2;2016;146
8;2;2016;147
9;2;2016;28
9;2;2016;29
9;2;2016;30
9;2;2016;40
10;2;2016;87
10;2;2016;88
10;2;2016;91
10;2;2016;92
10;2;2016;94
10;2;2016;95
10;2;2016;96
10;2;2016;97
10;2;2016;98
11;2;2016;151
11;2;2016;152
11;2;2016;153
11;2;2016;154
11;2;2016;156
11;2;2016;157
11;2;2016;158
12;2;2016;76
12;2;2016;77
12;2;2016;78
12;2;2016;79
12;2;2016;81
12;2;2016;82
14;2;2016;33
14;2;2016;34
15;2;2016;59
15;2;2016;60
15;2;2016;61
15;2;2016;62
16;2;2016;22
16;2;2016;38
16;2;2016;45
17;2;2016;37
18;2;2016;32
18;2;2016;41
19;2;2016;12
19;2;2016;13
20;2;2016;52
20;2;2016;53
20;2;2016;56
20;2;2016;57
20;2;2016;58
21;2;2016;64
22;2;2016;21
23;2;2016;11
23;2;2016;14
23;2;2016;15
24;2;2016;48
24;2;2016;50
24;2;2016;51
24;2;2016;55
24;2;2016;63
25;2;2016;118
25;2;2016;124
25;2;2016;125
25;2;2016;126
25;2;2016;127
25;2;2016;129
25;2;2016;132
26;2;2016;105
26;2;2016;106
27;2;2016;36
27;2;2016;43
28;2;2016;90
28;2;2016;93
28;2;2016;101
29;2;2016;138
29;2;2016;139
29;2;2016;140
29;2;2016;143
29;2;2016;144
29;2;2016;148
30;2;2016;104
30;2;2016;110
30;2;2016;111
30;2;2016;112
31;2;2016;16
31;2;2016;42
32;2;2016;121
32;2;2016;122
32;2;2016;123
32;2;2016;128
32;2;2016;130
33;2;2016;165
33;2;2016;166
33;2;2016;167
33;2;2016;168
34;2;2016;65
34;2;2016;66
34;2;2016;67
35;2;2016;70
35;2;2016;71
35;2;2016;119
35;2;2016;120
35;2;2016;159
36;2;2016;135
36;2;2016;136
36;2;2016;137
36;2;2016;142
36;2;2016;155
37;2;2016;89
37;2;2016;99
37;2;2016;100
38;2;2016;107
38;2;2016;108
38;2;2016;109
39;2;2016;54
40;2;2016;35
41;2;2016;27
41;2;2016;31
41;2;2016;39
2;3;2016;9
2;3;2016;10
3;3;2016;23
3;3;2016;24
3;3;2016;25
3;3;2016;26
3;3;2016;44
4;3;2016;6
4;3;2016;17
4;3;2016;18
5;3;2016;1
5;3;2016;4
5;3;2016;5
5;3;2016;7
6;3;2016;19
6;3;2016;20
7;3;2016;72
7;3;2016;73
7;3;2016;74
7;3;2016;75
8;3;2016;134
8;3;2016;141
8;3;2016;145
8;3;2016;146
8;3;2016;147
9;3;2016;28
9;3;2016;29
9;3;2016;30
9;3;2016;40
10;3;2016;87
10;3;2016;88
10;3;2016;91
10;3;2016;92
10;3;2016;94
10;3;2016;95
10;3;2016;96
10;3;2016;97
10;3;2016;98
11;3;2016;151
11;3;2016;152
11;3;2016;153
11;3;2016;154
11;3;2016;156
11;3;2016;157
11;3;2016;158
12;3;2016;76
12;3;2016;77
12;3;2016;78
12;3;2016;79
12;3;2016;81
12;3;2016;82
14;3;2016;33
14;3;2016;34
15;3;2016;59
15;3;2016;60
15;3;2016;61
15;3;2016;62
16;3;2016;22
16;3;2016;38
16;3;2016;45
17;3;2016;37
18;3;2016;32
18;3;2016;41
19;3;2016;12
19;3;2016;13
20;3;2016;52
20;3;2016;53
20;3;2016;56
20;3;2016;57
20;3;2016;58
21;3;2016;64
22;3;2016;21
23;3;2016;11
23;3;2016;14
23;3;2016;15
24;3;2016;48
24;3;2016;50
24;3;2016;51
24;3;2016;55
24;3;2016;63
25;3;2016;118
25;3;2016;124
25;3;2016;125
25;3;2016;126
25;3;2016;127
25;3;2016;129
25;3;2016;132
26;3;2016;105
26;3;2016;106
27;3;2016;36
27;3;2016;43
28;3;2016;90
28;3;2016;93
28;3;2016;101
29;3;2016;138
29;3;2016;139
29;3;2016;140
29;3;2016;143
29;3;2016;144
29;3;2016;148
30;3;2016;104
30;3;2016;110
30;3;2016;111
30;3;2016;112
31;3;2016;16
31;3;2016;42
32;3;2016;121
32;3;2016;122
32;3;2016;123
32;3;2016;128
32;3;2016;130
33;3;2016;165
33;3;2016;166
33;3;2016;167
33;3;2016;168
34;3;2016;65
34;3;2016;66
34;3;2016;67
35;3;2016;70
35;3;2016;71
35;3;2016;119
35;3;2016;120
35;3;2016;159
36;3;2016;135
36;3;2016;136
36;3;2016;137
36;3;2016;142
36;3;2016;155
37;3;2016;89
37;3;2016;99
37;3;2016;100
38;3;2016;107
38;3;2016;108
38;3;2016;109
39;3;2016;54
40;3;2016;35
41;3;2016;27
41;3;2016;31
41;3;2016;39
2;4;2016;9
2;4;2016;10
3;4;2016;23
3;4;2016;24
3;4;2016;25
3;4;2016;26
3;4;2016;44
4;4;2016;6
4;4;2016;17
4;4;2016;18
5;4;2016;1
5;4;2016;4
5;4;2016;5
5;4;2016;7
6;4;2016;19
6;4;2016;20
7;4;2016;72
7;4;2016;73
7;4;2016;74
7;4;2016;75
8;4;2016;134
8;4;2016;141
8;4;2016;145
8;4;2016;146
8;4;2016;147
9;4;2016;28
9;4;2016;29
9;4;2016;30
9;4;2016;40
10;4;2016;87
10;4;2016;88
10;4;2016;91
10;4;2016;92
10;4;2016;94
10;4;2016;95
10;4;2016;96
10;4;2016;97
10;4;2016;98
11;4;2016;151
11;4;2016;152
11;4;2016;153
11;4;2016;154
11;4;2016;156
11;4;2016;157
11;4;2016;158
12;4;2016;76
12;4;2016;77
12;4;2016;78
12;4;2016;79
12;4;2016;81
12;4;2016;82
14;4;2016;33
14;4;2016;34
15;4;2016;59
15;4;2016;60
15;4;2016;61
15;4;2016;62
16;4;2016;22
16;4;2016;38
16;4;2016;45
17;4;2016;37
18;4;2016;32
18;4;2016;41
19;4;2016;12
19;4;2016;13
20;4;2016;52
20;4;2016;53
20;4;2016;56
20;4;2016;57
20;4;2016;58
21;4;2016;64
22;4;2016;21
23;4;2016;11
23;4;2016;14
23;4;2016;15
24;4;2016;48
24;4;2016;50
24;4;2016;51
24;4;2016;55
24;4;2016;63
25;4;2016;118
25;4;2016;124
25;4;2016;125
25;4;2016;126
25;4;2016;127
25;4;2016;129
25;4;2016;132
26;4;2016;105
26;4;2016;106
27;4;2016;36
27;4;2016;43
28;4;2016;90
28;4;2016;93
28;4;2016;101
29;4;2016;138
29;4;2016;139
29;4;2016;140
29;4;2016;143
29;4;2016;144
29;4;2016;148
30;4;2016;104
30;4;2016;110
30;4;2016;111
30;4;2016;112
31;4;2016;16
31;4;2016;42
32;4;2016;121
32;4;2016;122
32;4;2016;123
32;4;2016;128
32;4;2016;130
33;4;2016;165
33;4;2016;166
33;4;2016;167
33;4;2016;168
34;4;2016;65
34;4;2016;66
34;4;2016;67
35;4;2016;70
35;4;2016;71
35;4;2016;119
35;4;2016;120
35;4;2016;159
36;4;2016;135
36;4;2016;136
36;4;2016;137
36;4;2016;142
36;4;2016;155
37;4;2016;89
37;4;2016;99
37;4;2016;100
38;4;2016;107
38;4;2016;108
38;4;2016;109
39;4;2016;54
40;4;2016;35
41;4;2016;27
41;4;2016;31
41;4;2016;39
2;5;2016;9
2;5;2016;10
3;5;2016;23
3;5;2016;24
3;5;2016;25
3;5;2016;26
3;5;2016;44
4;5;2016;6
4;5;2016;17
4;5;2016;18
5;5;2016;1
5;5;2016;4
5;5;2016;5
5;5;2016;7
6;5;2016;19
6;5;2016;20
7;5;2016;72
7;5;2016;73
7;5;2016;74
7;5;2016;75
8;5;2016;134
8;5;2016;141
8;5;2016;145
8;5;2016;146
8;5;2016;147
9;5;2016;28
9;5;2016;29
9;5;2016;30
9;5;2016;40
10;5;2016;87
10;5;2016;88
10;5;2016;91
10;5;2016;92
10;5;2016;94
10;5;2016;95
10;5;2016;96
10;5;2016;97
10;5;2016;98
11;5;2016;151
11;5;2016;152
11;5;2016;153
11;5;2016;154
11;5;2016;156
11;5;2016;157
11;5;2016;158
12;5;2016;76
12;5;2016;77
12;5;2016;78
12;5;2016;79
12;5;2016;81
12;5;2016;82
14;5;2016;33
14;5;2016;34
15;5;2016;59
15;5;2016;60
15;5;2016;61
15;5;2016;62
16;5;2016;22
16;5;2016;38
16;5;2016;45
17;5;2016;37
18;5;2016;32
18;5;2016;41
19;5;2016;12
19;5;2016;13
20;5;2016;52
20;5;2016;53
20;5;2016;56
20;5;2016;57
20;5;2016;58
21;5;2016;64
22;5;2016;21
23;5;2016;11
23;5;2016;14
23;5;2016;15
24;5;2016;48
24;5;2016;50
24;5;2016;51
24;5;2016;55
24;5;2016;63
25;5;2016;118
25;5;2016;124
25;5;2016;125
25;5;2016;126
25;5;2016;127
25;5;2016;129
25;5;2016;132
26;5;2016;105
26;5;2016;106
27;5;2016;36
27;5;2016;43
28;5;2016;90
28;5;2016;93
28;5;2016;101
29;5;2016;138
29;5;2016;139
29;5;2016;140
29;5;2016;143
29;5;2016;144
29;5;2016;148
30;5;2016;104
30;5;2016;110
30;5;2016;111
30;5;2016;112
31;5;2016;16
31;5;2016;42
32;5;2016;121
32;5;2016;122
32;5;2016;123
32;5;2016;128
32;5;2016;130
33;5;2016;165
33;5;2016;166
33;5;2016;167
33;5;2016;168
34;5;2016;65
34;5;2016;66
34;5;2016;67
35;5;2016;70
35;5;2016;71
35;5;2016;119
35;5;2016;120
35;5;2016;159
36;5;2016;135
36;5;2016;136
36;5;2016;137
36;5;2016;142
36;5;2016;155
37;5;2016;89
37;5;2016;99
37;5;2016;100
38;5;2016;107
38;5;2016;108
38;5;2016;109
39;5;2016;54
40;5;2016;35
41;5;2016;27
41;5;2016;31
41;5;2016;39
2;6;2016;9
2;6;2016;10
3;6;2016;23
3;6;2016;24
3;6;2016;25
3;6;2016;26
3;6;2016;44
4;6;2016;6
4;6;2016;17
4;6;2016;18
5;6;2016;1
5;6;2016;4
5;6;2016;5
5;6;2016;7
6;6;2016;19
6;6;2016;20
7;6;2016;72
7;6;2016;73
7;6;2016;74
7;6;2016;75
8;6;2016;134
8;6;2016;141
8;6;2016;145
8;6;2016;146
8;6;2016;147
9;6;2016;28
9;6;2016;29
9;6;2016;30
9;6;2016;40
10;6;2016;87
10;6;2016;88
10;6;2016;91
10;6;2016;92
10;6;2016;94
10;6;2016;95
10;6;2016;96
10;6;2016;97
10;6;2016;98
11;6;2016;151
11;6;2016;152
11;6;2016;153
11;6;2016;154
11;6;2016;156
11;6;2016;157
11;6;2016;158
12;6;2016;76
12;6;2016;77
12;6;2016;78
12;6;2016;79
12;6;2016;81
12;6;2016;82
14;6;2016;33
14;6;2016;34
15;6;2016;59
15;6;2016;60
15;6;2016;61
15;6;2016;62
16;6;2016;22
16;6;2016;38
16;6;2016;45
17;6;2016;37
18;6;2016;32
18;6;2016;41
19;6;2016;12
19;6;2016;13
20;6;2016;52
20;6;2016;53
20;6;2016;56
20;6;2016;57
20;6;2016;58
21;6;2016;64
22;6;2016;21
23;6;2016;11
23;6;2016;14
23;6;2016;15
24;6;2016;48
24;6;2016;50
24;6;2016;51
24;6;2016;55
24;6;2016;63
25;6;2016;118
25;6;2016;124
25;6;2016;125
25;6;2016;126
25;6;2016;127
25;6;2016;129
25;6;2016;132
26;6;2016;105
26;6;2016;106
27;6;2016;36
27;6;2016;43
28;6;2016;90
28;6;2016;93
28;6;2016;101
29;6;2016;138
29;6;2016;139
29;6;2016;140
29;6;2016;143
29;6;2016;144
29;6;2016;148
30;6;2016;104
30;6;2016;110
30;6;2016;111
30;6;2016;112
31;6;2016;16
31;6;2016;42
32;6;2016;121
32;6;2016;122
32;6;2016;123
32;6;2016;128
32;6;2016;130
33;6;2016;165
33;6;2016;166
33;6;2016;167
33;6;2016;168
34;6;2016;65
34;6;2016;66
34;6;2016;67
35;6;2016;70
35;6;2016;71
35;6;2016;119
35;6;2016;120
35;6;2016;159
36;6;2016;135
36;6;2016;136
36;6;2016;137
36;6;2016;142
36;6;2016;155
37;6;2016;89
37;6;2016;99
37;6;2016;100
38;6;2016;107
38;6;2016;108
38;6;2016;109
39;6;2016;54
40;6;2016;35
41;6;2016;27
41;6;2016;31
41;6;2016;39
2;7;2016;9
2;7;2016;10
3;7;2016;23
3;7;2016;24
3;7;2016;25
3;7;2016;26
3;7;2016;44
4;7;2016;6
4;7;2016;17
4;7;2016;18
5;7;2016;1
5;7;2016;4
5;7;2016;5
5;7;2016;7
6;7;2016;19
6;7;2016;20
7;7;2016;72
7;7;2016;73
7;7;2016;74
7;7;2016;75
8;7;2016;134
8;7;2016;141
8;7;2016;145
8;7;2016;146
8;7;2016;147
9;7;2016;28
9;7;2016;29
9;7;2016;30
9;7;2016;40
10;7;2016;87
10;7;2016;88
10;7;2016;91
10;7;2016;92
10;7;2016;94
10;7;2016;95
10;7;2016;96
10;7;2016;97
10;7;2016;98
11;7;2016;151
11;7;2016;152
11;7;2016;153
11;7;2016;154
11;7;2016;156
11;7;2016;157
11;7;2016;158
12;7;2016;76
12;7;2016;77
12;7;2016;78
12;7;2016;79
12;7;2016;81
12;7;2016;82
14;7;2016;33
14;7;2016;34
15;7;2016;59
15;7;2016;60
15;7;2016;61
15;7;2016;62
16;7;2016;22
16;7;2016;38
16;7;2016;45
17;7;2016;37
18;7;2016;32
18;7;2016;41
19;7;2016;12
19;7;2016;13
20;7;2016;52
20;7;2016;53
20;7;2016;56
20;7;2016;57
20;7;2016;58
21;7;2016;64
22;7;2016;21
23;7;2016;11
23;7;2016;14
23;7;2016;15
24;7;2016;48
24;7;2016;50
24;7;2016;51
24;7;2016;55
24;7;2016;63
25;7;2016;118
25;7;2016;124
25;7;2016;125
25;7;2016;126
25;7;2016;127
25;7;2016;129
25;7;2016;132
26;7;2016;105
26;7;2016;106
27;7;2016;36
27;7;2016;43
28;7;2016;90
28;7;2016;93
28;7;2016;101
29;7;2016;138
29;7;2016;139
29;7;2016;140
29;7;2016;143
29;7;2016;144
29;7;2016;148
30;7;2016;104
30;7;2016;110
30;7;2016;111
30;7;2016;112
31;7;2016;16
31;7;2016;42
32;7;2016;121
32;7;2016;122
32;7;2016;123
32;7;2016;128
32;7;2016;130
33;7;2016;165
33;7;2016;166
33;7;2016;167
33;7;2016;168
34;7;2016;65
34;7;2016;66
34;7;2016;67
35;7;2016;70
35;7;2016;71
35;7;2016;119
35;7;2016;120
35;7;2016;159
36;7;2016;135
36;7;2016;136
36;7;2016;137
36;7;2016;142
36;7;2016;155
37;7;2016;89
37;7;2016;99
37;7;2016;100
38;7;2016;107
38;7;2016;108
38;7;2016;109
39;7;2016;54
40;7;2016;35
41;7;2016;27
41;7;2016;31
41;7;2016;39
2;8;2016;9
2;8;2016;10
3;8;2016;23
3;8;2016;24
3;8;2016;25
3;8;2016;26
3;8;2016;44
4;8;2016;6
4;8;2016;17
4;8;2016;18
5;8;2016;1
5;8;2016;4
5;8;2016;5
5;8;2016;7
6;8;2016;19
6;8;2016;20
7;8;2016;72
7;8;2016;73
7;8;2016;74
7;8;2016;75
8;8;2016;134
8;8;2016;141
8;8;2016;145
8;8;2016;146
8;8;2016;147
9;8;2016;28
9;8;2016;29
9;8;2016;30
9;8;2016;40
10;8;2016;87
10;8;2016;88
10;8;2016;91
10;8;2016;92
10;8;2016;94
10;8;2016;95
10;8;2016;96
10;8;2016;97
10;8;2016;98
11;8;2016;151
11;8;2016;152
11;8;2016;153
11;8;2016;154
11;8;2016;156
11;8;2016;157
11;8;2016;158
12;8;2016;76
12;8;2016;77
12;8;2016;78
12;8;2016;79
12;8;2016;81
12;8;2016;82
14;8;2016;33
14;8;2016;34
15;8;2016;59
15;8;2016;60
15;8;2016;61
15;8;2016;62
16;8;2016;22
16;8;2016;38
16;8;2016;45
17;8;2016;37
18;8;2016;32
18;8;2016;41
19;8;2016;12
19;8;2016;13
20;8;2016;52
20;8;2016;53
20;8;2016;56
20;8;2016;57
20;8;2016;58
21;8;2016;64
22;8;2016;21
23;8;2016;11
23;8;2016;14
23;8;2016;15
24;8;2016;48
24;8;2016;50
24;8;2016;51
24;8;2016;55
24;8;2016;63
25;8;2016;118
25;8;2016;124
25;8;2016;125
25;8;2016;126
25;8;2016;127
25;8;2016;129
25;8;2016;132
26;8;2016;105
26;8;2016;106
27;8;2016;36
27;8;2016;43
28;8;2016;90
28;8;2016;93
28;8;2016;101
29;8;2016;138
29;8;2016;139
29;8;2016;140
29;8;2016;143
29;8;2016;144
29;8;2016;148
30;8;2016;104
30;8;2016;110
30;8;2016;111
30;8;2016;112
31;8;2016;16
31;8;2016;42
32;8;2016;121
32;8;2016;122
32;8;2016;123
32;8;2016;128
32;8;2016;130
33;8;2016;165
33;8;2016;166
33;8;2016;167
33;8;2016;168
34;8;2016;65
34;8;2016;66
34;8;2016;67
35;8;2016;70
35;8;2016;71
35;8;2016;119
35;8;2016;120
35;8;2016;159
36;8;2016;135
36;8;2016;136
36;8;2016;137
36;8;2016;142
36;8;2016;155
37;8;2016;89
37;8;2016;99
37;8;2016;100
38;8;2016;107
38;8;2016;108
38;8;2016;109
39;8;2016;54
40;8;2016;35
41;8;2016;27
41;8;2016;31
41;8;2016;39
2;9;2016;9
2;9;2016;10
3;9;2016;23
3;9;2016;24
3;9;2016;25
3;9;2016;26
3;9;2016;44
4;9;2016;6
4;9;2016;17
4;9;2016;18
5;9;2016;1
5;9;2016;4
5;9;2016;5
5;9;2016;7
6;9;2016;19
6;9;2016;20
7;9;2016;72
7;9;2016;73
7;9;2016;74
7;9;2016;75
8;9;2016;134
8;9;2016;141
8;9;2016;145
8;9;2016;146
8;9;2016;147
9;9;2016;28
9;9;2016;29
9;9;2016;30
9;9;2016;40
10;9;2016;87
10;9;2016;88
10;9;2016;91
10;9;2016;92
10;9;2016;94
10;9;2016;95
10;9;2016;96
10;9;2016;97
10;9;2016;98
11;9;2016;151
11;9;2016;152
11;9;2016;153
11;9;2016;154
11;9;2016;156
11;9;2016;157
11;9;2016;158
12;9;2016;76
12;9;2016;77
12;9;2016;78
12;9;2016;79
12;9;2016;81
12;9;2016;82
14;9;2016;33
14;9;2016;34
15;9;2016;59
15;9;2016;60
15;9;2016;61
15;9;2016;62
16;9;2016;22
16;9;2016;38
16;9;2016;45
17;9;2016;37
18;9;2016;32
18;9;2016;41
19;9;2016;12
19;9;2016;13
20;9;2016;52
20;9;2016;53
20;9;2016;56
20;9;2016;57
20;9;2016;58
21;9;2016;64
22;9;2016;21
23;9;2016;11
23;9;2016;14
23;9;2016;15
24;9;2016;48
24;9;2016;50
24;9;2016;51
24;9;2016;55
24;9;2016;63
25;9;2016;118
25;9;2016;124
25;9;2016;125
25;9;2016;126
25;9;2016;127
25;9;2016;129
25;9;2016;132
26;9;2016;105
26;9;2016;106
27;9;2016;36
27;9;2016;43
28;9;2016;90
28;9;2016;93
28;9;2016;101
29;9;2016;138
29;9;2016;139
29;9;2016;140
29;9;2016;143
29;9;2016;144
29;9;2016;148
30;9;2016;104
30;9;2016;110
30;9;2016;111
30;9;2016;112
31;9;2016;16
31;9;2016;42
32;9;2016;121
32;9;2016;122
32;9;2016;123
32;9;2016;128
32;9;2016;130
33;9;2016;165
33;9;2016;166
33;9;2016;167
33;9;2016;168
34;9;2016;65
34;9;2016;66
34;9;2016;67
35;9;2016;70
35;9;2016;71
35;9;2016;119
35;9;2016;120
35;9;2016;159
36;9;2016;135
36;9;2016;136
36;9;2016;137
36;9;2016;142
36;9;2016;155
37;9;2016;89
37;9;2016;99
37;9;2016;100
38;9;2016;107
38;9;2016;108
38;9;2016;109
39;9;2016;54
40;9;2016;35
41;9;2016;27
41;9;2016;31
41;9;2016;39
2;10;2016;9
2;10;2016;10
3;10;2016;23
3;10;2016;24
3;10;2016;25
3;10;2016;26
3;10;2016;44
4;10;2016;6
4;10;2016;17
4;10;2016;18
5;10;2016;1
5;10;2016;4
5;10;2016;5
5;10;2016;7
6;10;2016;19
6;10;2016;20
7;10;2016;72
7;10;2016;73
7;10;2016;74
7;10;2016;75
8;10;2016;134
8;10;2016;141
8;10;2016;145
8;10;2016;146
8;10;2016;147
9;10;2016;28
9;10;2016;29
9;10;2016;30
9;10;2016;40
10;10;2016;87
10;10;2016;88
10;10;2016;91
10;10;2016;92
10;10;2016;94
10;10;2016;95
10;10;2016;96
10;10;2016;97
10;10;2016;98
11;10;2016;151
11;10;2016;152
11;10;2016;153
11;10;2016;154
11;10;2016;156
11;10;2016;157
11;10;2016;158
12;10;2016;76
12;10;2016;77
12;10;2016;78
12;10;2016;79
12;10;2016;81
12;10;2016;82
14;10;2016;33
14;10;2016;34
15;10;2016;59
15;10;2016;60
15;10;2016;61
15;10;2016;62
16;10;2016;22
16;10;2016;38
16;10;2016;45
17;10;2016;37
18;10;2016;32
18;10;2016;41
19;10;2016;12
19;10;2016;13
20;10;2016;52
20;10;2016;53
20;10;2016;56
20;10;2016;57
20;10;2016;58
21;10;2016;64
22;10;2016;21
23;10;2016;11
23;10;2016;14
23;10;2016;15
24;10;2016;48
24;10;2016;50
24;10;2016;51
24;10;2016;55
24;10;2016;63
25;10;2016;118
25;10;2016;124
25;10;2016;125
25;10;2016;126
25;10;2016;127
25;10;2016;129
25;10;2016;132
26;10;2016;105
26;10;2016;106
27;10;2016;36
27;10;2016;43
28;10;2016;90
28;10;2016;93
28;10;2016;101
29;10;2016;138
29;10;2016;139
29;10;2016;140
29;10;2016;143
29;10;2016;144
29;10;2016;148
30;10;2016;104
30;10;2016;110
30;10;2016;111
30;10;2016;112
31;10;2016;16
31;10;2016;42
32;10;2016;121
32;10;2016;122
32;10;2016;123
32;10;2016;128
32;10;2016;130
33;10;2016;165
33;10;2016;166
33;10;2016;167
33;10;2016;168
34;10;2016;65
34;10;2016;66
34;10;2016;67
35;10;2016;70
35;10;2016;71
35;10;2016;119
35;10;2016;120
35;10;2016;159
36;10;2016;135
36;10;2016;136
36;10;2016;137
36;10;2016;142
36;10;2016;155
37;10;2016;89
37;10;2016;99
37;10;2016;100
38;10;2016;107
38;10;2016;108
38;10;2016;109
39;10;2016;54
40;10;2016;35
41;10;2016;27
41;10;2016;31
41;10;2016;39
2;11;2016;9
2;11;2016;10
3;11;2016;23
3;11;2016;24
3;11;2016;25
3;11;2016;26
3;11;2016;44
4;11;2016;6
4;11;2016;17
4;11;2016;18
5;11;2016;1
5;11;2016;4
5;11;2016;5
5;11;2016;7
6;11;2016;19
6;11;2016;20
7;11;2016;72
7;11;2016;73
7;11;2016;74
7;11;2016;75
8;11;2016;134
8;11;2016;141
8;11;2016;145
8;11;2016;146
8;11;2016;147
9;11;2016;28
9;11;2016;29
9;11;2016;30
9;11;2016;40
10;11;2016;87
10;11;2016;88
10;11;2016;91
10;11;2016;92
10;11;2016;94
10;11;2016;95
10;11;2016;96
10;11;2016;97
10;11;2016;98
11;11;2016;151
11;11;2016;152
11;11;2016;153
11;11;2016;154
11;11;2016;156
11;11;2016;157
11;11;2016;158
12;11;2016;76
12;11;2016;77
12;11;2016;78
12;11;2016;79
12;11;2016;81
12;11;2016;82
14;11;2016;33
14;11;2016;34
15;11;2016;59
15;11;2016;60
15;11;2016;61
15;11;2016;62
16;11;2016;22
16;11;2016;38
16;11;2016;45
17;11;2016;37
18;11;2016;32
18;11;2016;41
19;11;2016;12
19;11;2016;13
20;11;2016;52
20;11;2016;53
20;11;2016;56
20;11;2016;57
20;11;2016;58
21;11;2016;64
22;11;2016;21
23;11;2016;11
23;11;2016;14
23;11;2016;15
24;11;2016;48
24;11;2016;50
24;11;2016;51
24;11;2016;55
24;11;2016;63
25;11;2016;118
25;11;2016;124
25;11;2016;125
25;11;2016;126
25;11;2016;127
25;11;2016;129
25;11;2016;132
26;11;2016;105
26;11;2016;106
27;11;2016;36
27;11;2016;43
28;11;2016;90
28;11;2016;93
28;11;2016;101
29;11;2016;138
29;11;2016;139
29;11;2016;140
29;11;2016;143
29;11;2016;144
29;11;2016;148
30;11;2016;104
30;11;2016;110
30;11;2016;111
30;11;2016;112
31;11;2016;16
31;11;2016;42
32;11;2016;121
32;11;2016;122
32;11;2016;123
32;11;2016;128
32;11;2016;130
33;11;2016;165
33;11;2016;166
33;11;2016;167
33;11;2016;168
34;11;2016;65
34;11;2016;66
34;11;2016;67
35;11;2016;70
35;11;2016;71
35;11;2016;119
35;11;2016;120
35;11;2016;159
36;11;2016;135
36;11;2016;136
36;11;2016;137
36;11;2016;142
36;11;2016;155
37;11;2016;89
37;11;2016;99
37;11;2016;100
38;11;2016;107
38;11;2016;108
38;11;2016;109
39;11;2016;54
40;11;2016;35
41;11;2016;27
41;11;2016;31
41;11;2016;39
2;12;2016;9
2;12;2016;10
3;12;2016;23
3;12;2016;24
3;12;2016;25
3;12;2016;26
3;12;2016;44
4;12;2016;6
4;12;2016;17
4;12;2016;18
5;12;2016;1
5;12;2016;4
5;12;2016;5
5;12;2016;7
6;12;2016;19
6;12;2016;20
7;12;2016;72
7;12;2016;73
7;12;2016;74
7;12;2016;75
8;12;2016;134
8;12;2016;141
8;12;2016;145
8;12;2016;146
8;12;2016;147
9;12;2016;28
9;12;2016;29
9;12;2016;30
9;12;2016;40
10;12;2016;87
10;12;2016;88
10;12;2016;91
10;12;2016;92
10;12;2016;94
10;12;2016;95
10;12;2016;96
10;12;2016;97
10;12;2016;98
11;12;2016;151
11;12;2016;152
11;12;2016;153
11;12;2016;154
11;12;2016;156
11;12;2016;157
11;12;2016;158
12;12;2016;76
12;12;2016;77
12;12;2016;78
12;12;2016;79
12;12;2016;81
12;12;2016;82
14;12;2016;33
14;12;2016;34
15;12;2016;59
15;12;2016;60
15;12;2016;61
15;12;2016;62
16;12;2016;22
16;12;2016;38
16;12;2016;45
17;12;2016;37
18;12;2016;32
18;12;2016;41
19;12;2016;12
19;12;2016;13
20;12;2016;52
20;12;2016;53
20;12;2016;56
20;12;2016;57
20;12;2016;58
21;12;2016;64
22;12;2016;21
23;12;2016;11
23;12;2016;14
23;12;2016;15
24;12;2016;48
24;12;2016;50
24;12;2016;51
24;12;2016;55
24;12;2016;63
25;12;2016;118
25;12;2016;124
25;12;2016;125
25;12;2016;126
25;12;2016;127
25;12;2016;129
25;12;2016;132
26;12;2016;105
26;12;2016;106
27;12;2016;36
27;12;2016;43
28;12;2016;90
28;12;2016;93
28;12;2016;101
29;12;2016;138
29;12;2016;139
29;12;2016;140
29;12;2016;143
29;12;2016;144
29;12;2016;148
30;12;2016;104
30;12;2016;110
30;12;2016;111
30;12;2016;112
31;12;2016;16
31;12;2016;42
32;12;2016;121
32;12;2016;122
32;12;2016;123
32;12;2016;128
32;12;2016;130
33;12;2016;165
33;12;2016;166
33;12;2016;167
33;12;2016;168
34;12;2016;65
34;12;2016;66
34;12;2016;67
35;12;2016;70
35;12;2016;71
35;12;2016;119
35;12;2016;120
35;12;2016;159
36;12;2016;135
36;12;2016;136
36;12;2016;137
36;12;2016;142
36;12;2016;155
37;12;2016;89
37;12;2016;99
37;12;2016;100
38;12;2016;107
38;12;2016;108
38;12;2016;109
39;12;2016;54
40;12;2016;35
41;12;2016;27
41;12;2016;31
41;12;2016;39
2;1;2017;9
2;1;2017;10
3;1;2017;23
3;1;2017;24
3;1;2017;25
3;1;2017;26
3;1;2017;44
4;1;2017;6
4;1;2017;17
4;1;2017;18
5;1;2017;1
5;1;2017;4
5;1;2017;5
5;1;2017;7
6;1;2017;19
6;1;2017;20
7;1;2017;72
7;1;2017;73
7;1;2017;74
7;1;2017;75
8;1;2017;134
8;1;2017;141
8;1;2017;145
8;1;2017;146
8;1;2017;147
9;1;2017;28
9;1;2017;29
9;1;2017;30
9;1;2017;40
10;1;2017;87
10;1;2017;88
10;1;2017;91
10;1;2017;92
10;1;2017;94
10;1;2017;95
10;1;2017;96
10;1;2017;97
10;1;2017;98
11;1;2017;151
11;1;2017;152
11;1;2017;153
11;1;2017;154
11;1;2017;156
11;1;2017;157
11;1;2017;158
12;1;2017;76
12;1;2017;77
12;1;2017;78
12;1;2017;79
12;1;2017;81
12;1;2017;82
14;1;2017;33
14;1;2017;34
15;1;2017;59
15;1;2017;60
15;1;2017;61
15;1;2017;62
16;1;2017;22
16;1;2017;38
16;1;2017;45
17;1;2017;37
18;1;2017;32
18;1;2017;41
19;1;2017;12
19;1;2017;13
20;1;2017;52
20;1;2017;53
20;1;2017;56
20;1;2017;57
20;1;2017;58
21;1;2017;64
22;1;2017;21
23;1;2017;11
23;1;2017;14
23;1;2017;15
24;1;2017;48
24;1;2017;50
24;1;2017;51
24;1;2017;55
24;1;2017;63
25;1;2017;118
25;1;2017;124
25;1;2017;125
25;1;2017;126
25;1;2017;127
25;1;2017;129
25;1;2017;132
26;1;2017;105
26;1;2017;106
27;1;2017;36
27;1;2017;43
28;1;2017;90
28;1;2017;93
28;1;2017;101
29;1;2017;138
29;1;2017;139
29;1;2017;140
29;1;2017;143
29;1;2017;144
29;1;2017;148
30;1;2017;104
30;1;2017;110
30;1;2017;111
30;1;2017;112
31;1;2017;16
31;1;2017;42
32;1;2017;121
32;1;2017;122
32;1;2017;123
32;1;2017;128
32;1;2017;130
33;1;2017;165
33;1;2017;166
33;1;2017;167
33;1;2017;168
34;1;2017;65
34;1;2017;66
34;1;2017;67
35;1;2017;70
35;1;2017;71
35;1;2017;119
35;1;2017;120
35;1;2017;159
36;1;2017;135
36;1;2017;136
36;1;2017;137
36;1;2017;142
36;1;2017;155
37;1;2017;89
37;1;2017;99
37;1;2017;100
38;1;2017;107
38;1;2017;108
38;1;2017;109
39;1;2017;54
40;1;2017;35
41;1;2017;27
41;1;2017;31
41;1;2017;39
2;2;2017;9
2;2;2017;10
3;2;2017;23
3;2;2017;24
3;2;2017;25
3;2;2017;26
3;2;2017;44
4;2;2017;6
4;2;2017;17
4;2;2017;18
5;2;2017;1
5;2;2017;4
5;2;2017;5
5;2;2017;7
6;2;2017;19
6;2;2017;20
7;2;2017;72
7;2;2017;73
7;2;2017;74
7;2;2017;75
8;2;2017;134
8;2;2017;141
8;2;2017;145
8;2;2017;146
8;2;2017;147
9;2;2017;28
9;2;2017;29
9;2;2017;30
9;2;2017;40
10;2;2017;87
10;2;2017;88
10;2;2017;91
10;2;2017;92
10;2;2017;94
10;2;2017;95
10;2;2017;96
10;2;2017;97
10;2;2017;98
11;2;2017;151
11;2;2017;152
11;2;2017;153
11;2;2017;154
11;2;2017;156
11;2;2017;157
11;2;2017;158
12;2;2017;76
12;2;2017;77
12;2;2017;78
12;2;2017;79
12;2;2017;81
12;2;2017;82
14;2;2017;33
14;2;2017;34
15;2;2017;59
15;2;2017;60
15;2;2017;61
15;2;2017;62
16;2;2017;22
16;2;2017;38
16;2;2017;45
17;2;2017;37
18;2;2017;32
18;2;2017;41
19;2;2017;12
19;2;2017;13
20;2;2017;52
20;2;2017;53
20;2;2017;56
20;2;2017;57
20;2;2017;58
21;2;2017;64
22;2;2017;21
23;2;2017;11
23;2;2017;14
23;2;2017;15
24;2;2017;48
24;2;2017;50
24;2;2017;51
24;2;2017;55
24;2;2017;63
25;2;2017;118
25;2;2017;124
25;2;2017;125
25;2;2017;126
25;2;2017;127
25;2;2017;129
25;2;2017;132
26;2;2017;105
26;2;2017;106
27;2;2017;36
27;2;2017;43
28;2;2017;90
28;2;2017;93
28;2;2017;101
29;2;2017;138
29;2;2017;139
29;2;2017;140
29;2;2017;143
29;2;2017;144
29;2;2017;148
30;2;2017;104
30;2;2017;110
30;2;2017;111
30;2;2017;112
31;2;2017;16
31;2;2017;42
32;2;2017;121
32;2;2017;122
32;2;2017;123
32;2;2017;128
32;2;2017;130
33;2;2017;165
33;2;2017;166
33;2;2017;167
33;2;2017;168
34;2;2017;65
34;2;2017;66
34;2;2017;67
35;2;2017;70
35;2;2017;71
35;2;2017;119
35;2;2017;120
35;2;2017;159
36;2;2017;135
36;2;2017;136
36;2;2017;137
36;2;2017;142
36;2;2017;155
37;2;2017;89
37;2;2017;99
37;2;2017;100
38;2;2017;107
38;2;2017;108
38;2;2017;109
39;2;2017;54
40;2;2017;35
41;2;2017;27
41;2;2017;31
41;2;2017;39
2;3;2017;9
2;3;2017;10
3;3;2017;23
3;3;2017;24
3;3;2017;25
3;3;2017;26
3;3;2017;44
4;3;2017;6
4;3;2017;17
4;3;2017;18
5;3;2017;1
5;3;2017;4
5;3;2017;5
5;3;2017;7
6;3;2017;19
6;3;2017;20
7;3;2017;72
7;3;2017;73
7;3;2017;74
7;3;2017;75
8;3;2017;134
8;3;2017;141
8;3;2017;145
8;3;2017;146
8;3;2017;147
9;3;2017;28
9;3;2017;29
9;3;2017;30
9;3;2017;40
10;3;2017;87
10;3;2017;88
10;3;2017;91
10;3;2017;92
10;3;2017;94
10;3;2017;95
10;3;2017;96
10;3;2017;97
10;3;2017;98
11;3;2017;151
11;3;2017;152
11;3;2017;153
11;3;2017;154
11;3;2017;156
11;3;2017;157
11;3;2017;158
12;3;2017;76
12;3;2017;77
12;3;2017;78
12;3;2017;79
12;3;2017;81
12;3;2017;82
14;3;2017;33
14;3;2017;34
15;3;2017;59
15;3;2017;60
15;3;2017;61
15;3;2017;62
16;3;2017;22
16;3;2017;38
16;3;2017;45
17;3;2017;37
18;3;2017;32
18;3;2017;41
19;3;2017;12
19;3;2017;13
20;3;2017;52
20;3;2017;53
20;3;2017;56
20;3;2017;57
20;3;2017;58
21;3;2017;64
22;3;2017;21
23;3;2017;11
23;3;2017;14
23;3;2017;15
24;3;2017;48
24;3;2017;50
24;3;2017;51
24;3;2017;55
24;3;2017;63
25;3;2017;118
25;3;2017;124
25;3;2017;125
25;3;2017;126
25;3;2017;127
25;3;2017;129
25;3;2017;132
26;3;2017;105
26;3;2017;106
27;3;2017;36
27;3;2017;43
28;3;2017;90
28;3;2017;93
28;3;2017;101
29;3;2017;138
29;3;2017;139
29;3;2017;140
29;3;2017;143
29;3;2017;144
29;3;2017;148
30;3;2017;104
30;3;2017;110
30;3;2017;111
30;3;2017;112
31;3;2017;16
31;3;2017;42
32;3;2017;121
32;3;2017;122
32;3;2017;123
32;3;2017;128
32;3;2017;130
33;3;2017;165
33;3;2017;166
33;3;2017;167
33;3;2017;168
34;3;2017;65
34;3;2017;66
34;3;2017;67
35;3;2017;70
35;3;2017;71
35;3;2017;119
35;3;2017;120
35;3;2017;159
36;3;2017;135
36;3;2017;136
36;3;2017;137
36;3;2017;142
36;3;2017;155
37;3;2017;89
37;3;2017;99
37;3;2017;100
38;3;2017;107
38;3;2017;108
38;3;2017;109
39;3;2017;54
40;3;2017;35
41;3;2017;27
41;3;2017;31
41;3;2017;39
2;4;2017;9
2;4;2017;10
3;4;2017;23
3;4;2017;24
3;4;2017;25
3;4;2017;26
3;4;2017;44
4;4;2017;6
4;4;2017;17
4;4;2017;18
5;4;2017;1
5;4;2017;4
5;4;2017;5
5;4;2017;7
6;4;2017;19
6;4;2017;20
7;4;2017;72
7;4;2017;73
7;4;2017;74
7;4;2017;75
8;4;2017;134
8;4;2017;141
8;4;2017;145
8;4;2017;146
8;4;2017;147
9;4;2017;28
9;4;2017;29
9;4;2017;30
9;4;2017;40
10;4;2017;87
10;4;2017;88
10;4;2017;91
10;4;2017;92
10;4;2017;94
10;4;2017;95
10;4;2017;96
10;4;2017;97
10;4;2017;98
11;4;2017;151
11;4;2017;152
11;4;2017;153
11;4;2017;154
11;4;2017;156
11;4;2017;157
11;4;2017;158
12;4;2017;76
12;4;2017;77
12;4;2017;78
12;4;2017;79
12;4;2017;81
12;4;2017;82
14;4;2017;33
14;4;2017;34
15;4;2017;59
15;4;2017;60
15;4;2017;61
15;4;2017;62
16;4;2017;22
16;4;2017;38
16;4;2017;45
17;4;2017;37
18;4;2017;32
18;4;2017;41
19;4;2017;12
19;4;2017;13
20;4;2017;52
20;4;2017;53
20;4;2017;56
20;4;2017;57
20;4;2017;58
21;4;2017;64
22;4;2017;21
23;4;2017;11
23;4;2017;14
23;4;2017;15
24;4;2017;48
24;4;2017;50
24;4;2017;51
24;4;2017;55
24;4;2017;63
25;4;2017;118
25;4;2017;124
25;4;2017;125
25;4;2017;126
25;4;2017;127
25;4;2017;129
25;4;2017;132
26;4;2017;105
26;4;2017;106
27;4;2017;36
27;4;2017;43
28;4;2017;90
28;4;2017;93
28;4;2017;101
29;4;2017;138
29;4;2017;139
29;4;2017;140
29;4;2017;143
29;4;2017;144
29;4;2017;148
30;4;2017;104
30;4;2017;110
30;4;2017;111
30;4;2017;112
31;4;2017;16
31;4;2017;42
32;4;2017;121
32;4;2017;122
32;4;2017;123
32;4;2017;128
32;4;2017;130
33;4;2017;165
33;4;2017;166
33;4;2017;167
33;4;2017;168
34;4;2017;65
34;4;2017;66
34;4;2017;67
35;4;2017;70
35;4;2017;71
35;4;2017;119
35;4;2017;120
35;4;2017;159
36;4;2017;135
36;4;2017;136
36;4;2017;137
36;4;2017;142
36;4;2017;155
37;4;2017;89
37;4;2017;99
37;4;2017;100
38;4;2017;107
38;4;2017;108
38;4;2017;109
39;4;2017;54
40;4;2017;35
41;4;2017;27
41;4;2017;31
41;4;2017;39
2;5;2017;9
2;5;2017;10
3;5;2017;23
3;5;2017;24
3;5;2017;25
3;5;2017;26
3;5;2017;44
4;5;2017;6
4;5;2017;17
4;5;2017;18
5;5;2017;1
5;5;2017;4
5;5;2017;5
5;5;2017;7
6;5;2017;19
6;5;2017;20
7;5;2017;72
7;5;2017;73
7;5;2017;74
7;5;2017;75
8;5;2017;134
8;5;2017;141
8;5;2017;145
8;5;2017;146
8;5;2017;147
9;5;2017;28
9;5;2017;29
9;5;2017;30
9;5;2017;40
10;5;2017;87
10;5;2017;88
10;5;2017;91
10;5;2017;92
10;5;2017;94
10;5;2017;95
10;5;2017;96
10;5;2017;97
10;5;2017;98
11;5;2017;151
11;5;2017;152
11;5;2017;153
11;5;2017;154
11;5;2017;156
11;5;2017;157
11;5;2017;158
12;5;2017;76
12;5;2017;77
12;5;2017;78
12;5;2017;79
12;5;2017;81
12;5;2017;82
14;5;2017;33
14;5;2017;34
15;5;2017;59
15;5;2017;60
15;5;2017;61
15;5;2017;62
16;5;2017;22
16;5;2017;38
16;5;2017;45
17;5;2017;37
18;5;2017;32
18;5;2017;41
19;5;2017;12
19;5;2017;13
20;5;2017;52
20;5;2017;53
20;5;2017;56
20;5;2017;57
20;5;2017;58
21;5;2017;64
22;5;2017;21
23;5;2017;11
23;5;2017;14
23;5;2017;15
24;5;2017;48
24;5;2017;50
24;5;2017;51
24;5;2017;55
24;5;2017;63
25;5;2017;118
25;5;2017;124
25;5;2017;125
25;5;2017;126
25;5;2017;127
25;5;2017;129
25;5;2017;132
26;5;2017;105
26;5;2017;106
27;5;2017;36
27;5;2017;43
28;5;2017;90
28;5;2017;93
28;5;2017;101
29;5;2017;138
29;5;2017;139
29;5;2017;140
29;5;2017;143
29;5;2017;144
29;5;2017;148
30;5;2017;104
30;5;2017;110
30;5;2017;111
30;5;2017;112
31;5;2017;16
31;5;2017;42
32;5;2017;121
32;5;2017;122
32;5;2017;123
32;5;2017;128
32;5;2017;130
33;5;2017;165
33;5;2017;166
33;5;2017;167
33;5;2017;168
34;5;2017;65
34;5;2017;66
34;5;2017;67
35;5;2017;70
35;5;2017;71
35;5;2017;119
35;5;2017;120
35;5;2017;159
36;5;2017;135
36;5;2017;136
36;5;2017;137
36;5;2017;142
36;5;2017;155
37;5;2017;89
37;5;2017;99
37;5;2017;100
38;5;2017;107
38;5;2017;108
38;5;2017;109
39;5;2017;54
40;5;2017;35
41;5;2017;27
41;5;2017;31
41;5;2017;39
2;6;2017;9
2;6;2017;10
3;6;2017;23
3;6;2017;24
3;6;2017;25
3;6;2017;26
3;6;2017;44
4;6;2017;6
4;6;2017;17
4;6;2017;18
5;6;2017;1
5;6;2017;4
5;6;2017;5
5;6;2017;7
6;6;2017;19
6;6;2017;20
7;6;2017;72
7;6;2017;73
7;6;2017;74
7;6;2017;75
8;6;2017;134
8;6;2017;141
8;6;2017;145
8;6;2017;146
8;6;2017;147
9;6;2017;28
9;6;2017;29
9;6;2017;30
9;6;2017;40
10;6;2017;87
10;6;2017;88
10;6;2017;91
10;6;2017;92
10;6;2017;94
10;6;2017;95
10;6;2017;96
10;6;2017;97
10;6;2017;98
11;6;2017;151
11;6;2017;152
11;6;2017;153
11;6;2017;154
11;6;2017;156
11;6;2017;157
11;6;2017;158
12;6;2017;76
12;6;2017;77
12;6;2017;78
12;6;2017;79
12;6;2017;81
12;6;2017;82
14;6;2017;33
14;6;2017;34
15;6;2017;59
15;6;2017;60
15;6;2017;61
15;6;2017;62
16;6;2017;22
16;6;2017;38
16;6;2017;45
17;6;2017;37
18;6;2017;32
18;6;2017;41
19;6;2017;12
19;6;2017;13
20;6;2017;52
20;6;2017;53
20;6;2017;56
20;6;2017;57
20;6;2017;58
21;6;2017;64
22;6;2017;21
23;6;2017;11
23;6;2017;14
23;6;2017;15
24;6;2017;48
24;6;2017;50
24;6;2017;51
24;6;2017;55
24;6;2017;63
25;6;2017;118
25;6;2017;124
25;6;2017;125
25;6;2017;126
25;6;2017;127
25;6;2017;129
25;6;2017;132
26;6;2017;105
26;6;2017;106
27;6;2017;36
27;6;2017;43
28;6;2017;90
28;6;2017;93
28;6;2017;101
29;6;2017;138
29;6;2017;139
29;6;2017;140
29;6;2017;143
29;6;2017;144
29;6;2017;148
30;6;2017;104
30;6;2017;110
30;6;2017;111
30;6;2017;112
31;6;2017;16
31;6;2017;42
32;6;2017;121
32;6;2017;122
32;6;2017;123
32;6;2017;128
32;6;2017;130
33;6;2017;165
33;6;2017;166
33;6;2017;167
33;6;2017;168
34;6;2017;65
34;6;2017;66
34;6;2017;67
35;6;2017;70
35;6;2017;71
35;6;2017;119
35;6;2017;120
35;6;2017;159
36;6;2017;135
36;6;2017;136
36;6;2017;137
36;6;2017;142
36;6;2017;155
37;6;2017;89
37;6;2017;99
37;6;2017;100
38;6;2017;107
38;6;2017;108
38;6;2017;109
39;6;2017;54
40;6;2017;35
41;6;2017;27
41;6;2017;31
41;6;2017;39
2;7;2017;9
2;7;2017;10
3;7;2017;23
3;7;2017;24
3;7;2017;25
3;7;2017;26
3;7;2017;44
4;7;2017;6
4;7;2017;17
6;7;2017;18
5;7;2017;1
5;7;2017;4
5;7;2017;5
5;7;2017;7
6;7;2017;19
6;7;2017;20
7;7;2017;72
7;7;2017;73
7;7;2017;74
7;7;2017;75
8;7;2017;134
8;7;2017;141
8;7;2017;145
8;7;2017;146
8;7;2017;147
18;7;2017;28
9;7;2017;29
9;7;2017;30
9;7;2017;40
10;7;2017;87
10;7;2017;88
10;7;2017;91
10;7;2017;92
10;7;2017;94
10;7;2017;95
10;7;2017;96
10;7;2017;97
10;7;2017;98
11;7;2017;151
11;7;2017;152
11;7;2017;153
11;7;2017;154
11;7;2017;156
11;7;2017;157
11;7;2017;158
12;7;2017;76
12;7;2017;77
12;7;2017;78
12;7;2017;79
12;7;2017;81
12;7;2017;82
14;7;2017;33
14;7;2017;34
15;7;2017;59
15;7;2017;60
15;7;2017;61
15;7;2017;62
16;7;2017;22
16;7;2017;38
16;7;2017;45
17;7;2017;37
18;7;2017;32
18;7;2017;41
19;7;2017;12
19;7;2017;13
20;7;2017;52
20;7;2017;53
20;7;2017;56
20;7;2017;57
20;7;2017;58
21;7;2017;64
22;7;2017;21
23;7;2017;11
23;7;2017;14
23;7;2017;15
24;7;2017;48
24;7;2017;50
24;7;2017;51
24;7;2017;55
24;7;2017;63
25;7;2017;118
25;7;2017;124
25;7;2017;125
25;7;2017;126
25;7;2017;127
25;7;2017;129
25;7;2017;132
26;7;2017;105
26;7;2017;106
27;7;2017;36
27;7;2017;43
28;7;2017;90
28;7;2017;93
28;7;2017;101
29;7;2017;138
29;7;2017;139
29;7;2017;140
29;7;2017;143
29;7;2017;144
29;7;2017;148
30;7;2017;104
30;7;2017;110
30;7;2017;111
30;7;2017;112
31;7;2017;16
31;7;2017;42
32;7;2017;121
32;7;2017;122
32;7;2017;123
32;7;2017;128
32;7;2017;130
33;7;2017;165
33;7;2017;166
33;7;2017;167
33;7;2017;168
34;7;2017;65
34;7;2017;66
34;7;2017;67
35;7;2017;70
35;7;2017;71
35;7;2017;119
35;7;2017;120
35;7;2017;159
36;7;2017;135
36;7;2017;136
36;7;2017;137
36;7;2017;142
36;7;2017;155
37;7;2017;89
37;7;2017;99
37;7;2017;100
38;7;2017;107
38;7;2017;108
38;7;2017;109
39;7;2017;54
40;7;2017;35
41;7;2017;27
41;7;2017;31
41;7;2017;39
2;8;2017;9
2;8;2017;10
3;8;2017;23
3;8;2017;24
3;8;2017;25
3;8;2017;26
3;8;2017;44
4;8;2017;6
4;8;2017;17
6;8;2017;18
5;8;2017;1
5;8;2017;4
5;8;2017;5
5;8;2017;7
6;8;2017;19
6;8;2017;20
7;8;2017;72
7;8;2017;73
7;8;2017;74
7;8;2017;75
8;8;2017;134
8;8;2017;141
8;8;2017;145
8;8;2017;146
8;8;2017;147
18;8;2017;28
9;8;2017;29
9;8;2017;30
9;8;2017;40
10;8;2017;87
10;8;2017;88
10;8;2017;91
10;8;2017;92
10;8;2017;94
10;8;2017;95
10;8;2017;96
10;8;2017;97
10;8;2017;98
11;8;2017;151
11;8;2017;152
11;8;2017;153
11;8;2017;154
11;8;2017;156
11;8;2017;157
11;8;2017;158
12;8;2017;76
12;8;2017;77
12;8;2017;78
12;8;2017;79
12;8;2017;81
12;8;2017;82
14;8;2017;33
14;8;2017;34
15;8;2017;59
15;8;2017;60
15;8;2017;61
15;8;2017;62
16;8;2017;22
16;8;2017;38
16;8;2017;45
17;8;2017;37
18;8;2017;32
18;8;2017;41
19;8;2017;12
19;8;2017;13
20;8;2017;52
20;8;2017;53
20;8;2017;56
20;8;2017;57
20;8;2017;58
21;8;2017;64
22;8;2017;21
23;8;2017;11
23;8;2017;14
23;8;2017;15
24;8;2017;48
24;8;2017;50
24;8;2017;51
24;8;2017;55
24;8;2017;63
25;8;2017;118
25;8;2017;124
25;8;2017;125
25;8;2017;126
25;8;2017;127
25;8;2017;129
25;8;2017;132
26;8;2017;105
26;8;2017;106
27;8;2017;36
27;8;2017;43
28;8;2017;90
28;8;2017;93
28;8;2017;101
29;8;2017;138
29;8;2017;139
29;8;2017;140
29;8;2017;143
29;8;2017;144
29;8;2017;148
30;8;2017;104
30;8;2017;110
30;8;2017;111
30;8;2017;112
31;8;2017;16
31;8;2017;42
32;8;2017;121
32;8;2017;122
32;8;2017;123
32;8;2017;128
32;8;2017;130
33;8;2017;165
33;8;2017;166
33;8;2017;167
33;8;2017;168
34;8;2017;65
34;8;2017;66
34;8;2017;67
35;8;2017;70
35;8;2017;71
35;8;2017;119
35;8;2017;120
35;8;2017;159
36;8;2017;135
36;8;2017;136
36;8;2017;137
36;8;2017;142
36;8;2017;155
37;8;2017;89
37;8;2017;99
37;8;2017;100
38;8;2017;107
38;8;2017;108
38;8;2017;109
39;8;2017;54
40;8;2017;35
41;8;2017;27
41;8;2017;31
41;8;2017;39
2;9;2017;9
2;9;2017;10
3;9;2017;23
3;9;2017;24
3;9;2017;25
3;9;2017;26
3;9;2017;44
4;9;2017;6
4;9;2017;17
6;9;2017;18
5;9;2017;1
5;9;2017;4
5;9;2017;5
5;9;2017;7
6;9;2017;19
6;9;2017;20
7;9;2017;72
7;9;2017;73
7;9;2017;74
7;9;2017;75
8;9;2017;134
8;9;2017;141
8;9;2017;145
8;9;2017;146
8;9;2017;147
18;9;2017;28
9;9;2017;29
9;9;2017;30
9;9;2017;40
10;9;2017;87
10;9;2017;88
10;9;2017;91
10;9;2017;92
10;9;2017;94
10;9;2017;95
10;9;2017;96
10;9;2017;97
10;9;2017;98
11;9;2017;151
11;9;2017;152
11;9;2017;153
11;9;2017;154
11;9;2017;156
11;9;2017;157
11;9;2017;158
12;9;2017;76
12;9;2017;77
12;9;2017;78
12;9;2017;79
12;9;2017;81
12;9;2017;82
14;9;2017;33
14;9;2017;34
15;9;2017;59
15;9;2017;60
15;9;2017;61
15;9;2017;62
16;9;2017;22
16;9;2017;38
16;9;2017;45
17;9;2017;37
18;9;2017;32
18;9;2017;41
19;9;2017;12
19;9;2017;13
20;9;2017;52
20;9;2017;53
20;9;2017;56
20;9;2017;57
20;9;2017;58
21;9;2017;64
22;9;2017;21
23;9;2017;11
23;9;2017;14
23;9;2017;15
24;9;2017;48
24;9;2017;50
24;9;2017;51
24;9;2017;55
24;9;2017;63
25;9;2017;118
25;9;2017;124
25;9;2017;125
25;9;2017;126
25;9;2017;127
25;9;2017;129
25;9;2017;132
26;9;2017;105
26;9;2017;106
27;9;2017;36
27;9;2017;43
28;9;2017;90
28;9;2017;93
28;9;2017;101
29;9;2017;138
29;9;2017;139
29;9;2017;140
29;9;2017;143
29;9;2017;144
29;9;2017;148
30;9;2017;104
30;9;2017;110
30;9;2017;111
30;9;2017;112
31;9;2017;16
31;9;2017;42
32;9;2017;121
32;9;2017;122
32;9;2017;123
32;9;2017;128
32;9;2017;130
33;9;2017;165
33;9;2017;166
33;9;2017;167
33;9;2017;168
34;9;2017;65
34;9;2017;66
34;9;2017;67
35;9;2017;70
35;9;2017;71
35;9;2017;119
35;9;2017;120
35;9;2017;159
36;9;2017;135
36;9;2017;136
36;9;2017;137
36;9;2017;142
36;9;2017;155
37;9;2017;89
37;9;2017;99
37;9;2017;100
38;9;2017;107
38;9;2017;108
38;9;2017;109
39;9;2017;54
40;9;2017;35
41;9;2017;27
41;9;2017;31
41;9;2017;39
2;10;2017;9
2;10;2017;10
3;10;2017;23
3;10;2017;24
3;10;2017;25
3;10;2017;26
3;10;2017;44
4;10;2017;6
4;10;2017;17
6;10;2017;18
5;10;2017;1
5;10;2017;4
5;10;2017;5
5;10;2017;7
6;10;2017;19
6;10;2017;20
7;10;2017;72
7;10;2017;73
7;10;2017;74
7;10;2017;75
8;10;2017;134
8;10;2017;141
8;10;2017;145
8;10;2017;146
8;10;2017;147
18;10;2017;28
9;10;2017;29
9;10;2017;30
9;10;2017;40
10;10;2017;87
10;10;2017;88
10;10;2017;91
10;10;2017;92
10;10;2017;94
10;10;2017;95
10;10;2017;96
10;10;2017;97
10;10;2017;98
11;10;2017;151
11;10;2017;152
11;10;2017;153
11;10;2017;154
11;10;2017;156
11;10;2017;157
11;10;2017;158
12;10;2017;76
12;10;2017;77
12;10;2017;78
12;10;2017;79
12;10;2017;81
12;10;2017;82
14;10;2017;33
14;10;2017;34
15;10;2017;59
15;10;2017;60
15;10;2017;61
15;10;2017;62
16;10;2017;22
16;10;2017;38
16;10;2017;45
17;10;2017;37
18;10;2017;32
18;10;2017;41
19;10;2017;12
19;10;2017;13
20;10;2017;52
20;10;2017;53
20;10;2017;56
20;10;2017;57
20;10;2017;58
21;10;2017;64
22;10;2017;21
23;10;2017;11
23;10;2017;14
23;10;2017;15
24;10;2017;48
24;10;2017;50
24;10;2017;51
24;10;2017;55
24;10;2017;63
25;10;2017;118
25;10;2017;124
25;10;2017;125
25;10;2017;126
25;10;2017;127
25;10;2017;129
25;10;2017;132
26;10;2017;105
26;10;2017;106
27;10;2017;36
27;10;2017;43
28;10;2017;90
28;10;2017;93
28;10;2017;101
29;10;2017;138
29;10;2017;139
29;10;2017;140
29;10;2017;143
29;10;2017;144
29;10;2017;148
30;10;2017;104
30;10;2017;110
30;10;2017;111
30;10;2017;112
31;10;2017;16
31;10;2017;42
32;10;2017;121
32;10;2017;122
32;10;2017;123
32;10;2017;128
32;10;2017;130
33;10;2017;165
33;10;2017;166
33;10;2017;167
33;10;2017;168
34;10;2017;65
34;10;2017;66
34;10;2017;67
35;10;2017;70
35;10;2017;71
35;10;2017;119
35;10;2017;120
35;10;2017;159
36;10;2017;135
36;10;2017;136
36;10;2017;137
36;10;2017;142
36;10;2017;155
37;10;2017;89
37;10;2017;99
37;10;2017;100
38;10;2017;107
38;10;2017;108
38;10;2017;109
39;10;2017;54
40;10;2017;35
41;10;2017;27
41;10;2017;31
41;10;2017;39
2;11;2017;9
2;11;2017;10
3;11;2017;23
3;11;2017;24
3;11;2017;25
3;11;2017;26
3;11;2017;44
4;11;2017;6
4;11;2017;17
6;11;2017;18
5;11;2017;1
5;11;2017;4
5;11;2017;5
5;11;2017;7
6;11;2017;19
6;11;2017;20
7;11;2017;72
7;11;2017;73
7;11;2017;74
7;11;2017;75
8;11;2017;134
8;11;2017;141
8;11;2017;145
8;11;2017;146
8;11;2017;147
18;11;2017;28
9;11;2017;29
9;11;2017;30
9;11;2017;40
10;11;2017;87
10;11;2017;88
10;11;2017;91
10;11;2017;92
10;11;2017;94
10;11;2017;95
10;11;2017;96
10;11;2017;97
10;11;2017;98
11;11;2017;151
11;11;2017;152
11;11;2017;153
11;11;2017;154
11;11;2017;156
11;11;2017;157
11;11;2017;158
12;11;2017;76
12;11;2017;77
12;11;2017;78
12;11;2017;79
12;11;2017;81
12;11;2017;82
14;11;2017;33
14;11;2017;34
15;11;2017;59
15;11;2017;60
15;11;2017;61
15;11;2017;62
16;11;2017;22
16;11;2017;38
16;11;2017;45
17;11;2017;37
18;11;2017;32
18;11;2017;41
19;11;2017;12
19;11;2017;13
20;11;2017;52
20;11;2017;53
20;11;2017;56
20;11;2017;57
20;11;2017;58
21;11;2017;64
22;11;2017;21
23;11;2017;11
23;11;2017;14
23;11;2017;15
24;11;2017;48
24;11;2017;50
24;11;2017;51
24;11;2017;55
24;11;2017;63
25;11;2017;118
25;11;2017;124
25;11;2017;125
25;11;2017;126
25;11;2017;127
25;11;2017;129
25;11;2017;132
26;11;2017;105
26;11;2017;106
27;11;2017;36
27;11;2017;43
28;11;2017;90
28;11;2017;93
28;11;2017;101
29;11;2017;138
29;11;2017;139
29;11;2017;140
29;11;2017;143
29;11;2017;144
29;11;2017;148
30;11;2017;104
30;11;2017;110
30;11;2017;111
30;11;2017;112
31;11;2017;16
31;11;2017;42
32;11;2017;121
32;11;2017;122
32;11;2017;123
32;11;2017;128
32;11;2017;130
33;11;2017;165
33;11;2017;166
33;11;2017;167
33;11;2017;168
34;11;2017;65
34;11;2017;66
34;11;2017;67
35;11;2017;70
35;11;2017;71
35;11;2017;119
35;11;2017;120
35;11;2017;159
36;11;2017;135
36;11;2017;136
36;11;2017;137
36;11;2017;142
36;11;2017;155
37;11;2017;89
37;11;2017;99
37;11;2017;100
38;11;2017;107
38;11;2017;108
38;11;2017;109
39;11;2017;54
40;11;2017;35
41;11;2017;27
41;11;2017;31
41;11;2017;39
2;12;2017;9
2;12;2017;10
3;12;2017;23
3;12;2017;24
3;12;2017;25
3;12;2017;26
3;12;2017;44
4;12;2017;6
4;12;2017;17
6;12;2017;18
5;12;2017;1
5;12;2017;4
5;12;2017;5
5;12;2017;7
6;12;2017;19
6;12;2017;20
7;12;2017;72
7;12;2017;73
7;12;2017;74
7;12;2017;75
8;12;2017;134
8;12;2017;141
8;12;2017;145
8;12;2017;146
8;12;2017;147
18;12;2017;28
9;12;2017;29
9;12;2017;30
9;12;2017;40
10;12;2017;87
10;12;2017;88
10;12;2017;91
10;12;2017;92
10;12;2017;94
10;12;2017;95
10;12;2017;96
10;12;2017;97
10;12;2017;98
11;12;2017;151
11;12;2017;152
11;12;2017;153
11;12;2017;154
11;12;2017;156
11;12;2017;157
11;12;2017;158
12;12;2017;76
12;12;2017;77
12;12;2017;78
12;12;2017;79
12;12;2017;81
12;12;2017;82
14;12;2017;33
14;12;2017;34
15;12;2017;59
15;12;2017;60
15;12;2017;61
15;12;2017;62
16;12;2017;22
16;12;2017;38
16;12;2017;45
17;12;2017;37
18;12;2017;32
18;12;2017;41
19;12;2017;12
19;12;2017;13
20;12;2017;52
20;12;2017;53
20;12;2017;56
20;12;2017;57
20;12;2017;58
21;12;2017;64
22;12;2017;21
23;12;2017;11
23;12;2017;14
23;12;2017;15
24;12;2017;48
24;12;2017;50
24;12;2017;51
24;12;2017;55
24;12;2017;63
25;12;2017;118
25;12;2017;124
25;12;2017;125
25;12;2017;126
25;12;2017;127
25;12;2017;129
25;12;2017;132
26;12;2017;105
26;12;2017;106
27;12;2017;36
27;12;2017;43
28;12;2017;90
28;12;2017;93
28;12;2017;101
29;12;2017;138
29;12;2017;139
29;12;2017;140
29;12;2017;143
29;12;2017;144
29;12;2017;148
30;12;2017;104
30;12;2017;110
30;12;2017;111
30;12;2017;112
31;12;2017;16
31;12;2017;42
32;12;2017;121
32;12;2017;122
32;12;2017;123
32;12;2017;128
32;12;2017;130
33;12;2017;165
33;12;2017;166
33;12;2017;167
33;12;2017;168
34;12;2017;65
34;12;2017;66
34;12;2017;67
35;12;2017;70
35;12;2017;71
35;12;2017;119
35;12;2017;120
35;12;2017;159
36;12;2017;135
36;12;2017;136
36;12;2017;137
36;12;2017;142
36;12;2017;155
37;12;2017;89
37;12;2017;99
37;12;2017;100
38;12;2017;107
38;12;2017;108
38;12;2017;109
39;12;2017;54
40;12;2017;35
41;12;2017;27
41;12;2017;31
41;12;2017;39
2;1;2018;9
2;1;2018;10
3;1;2018;23
3;1;2018;24
3;1;2018;25
3;1;2018;26
3;1;2018;44
4;1;2018;6
4;1;2018;17
6;1;2018;18
5;1;2018;1
5;1;2018;4
5;1;2018;5
5;1;2018;7
6;1;2018;19
6;1;2018;20
7;1;2018;72
7;1;2018;73
7;1;2018;74
7;1;2018;75
8;1;2018;134
8;1;2018;141
8;1;2018;145
8;1;2018;146
8;1;2018;147
18;1;2018;28
9;1;2018;29
9;1;2018;30
9;1;2018;40
10;1;2018;87
10;1;2018;88
10;1;2018;91
10;1;2018;92
10;1;2018;94
10;1;2018;95
10;1;2018;96
10;1;2018;97
10;1;2018;98
11;1;2018;151
11;1;2018;152
11;1;2018;153
11;1;2018;154
11;1;2018;156
11;1;2018;157
11;1;2018;158
12;1;2018;76
12;1;2018;77
12;1;2018;78
12;1;2018;79
12;1;2018;81
12;1;2018;82
14;1;2018;33
14;1;2018;34
15;1;2018;59
15;1;2018;60
15;1;2018;61
15;1;2018;62
16;1;2018;22
16;1;2018;38
16;1;2018;45
17;1;2018;37
18;1;2018;32
18;1;2018;41
19;1;2018;12
19;1;2018;13
20;1;2018;52
20;1;2018;53
20;1;2018;56
20;1;2018;57
20;1;2018;58
21;1;2018;64
22;1;2018;21
23;1;2018;11
23;1;2018;14
23;1;2018;15
24;1;2018;48
24;1;2018;50
24;1;2018;51
24;1;2018;55
24;1;2018;63
25;1;2018;118
25;1;2018;124
25;1;2018;125
25;1;2018;126
25;1;2018;127
25;1;2018;129
25;1;2018;132
26;1;2018;105
26;1;2018;106
27;1;2018;36
27;1;2018;43
28;1;2018;90
28;1;2018;93
28;1;2018;101
29;1;2018;138
29;1;2018;139
29;1;2018;140
29;1;2018;143
29;1;2018;144
29;1;2018;148
30;1;2018;104
30;1;2018;110
30;1;2018;111
30;1;2018;112
31;1;2018;16
31;1;2018;42
32;1;2018;121
32;1;2018;122
32;1;2018;123
32;1;2018;128
32;1;2018;130
33;1;2018;165
33;1;2018;166
33;1;2018;167
33;1;2018;168
34;1;2018;65
34;1;2018;66
34;1;2018;67
35;1;2018;70
35;1;2018;71
35;1;2018;119
35;1;2018;120
35;1;2018;159
36;1;2018;135
36;1;2018;136
36;1;2018;137
36;1;2018;142
36;1;2018;155
37;1;2018;89
37;1;2018;99
37;1;2018;100
38;1;2018;107
38;1;2018;108
38;1;2018;109
39;1;2018;54
40;1;2018;35
41;1;2018;27
41;1;2018;31
41;1;2018;39
2;2;2018;9
2;2;2018;10
3;2;2018;23
3;2;2018;24
3;2;2018;25
3;2;2018;26
3;2;2018;44
4;2;2018;6
4;2;2018;17
6;2;2018;18
5;2;2018;1
5;2;2018;4
5;2;2018;5
5;2;2018;7
6;2;2018;19
6;2;2018;20
7;2;2018;72
7;2;2018;73
7;2;2018;74
7;2;2018;75
8;2;2018;134
8;2;2018;141
8;2;2018;145
8;2;2018;146
8;2;2018;147
18;2;2018;28
9;2;2018;29
9;2;2018;30
9;2;2018;40
10;2;2018;87
10;2;2018;88
10;2;2018;91
10;2;2018;92
10;2;2018;94
10;2;2018;95
10;2;2018;96
10;2;2018;97
10;2;2018;98
11;2;2018;151
11;2;2018;152
11;2;2018;153
11;2;2018;154
11;2;2018;156
11;2;2018;157
11;2;2018;158
12;2;2018;76
12;2;2018;77
12;2;2018;78
12;2;2018;79
12;2;2018;81
12;2;2018;82
14;2;2018;33
14;2;2018;34
15;2;2018;59
15;2;2018;60
15;2;2018;61
15;2;2018;62
16;2;2018;22
16;2;2018;38
16;2;2018;45
17;2;2018;37
18;2;2018;32
18;2;2018;41
19;2;2018;12
19;2;2018;13
20;2;2018;52
20;2;2018;53
20;2;2018;56
20;2;2018;57
20;2;2018;58
21;2;2018;64
22;2;2018;21
23;2;2018;11
23;2;2018;14
23;2;2018;15
24;2;2018;48
24;2;2018;50
24;2;2018;51
24;2;2018;55
24;2;2018;63
25;2;2018;118
25;2;2018;124
25;2;2018;125
25;2;2018;126
25;2;2018;127
25;2;2018;129
25;2;2018;132
26;2;2018;105
26;2;2018;106
27;2;2018;36
27;2;2018;43
28;2;2018;90
28;2;2018;93
28;2;2018;101
29;2;2018;138
29;2;2018;139
29;2;2018;140
29;2;2018;143
29;2;2018;144
29;2;2018;148
30;2;2018;104
30;2;2018;110
30;2;2018;111
30;2;2018;112
31;2;2018;16
31;2;2018;42
32;2;2018;121
32;2;2018;122
32;2;2018;123
32;2;2018;128
32;2;2018;130
33;2;2018;165
33;2;2018;166
33;2;2018;167
33;2;2018;168
34;2;2018;65
34;2;2018;66
34;2;2018;67
35;2;2018;70
35;2;2018;71
35;2;2018;119
35;2;2018;120
35;2;2018;159
36;2;2018;135
36;2;2018;136
36;2;2018;137
36;2;2018;142
36;2;2018;155
37;2;2018;89
37;2;2018;99
37;2;2018;100
38;2;2018;107
38;2;2018;108
38;2;2018;109
39;2;2018;54
40;2;2018;35
41;2;2018;27
41;2;2018;31
41;2;2018;39
2;3;2018;9
2;3;2018;10
3;3;2018;23
3;3;2018;24
3;3;2018;25
3;3;2018;26
3;3;2018;44
4;3;2018;6
4;3;2018;17
6;3;2018;18
5;3;2018;1
5;3;2018;4
5;3;2018;5
5;3;2018;7
6;3;2018;19
6;3;2018;20
7;3;2018;72
7;3;2018;73
7;3;2018;74
7;3;2018;75
8;3;2018;134
8;3;2018;141
8;3;2018;145
8;3;2018;146
8;3;2018;147
18;3;2018;28
9;3;2018;29
9;3;2018;30
9;3;2018;40
10;3;2018;87
10;3;2018;88
10;3;2018;91
10;3;2018;92
10;3;2018;94
10;3;2018;95
10;3;2018;96
10;3;2018;97
10;3;2018;98
11;3;2018;151
11;3;2018;152
11;3;2018;153
11;3;2018;154
11;3;2018;156
11;3;2018;157
11;3;2018;158
12;3;2018;76
12;3;2018;77
12;3;2018;78
12;3;2018;79
12;3;2018;81
12;3;2018;82
14;3;2018;33
14;3;2018;34
15;3;2018;59
15;3;2018;60
15;3;2018;61
15;3;2018;62
16;3;2018;22
16;3;2018;38
16;3;2018;45
17;3;2018;37
18;3;2018;32
18;3;2018;41
19;3;2018;12
19;3;2018;13
20;3;2018;52
20;3;2018;53
20;3;2018;56
20;3;2018;57
20;3;2018;58
21;3;2018;64
22;3;2018;21
23;3;2018;11
23;3;2018;14
23;3;2018;15
24;3;2018;48
24;3;2018;50
24;3;2018;51
24;3;2018;55
24;3;2018;63
25;3;2018;118
25;3;2018;124
25;3;2018;125
25;3;2018;126
25;3;2018;127
25;3;2018;129
25;3;2018;132
26;3;2018;105
26;3;2018;106
27;3;2018;36
27;3;2018;43
28;3;2018;90
28;3;2018;93
28;3;2018;101
29;3;2018;138
29;3;2018;139
29;3;2018;140
29;3;2018;143
29;3;2018;144
29;3;2018;148
30;3;2018;104
30;3;2018;110
30;3;2018;111
30;3;2018;112
31;3;2018;16
31;3;2018;42
32;3;2018;121
32;3;2018;122
32;3;2018;123
32;3;2018;128
32;3;2018;130
33;3;2018;165
33;3;2018;166
33;3;2018;167
33;3;2018;168
34;3;2018;65
34;3;2018;66
34;3;2018;67
35;3;2018;70
35;3;2018;71
35;3;2018;119
35;3;2018;120
35;3;2018;159
36;3;2018;135
36;3;2018;136
36;3;2018;137
36;3;2018;142
36;3;2018;155
37;3;2018;89
37;3;2018;99
37;3;2018;100
38;3;2018;107
38;3;2018;108
38;3;2018;109
39;3;2018;54
40;3;2018;35
41;3;2018;27
41;3;2018;31
41;3;2018;39
2;4;2018;9
2;4;2018;10
3;4;2018;23
3;4;2018;24
3;4;2018;25
3;4;2018;26
3;4;2018;44
4;4;2018;6
4;4;2018;17
6;4;2018;18
5;4;2018;1
5;4;2018;4
5;4;2018;5
5;4;2018;7
6;4;2018;19
6;4;2018;20
7;4;2018;72
7;4;2018;73
7;4;2018;74
7;4;2018;75
8;4;2018;134
8;4;2018;141
8;4;2018;145
8;4;2018;146
8;4;2018;147
18;4;2018;28
9;4;2018;29
9;4;2018;30
9;4;2018;40
10;4;2018;87
10;4;2018;88
10;4;2018;91
10;4;2018;92
10;4;2018;94
10;4;2018;95
10;4;2018;96
10;4;2018;97
10;4;2018;98
11;4;2018;151
11;4;2018;152
11;4;2018;153
11;4;2018;154
11;4;2018;156
11;4;2018;157
11;4;2018;158
12;4;2018;76
12;4;2018;77
12;4;2018;78
12;4;2018;79
12;4;2018;81
12;4;2018;82
14;4;2018;33
14;4;2018;34
15;4;2018;59
15;4;2018;60
15;4;2018;61
15;4;2018;62
16;4;2018;22
16;4;2018;38
16;4;2018;45
17;4;2018;37
18;4;2018;32
18;4;2018;41
19;4;2018;12
19;4;2018;13
20;4;2018;52
20;4;2018;53
20;4;2018;56
20;4;2018;57
20;4;2018;58
21;4;2018;64
22;4;2018;21
23;4;2018;11
23;4;2018;14
23;4;2018;15
24;4;2018;48
24;4;2018;50
24;4;2018;51
24;4;2018;55
24;4;2018;63
25;4;2018;118
25;4;2018;124
25;4;2018;125
25;4;2018;126
25;4;2018;127
25;4;2018;129
25;4;2018;132
26;4;2018;105
26;4;2018;106
27;4;2018;36
27;4;2018;43
28;4;2018;90
28;4;2018;93
28;4;2018;101
29;4;2018;138
29;4;2018;139
29;4;2018;140
29;4;2018;143
29;4;2018;144
29;4;2018;148
30;4;2018;104
30;4;2018;110
30;4;2018;111
30;4;2018;112
31;4;2018;16
31;4;2018;42
32;4;2018;121
32;4;2018;122
32;4;2018;123
32;4;2018;128
32;4;2018;130
33;4;2018;165
33;4;2018;166
33;4;2018;167
33;4;2018;168
34;4;2018;65
34;4;2018;66
34;4;2018;67
35;4;2018;70
35;4;2018;71
35;4;2018;119
35;4;2018;120
35;4;2018;159
36;4;2018;135
36;4;2018;136
36;4;2018;137
36;4;2018;142
36;4;2018;155
37;4;2018;89
37;4;2018;99
37;4;2018;100
38;4;2018;107
38;4;2018;108
38;4;2018;109
39;4;2018;54
40;4;2018;35
41;4;2018;27
41;4;2018;31
41;4;2018;39
2;5;2018;9
2;5;2018;10
3;5;2018;23
3;5;2018;24
3;5;2018;25
3;5;2018;26
3;5;2018;44
4;5;2018;6
4;5;2018;17
6;5;2018;18
5;5;2018;1
5;5;2018;4
5;5;2018;5
5;5;2018;7
6;5;2018;19
6;5;2018;20
7;5;2018;72
7;5;2018;73
7;5;2018;74
7;5;2018;75
8;5;2018;134
8;5;2018;141
8;5;2018;145
8;5;2018;146
8;5;2018;147
18;5;2018;28
9;5;2018;29
9;5;2018;30
9;5;2018;40
10;5;2018;87
10;5;2018;88
10;5;2018;91
10;5;2018;92
10;5;2018;94
10;5;2018;95
10;5;2018;96
10;5;2018;97
10;5;2018;98
11;5;2018;151
11;5;2018;152
11;5;2018;153
11;5;2018;154
11;5;2018;156
11;5;2018;157
11;5;2018;158
12;5;2018;76
12;5;2018;77
12;5;2018;78
12;5;2018;79
12;5;2018;81
12;5;2018;82
14;5;2018;33
14;5;2018;34
15;5;2018;59
15;5;2018;60
15;5;2018;61
15;5;2018;62
16;5;2018;22
16;5;2018;38
16;5;2018;45
17;5;2018;37
18;5;2018;32
18;5;2018;41
19;5;2018;12
19;5;2018;13
20;5;2018;52
20;5;2018;53
20;5;2018;56
20;5;2018;57
20;5;2018;58
21;5;2018;64
22;5;2018;21
23;5;2018;11
23;5;2018;14
23;5;2018;15
24;5;2018;48
24;5;2018;50
24;5;2018;51
24;5;2018;55
24;5;2018;63
25;5;2018;118
25;5;2018;124
25;5;2018;125
25;5;2018;126
25;5;2018;127
25;5;2018;129
25;5;2018;132
26;5;2018;105
26;5;2018;106
27;5;2018;36
27;5;2018;43
28;5;2018;90
28;5;2018;93
28;5;2018;101
29;5;2018;138
29;5;2018;139
29;5;2018;140
29;5;2018;143
29;5;2018;144
29;5;2018;148
30;5;2018;104
30;5;2018;110
30;5;2018;111
30;5;2018;112
31;5;2018;16
31;5;2018;42
32;5;2018;121
32;5;2018;122
32;5;2018;123
32;5;2018;128
32;5;2018;130
33;5;2018;165
33;5;2018;166
33;5;2018;167
33;5;2018;168
34;5;2018;65
34;5;2018;66
34;5;2018;67
35;5;2018;70
35;5;2018;71
35;5;2018;119
35;5;2018;120
35;5;2018;159
36;5;2018;135
36;5;2018;136
36;5;2018;137
36;5;2018;142
36;5;2018;155
37;5;2018;89
37;5;2018;99
37;5;2018;100
38;5;2018;107
38;5;2018;108
38;5;2018;109
39;5;2018;54
40;5;2018;35
41;5;2018;27
41;5;2018;31
41;5;2018;39
2;6;2018;9
2;6;2018;10
3;6;2018;23
3;6;2018;24
3;6;2018;25
3;6;2018;26
3;6;2018;44
4;6;2018;6
4;6;2018;17
6;6;2018;18
5;6;2018;1
5;6;2018;4
5;6;2018;5
5;6;2018;7
6;6;2018;19
6;6;2018;20
7;6;2018;72
7;6;2018;73
7;6;2018;74
7;6;2018;75
8;6;2018;134
8;6;2018;141
8;6;2018;145
8;6;2018;146
8;6;2018;147
18;6;2018;28
9;6;2018;29
9;6;2018;30
9;6;2018;40
10;6;2018;87
10;6;2018;88
10;6;2018;91
10;6;2018;92
10;6;2018;94
10;6;2018;95
10;6;2018;96
10;6;2018;97
10;6;2018;98
11;6;2018;151
11;6;2018;152
11;6;2018;153
11;6;2018;154
11;6;2018;156
11;6;2018;157
11;6;2018;158
12;6;2018;76
12;6;2018;77
12;6;2018;78
12;6;2018;79
12;6;2018;81
12;6;2018;82
14;6;2018;33
14;6;2018;34
15;6;2018;59
15;6;2018;60
15;6;2018;61
15;6;2018;62
16;6;2018;22
16;6;2018;38
16;6;2018;45
17;6;2018;37
18;6;2018;32
18;6;2018;41
19;6;2018;12
19;6;2018;13
20;6;2018;52
20;6;2018;53
20;6;2018;56
20;6;2018;57
20;6;2018;58
21;6;2018;64
22;6;2018;21
23;6;2018;11
23;6;2018;14
23;6;2018;15
24;6;2018;48
24;6;2018;50
24;6;2018;51
24;6;2018;55
24;6;2018;63
25;6;2018;118
25;6;2018;124
25;6;2018;125
25;6;2018;126
25;6;2018;127
25;6;2018;129
25;6;2018;132
26;6;2018;105
26;6;2018;106
27;6;2018;36
27;6;2018;43
28;6;2018;90
28;6;2018;93
28;6;2018;101
29;6;2018;138
29;6;2018;139
29;6;2018;140
29;6;2018;143
29;6;2018;144
29;6;2018;148
30;6;2018;104
30;6;2018;110
30;6;2018;111
30;6;2018;112
31;6;2018;16
31;6;2018;42
32;6;2018;121
32;6;2018;122
32;6;2018;123
32;6;2018;128
32;6;2018;130
33;6;2018;165
33;6;2018;166
33;6;2018;167
33;6;2018;168
34;6;2018;65
34;6;2018;66
34;6;2018;67
35;6;2018;70
35;6;2018;71
35;6;2018;119
35;6;2018;120
35;6;2018;159
36;6;2018;135
36;6;2018;136
36;6;2018;137
36;6;2018;142
36;6;2018;155
37;6;2018;89
37;6;2018;99
37;6;2018;100
38;6;2018;107
38;6;2018;108
38;6;2018;109
39;6;2018;54
40;6;2018;35
41;6;2018;27
41;6;2018;31
41;6;2018;39
2;7;2018;9
2;7;2018;10
3;7;2018;23
3;7;2018;24
3;7;2018;25
3;7;2018;26
3;7;2018;44
4;7;2018;6
4;7;2018;17
6;7;2018;18
5;7;2018;1
5;7;2018;4
5;7;2018;5
5;7;2018;7
6;7;2018;19
6;7;2018;20
7;7;2018;72
7;7;2018;73
7;7;2018;74
7;7;2018;75
8;7;2018;134
8;7;2018;141
8;7;2018;145
8;7;2018;146
8;7;2018;147
18;7;2018;28
9;7;2018;29
9;7;2018;30
9;7;2018;40
10;7;2018;87
10;7;2018;88
10;7;2018;91
10;7;2018;92
10;7;2018;94
10;7;2018;95
10;7;2018;96
10;7;2018;97
10;7;2018;98
11;7;2018;151
11;7;2018;152
11;7;2018;153
11;7;2018;154
11;7;2018;156
11;7;2018;157
11;7;2018;158
12;7;2018;76
12;7;2018;77
12;7;2018;78
12;7;2018;79
12;7;2018;81
12;7;2018;82
14;7;2018;33
14;7;2018;34
15;7;2018;59
15;7;2018;60
15;7;2018;61
15;7;2018;62
16;7;2018;22
16;7;2018;38
16;7;2018;45
17;7;2018;37
18;7;2018;32
18;7;2018;41
19;7;2018;12
19;7;2018;13
20;7;2018;52
20;7;2018;53
20;7;2018;56
20;7;2018;57
20;7;2018;58
21;7;2018;64
22;7;2018;21
23;7;2018;11
23;7;2018;14
23;7;2018;15
24;7;2018;48
24;7;2018;50
24;7;2018;51
24;7;2018;55
24;7;2018;63
25;7;2018;118
25;7;2018;124
25;7;2018;125
25;7;2018;126
25;7;2018;127
25;7;2018;129
25;7;2018;132
26;7;2018;105
26;7;2018;106
27;7;2018;36
27;7;2018;43
28;7;2018;90
28;7;2018;93
28;7;2018;101
29;7;2018;138
29;7;2018;139
29;7;2018;140
29;7;2018;143
29;7;2018;144
29;7;2018;148
30;7;2018;104
30;7;2018;110
30;7;2018;111
30;7;2018;112
31;7;2018;16
31;7;2018;42
32;7;2018;121
32;7;2018;122
32;7;2018;123
32;7;2018;128
32;7;2018;130
33;7;2018;165
33;7;2018;166
33;7;2018;167
33;7;2018;168
34;7;2018;65
34;7;2018;66
34;7;2018;67
35;7;2018;70
35;7;2018;71
35;7;2018;119
35;7;2018;120
35;7;2018;159
36;7;2018;135
36;7;2018;136
36;7;2018;137
36;7;2018;142
36;7;2018;155
37;7;2018;89
37;7;2018;99
37;7;2018;100
38;7;2018;107
38;7;2018;108
38;7;2018;109
39;7;2018;54
40;7;2018;35
41;7;2018;27
41;7;2018;31
41;7;2018;39
2;8;2018;9
2;8;2018;10
3;8;2018;23
3;8;2018;24
3;8;2018;25
3;8;2018;26
3;8;2018;44
4;8;2018;6
4;8;2018;17
6;8;2018;18
5;8;2018;1
5;8;2018;4
5;8;2018;5
5;8;2018;7
6;8;2018;19
6;8;2018;20
7;8;2018;72
7;8;2018;73
7;8;2018;74
7;8;2018;75
8;8;2018;134
8;8;2018;141
8;8;2018;145
8;8;2018;146
8;8;2018;147
18;8;2018;28
9;8;2018;29
9;8;2018;30
9;8;2018;40
10;8;2018;87
10;8;2018;88
10;8;2018;91
10;8;2018;92
10;8;2018;94
10;8;2018;95
10;8;2018;96
10;8;2018;97
10;8;2018;98
11;8;2018;151
11;8;2018;152
11;8;2018;153
11;8;2018;154
11;8;2018;156
11;8;2018;157
11;8;2018;158
12;8;2018;76
12;8;2018;77
12;8;2018;78
12;8;2018;79
12;8;2018;81
12;8;2018;82
14;8;2018;33
14;8;2018;34
15;8;2018;59
15;8;2018;60
15;8;2018;61
15;8;2018;62
16;8;2018;22
16;8;2018;38
16;8;2018;45
17;8;2018;37
18;8;2018;32
18;8;2018;41
19;8;2018;12
19;8;2018;13
20;8;2018;52
20;8;2018;53
20;8;2018;56
20;8;2018;57
20;8;2018;58
21;8;2018;64
22;8;2018;21
23;8;2018;11
23;8;2018;14
23;8;2018;15
24;8;2018;48
24;8;2018;50
24;8;2018;51
24;8;2018;55
24;8;2018;63
25;8;2018;118
25;8;2018;124
25;8;2018;125
25;8;2018;126
25;8;2018;127
25;8;2018;129
25;8;2018;132
26;8;2018;105
26;8;2018;106
27;8;2018;36
27;8;2018;43
28;8;2018;90
28;8;2018;93
28;8;2018;101
29;8;2018;138
29;8;2018;139
29;8;2018;140
29;8;2018;143
29;8;2018;144
29;8;2018;148
30;8;2018;104
30;8;2018;110
30;8;2018;111
30;8;2018;112
31;8;2018;16
31;8;2018;42
32;8;2018;121
32;8;2018;122
32;8;2018;123
32;8;2018;128
32;8;2018;130
33;8;2018;165
33;8;2018;166
33;8;2018;167
33;8;2018;168
34;8;2018;65
34;8;2018;66
34;8;2018;67
35;8;2018;70
35;8;2018;71
35;8;2018;119
35;8;2018;120
35;8;2018;159
36;8;2018;135
36;8;2018;136
36;8;2018;137
36;8;2018;142
36;8;2018;155
37;8;2018;89
37;8;2018;99
37;8;2018;100
38;8;2018;107
38;8;2018;108
38;8;2018;109
39;8;2018;54
40;8;2018;35
41;8;2018;27
41;8;2018;31
41;8;2018;39
2;9;2018;9
2;9;2018;10
3;9;2018;23
3;9;2018;24
3;9;2018;25
3;9;2018;26
3;9;2018;44
4;9;2018;6
4;9;2018;17
6;9;2018;18
5;9;2018;1
5;9;2018;4
5;9;2018;5
5;9;2018;7
6;9;2018;19
6;9;2018;20
7;9;2018;72
7;9;2018;73
7;9;2018;74
7;9;2018;75
8;9;2018;134
8;9;2018;141
8;9;2018;145
8;9;2018;146
8;9;2018;147
18;9;2018;28
9;9;2018;29
9;9;2018;30
9;9;2018;40
10;9;2018;87
10;9;2018;88
10;9;2018;91
10;9;2018;92
10;9;2018;94
10;9;2018;95
10;9;2018;96
10;9;2018;97
10;9;2018;98
11;9;2018;151
11;9;2018;152
11;9;2018;153
11;9;2018;154
11;9;2018;156
11;9;2018;157
11;9;2018;158
12;9;2018;76
12;9;2018;77
12;9;2018;78
12;9;2018;79
12;9;2018;81
12;9;2018;82
14;9;2018;33
14;9;2018;34
15;9;2018;59
15;9;2018;60
15;9;2018;61
15;9;2018;62
16;9;2018;22
16;9;2018;38
17;9;2018;37
18;9;2018;32
18;9;2018;41
19;9;2018;12
19;9;2018;13
20;9;2018;52
20;9;2018;53
20;9;2018;56
20;9;2018;57
20;9;2018;58
21;9;2018;64
22;9;2018;21
23;9;2018;11
23;9;2018;14
23;9;2018;15
24;9;2018;48
24;9;2018;50
24;9;2018;51
24;9;2018;55
24;9;2018;63
25;9;2018;118
25;9;2018;124
25;9;2018;125
25;9;2018;126
25;9;2018;127
25;9;2018;129
25;9;2018;132
26;9;2018;105
26;9;2018;106
27;9;2018;36
27;9;2018;43
28;9;2018;90
28;9;2018;93
28;9;2018;101
29;9;2018;138
29;9;2018;139
29;9;2018;140
29;9;2018;143
29;9;2018;144
29;9;2018;148
30;9;2018;104
30;9;2018;110
30;9;2018;111
30;9;2018;112
31;9;2018;16
31;9;2018;42
32;9;2018;121
32;9;2018;122
32;9;2018;123
32;9;2018;128
32;9;2018;130
33;9;2018;165
33;9;2018;166
33;9;2018;167
33;9;2018;168
34;9;2018;65
34;9;2018;66
34;9;2018;67
35;9;2018;70
35;9;2018;71
35;9;2018;119
35;9;2018;120
35;9;2018;159
36;9;2018;135
36;9;2018;136
36;9;2018;137
36;9;2018;142
36;9;2018;155
37;9;2018;89
37;9;2018;99
37;9;2018;100
38;9;2018;107
38;9;2018;108
38;9;2018;109
39;9;2018;54
40;9;2018;35
41;9;2018;27
41;9;2018;31
41;9;2018;39
2;10;2018;9
2;10;2018;10
3;10;2018;23
3;10;2018;24
3;10;2018;25
3;10;2018;26
3;10;2018;44
4;10;2018;6
4;10;2018;17
6;10;2018;18
5;10;2018;1
5;10;2018;4
5;10;2018;5
5;10;2018;7
6;10;2018;19
6;10;2018;20
7;10;2018;72
7;10;2018;73
7;10;2018;74
7;10;2018;75
8;10;2018;134
8;10;2018;141
8;10;2018;145
8;10;2018;146
8;10;2018;147
18;10;2018;28
9;10;2018;29
9;10;2018;30
9;10;2018;40
10;10;2018;87
10;10;2018;88
10;10;2018;91
10;10;2018;92
10;10;2018;94
10;10;2018;95
10;10;2018;96
10;10;2018;97
10;10;2018;98
11;10;2018;151
11;10;2018;152
11;10;2018;153
11;10;2018;154
11;10;2018;156
11;10;2018;157
11;10;2018;158
12;10;2018;76
12;10;2018;77
12;10;2018;78
12;10;2018;79
12;10;2018;81
12;10;2018;82
14;10;2018;33
14;10;2018;34
15;10;2018;59
15;10;2018;60
15;10;2018;61
15;10;2018;62
16;10;2018;22
16;10;2018;38
17;10;2018;37
18;10;2018;32
18;10;2018;41
19;10;2018;12
19;10;2018;13
20;10;2018;52
20;10;2018;53
20;10;2018;56
20;10;2018;57
20;10;2018;58
21;10;2018;64
22;10;2018;21
23;10;2018;11
23;10;2018;14
23;10;2018;15
24;10;2018;48
24;10;2018;50
24;10;2018;51
24;10;2018;55
24;10;2018;63
25;10;2018;118
25;10;2018;124
25;10;2018;125
25;10;2018;126
25;10;2018;127
25;10;2018;129
25;10;2018;132
26;10;2018;105
26;10;2018;106
27;10;2018;36
27;10;2018;43
28;10;2018;90
28;10;2018;93
28;10;2018;101
29;10;2018;138
29;10;2018;139
29;10;2018;140
29;10;2018;143
29;10;2018;144
29;10;2018;148
30;10;2018;104
30;10;2018;110
30;10;2018;111
30;10;2018;112
31;10;2018;16
31;10;2018;42
32;10;2018;121
32;10;2018;122
32;10;2018;123
32;10;2018;128
32;10;2018;130
33;10;2018;165
33;10;2018;166
33;10;2018;167
33;10;2018;168
34;10;2018;65
34;10;2018;66
34;10;2018;67
35;10;2018;70
35;10;2018;71
35;10;2018;119
35;10;2018;120
35;10;2018;159
36;10;2018;135
36;10;2018;136
36;10;2018;137
36;10;2018;142
36;10;2018;155
37;10;2018;89
37;10;2018;99
37;10;2018;100
38;10;2018;107
38;10;2018;108
38;10;2018;109
39;10;2018;54
40;10;2018;35
41;10;2018;27
41;10;2018;31
41;10;2018;39
2;11;2018;9
2;11;2018;10
3;11;2018;23
3;11;2018;24
3;11;2018;25
3;11;2018;26
3;11;2018;44
4;11;2018;6
4;11;2018;17
6;11;2018;18
5;11;2018;1
5;11;2018;4
5;11;2018;5
5;11;2018;7
6;11;2018;19
6;11;2018;20
7;11;2018;72
7;11;2018;73
7;11;2018;74
7;11;2018;75
8;11;2018;134
8;11;2018;141
8;11;2018;145
8;11;2018;146
8;11;2018;147
18;11;2018;28
9;11;2018;29
9;11;2018;30
9;11;2018;40
10;11;2018;87
10;11;2018;88
10;11;2018;91
10;11;2018;92
10;11;2018;94
10;11;2018;95
10;11;2018;96
10;11;2018;97
10;11;2018;98
11;11;2018;151
11;11;2018;152
11;11;2018;153
11;11;2018;154
11;11;2018;156
11;11;2018;157
11;11;2018;158
12;11;2018;76
12;11;2018;77
12;11;2018;78
12;11;2018;79
12;11;2018;81
12;11;2018;82
14;11;2018;33
14;11;2018;34
15;11;2018;59
15;11;2018;60
15;11;2018;61
15;11;2018;62
16;11;2018;22
16;11;2018;38
17;11;2018;37
18;11;2018;32
18;11;2018;41
19;11;2018;12
19;11;2018;13
20;11;2018;52
20;11;2018;53
20;11;2018;56
20;11;2018;57
20;11;2018;58
21;11;2018;64
22;11;2018;21
23;11;2018;11
23;11;2018;14
23;11;2018;15
24;11;2018;48
24;11;2018;50
24;11;2018;51
24;11;2018;55
24;11;2018;63
25;11;2018;118
25;11;2018;124
25;11;2018;125
25;11;2018;126
25;11;2018;127
25;11;2018;129
25;11;2018;132
26;11;2018;105
26;11;2018;106
27;11;2018;36
27;11;2018;43
28;11;2018;90
28;11;2018;93
28;11;2018;101
29;11;2018;138
29;11;2018;139
29;11;2018;140
29;11;2018;143
29;11;2018;144
29;11;2018;148
30;11;2018;104
30;11;2018;110
30;11;2018;111
30;11;2018;112
31;11;2018;16
31;11;2018;42
32;11;2018;121
32;11;2018;122
32;11;2018;123
32;11;2018;128
32;11;2018;130
33;11;2018;165
33;11;2018;166
33;11;2018;167
33;11;2018;168
34;11;2018;65
34;11;2018;66
34;11;2018;67
35;11;2018;70
35;11;2018;71
35;11;2018;119
35;11;2018;120
35;11;2018;159
36;11;2018;135
36;11;2018;136
36;11;2018;137
36;11;2018;142
36;11;2018;155
37;11;2018;89
37;11;2018;99
37;11;2018;100
38;11;2018;107
38;11;2018;108
38;11;2018;109
39;11;2018;54
40;11;2018;35
41;11;2018;27
41;11;2018;31
41;11;2018;39
2;12;2018;9
2;12;2018;10
3;12;2018;23
3;12;2018;24
3;12;2018;25
3;12;2018;26
3;12;2018;44
4;12;2018;6
4;12;2018;17
6;12;2018;18
5;12;2018;1
5;12;2018;4
5;12;2018;5
5;12;2018;7
6;12;2018;19
6;12;2018;20
7;12;2018;72
7;12;2018;73
7;12;2018;74
7;12;2018;75
8;12;2018;134
8;12;2018;141
8;12;2018;145
8;12;2018;146
8;12;2018;147
18;12;2018;28
9;12;2018;29
9;12;2018;30
9;12;2018;40
10;12;2018;87
10;12;2018;88
10;12;2018;91
10;12;2018;92
10;12;2018;94
10;12;2018;95
10;12;2018;96
10;12;2018;97
10;12;2018;98
11;12;2018;151
11;12;2018;152
11;12;2018;153
11;12;2018;154
11;12;2018;156
11;12;2018;157
11;12;2018;158
12;12;2018;76
12;12;2018;77
12;12;2018;78
12;12;2018;79
12;12;2018;81
12;12;2018;82
14;12;2018;33
14;12;2018;34
15;12;2018;59
15;12;2018;60
15;12;2018;61
15;12;2018;62
16;12;2018;22
16;12;2018;38
17;12;2018;37
18;12;2018;32
18;12;2018;41
19;12;2018;12
19;12;2018;13
20;12;2018;52
20;12;2018;53
20;12;2018;56
20;12;2018;57
20;12;2018;58
21;12;2018;64
22;12;2018;21
23;12;2018;11
23;12;2018;14
23;12;2018;15
24;12;2018;48
24;12;2018;50
24;12;2018;51
24;12;2018;55
24;12;2018;63
25;12;2018;118
25;12;2018;124
25;12;2018;125
25;12;2018;126
25;12;2018;127
25;12;2018;129
25;12;2018;132
26;12;2018;105
26;12;2018;106
27;12;2018;36
27;12;2018;43
28;12;2018;90
28;12;2018;93
28;12;2018;101
29;12;2018;138
29;12;2018;139
29;12;2018;140
29;12;2018;143
29;12;2018;144
29;12;2018;148
30;12;2018;104
30;12;2018;110
30;12;2018;111
30;12;2018;112
31;12;2018;16
31;12;2018;42
32;12;2018;121
32;12;2018;122
32;12;2018;123
32;12;2018;128
32;12;2018;130
33;12;2018;165
33;12;2018;166
33;12;2018;167
33;12;2018;168
34;12;2018;65
34;12;2018;66
34;12;2018;67
35;12;2018;70
35;12;2018;71
35;12;2018;119
35;12;2018;120
35;12;2018;159
36;12;2018;135
36;12;2018;136
36;12;2018;137
36;12;2018;142
36;12;2018;155
37;12;2018;89
37;12;2018;99
37;12;2018;100
38;12;2018;107
38;12;2018;108
38;12;2018;109
39;12;2018;54
40;12;2018;35
41;12;2018;27
41;12;2018;31
41;12;2018;39
2;1;2019;9
2;1;2019;10
3;1;2019;23
3;1;2019;24
3;1;2019;25
3;1;2019;26
3;1;2019;44
4;1;2019;6
4;1;2019;17
6;1;2019;18
5;1;2019;1
5;1;2019;4
5;1;2019;5
5;1;2019;7
6;1;2019;19
6;1;2019;20
7;1;2019;72
7;1;2019;73
7;1;2019;74
7;1;2019;75
8;1;2019;134
8;1;2019;141
8;1;2019;145
8;1;2019;146
8;1;2019;147
18;1;2019;28
9;1;2019;29
9;1;2019;30
9;1;2019;40
10;1;2019;87
10;1;2019;88
10;1;2019;91
10;1;2019;92
10;1;2019;94
10;1;2019;95
10;1;2019;96
10;1;2019;97
10;1;2019;98
11;1;2019;151
11;1;2019;152
11;1;2019;153
11;1;2019;154
11;1;2019;156
11;1;2019;157
11;1;2019;158
12;1;2019;76
12;1;2019;77
12;1;2019;78
12;1;2019;79
12;1;2019;81
12;1;2019;82
14;1;2019;33
14;1;2019;34
15;1;2019;59
15;1;2019;60
15;1;2019;61
15;1;2019;62
16;1;2019;22
16;1;2019;38
17;1;2019;37
18;1;2019;32
18;1;2019;41
19;1;2019;12
19;1;2019;13
20;1;2019;52
20;1;2019;53
20;1;2019;56
20;1;2019;57
20;1;2019;58
21;1;2019;64
22;1;2019;21
23;1;2019;11
23;1;2019;14
23;1;2019;15
24;1;2019;48
24;1;2019;50
24;1;2019;51
24;1;2019;55
24;1;2019;63
25;1;2019;118
25;1;2019;124
25;1;2019;125
25;1;2019;126
25;1;2019;127
25;1;2019;129
25;1;2019;132
26;1;2019;105
26;1;2019;106
27;1;2019;36
27;1;2019;43
28;1;2019;90
28;1;2019;93
28;1;2019;101
29;1;2019;138
29;1;2019;139
29;1;2019;140
29;1;2019;143
29;1;2019;144
29;1;2019;148
30;1;2019;104
30;1;2019;110
30;1;2019;111
30;1;2019;112
31;1;2019;16
31;1;2019;42
32;1;2019;121
32;1;2019;122
32;1;2019;123
32;1;2019;128
32;1;2019;130
33;1;2019;165
33;1;2019;166
33;1;2019;167
33;1;2019;168
34;1;2019;65
34;1;2019;66
34;1;2019;67
35;1;2019;70
35;1;2019;71
35;1;2019;119
35;1;2019;120
35;1;2019;159
36;1;2019;135
36;1;2019;136
36;1;2019;137
36;1;2019;142
36;1;2019;155
37;1;2019;89
37;1;2019;99
37;1;2019;100
38;1;2019;107
38;1;2019;108
38;1;2019;109
39;1;2019;54
40;1;2019;35
41;1;2019;27
41;1;2019;31
41;1;2019;39
2;2;2019;9
2;2;2019;10
3;2;2019;23
3;2;2019;24
3;2;2019;25
3;2;2019;26
3;2;2019;44
4;2;2019;6
4;2;2019;17
6;2;2019;18
5;2;2019;1
5;2;2019;4
5;2;2019;5
5;2;2019;7
6;2;2019;19
6;2;2019;20
7;2;2019;72
7;2;2019;73
7;2;2019;74
7;2;2019;75
8;2;2019;134
8;2;2019;141
8;2;2019;145
8;2;2019;146
8;2;2019;147
18;2;2019;28
9;2;2019;29
9;2;2019;30
9;2;2019;40
10;2;2019;87
10;2;2019;88
10;2;2019;91
10;2;2019;92
10;2;2019;94
10;2;2019;95
10;2;2019;96
10;2;2019;97
10;2;2019;98
11;2;2019;151
11;2;2019;152
11;2;2019;153
11;2;2019;154
11;2;2019;156
11;2;2019;157
11;2;2019;158
12;2;2019;76
12;2;2019;77
12;2;2019;78
12;2;2019;79
12;2;2019;81
12;2;2019;82
14;2;2019;33
14;2;2019;34
15;2;2019;59
15;2;2019;60
15;2;2019;61
15;2;2019;62
16;2;2019;22
16;2;2019;38
17;2;2019;37
18;2;2019;32
18;2;2019;41
19;2;2019;12
19;2;2019;13
20;2;2019;52
20;2;2019;53
20;2;2019;56
20;2;2019;57
20;2;2019;58
21;2;2019;64
22;2;2019;21
23;2;2019;11
23;2;2019;14
23;2;2019;15
24;2;2019;48
24;2;2019;50
24;2;2019;51
24;2;2019;55
24;2;2019;63
25;2;2019;118
25;2;2019;124
25;2;2019;125
25;2;2019;126
25;2;2019;127
25;2;2019;129
25;2;2019;132
26;2;2019;105
26;2;2019;106
27;2;2019;36
27;2;2019;43
28;2;2019;90
28;2;2019;93
28;2;2019;101
29;2;2019;138
29;2;2019;139
29;2;2019;140
29;2;2019;143
29;2;2019;144
29;2;2019;148
30;2;2019;104
30;2;2019;110
30;2;2019;111
30;2;2019;112
31;2;2019;16
31;2;2019;42
32;2;2019;121
32;2;2019;122
32;2;2019;123
32;2;2019;128
32;2;2019;130
33;2;2019;165
33;2;2019;166
33;2;2019;167
33;2;2019;168
34;2;2019;65
34;2;2019;66
34;2;2019;67
35;2;2019;70
35;2;2019;71
35;2;2019;119
35;2;2019;120
35;2;2019;159
36;2;2019;135
36;2;2019;136
36;2;2019;137
36;2;2019;142
36;2;2019;155
37;2;2019;89
37;2;2019;99
37;2;2019;100
38;2;2019;107
38;2;2019;108
38;2;2019;109
39;2;2019;54
40;2;2019;35
41;2;2019;27
41;2;2019;31
41;2;2019;39
2;3;2019;9
2;3;2019;10
3;3;2019;23
3;3;2019;24
3;3;2019;25
3;3;2019;26
3;3;2019;44
4;3;2019;6
4;3;2019;17
6;3;2019;18
5;3;2019;1
5;3;2019;4
5;3;2019;5
5;3;2019;7
6;3;2019;19
6;3;2019;20
7;3;2019;72
7;3;2019;73
7;3;2019;74
7;3;2019;75
8;3;2019;134
8;3;2019;141
8;3;2019;145
8;3;2019;146
8;3;2019;147
18;3;2019;28
9;3;2019;29
9;3;2019;30
9;3;2019;40
10;3;2019;87
10;3;2019;88
10;3;2019;91
10;3;2019;92
10;3;2019;94
10;3;2019;95
10;3;2019;96
10;3;2019;97
10;3;2019;98
11;3;2019;151
11;3;2019;152
11;3;2019;153
11;3;2019;154
11;3;2019;156
11;3;2019;157
11;3;2019;158
12;3;2019;76
12;3;2019;77
12;3;2019;78
12;3;2019;79
12;3;2019;81
12;3;2019;82
14;3;2019;33
14;3;2019;34
15;3;2019;59
15;3;2019;60
15;3;2019;61
15;3;2019;62
16;3;2019;22
16;3;2019;38
17;3;2019;37
18;3;2019;32
18;3;2019;41
19;3;2019;12
19;3;2019;13
20;3;2019;52
20;3;2019;53
20;3;2019;56
20;3;2019;57
20;3;2019;58
21;3;2019;64
22;3;2019;21
23;3;2019;11
23;3;2019;14
23;3;2019;15
24;3;2019;48
24;3;2019;50
24;3;2019;51
24;3;2019;55
24;3;2019;63
25;3;2019;118
25;3;2019;124
25;3;2019;125
25;3;2019;126
25;3;2019;127
25;3;2019;129
25;3;2019;132
26;3;2019;105
26;3;2019;106
27;3;2019;36
27;3;2019;43
28;3;2019;90
28;3;2019;93
28;3;2019;101
29;3;2019;138
29;3;2019;139
29;3;2019;140
29;3;2019;143
29;3;2019;144
29;3;2019;148
30;3;2019;104
30;3;2019;110
30;3;2019;111
30;3;2019;112
31;3;2019;16
31;3;2019;42
32;3;2019;121
32;3;2019;122
32;3;2019;123
32;3;2019;128
32;3;2019;130
33;3;2019;165
33;3;2019;166
33;3;2019;167
33;3;2019;168
34;3;2019;65
34;3;2019;66
34;3;2019;67
35;3;2019;70
35;3;2019;71
35;3;2019;119
35;3;2019;120
35;3;2019;159
36;3;2019;135
36;3;2019;136
36;3;2019;137
36;3;2019;142
36;3;2019;155
37;3;2019;89
37;3;2019;99
37;3;2019;100
38;3;2019;107
38;3;2019;108
38;3;2019;109
39;3;2019;54
40;3;2019;35
41;3;2019;27
41;3;2019;31
41;3;2019;39
2;4;2019;9
2;4;2019;10
3;4;2019;23
3;4;2019;24
3;4;2019;25
3;4;2019;26
3;4;2019;44
4;4;2019;6
4;4;2019;17
6;4;2019;18
5;4;2019;1
5;4;2019;4
5;4;2019;5
5;4;2019;7
6;4;2019;19
6;4;2019;20
7;4;2019;72
7;4;2019;73
7;4;2019;74
7;4;2019;75
8;4;2019;134
8;4;2019;141
8;4;2019;145
8;4;2019;146
8;4;2019;147
18;4;2019;28
9;4;2019;29
9;4;2019;30
9;4;2019;40
10;4;2019;87
10;4;2019;88
10;4;2019;91
10;4;2019;92
10;4;2019;94
10;4;2019;95
10;4;2019;96
10;4;2019;97
10;4;2019;98
11;4;2019;151
11;4;2019;152
11;4;2019;153
11;4;2019;154
11;4;2019;156
11;4;2019;157
11;4;2019;158
12;4;2019;76
12;4;2019;77
12;4;2019;78
12;4;2019;79
12;4;2019;81
12;4;2019;82
14;4;2019;33
14;4;2019;34
15;4;2019;59
15;4;2019;60
15;4;2019;61
15;4;2019;62
16;4;2019;22
16;4;2019;38
17;4;2019;37
18;4;2019;32
18;4;2019;41
19;4;2019;12
19;4;2019;13
20;4;2019;52
20;4;2019;53
20;4;2019;56
20;4;2019;57
20;4;2019;58
21;4;2019;64
22;4;2019;21
23;4;2019;11
23;4;2019;14
23;4;2019;15
24;4;2019;48
24;4;2019;50
24;4;2019;51
24;4;2019;55
24;4;2019;63
25;4;2019;118
25;4;2019;124
25;4;2019;125
25;4;2019;126
25;4;2019;127
25;4;2019;129
25;4;2019;132
26;4;2019;105
26;4;2019;106
27;4;2019;36
27;4;2019;43
28;4;2019;90
28;4;2019;93
28;4;2019;101
29;4;2019;138
29;4;2019;139
29;4;2019;140
29;4;2019;143
29;4;2019;144
29;4;2019;148
30;4;2019;104
30;4;2019;110
30;4;2019;111
30;4;2019;112
31;4;2019;16
31;4;2019;42
32;4;2019;121
32;4;2019;122
32;4;2019;123
32;4;2019;128
32;4;2019;130
33;4;2019;165
33;4;2019;166
33;4;2019;167
33;4;2019;168
34;4;2019;65
34;4;2019;66
34;4;2019;67
35;4;2019;70
35;4;2019;71
35;4;2019;119
35;4;2019;120
35;4;2019;159
36;4;2019;135
36;4;2019;136
36;4;2019;137
36;4;2019;142
36;4;2019;155
37;4;2019;89
37;4;2019;99
37;4;2019;100
38;4;2019;107
38;4;2019;108
38;4;2019;109
39;4;2019;54
40;4;2019;35
41;4;2019;27
41;4;2019;31
41;4;2019;39
2;5;2019;9
2;5;2019;10
3;5;2019;23
3;5;2019;24
3;5;2019;25
3;5;2019;26
3;5;2019;44
4;5;2019;6
4;5;2019;17
6;5;2019;18
5;5;2019;1
5;5;2019;4
5;5;2019;5
5;5;2019;7
6;5;2019;19
6;5;2019;20
7;5;2019;72
7;5;2019;73
7;5;2019;74
7;5;2019;75
8;5;2019;134
8;5;2019;141
8;5;2019;145
8;5;2019;146
8;5;2019;147
18;5;2019;28
9;5;2019;29
9;5;2019;30
9;5;2019;40
10;5;2019;87
10;5;2019;88
10;5;2019;91
10;5;2019;92
10;5;2019;94
10;5;2019;95
10;5;2019;96
10;5;2019;97
10;5;2019;98
11;5;2019;151
11;5;2019;152
11;5;2019;153
11;5;2019;154
11;5;2019;156
11;5;2019;157
11;5;2019;158
12;5;2019;76
12;5;2019;77
12;5;2019;78
12;5;2019;79
12;5;2019;81
12;5;2019;82
14;5;2019;33
14;5;2019;34
15;5;2019;59
15;5;2019;60
15;5;2019;61
15;5;2019;62
16;5;2019;22
16;5;2019;38
17;5;2019;37
18;5;2019;32
18;5;2019;41
19;5;2019;12
19;5;2019;13
20;5;2019;52
20;5;2019;53
20;5;2019;56
20;5;2019;57
20;5;2019;58
21;5;2019;64
22;5;2019;21
23;5;2019;11
23;5;2019;14
23;5;2019;15
24;5;2019;48
24;5;2019;50
24;5;2019;51
24;5;2019;55
24;5;2019;63
25;5;2019;118
25;5;2019;124
25;5;2019;125
25;5;2019;126
25;5;2019;127
25;5;2019;129
25;5;2019;132
26;5;2019;105
26;5;2019;106
27;5;2019;36
27;5;2019;43
28;5;2019;90
28;5;2019;93
28;5;2019;101
29;5;2019;138
29;5;2019;139
29;5;2019;140
29;5;2019;143
29;5;2019;144
29;5;2019;148
30;5;2019;104
30;5;2019;110
30;5;2019;111
30;5;2019;112
31;5;2019;16
31;5;2019;42
32;5;2019;121
32;5;2019;122
32;5;2019;123
32;5;2019;128
32;5;2019;130
33;5;2019;165
33;5;2019;166
33;5;2019;167
33;5;2019;168
34;5;2019;65
34;5;2019;66
34;5;2019;67
35;5;2019;70
35;5;2019;71
35;5;2019;119
35;5;2019;120
35;5;2019;159
36;5;2019;135
36;5;2019;136
36;5;2019;137
36;5;2019;142
36;5;2019;155
37;5;2019;89
37;5;2019;99
37;5;2019;100
38;5;2019;107
38;5;2019;108
38;5;2019;109
39;5;2019;54
40;5;2019;35
41;5;2019;27
41;5;2019;31
41;5;2019;39
2;6;2019;9
2;6;2019;10
3;6;2019;23
3;6;2019;24
3;6;2019;25
3;6;2019;26
3;6;2019;44
4;6;2019;6
4;6;2019;17
6;6;2019;18
5;6;2019;1
5;6;2019;4
5;6;2019;5
5;6;2019;7
6;6;2019;19
6;6;2019;20
7;6;2019;72
7;6;2019;73
7;6;2019;74
7;6;2019;75
8;6;2019;134
8;6;2019;141
8;6;2019;145
8;6;2019;146
8;6;2019;147
18;6;2019;28
9;6;2019;29
9;6;2019;30
9;6;2019;40
10;6;2019;87
10;6;2019;88
10;6;2019;91
10;6;2019;92
10;6;2019;94
10;6;2019;95
10;6;2019;96
10;6;2019;97
10;6;2019;98
11;6;2019;151
11;6;2019;152
11;6;2019;153
11;6;2019;154
11;6;2019;156
11;6;2019;157
11;6;2019;158
12;6;2019;76
12;6;2019;77
12;6;2019;78
12;6;2019;79
12;6;2019;81
12;6;2019;82
14;6;2019;33
14;6;2019;34
15;6;2019;59
15;6;2019;60
15;6;2019;61
15;6;2019;62
16;6;2019;22
16;6;2019;38
17;6;2019;37
18;6;2019;32
18;6;2019;41
19;6;2019;12
19;6;2019;13
20;6;2019;52
20;6;2019;53
20;6;2019;56
20;6;2019;57
20;6;2019;58
21;6;2019;64
22;6;2019;21
23;6;2019;11
23;6;2019;14
23;6;2019;15
24;6;2019;48
24;6;2019;50
24;6;2019;51
24;6;2019;55
24;6;2019;63
25;6;2019;118
25;6;2019;124
25;6;2019;125
25;6;2019;126
25;6;2019;127
25;6;2019;129
25;6;2019;132
26;6;2019;105
26;6;2019;106
27;6;2019;36
27;6;2019;43
28;6;2019;90
28;6;2019;93
28;6;2019;101
29;6;2019;138
29;6;2019;139
29;6;2019;140
29;6;2019;143
29;6;2019;144
29;6;2019;148
30;6;2019;104
30;6;2019;110
30;6;2019;111
30;6;2019;112
31;6;2019;16
31;6;2019;42
32;6;2019;121
32;6;2019;122
32;6;2019;123
32;6;2019;128
32;6;2019;130
33;6;2019;165
33;6;2019;166
33;6;2019;167
33;6;2019;168
34;6;2019;65
34;6;2019;66
34;6;2019;67
35;6;2019;70
35;6;2019;71
35;6;2019;119
35;6;2019;120
35;6;2019;159
36;6;2019;135
36;6;2019;136
36;6;2019;137
36;6;2019;142
36;6;2019;155
37;6;2019;89
37;6;2019;99
37;6;2019;100
38;6;2019;107
38;6;2019;108
38;6;2019;109
39;6;2019;54
40;6;2019;35
41;6;2019;27
41;6;2019;31
41;6;2019;39
2;7;2019;9
2;7;2019;10
3;7;2019;23
3;7;2019;24
3;7;2019;25
3;7;2019;26
3;7;2019;44
4;7;2019;6
4;7;2019;17
6;7;2019;18
5;7;2019;1
5;7;2019;4
5;7;2019;5
5;7;2019;7
6;7;2019;19
6;7;2019;20
7;7;2019;72
7;7;2019;73
7;7;2019;74
7;7;2019;75
8;7;2019;134
8;7;2019;141
8;7;2019;145
8;7;2019;146
8;7;2019;147
18;7;2019;28
9;7;2019;29
9;7;2019;30
9;7;2019;40
10;7;2019;87
10;7;2019;88
10;7;2019;91
10;7;2019;92
10;7;2019;94
10;7;2019;95
10;7;2019;96
10;7;2019;97
10;7;2019;98
11;7;2019;151
11;7;2019;152
11;7;2019;153
11;7;2019;154
11;7;2019;156
11;7;2019;157
11;7;2019;158
12;7;2019;76
12;7;2019;77
12;7;2019;78
12;7;2019;79
12;7;2019;81
12;7;2019;82
14;7;2019;33
14;7;2019;34
15;7;2019;59
15;7;2019;60
15;7;2019;61
15;7;2019;62
16;7;2019;22
16;7;2019;38
17;7;2019;37
18;7;2019;32
18;7;2019;41
19;7;2019;12
19;7;2019;13
20;7;2019;52
20;7;2019;53
20;7;2019;56
20;7;2019;57
20;7;2019;58
21;7;2019;64
22;7;2019;21
23;7;2019;11
23;7;2019;14
23;7;2019;15
24;7;2019;48
24;7;2019;50
24;7;2019;51
24;7;2019;55
24;7;2019;63
25;7;2019;118
25;7;2019;124
25;7;2019;125
25;7;2019;126
25;7;2019;127
25;7;2019;129
25;7;2019;132
26;7;2019;105
26;7;2019;106
27;7;2019;36
27;7;2019;43
28;7;2019;90
28;7;2019;93
28;7;2019;101
29;7;2019;138
29;7;2019;139
29;7;2019;140
29;7;2019;143
29;7;2019;144
29;7;2019;148
30;7;2019;104
30;7;2019;110
30;7;2019;111
30;7;2019;112
31;7;2019;16
31;7;2019;42
32;7;2019;121
32;7;2019;122
32;7;2019;123
32;7;2019;128
32;7;2019;130
33;7;2019;165
33;7;2019;166
33;7;2019;167
33;7;2019;168
34;7;2019;65
34;7;2019;66
34;7;2019;67
35;7;2019;70
35;7;2019;71
35;7;2019;119
35;7;2019;120
35;7;2019;159
36;7;2019;135
36;7;2019;136
36;7;2019;137
36;7;2019;142
36;7;2019;155
37;7;2019;89
37;7;2019;99
37;7;2019;100
38;7;2019;107
38;7;2019;108
38;7;2019;109
39;7;2019;54
40;7;2019;35
41;7;2019;27
41;7;2019;31
41;7;2019;39
2;8;2019;9
2;8;2019;10
3;8;2019;23
3;8;2019;24
3;8;2019;25
3;8;2019;26
3;8;2019;44
4;8;2019;6
4;8;2019;17
6;8;2019;18
5;8;2019;1
5;8;2019;4
5;8;2019;5
5;8;2019;7
6;8;2019;19
6;8;2019;20
7;8;2019;72
7;8;2019;73
7;8;2019;74
7;8;2019;75
8;8;2019;134
8;8;2019;141
8;8;2019;145
8;8;2019;146
8;8;2019;147
18;8;2019;28
9;8;2019;29
9;8;2019;30
9;8;2019;40
10;8;2019;87
10;8;2019;88
10;8;2019;91
10;8;2019;92
10;8;2019;94
10;8;2019;95
10;8;2019;96
10;8;2019;97
10;8;2019;98
11;8;2019;151
11;8;2019;152
11;8;2019;153
11;8;2019;154
11;8;2019;156
11;8;2019;157
11;8;2019;158
12;8;2019;76
12;8;2019;77
12;8;2019;78
12;8;2019;79
12;8;2019;81
12;8;2019;82
14;8;2019;33
14;8;2019;34
15;8;2019;59
15;8;2019;60
15;8;2019;61
15;8;2019;62
16;8;2019;22
16;8;2019;38
17;8;2019;37
18;8;2019;32
18;8;2019;41
19;8;2019;12
19;8;2019;13
20;8;2019;52
20;8;2019;53
20;8;2019;56
20;8;2019;57
20;8;2019;58
21;8;2019;64
22;8;2019;21
23;8;2019;11
23;8;2019;14
23;8;2019;15
24;8;2019;48
24;8;2019;50
24;8;2019;51
24;8;2019;55
24;8;2019;63
25;8;2019;118
25;8;2019;124
25;8;2019;125
25;8;2019;126
25;8;2019;127
25;8;2019;129
25;8;2019;132
26;8;2019;105
26;8;2019;106
27;8;2019;36
27;8;2019;43
28;8;2019;90
28;8;2019;93
28;8;2019;101
29;8;2019;138
29;8;2019;139
29;8;2019;140
29;8;2019;143
29;8;2019;144
29;8;2019;148
30;8;2019;104
30;8;2019;110
30;8;2019;111
30;8;2019;112
31;8;2019;16
31;8;2019;42
32;8;2019;121
32;8;2019;122
32;8;2019;123
32;8;2019;128
32;8;2019;130
33;8;2019;165
33;8;2019;166
33;8;2019;167
33;8;2019;168
34;8;2019;65
34;8;2019;66
34;8;2019;67
35;8;2019;70
35;8;2019;71
35;8;2019;119
35;8;2019;120
35;8;2019;159
36;8;2019;135
36;8;2019;136
36;8;2019;137
36;8;2019;142
36;8;2019;155
37;8;2019;89
37;8;2019;99
37;8;2019;100
38;8;2019;107
38;8;2019;108
38;8;2019;109
39;8;2019;54
40;8;2019;35
41;8;2019;27
41;8;2019;31
41;8;2019;39
2;9;2019;9
2;9;2019;10
3;9;2019;23
3;9;2019;24
3;9;2019;25
3;9;2019;26
3;9;2019;44
4;9;2019;6
4;9;2019;17
6;9;2019;18
5;9;2019;1
5;9;2019;4
5;9;2019;5
5;9;2019;7
6;9;2019;19
6;9;2019;20
7;9;2019;72
7;9;2019;73
7;9;2019;74
7;9;2019;75
8;9;2019;134
8;9;2019;141
8;9;2019;145
8;9;2019;146
8;9;2019;147
18;9;2019;28
9;9;2019;29
9;9;2019;30
9;9;2019;40
10;9;2019;87
10;9;2019;88
10;9;2019;91
10;9;2019;92
10;9;2019;94
10;9;2019;95
10;9;2019;96
10;9;2019;97
10;9;2019;98
11;9;2019;151
11;9;2019;152
11;9;2019;153
11;9;2019;154
11;9;2019;156
11;9;2019;157
11;9;2019;158
12;9;2019;76
12;9;2019;77
12;9;2019;78
12;9;2019;79
12;9;2019;81
12;9;2019;82
14;9;2019;33
14;9;2019;34
15;9;2019;59
15;9;2019;60
15;9;2019;61
15;9;2019;62
16;9;2019;22
16;9;2019;38
17;9;2019;37
18;9;2019;32
18;9;2019;41
19;9;2019;12
19;9;2019;13
20;9;2019;52
20;9;2019;53
20;9;2019;56
20;9;2019;57
20;9;2019;58
21;9;2019;64
22;9;2019;21
23;9;2019;11
23;9;2019;14
23;9;2019;15
24;9;2019;48
24;9;2019;50
24;9;2019;51
24;9;2019;55
24;9;2019;63
25;9;2019;118
25;9;2019;124
25;9;2019;125
25;9;2019;126
25;9;2019;127
25;9;2019;129
25;9;2019;132
26;9;2019;105
26;9;2019;106
27;9;2019;36
27;9;2019;43
28;9;2019;90
28;9;2019;93
28;9;2019;101
29;9;2019;138
29;9;2019;139
29;9;2019;140
29;9;2019;143
29;9;2019;144
29;9;2019;148
30;9;2019;104
30;9;2019;110
30;9;2019;111
30;9;2019;112
31;9;2019;16
31;9;2019;42
32;9;2019;121
32;9;2019;122
32;9;2019;123
32;9;2019;128
32;9;2019;130
33;9;2019;165
33;9;2019;166
33;9;2019;167
33;9;2019;168
34;9;2019;65
34;9;2019;66
34;9;2019;67
35;9;2019;70
35;9;2019;71
35;9;2019;119
35;9;2019;120
35;9;2019;159
36;9;2019;135
36;9;2019;136
36;9;2019;137
36;9;2019;142
36;9;2019;155
37;9;2019;89
37;9;2019;99
37;9;2019;100
38;9;2019;107
38;9;2019;108
38;9;2019;109
39;9;2019;54
40;9;2019;35
41;9;2019;27
41;9;2019;31
41;9;2019;39
2;10;2019;9
2;10;2019;10
3;10;2019;23
3;10;2019;24
3;10;2019;25
3;10;2019;26
3;10;2019;44
4;10;2019;6
4;10;2019;17
6;10;2019;18
5;10;2019;1
5;10;2019;4
5;10;2019;5
5;10;2019;7
6;10;2019;19
6;10;2019;20
7;10;2019;72
7;10;2019;73
7;10;2019;74
7;10;2019;75
8;10;2019;134
8;10;2019;141
8;10;2019;145
8;10;2019;146
8;10;2019;147
18;10;2019;28
9;10;2019;29
9;10;2019;30
9;10;2019;40
10;10;2019;87
10;10;2019;88
10;10;2019;91
10;10;2019;92
10;10;2019;94
10;10;2019;95
10;10;2019;96
10;10;2019;97
10;10;2019;98
11;10;2019;151
11;10;2019;152
11;10;2019;153
11;10;2019;154
11;10;2019;156
11;10;2019;157
11;10;2019;158
12;10;2019;76
12;10;2019;77
12;10;2019;78
12;10;2019;79
12;10;2019;81
12;10;2019;82
14;10;2019;33
14;10;2019;34
15;10;2019;59
15;10;2019;60
15;10;2019;61
15;10;2019;62
16;10;2019;22
16;10;2019;38
17;10;2019;37
18;10;2019;32
18;10;2019;41
19;10;2019;12
19;10;2019;13
20;10;2019;52
20;10;2019;53
20;10;2019;56
20;10;2019;57
20;10;2019;58
21;10;2019;64
22;10;2019;21
23;10;2019;11
23;10;2019;14
23;10;2019;15
24;10;2019;48
24;10;2019;50
24;10;2019;51
24;10;2019;55
24;10;2019;63
25;10;2019;118
25;10;2019;124
25;10;2019;125
25;10;2019;126
25;10;2019;127
25;10;2019;129
25;10;2019;132
26;10;2019;105
26;10;2019;106
27;10;2019;36
27;10;2019;43
28;10;2019;90
28;10;2019;93
28;10;2019;101
29;10;2019;138
29;10;2019;139
29;10;2019;140
29;10;2019;143
29;10;2019;144
29;10;2019;148
30;10;2019;104
30;10;2019;110
30;10;2019;111
30;10;2019;112
31;10;2019;16
31;10;2019;42
32;10;2019;121
32;10;2019;122
32;10;2019;123
32;10;2019;128
32;10;2019;130
33;10;2019;165
33;10;2019;166
33;10;2019;167
33;10;2019;168
34;10;2019;65
34;10;2019;66
34;10;2019;67
35;10;2019;70
35;10;2019;71
35;10;2019;119
35;10;2019;120
35;10;2019;159
36;10;2019;135
36;10;2019;136
36;10;2019;137
36;10;2019;142
36;10;2019;155
37;10;2019;89
37;10;2019;99
37;10;2019;100
38;10;2019;107
38;10;2019;108
38;10;2019;109
39;10;2019;54
40;10;2019;35
41;10;2019;27
41;10;2019;31
41;10;2019;39
2;11;2019;9
2;11;2019;10
3;11;2019;23
3;11;2019;24
3;11;2019;25
3;11;2019;26
3;11;2019;44
4;11;2019;6
4;11;2019;17
6;11;2019;18
5;11;2019;1
5;11;2019;4
5;11;2019;5
5;11;2019;7
6;11;2019;19
6;11;2019;20
7;11;2019;72
7;11;2019;73
7;11;2019;74
7;11;2019;75
8;11;2019;134
8;11;2019;141
8;11;2019;145
8;11;2019;146
8;11;2019;147
18;11;2019;28
9;11;2019;29
9;11;2019;30
9;11;2019;40
10;11;2019;87
10;11;2019;88
10;11;2019;91
10;11;2019;92
10;11;2019;94
10;11;2019;95
10;11;2019;96
10;11;2019;97
10;11;2019;98
11;11;2019;151
11;11;2019;152
11;11;2019;153
11;11;2019;154
11;11;2019;156
11;11;2019;157
11;11;2019;158
12;11;2019;76
12;11;2019;77
12;11;2019;78
12;11;2019;79
12;11;2019;81
12;11;2019;82
14;11;2019;33
14;11;2019;34
15;11;2019;59
15;11;2019;60
15;11;2019;61
15;11;2019;62
16;11;2019;22
16;11;2019;38
17;11;2019;37
18;11;2019;32
18;11;2019;41
19;11;2019;12
19;11;2019;13
20;11;2019;52
20;11;2019;53
20;11;2019;56
20;11;2019;57
20;11;2019;58
21;11;2019;64
22;11;2019;21
23;11;2019;11
23;11;2019;14
23;11;2019;15
24;11;2019;48
24;11;2019;50
24;11;2019;51
24;11;2019;55
24;11;2019;63
25;11;2019;118
25;11;2019;124
25;11;2019;125
25;11;2019;126
25;11;2019;127
25;11;2019;129
25;11;2019;132
26;11;2019;105
26;11;2019;106
27;11;2019;36
27;11;2019;43
28;11;2019;90
28;11;2019;93
28;11;2019;101
29;11;2019;138
29;11;2019;139
29;11;2019;140
29;11;2019;143
29;11;2019;144
29;11;2019;148
30;11;2019;104
30;11;2019;110
30;11;2019;111
30;11;2019;112
31;11;2019;16
31;11;2019;42
32;11;2019;121
32;11;2019;122
32;11;2019;123
32;11;2019;128
32;11;2019;130
33;11;2019;165
33;11;2019;166
33;11;2019;167
33;11;2019;168
34;11;2019;65
34;11;2019;66
34;11;2019;67
35;11;2019;70
35;11;2019;71
35;11;2019;119
35;11;2019;120
35;11;2019;159
36;11;2019;135
36;11;2019;136
36;11;2019;137
36;11;2019;142
36;11;2019;155
37;11;2019;89
37;11;2019;99
37;11;2019;100
38;11;2019;107
38;11;2019;108
38;11;2019;109
39;11;2019;54
40;11;2019;35
41;11;2019;27
41;11;2019;31
41;11;2019;39
2;12;2019;9
2;12;2019;10
3;12;2019;23
3;12;2019;24
3;12;2019;25
3;12;2019;26
3;12;2019;44
4;12;2019;6
4;12;2019;17
6;12;2019;18
5;12;2019;1
5;12;2019;4
5;12;2019;5
5;12;2019;7
6;12;2019;19
6;12;2019;20
7;12;2019;72
7;12;2019;73
7;12;2019;74
7;12;2019;75
8;12;2019;134
8;12;2019;141
8;12;2019;145
8;12;2019;146
8;12;2019;147
18;12;2019;28
9;12;2019;29
9;12;2019;30
9;12;2019;40
10;12;2019;87
10;12;2019;88
10;12;2019;91
10;12;2019;92
10;12;2019;94
10;12;2019;95
10;12;2019;96
10;12;2019;97
10;12;2019;98
11;12;2019;151
11;12;2019;152
11;12;2019;153
11;12;2019;154
11;12;2019;156
11;12;2019;157
11;12;2019;158
12;12;2019;76
12;12;2019;77
12;12;2019;78
12;12;2019;79
12;12;2019;81
12;12;2019;82
14;12;2019;33
14;12;2019;34
15;12;2019;59
15;12;2019;60
15;12;2019;61
15;12;2019;62
16;12;2019;22
16;12;2019;38
17;12;2019;37
18;12;2019;32
18;12;2019;41
19;12;2019;12
19;12;2019;13
20;12;2019;52
20;12;2019;53
20;12;2019;56
20;12;2019;57
20;12;2019;58
21;12;2019;64
22;12;2019;21
23;12;2019;11
23;12;2019;14
23;12;2019;15
24;12;2019;48
24;12;2019;50
24;12;2019;51
24;12;2019;55
24;12;2019;63
25;12;2019;118
25;12;2019;124
25;12;2019;125
25;12;2019;126
25;12;2019;127
25;12;2019;129
25;12;2019;132
26;12;2019;105
26;12;2019;106
27;12;2019;36
27;12;2019;43
28;12;2019;90
28;12;2019;93
28;12;2019;101
29;12;2019;138
29;12;2019;139
29;12;2019;140
29;12;2019;143
29;12;2019;144
29;12;2019;148
30;12;2019;104
30;12;2019;110
30;12;2019;111
30;12;2019;112
31;12;2019;16
31;12;2019;42
32;12;2019;121
32;12;2019;122
32;12;2019;123
32;12;2019;128
32;12;2019;130
33;12;2019;165
33;12;2019;166
33;12;2019;167
33;12;2019;168
34;12;2019;65
34;12;2019;66
34;12;2019;67
35;12;2019;70
35;12;2019;71
35;12;2019;119
35;12;2019;120
35;12;2019;159
36;12;2019;135
36;12;2019;136
36;12;2019;137
36;12;2019;142
36;12;2019;155
37;12;2019;89
37;12;2019;99
37;12;2019;100
38;12;2019;107
38;12;2019;108
38;12;2019;109
39;12;2019;54
40;12;2019;35
41;12;2019;27
41;12;2019;31
41;12;2019;39
2;1;2020;9
2;1;2020;10
3;1;2020;23
3;1;2020;24
3;1;2020;25
3;1;2020;26
3;1;2020;44
4;1;2020;6
4;1;2020;17
6;1;2020;18
5;1;2020;1
5;1;2020;4
5;1;2020;5
5;1;2020;7
6;1;2020;19
6;1;2020;20
7;1;2020;72
7;1;2020;73
7;1;2020;74
7;1;2020;75
8;1;2020;134
8;1;2020;141
8;1;2020;145
8;1;2020;146
8;1;2020;147
18;1;2020;28
9;1;2020;29
9;1;2020;30
9;1;2020;40
10;1;2020;87
10;1;2020;88
10;1;2020;91
10;1;2020;92
10;1;2020;94
10;1;2020;95
10;1;2020;96
10;1;2020;97
10;1;2020;98
11;1;2020;151
11;1;2020;152
11;1;2020;153
11;1;2020;154
11;1;2020;156
11;1;2020;157
11;1;2020;158
12;1;2020;76
12;1;2020;77
12;1;2020;78
12;1;2020;79
12;1;2020;81
12;1;2020;82
14;1;2020;33
14;1;2020;34
15;1;2020;59
15;1;2020;60
15;1;2020;61
15;1;2020;62
16;1;2020;22
16;1;2020;38
17;1;2020;37
18;1;2020;32
18;1;2020;41
19;1;2020;12
19;1;2020;13
20;1;2020;52
20;1;2020;53
20;1;2020;56
20;1;2020;57
20;1;2020;58
21;1;2020;64
22;1;2020;21
23;1;2020;11
23;1;2020;14
23;1;2020;15
24;1;2020;48
24;1;2020;50
24;1;2020;51
24;1;2020;55
24;1;2020;63
25;1;2020;118
25;1;2020;124
25;1;2020;125
25;1;2020;126
25;1;2020;127
25;1;2020;129
25;1;2020;132
26;1;2020;105
26;1;2020;106
27;1;2020;36
27;1;2020;43
28;1;2020;90
28;1;2020;93
28;1;2020;101
29;1;2020;138
29;1;2020;139
29;1;2020;140
29;1;2020;143
29;1;2020;144
29;1;2020;148
30;1;2020;104
30;1;2020;110
30;1;2020;111
30;1;2020;112
31;1;2020;16
31;1;2020;42
32;1;2020;121
32;1;2020;122
32;1;2020;123
32;1;2020;128
32;1;2020;130
33;1;2020;165
33;1;2020;166
33;1;2020;167
33;1;2020;168
34;1;2020;65
34;1;2020;66
34;1;2020;67
35;1;2020;70
35;1;2020;71
35;1;2020;119
35;1;2020;120
35;1;2020;159
36;1;2020;135
36;1;2020;136
36;1;2020;137
36;1;2020;142
36;1;2020;155
37;1;2020;89
37;1;2020;99
37;1;2020;100
38;1;2020;107
38;1;2020;108
38;1;2020;109
39;1;2020;54
40;1;2020;35
41;1;2020;27
41;1;2020;31
41;1;2020;39
2;2;2020;9
2;2;2020;10
3;2;2020;23
3;2;2020;24
3;2;2020;25
3;2;2020;26
3;2;2020;44
4;2;2020;6
4;2;2020;17
6;2;2020;18
5;2;2020;1
5;2;2020;4
5;2;2020;5
5;2;2020;7
6;2;2020;19
6;2;2020;20
7;2;2020;72
7;2;2020;73
7;2;2020;74
7;2;2020;75
8;2;2020;134
8;2;2020;141
8;2;2020;145
8;2;2020;146
8;2;2020;147
18;2;2020;28
9;2;2020;29
9;2;2020;30
9;2;2020;40
10;2;2020;87
10;2;2020;88
10;2;2020;91
10;2;2020;92
10;2;2020;94
10;2;2020;95
10;2;2020;96
10;2;2020;97
10;2;2020;98
11;2;2020;151
11;2;2020;152
11;2;2020;153
11;2;2020;154
11;2;2020;156
11;2;2020;157
11;2;2020;158
12;2;2020;76
12;2;2020;77
12;2;2020;78
12;2;2020;79
12;2;2020;81
12;2;2020;82
14;2;2020;33
14;2;2020;34
15;2;2020;59
15;2;2020;60
15;2;2020;61
15;2;2020;62
16;2;2020;22
16;2;2020;38
17;2;2020;37
18;2;2020;32
18;2;2020;41
19;2;2020;12
19;2;2020;13
20;2;2020;52
20;2;2020;53
20;2;2020;56
20;2;2020;57
20;2;2020;58
21;2;2020;64
22;2;2020;21
23;2;2020;11
23;2;2020;14
23;2;2020;15
24;2;2020;48
24;2;2020;50
24;2;2020;51
24;2;2020;55
24;2;2020;63
25;2;2020;118
25;2;2020;124
25;2;2020;125
25;2;2020;126
25;2;2020;127
25;2;2020;129
25;2;2020;132
26;2;2020;105
26;2;2020;106
27;2;2020;36
27;2;2020;43
28;2;2020;90
28;2;2020;93
28;2;2020;101
29;2;2020;138
29;2;2020;139
29;2;2020;140
29;2;2020;143
29;2;2020;144
29;2;2020;148
30;2;2020;104
30;2;2020;110
30;2;2020;111
30;2;2020;112
31;2;2020;16
31;2;2020;42
32;2;2020;121
32;2;2020;122
32;2;2020;123
32;2;2020;128
32;2;2020;130
33;2;2020;165
33;2;2020;166
33;2;2020;167
33;2;2020;168
34;2;2020;65
34;2;2020;66
34;2;2020;67
35;2;2020;70
35;2;2020;71
35;2;2020;119
35;2;2020;120
35;2;2020;159
36;2;2020;135
36;2;2020;136
36;2;2020;137
36;2;2020;142
36;2;2020;155
37;2;2020;89
37;2;2020;99
37;2;2020;100
38;2;2020;107
38;2;2020;108
38;2;2020;109
39;2;2020;54
40;2;2020;35
41;2;2020;27
41;2;2020;31
41;2;2020;39
2;3;2020;9
2;3;2020;10
3;3;2020;23
3;3;2020;24
3;3;2020;25
3;3;2020;26
3;3;2020;44
4;3;2020;6
4;3;2020;17
6;3;2020;18
5;3;2020;1
5;3;2020;4
5;3;2020;5
5;3;2020;7
6;3;2020;19
6;3;2020;20
7;3;2020;72
7;3;2020;73
7;3;2020;74
7;3;2020;75
8;3;2020;134
8;3;2020;141
8;3;2020;145
8;3;2020;146
8;3;2020;147
18;3;2020;28
9;3;2020;29
9;3;2020;30
9;3;2020;40
10;3;2020;87
10;3;2020;88
10;3;2020;91
10;3;2020;92
10;3;2020;94
10;3;2020;95
10;3;2020;96
10;3;2020;97
10;3;2020;98
11;3;2020;151
11;3;2020;152
11;3;2020;153
11;3;2020;154
11;3;2020;156
11;3;2020;157
11;3;2020;158
12;3;2020;76
12;3;2020;77
12;3;2020;78
12;3;2020;79
12;3;2020;81
12;3;2020;82
14;3;2020;33
14;3;2020;34
15;3;2020;59
15;3;2020;60
15;3;2020;61
15;3;2020;62
16;3;2020;22
16;3;2020;38
17;3;2020;37
18;3;2020;32
18;3;2020;41
19;3;2020;12
19;3;2020;13
20;3;2020;52
20;3;2020;53
20;3;2020;56
20;3;2020;57
20;3;2020;58
21;3;2020;64
22;3;2020;21
23;3;2020;11
23;3;2020;14
23;3;2020;15
24;3;2020;48
24;3;2020;50
24;3;2020;51
24;3;2020;55
24;3;2020;63
25;3;2020;118
25;3;2020;124
25;3;2020;125
25;3;2020;126
25;3;2020;127
25;3;2020;129
25;3;2020;132
26;3;2020;105
26;3;2020;106
27;3;2020;36
27;3;2020;43
28;3;2020;90
28;3;2020;93
28;3;2020;101
29;3;2020;138
29;3;2020;139
29;3;2020;140
29;3;2020;143
29;3;2020;144
29;3;2020;148
30;3;2020;104
30;3;2020;110
30;3;2020;111
30;3;2020;112
31;3;2020;16
31;3;2020;42
32;3;2020;121
32;3;2020;122
32;3;2020;123
32;3;2020;128
32;3;2020;130
33;3;2020;165
33;3;2020;166
33;3;2020;167
33;3;2020;168
34;3;2020;65
34;3;2020;66
34;3;2020;67
35;3;2020;70
35;3;2020;71
35;3;2020;119
35;3;2020;120
35;3;2020;159
36;3;2020;135
36;3;2020;136
36;3;2020;137
36;3;2020;142
36;3;2020;155
37;3;2020;89
37;3;2020;99
37;3;2020;100
38;3;2020;107
38;3;2020;108
38;3;2020;109
39;3;2020;54
40;3;2020;35
41;3;2020;27
41;3;2020;31
41;3;2020;39
2;4;2020;9
2;4;2020;10
3;4;2020;23
3;4;2020;24
3;4;2020;25
3;4;2020;26
3;4;2020;44
4;4;2020;6
4;4;2020;17
6;4;2020;18
5;4;2020;1
5;4;2020;4
5;4;2020;5
5;4;2020;7
6;4;2020;19
6;4;2020;20
7;4;2020;72
7;4;2020;73
7;4;2020;74
7;4;2020;75
8;4;2020;134
8;4;2020;141
8;4;2020;145
8;4;2020;146
8;4;2020;147
18;4;2020;28
9;4;2020;29
9;4;2020;30
9;4;2020;40
10;4;2020;87
10;4;2020;88
10;4;2020;91
10;4;2020;92
10;4;2020;94
10;4;2020;95
10;4;2020;96
10;4;2020;97
10;4;2020;98
11;4;2020;151
11;4;2020;152
11;4;2020;153
11;4;2020;154
11;4;2020;156
11;4;2020;157
11;4;2020;158
12;4;2020;76
12;4;2020;77
12;4;2020;78
12;4;2020;79
12;4;2020;81
12;4;2020;82
14;4;2020;33
14;4;2020;34
15;4;2020;59
15;4;2020;60
15;4;2020;61
15;4;2020;62
16;4;2020;22
16;4;2020;38
17;4;2020;37
18;4;2020;32
18;4;2020;41
19;4;2020;12
19;4;2020;13
20;4;2020;52
20;4;2020;53
20;4;2020;56
20;4;2020;57
20;4;2020;58
21;4;2020;64
22;4;2020;21
23;4;2020;11
23;4;2020;14
23;4;2020;15
24;4;2020;48
24;4;2020;50
24;4;2020;51
24;4;2020;55
24;4;2020;63
25;4;2020;118
25;4;2020;124
25;4;2020;125
25;4;2020;126
25;4;2020;127
25;4;2020;129
25;4;2020;132
26;4;2020;105
26;4;2020;106
27;4;2020;36
27;4;2020;43
28;4;2020;90
28;4;2020;93
28;4;2020;101
29;4;2020;138
29;4;2020;139
29;4;2020;140
29;4;2020;143
29;4;2020;144
29;4;2020;148
30;4;2020;104
30;4;2020;110
30;4;2020;111
30;4;2020;112
31;4;2020;16
31;4;2020;42
32;4;2020;121
32;4;2020;122
32;4;2020;123
32;4;2020;128
32;4;2020;130
33;4;2020;165
33;4;2020;166
33;4;2020;167
33;4;2020;168
34;4;2020;65
34;4;2020;66
34;4;2020;67
35;4;2020;70
35;4;2020;71
35;4;2020;119
35;4;2020;120
35;4;2020;159
36;4;2020;135
36;4;2020;136
36;4;2020;137
36;4;2020;142
36;4;2020;155
37;4;2020;89
37;4;2020;99
37;4;2020;100
38;4;2020;107
38;4;2020;108
38;4;2020;109
39;4;2020;54
40;4;2020;35
41;4;2020;27
41;4;2020;31
41;4;2020;39
2;5;2020;9
2;5;2020;10
3;5;2020;23
3;5;2020;24
3;5;2020;25
3;5;2020;26
3;5;2020;44
4;5;2020;6
4;5;2020;17
6;5;2020;18
5;5;2020;1
5;5;2020;4
5;5;2020;5
5;5;2020;7
6;5;2020;19
6;5;2020;20
7;5;2020;72
7;5;2020;73
7;5;2020;74
7;5;2020;75
8;5;2020;134
8;5;2020;141
8;5;2020;145
8;5;2020;146
8;5;2020;147
18;5;2020;28
9;5;2020;29
9;5;2020;30
9;5;2020;40
10;5;2020;87
10;5;2020;88
10;5;2020;91
10;5;2020;92
10;5;2020;94
10;5;2020;95
10;5;2020;96
10;5;2020;97
10;5;2020;98
11;5;2020;151
11;5;2020;152
11;5;2020;153
11;5;2020;154
11;5;2020;156
11;5;2020;157
11;5;2020;158
12;5;2020;76
12;5;2020;77
12;5;2020;78
12;5;2020;79
12;5;2020;81
12;5;2020;82
14;5;2020;33
14;5;2020;34
15;5;2020;59
15;5;2020;60
15;5;2020;61
15;5;2020;62
16;5;2020;22
16;5;2020;38
17;5;2020;37
18;5;2020;32
18;5;2020;41
19;5;2020;12
19;5;2020;13
20;5;2020;52
20;5;2020;53
20;5;2020;56
20;5;2020;57
20;5;2020;58
21;5;2020;64
22;5;2020;21
23;5;2020;11
23;5;2020;14
23;5;2020;15
24;5;2020;48
24;5;2020;50
24;5;2020;51
24;5;2020;55
24;5;2020;63
25;5;2020;118
25;5;2020;124
25;5;2020;125
25;5;2020;126
25;5;2020;127
25;5;2020;129
25;5;2020;132
26;5;2020;105
26;5;2020;106
27;5;2020;36
27;5;2020;43
28;5;2020;90
28;5;2020;93
28;5;2020;101
29;5;2020;138
29;5;2020;139
29;5;2020;140
29;5;2020;143
29;5;2020;144
29;5;2020;148
30;5;2020;104
30;5;2020;110
30;5;2020;111
30;5;2020;112
31;5;2020;16
31;5;2020;42
32;5;2020;121
32;5;2020;122
32;5;2020;123
32;5;2020;128
32;5;2020;130
33;5;2020;165
33;5;2020;166
33;5;2020;167
33;5;2020;168
34;5;2020;65
34;5;2020;66
34;5;2020;67
35;5;2020;70
35;5;2020;71
35;5;2020;119
35;5;2020;120
35;5;2020;159
36;5;2020;135
36;5;2020;136
36;5;2020;137
36;5;2020;142
36;5;2020;155
37;5;2020;89
37;5;2020;99
37;5;2020;100
38;5;2020;107
38;5;2020;108
38;5;2020;109
39;5;2020;54
40;5;2020;35
41;5;2020;27
41;5;2020;31
41;5;2020;39
2;6;2020;9
2;6;2020;10
3;6;2020;23
3;6;2020;24
3;6;2020;25
3;6;2020;26
3;6;2020;44
4;6;2020;6
4;6;2020;17
6;6;2020;18
5;6;2020;1
5;6;2020;4
5;6;2020;5
5;6;2020;7
6;6;2020;19
6;6;2020;20
7;6;2020;72
7;6;2020;73
7;6;2020;74
7;6;2020;75
8;6;2020;134
8;6;2020;141
8;6;2020;145
8;6;2020;146
8;6;2020;147
18;6;2020;28
9;6;2020;29
9;6;2020;30
9;6;2020;40
10;6;2020;87
10;6;2020;88
10;6;2020;91
10;6;2020;92
10;6;2020;94
10;6;2020;95
10;6;2020;96
10;6;2020;97
10;6;2020;98
11;6;2020;151
11;6;2020;152
11;6;2020;153
11;6;2020;154
11;6;2020;156
11;6;2020;157
11;6;2020;158
12;6;2020;76
12;6;2020;77
12;6;2020;78
12;6;2020;79
12;6;2020;81
12;6;2020;82
14;6;2020;33
14;6;2020;34
15;6;2020;59
15;6;2020;60
15;6;2020;61
15;6;2020;62
16;6;2020;22
16;6;2020;38
17;6;2020;37
18;6;2020;32
18;6;2020;41
19;6;2020;12
19;6;2020;13
20;6;2020;52
20;6;2020;53
20;6;2020;56
20;6;2020;57
20;6;2020;58
21;6;2020;64
22;6;2020;21
23;6;2020;11
23;6;2020;14
23;6;2020;15
24;6;2020;48
24;6;2020;50
24;6;2020;51
24;6;2020;55
24;6;2020;63
25;6;2020;118
25;6;2020;124
25;6;2020;125
25;6;2020;126
25;6;2020;127
25;6;2020;129
25;6;2020;132
26;6;2020;105
26;6;2020;106
27;6;2020;36
27;6;2020;43
28;6;2020;90
28;6;2020;93
28;6;2020;101
29;6;2020;138
29;6;2020;139
29;6;2020;140
29;6;2020;143
29;6;2020;144
29;6;2020;148
30;6;2020;104
30;6;2020;110
30;6;2020;111
30;6;2020;112
31;6;2020;16
31;6;2020;42
32;6;2020;121
32;6;2020;122
32;6;2020;123
32;6;2020;128
32;6;2020;130
33;6;2020;165
33;6;2020;166
33;6;2020;167
33;6;2020;168
34;6;2020;65
34;6;2020;66
34;6;2020;67
35;6;2020;70
35;6;2020;71
35;6;2020;119
35;6;2020;120
35;6;2020;159
36;6;2020;135
36;6;2020;136
36;6;2020;137
36;6;2020;142
36;6;2020;155
37;6;2020;89
37;6;2020;99
37;6;2020;100
38;6;2020;107
38;6;2020;108
38;6;2020;109
39;6;2020;54
40;6;2020;35
41;6;2020;27
41;6;2020;31
41;6;2020;39
2;7;2020;9
2;7;2020;10
3;7;2020;23
3;7;2020;24
3;7;2020;25
3;7;2020;26
3;7;2020;44
4;7;2020;6
4;7;2020;17
6;7;2020;18
5;7;2020;1
5;7;2020;4
5;7;2020;5
5;7;2020;7
6;7;2020;19
6;7;2020;20
7;7;2020;72
7;7;2020;73
7;7;2020;74
7;7;2020;75
8;7;2020;134
8;7;2020;141
8;7;2020;145
8;7;2020;146
8;7;2020;147
18;7;2020;28
9;7;2020;29
9;7;2020;30
9;7;2020;40
10;7;2020;87
10;7;2020;88
10;7;2020;91
10;7;2020;92
10;7;2020;94
10;7;2020;95
10;7;2020;96
10;7;2020;97
10;7;2020;98
11;7;2020;151
11;7;2020;152
11;7;2020;153
11;7;2020;154
11;7;2020;156
11;7;2020;157
11;7;2020;158
12;7;2020;76
12;7;2020;77
12;7;2020;78
12;7;2020;79
12;7;2020;81
12;7;2020;82
14;7;2020;33
14;7;2020;34
15;7;2020;59
15;7;2020;60
15;7;2020;61
15;7;2020;62
16;7;2020;22
16;7;2020;38
17;7;2020;37
18;7;2020;32
18;7;2020;41
19;7;2020;12
19;7;2020;13
20;7;2020;52
20;7;2020;53
20;7;2020;56
20;7;2020;57
20;7;2020;58
21;7;2020;64
22;7;2020;21
23;7;2020;11
23;7;2020;14
23;7;2020;15
24;7;2020;48
24;7;2020;50
24;7;2020;51
24;7;2020;55
24;7;2020;63
25;7;2020;118
25;7;2020;124
25;7;2020;125
25;7;2020;126
25;7;2020;127
25;7;2020;129
25;7;2020;132
26;7;2020;105
26;7;2020;106
27;7;2020;36
27;7;2020;43
28;7;2020;90
28;7;2020;93
28;7;2020;101
29;7;2020;138
29;7;2020;139
29;7;2020;140
29;7;2020;143
29;7;2020;144
29;7;2020;148
30;7;2020;104
30;7;2020;110
30;7;2020;111
30;7;2020;112
31;7;2020;16
31;7;2020;42
32;7;2020;121
32;7;2020;122
32;7;2020;123
32;7;2020;128
32;7;2020;130
33;7;2020;165
33;7;2020;166
33;7;2020;167
33;7;2020;168
34;7;2020;65
34;7;2020;66
34;7;2020;67
35;7;2020;70
35;7;2020;71
35;7;2020;119
35;7;2020;120
35;7;2020;159
36;7;2020;135
36;7;2020;136
36;7;2020;137
36;7;2020;142
36;7;2020;155
37;7;2020;89
37;7;2020;99
37;7;2020;100
38;7;2020;107
38;7;2020;108
38;7;2020;109
39;7;2020;54
40;7;2020;35
41;7;2020;27
41;7;2020;31
41;7;2020;39
2;8;2020;9
2;8;2020;10
3;8;2020;23
3;8;2020;24
3;8;2020;25
3;8;2020;26
3;8;2020;44
4;8;2020;6
4;8;2020;17
6;8;2020;18
5;8;2020;1
5;8;2020;4
5;8;2020;5
5;8;2020;7
6;8;2020;19
6;8;2020;20
7;8;2020;72
7;8;2020;73
7;8;2020;74
7;8;2020;75
8;8;2020;134
8;8;2020;141
8;8;2020;145
8;8;2020;146
8;8;2020;147
18;8;2020;28
9;8;2020;29
9;8;2020;30
9;8;2020;40
10;8;2020;87
10;8;2020;88
10;8;2020;91
10;8;2020;92
10;8;2020;94
10;8;2020;95
10;8;2020;96
10;8;2020;97
10;8;2020;98
11;8;2020;151
11;8;2020;152
11;8;2020;153
11;8;2020;154
11;8;2020;156
11;8;2020;157
11;8;2020;158
12;8;2020;76
12;8;2020;77
12;8;2020;78
12;8;2020;79
12;8;2020;81
12;8;2020;82
14;8;2020;33
14;8;2020;34
15;8;2020;59
15;8;2020;60
15;8;2020;61
15;8;2020;62
16;8;2020;22
16;8;2020;38
17;8;2020;37
18;8;2020;32
18;8;2020;41
19;8;2020;12
19;8;2020;13
20;8;2020;52
20;8;2020;53
20;8;2020;56
20;8;2020;57
20;8;2020;58
21;8;2020;64
22;8;2020;21
23;8;2020;11
23;8;2020;14
23;8;2020;15
24;8;2020;48
24;8;2020;50
24;8;2020;51
24;8;2020;55
24;8;2020;63
25;8;2020;118
25;8;2020;124
25;8;2020;125
25;8;2020;126
25;8;2020;127
25;8;2020;129
25;8;2020;132
26;8;2020;105
26;8;2020;106
27;8;2020;36
27;8;2020;43
28;8;2020;90
28;8;2020;93
28;8;2020;101
29;8;2020;138
29;8;2020;139
29;8;2020;140
29;8;2020;143
29;8;2020;144
29;8;2020;148
30;8;2020;104
30;8;2020;110
30;8;2020;111
30;8;2020;112
31;8;2020;16
31;8;2020;42
32;8;2020;121
32;8;2020;122
32;8;2020;123
32;8;2020;128
32;8;2020;130
33;8;2020;165
33;8;2020;166
33;8;2020;167
33;8;2020;168
34;8;2020;65
34;8;2020;66
34;8;2020;67
35;8;2020;70
35;8;2020;71
35;8;2020;119
35;8;2020;120
35;8;2020;159
36;8;2020;135
36;8;2020;136
36;8;2020;137
36;8;2020;142
36;8;2020;155
37;8;2020;89
37;8;2020;99
37;8;2020;100
38;8;2020;107
38;8;2020;108
38;8;2020;109
39;8;2020;54
40;8;2020;35
41;8;2020;27
41;8;2020;31
41;8;2020;39
2;9;2020;9
2;9;2020;10
3;9;2020;23
3;9;2020;24
3;9;2020;25
3;9;2020;26
3;9;2020;44
4;9;2020;6
4;9;2020;17
6;9;2020;18
5;9;2020;1
5;9;2020;4
5;9;2020;5
5;9;2020;7
6;9;2020;19
6;9;2020;20
7;9;2020;72
7;9;2020;73
7;9;2020;74
7;9;2020;75
8;9;2020;134
8;9;2020;141
8;9;2020;145
8;9;2020;146
8;9;2020;147
18;9;2020;28
9;9;2020;29
9;9;2020;30
9;9;2020;40
10;9;2020;87
10;9;2020;88
10;9;2020;91
10;9;2020;92
10;9;2020;94
10;9;2020;95
10;9;2020;96
10;9;2020;97
10;9;2020;98
11;9;2020;151
11;9;2020;152
11;9;2020;153
11;9;2020;154
11;9;2020;156
11;9;2020;157
11;9;2020;158
12;9;2020;76
12;9;2020;77
12;9;2020;78
12;9;2020;79
12;9;2020;81
12;9;2020;82
14;9;2020;33
14;9;2020;34
15;9;2020;59
15;9;2020;60
15;9;2020;61
15;9;2020;62
16;9;2020;22
16;9;2020;38
17;9;2020;37
18;9;2020;32
18;9;2020;41
19;9;2020;12
19;9;2020;13
20;9;2020;52
20;9;2020;53
20;9;2020;56
20;9;2020;57
20;9;2020;58
21;9;2020;64
22;9;2020;21
23;9;2020;11
23;9;2020;14
23;9;2020;15
24;9;2020;48
24;9;2020;50
24;9;2020;51
24;9;2020;55
24;9;2020;63
25;9;2020;118
25;9;2020;124
25;9;2020;125
25;9;2020;126
25;9;2020;127
25;9;2020;129
25;9;2020;132
26;9;2020;105
26;9;2020;106
27;9;2020;36
27;9;2020;43
28;9;2020;90
28;9;2020;93
28;9;2020;101
29;9;2020;138
29;9;2020;139
29;9;2020;140
29;9;2020;143
29;9;2020;144
29;9;2020;148
30;9;2020;104
30;9;2020;110
30;9;2020;111
30;9;2020;112
31;9;2020;16
31;9;2020;42
32;9;2020;121
32;9;2020;122
32;9;2020;123
32;9;2020;128
32;9;2020;130
33;9;2020;165
33;9;2020;166
33;9;2020;167
33;9;2020;168
34;9;2020;65
34;9;2020;66
34;9;2020;67
35;9;2020;70
35;9;2020;71
35;9;2020;119
35;9;2020;120
35;9;2020;159
36;9;2020;135
36;9;2020;136
36;9;2020;137
36;9;2020;142
36;9;2020;155
37;9;2020;89
37;9;2020;99
37;9;2020;100
38;9;2020;107
38;9;2020;108
38;9;2020;109
39;9;2020;54
40;9;2020;35
41;9;2020;27
41;9;2020;31
41;9;2020;39
2;10;2020;9
2;10;2020;10
3;10;2020;23
3;10;2020;24
3;10;2020;25
3;10;2020;26
3;10;2020;44
4;10;2020;6
4;10;2020;17
6;10;2020;18
5;10;2020;1
5;10;2020;4
5;10;2020;5
5;10;2020;7
6;10;2020;19
6;10;2020;20
7;10;2020;72
7;10;2020;73
7;10;2020;74
7;10;2020;75
8;10;2020;134
8;10;2020;141
8;10;2020;145
8;10;2020;146
8;10;2020;147
18;10;2020;28
9;10;2020;29
9;10;2020;30
9;10;2020;40
10;10;2020;87
10;10;2020;88
10;10;2020;91
10;10;2020;92
10;10;2020;94
10;10;2020;95
10;10;2020;96
10;10;2020;97
10;10;2020;98
11;10;2020;151
11;10;2020;152
11;10;2020;153
11;10;2020;154
11;10;2020;156
11;10;2020;157
11;10;2020;158
12;10;2020;76
12;10;2020;77
12;10;2020;78
12;10;2020;79
12;10;2020;81
12;10;2020;82
14;10;2020;33
14;10;2020;34
15;10;2020;59
15;10;2020;60
15;10;2020;61
15;10;2020;62
16;10;2020;22
16;10;2020;38
17;10;2020;37
18;10;2020;32
18;10;2020;41
19;10;2020;12
19;10;2020;13
20;10;2020;52
20;10;2020;53
20;10;2020;56
20;10;2020;57
20;10;2020;58
21;10;2020;64
22;10;2020;21
23;10;2020;11
23;10;2020;14
23;10;2020;15
24;10;2020;48
24;10;2020;50
24;10;2020;51
24;10;2020;55
24;10;2020;63
25;10;2020;118
25;10;2020;124
25;10;2020;125
25;10;2020;126
25;10;2020;127
25;10;2020;129
25;10;2020;132
26;10;2020;105
26;10;2020;106
27;10;2020;36
27;10;2020;43
28;10;2020;90
28;10;2020;93
28;10;2020;101
29;10;2020;138
29;10;2020;139
29;10;2020;140
29;10;2020;143
29;10;2020;144
29;10;2020;148
30;10;2020;104
30;10;2020;110
30;10;2020;111
30;10;2020;112
31;10;2020;16
31;10;2020;42
32;10;2020;121
32;10;2020;122
32;10;2020;123
32;10;2020;128
32;10;2020;130
33;10;2020;165
33;10;2020;166
33;10;2020;167
33;10;2020;168
34;10;2020;65
34;10;2020;66
34;10;2020;67
35;10;2020;70
35;10;2020;71
35;10;2020;119
35;10;2020;120
35;10;2020;159
36;10;2020;135
36;10;2020;136
36;10;2020;137
36;10;2020;142
36;10;2020;155
37;10;2020;89
37;10;2020;99
37;10;2020;100
38;10;2020;107
38;10;2020;108
38;10;2020;109
39;10;2020;54
40;10;2020;35
41;10;2020;27
41;10;2020;31
41;10;2020;39
2;11;2020;9
2;11;2020;10
3;11;2020;23
3;11;2020;24
3;11;2020;25
3;11;2020;26
3;11;2020;44
4;11;2020;6
4;11;2020;17
6;11;2020;18
5;11;2020;1
5;11;2020;4
5;11;2020;5
5;11;2020;7
6;11;2020;19
6;11;2020;20
7;11;2020;72
7;11;2020;73
7;11;2020;74
7;11;2020;75
8;11;2020;134
8;11;2020;141
8;11;2020;145
8;11;2020;146
8;11;2020;147
18;11;2020;28
9;11;2020;29
9;11;2020;30
9;11;2020;40
10;11;2020;87
10;11;2020;88
10;11;2020;91
10;11;2020;92
10;11;2020;94
10;11;2020;95
10;11;2020;96
10;11;2020;97
10;11;2020;98
11;11;2020;151
11;11;2020;152
11;11;2020;153
11;11;2020;154
11;11;2020;156
11;11;2020;157
11;11;2020;158
12;11;2020;76
12;11;2020;77
12;11;2020;78
12;11;2020;79
12;11;2020;81
12;11;2020;82
14;11;2020;33
14;11;2020;34
15;11;2020;59
15;11;2020;60
15;11;2020;61
15;11;2020;62
16;11;2020;22
16;11;2020;38
17;11;2020;37
18;11;2020;32
18;11;2020;41
19;11;2020;12
19;11;2020;13
20;11;2020;52
20;11;2020;53
20;11;2020;56
20;11;2020;57
20;11;2020;58
21;11;2020;64
22;11;2020;21
23;11;2020;11
23;11;2020;14
23;11;2020;15
24;11;2020;48
24;11;2020;50
24;11;2020;51
24;11;2020;55
24;11;2020;63
25;11;2020;118
25;11;2020;124
25;11;2020;125
25;11;2020;126
25;11;2020;127
25;11;2020;129
25;11;2020;132
26;11;2020;105
26;11;2020;106
27;11;2020;36
27;11;2020;43
28;11;2020;90
28;11;2020;93
28;11;2020;101
29;11;2020;138
29;11;2020;139
29;11;2020;140
29;11;2020;143
29;11;2020;144
29;11;2020;148
30;11;2020;104
30;11;2020;110
30;11;2020;111
30;11;2020;112
31;11;2020;16
31;11;2020;42
32;11;2020;121
32;11;2020;122
32;11;2020;123
32;11;2020;128
32;11;2020;130
33;11;2020;165
33;11;2020;166
33;11;2020;167
33;11;2020;168
34;11;2020;65
34;11;2020;66
34;11;2020;67
35;11;2020;70
35;11;2020;71
35;11;2020;119
35;11;2020;120
35;11;2020;159
36;11;2020;135
36;11;2020;136
36;11;2020;137
36;11;2020;142
36;11;2020;155
37;11;2020;89
37;11;2020;99
37;11;2020;100
38;11;2020;107
38;11;2020;108
38;11;2020;109
39;11;2020;54
40;11;2020;35
41;11;2020;27
41;11;2020;31
41;11;2020;39
2;12;2020;9
2;12;2020;10
3;12;2020;23
3;12;2020;24
3;12;2020;25
3;12;2020;26
3;12;2020;44
4;12;2020;6
4;12;2020;17
6;12;2020;18
5;12;2020;1
5;12;2020;4
5;12;2020;5
5;12;2020;7
6;12;2020;19
6;12;2020;20
7;12;2020;72
7;12;2020;73
7;12;2020;74
7;12;2020;75
8;12;2020;134
8;12;2020;141
8;12;2020;145
8;12;2020;146
8;12;2020;147
18;12;2020;28
9;12;2020;29
9;12;2020;30
9;12;2020;40
10;12;2020;87
10;12;2020;88
10;12;2020;91
10;12;2020;92
10;12;2020;94
10;12;2020;95
10;12;2020;96
10;12;2020;97
10;12;2020;98
11;12;2020;151
11;12;2020;152
11;12;2020;153
11;12;2020;154
11;12;2020;156
11;12;2020;157
11;12;2020;158
12;12;2020;76
12;12;2020;77
12;12;2020;78
12;12;2020;79
12;12;2020;81
12;12;2020;82
14;12;2020;33
14;12;2020;34
15;12;2020;59
15;12;2020;60
15;12;2020;61
15;12;2020;62
16;12;2020;22
16;12;2020;38
17;12;2020;37
18;12;2020;32
18;12;2020;41
19;12;2020;12
19;12;2020;13
20;12;2020;52
20;12;2020;53
20;12;2020;56
20;12;2020;57
20;12;2020;58
21;12;2020;64
22;12;2020;21
23;12;2020;11
23;12;2020;14
23;12;2020;15
24;12;2020;48
24;12;2020;50
24;12;2020;51
24;12;2020;55
24;12;2020;63
25;12;2020;118
25;12;2020;124
25;12;2020;125
25;12;2020;126
25;12;2020;127
25;12;2020;129
25;12;2020;132
26;12;2020;105
26;12;2020;106
27;12;2020;36
27;12;2020;43
28;12;2020;90
28;12;2020;93
28;12;2020;101
29;12;2020;138
29;12;2020;139
29;12;2020;140
29;12;2020;143
29;12;2020;144
29;12;2020;148
30;12;2020;104
30;12;2020;110
30;12;2020;111
30;12;2020;112
31;12;2020;16
31;12;2020;42
32;12;2020;121
32;12;2020;122
32;12;2020;123
32;12;2020;128
32;12;2020;130
33;12;2020;165
33;12;2020;166
33;12;2020;167
33;12;2020;168
34;12;2020;65
34;12;2020;66
34;12;2020;67
35;12;2020;70
35;12;2020;71
35;12;2020;119
35;12;2020;120
35;12;2020;159
36;12;2020;135
36;12;2020;136
36;12;2020;137
36;12;2020;142
36;12;2020;155
37;12;2020;89
37;12;2020;99
37;12;2020;100
38;12;2020;107
38;12;2020;108
38;12;2020;109
39;12;2020;54
40;12;2020;35
41;12;2020;27
41;12;2020;31
41;12;2020;39
2;1;2021;9
2;1;2021;10
3;1;2021;23
3;1;2021;24
3;1;2021;25
3;1;2021;26
3;1;2021;44
4;1;2021;6
4;1;2021;17
6;1;2021;18
5;1;2021;1
5;1;2021;4
5;1;2021;5
5;1;2021;7
6;1;2021;19
6;1;2021;20
7;1;2021;72
7;1;2021;73
7;1;2021;74
7;1;2021;75
8;1;2021;134
8;1;2021;141
8;1;2021;145
8;1;2021;146
8;1;2021;147
18;1;2021;28
9;1;2021;29
9;1;2021;30
9;1;2021;40
10;1;2021;87
10;1;2021;88
10;1;2021;91
10;1;2021;92
10;1;2021;94
10;1;2021;95
10;1;2021;96
10;1;2021;97
10;1;2021;98
11;1;2021;151
11;1;2021;152
11;1;2021;153
11;1;2021;154
11;1;2021;156
11;1;2021;157
11;1;2021;158
12;1;2021;76
12;1;2021;77
12;1;2021;78
12;1;2021;79
12;1;2021;81
12;1;2021;82
14;1;2021;33
14;1;2021;34
15;1;2021;59
15;1;2021;60
15;1;2021;61
15;1;2021;62
16;1;2021;22
16;1;2021;38
17;1;2021;37
18;1;2021;32
18;1;2021;41
19;1;2021;12
19;1;2021;13
20;1;2021;52
20;1;2021;53
20;1;2021;56
20;1;2021;57
20;1;2021;58
21;1;2021;64
22;1;2021;21
23;1;2021;11
23;1;2021;14
23;1;2021;15
24;1;2021;48
24;1;2021;50
24;1;2021;51
24;1;2021;55
24;1;2021;63
25;1;2021;118
25;1;2021;124
25;1;2021;125
25;1;2021;126
25;1;2021;127
25;1;2021;129
25;1;2021;132
26;1;2021;105
26;1;2021;106
27;1;2021;36
27;1;2021;43
28;1;2021;90
28;1;2021;93
28;1;2021;101
29;1;2021;138
29;1;2021;139
29;1;2021;140
29;1;2021;143
29;1;2021;144
29;1;2021;148
30;1;2021;104
30;1;2021;110
30;1;2021;111
30;1;2021;112
31;1;2021;16
31;1;2021;42
32;1;2021;121
32;1;2021;122
32;1;2021;123
32;1;2021;128
32;1;2021;130
33;1;2021;165
33;1;2021;166
33;1;2021;167
33;1;2021;168
34;1;2021;65
34;1;2021;66
34;1;2021;67
35;1;2021;70
35;1;2021;71
35;1;2021;119
35;1;2021;120
35;1;2021;159
36;1;2021;135
36;1;2021;136
36;1;2021;137
36;1;2021;142
36;1;2021;155
37;1;2021;89
37;1;2021;99
37;1;2021;100
38;1;2021;107
38;1;2021;108
38;1;2021;109
39;1;2021;54
40;1;2021;35
41;1;2021;27
41;1;2021;31
41;1;2021;39
2;2;2021;9
2;2;2021;10
3;2;2021;23
3;2;2021;24
3;2;2021;25
3;2;2021;26
3;2;2021;44
4;2;2021;6
4;2;2021;17
6;2;2021;18
5;2;2021;1
5;2;2021;4
5;2;2021;5
5;2;2021;7
6;2;2021;19
6;2;2021;20
7;2;2021;72
7;2;2021;73
7;2;2021;74
7;2;2021;75
8;2;2021;134
8;2;2021;141
8;2;2021;145
8;2;2021;146
8;2;2021;147
18;2;2021;28
9;2;2021;29
9;2;2021;30
9;2;2021;40
10;2;2021;87
10;2;2021;88
10;2;2021;91
10;2;2021;92
10;2;2021;94
10;2;2021;95
10;2;2021;96
10;2;2021;97
10;2;2021;98
11;2;2021;151
11;2;2021;152
11;2;2021;153
11;2;2021;154
11;2;2021;156
11;2;2021;157
11;2;2021;158
12;2;2021;76
12;2;2021;77
12;2;2021;78
12;2;2021;79
12;2;2021;81
12;2;2021;82
14;2;2021;33
14;2;2021;34
15;2;2021;59
15;2;2021;60
15;2;2021;61
15;2;2021;62
16;2;2021;22
16;2;2021;38
17;2;2021;37
18;2;2021;32
18;2;2021;41
19;2;2021;12
19;2;2021;13
20;2;2021;52
20;2;2021;53
20;2;2021;56
20;2;2021;57
20;2;2021;58
21;2;2021;64
22;2;2021;21
23;2;2021;11
23;2;2021;14
23;2;2021;15
24;2;2021;48
24;2;2021;50
24;2;2021;51
24;2;2021;55
24;2;2021;63
25;2;2021;118
25;2;2021;124
25;2;2021;125
25;2;2021;126
25;2;2021;127
25;2;2021;129
25;2;2021;132
26;2;2021;105
26;2;2021;106
27;2;2021;36
27;2;2021;43
28;2;2021;90
28;2;2021;93
28;2;2021;101
29;2;2021;138
29;2;2021;139
29;2;2021;140
29;2;2021;143
29;2;2021;144
29;2;2021;148
30;2;2021;104
30;2;2021;110
30;2;2021;111
30;2;2021;112
31;2;2021;16
31;2;2021;42
32;2;2021;121
32;2;2021;122
32;2;2021;123
32;2;2021;128
32;2;2021;130
33;2;2021;165
33;2;2021;166
33;2;2021;167
33;2;2021;168
34;2;2021;65
34;2;2021;66
34;2;2021;67
35;2;2021;70
35;2;2021;71
35;2;2021;119
35;2;2021;120
35;2;2021;159
36;2;2021;135
36;2;2021;136
36;2;2021;137
36;2;2021;142
36;2;2021;155
37;2;2021;89
37;2;2021;99
37;2;2021;100
38;2;2021;107
38;2;2021;108
38;2;2021;109
39;2;2021;54
40;2;2021;35
41;2;2021;27
41;2;2021;31
41;2;2021;39
2;3;2021;9
2;3;2021;10
3;3;2021;23
3;3;2021;24
3;3;2021;25
3;3;2021;26
3;3;2021;44
4;3;2021;6
4;3;2021;17
6;3;2021;18
5;3;2021;1
5;3;2021;4
5;3;2021;5
5;3;2021;7
6;3;2021;19
6;3;2021;20
7;3;2021;72
7;3;2021;73
7;3;2021;74
7;3;2021;75
8;3;2021;134
8;3;2021;141
8;3;2021;145
8;3;2021;146
8;3;2021;147
18;3;2021;28
9;3;2021;29
9;3;2021;30
9;3;2021;40
10;3;2021;87
10;3;2021;88
10;3;2021;91
10;3;2021;92
10;3;2021;94
10;3;2021;95
10;3;2021;96
10;3;2021;97
10;3;2021;98
11;3;2021;151
11;3;2021;152
11;3;2021;153
11;3;2021;154
11;3;2021;156
11;3;2021;157
11;3;2021;158
12;3;2021;76
12;3;2021;77
12;3;2021;78
12;3;2021;79
12;3;2021;81
12;3;2021;82
14;3;2021;33
14;3;2021;34
15;3;2021;59
15;3;2021;60
15;3;2021;61
15;3;2021;62
16;3;2021;22
16;3;2021;38
17;3;2021;37
18;3;2021;32
18;3;2021;41
19;3;2021;12
19;3;2021;13
20;3;2021;52
20;3;2021;53
20;3;2021;56
20;3;2021;57
20;3;2021;58
21;3;2021;64
22;3;2021;21
23;3;2021;11
23;3;2021;14
23;3;2021;15
24;3;2021;48
24;3;2021;50
24;3;2021;51
24;3;2021;55
24;3;2021;63
25;3;2021;118
25;3;2021;124
25;3;2021;125
25;3;2021;126
25;3;2021;127
25;3;2021;129
25;3;2021;132
26;3;2021;105
26;3;2021;106
27;3;2021;36
27;3;2021;43
28;3;2021;90
28;3;2021;93
28;3;2021;101
29;3;2021;138
29;3;2021;139
29;3;2021;140
29;3;2021;143
29;3;2021;144
29;3;2021;148
30;3;2021;104
30;3;2021;110
30;3;2021;111
30;3;2021;112
31;3;2021;16
31;3;2021;42
32;3;2021;121
32;3;2021;122
32;3;2021;123
32;3;2021;128
32;3;2021;130
33;3;2021;165
33;3;2021;166
33;3;2021;167
33;3;2021;168
34;3;2021;65
34;3;2021;66
34;3;2021;67
35;3;2021;70
35;3;2021;71
35;3;2021;119
35;3;2021;120
35;3;2021;159
36;3;2021;135
36;3;2021;136
36;3;2021;137
36;3;2021;142
36;3;2021;155
37;3;2021;89
37;3;2021;99
37;3;2021;100
38;3;2021;107
38;3;2021;108
38;3;2021;109
39;3;2021;54
40;3;2021;35
41;3;2021;27
41;3;2021;31
41;3;2021;39
2;4;2021;9
2;4;2021;10
3;4;2021;23
3;4;2021;24
3;4;2021;25
3;4;2021;26
3;4;2021;44
4;4;2021;6
4;4;2021;17
6;4;2021;18
5;4;2021;1
5;4;2021;4
5;4;2021;5
5;4;2021;7
6;4;2021;19
6;4;2021;20
7;4;2021;72
7;4;2021;73
7;4;2021;74
7;4;2021;75
8;4;2021;134
8;4;2021;141
8;4;2021;145
8;4;2021;146
8;4;2021;147
18;4;2021;28
9;4;2021;29
9;4;2021;30
9;4;2021;40
10;4;2021;87
10;4;2021;88
10;4;2021;91
10;4;2021;92
10;4;2021;94
10;4;2021;95
10;4;2021;96
10;4;2021;97
10;4;2021;98
11;4;2021;151
11;4;2021;152
11;4;2021;153
11;4;2021;154
11;4;2021;156
11;4;2021;157
11;4;2021;158
12;4;2021;76
12;4;2021;77
12;4;2021;78
12;4;2021;79
12;4;2021;81
12;4;2021;82
14;4;2021;33
14;4;2021;34
15;4;2021;59
15;4;2021;60
15;4;2021;61
15;4;2021;62
16;4;2021;22
16;4;2021;38
17;4;2021;37
18;4;2021;32
18;4;2021;41
19;4;2021;12
19;4;2021;13
20;4;2021;52
20;4;2021;53
20;4;2021;56
20;4;2021;57
20;4;2021;58
21;4;2021;64
22;4;2021;21
23;4;2021;11
23;4;2021;14
23;4;2021;15
24;4;2021;48
24;4;2021;50
24;4;2021;51
24;4;2021;55
24;4;2021;63
25;4;2021;118
25;4;2021;124
25;4;2021;125
25;4;2021;126
25;4;2021;127
25;4;2021;129
25;4;2021;132
26;4;2021;105
26;4;2021;106
27;4;2021;36
27;4;2021;43
28;4;2021;90
28;4;2021;93
28;4;2021;101
29;4;2021;138
29;4;2021;139
29;4;2021;140
29;4;2021;143
29;4;2021;144
29;4;2021;148
30;4;2021;104
30;4;2021;110
30;4;2021;111
30;4;2021;112
31;4;2021;16
31;4;2021;42
32;4;2021;121
32;4;2021;122
32;4;2021;123
32;4;2021;128
32;4;2021;130
33;4;2021;165
33;4;2021;166
33;4;2021;167
33;4;2021;168
34;4;2021;65
34;4;2021;66
34;4;2021;67
35;4;2021;70
35;4;2021;71
35;4;2021;119
35;4;2021;120
35;4;2021;159
36;4;2021;135
36;4;2021;136
36;4;2021;137
36;4;2021;142
36;4;2021;155
37;4;2021;89
37;4;2021;99
37;4;2021;100
38;4;2021;107
38;4;2021;108
38;4;2021;109
39;4;2021;54
40;4;2021;35
41;4;2021;27
41;4;2021;31
41;4;2021;39
2;5;2021;9
2;5;2021;10
3;5;2021;23
3;5;2021;24
3;5;2021;25
3;5;2021;26
3;5;2021;44
4;5;2021;6
4;5;2021;17
6;5;2021;18
5;5;2021;1
5;5;2021;4
5;5;2021;5
5;5;2021;7
6;5;2021;19
6;5;2021;20
7;5;2021;72
7;5;2021;73
7;5;2021;74
7;5;2021;75
8;5;2021;134
8;5;2021;141
8;5;2021;145
8;5;2021;146
8;5;2021;147
18;5;2021;28
9;5;2021;29
9;5;2021;30
9;5;2021;40
10;5;2021;87
10;5;2021;88
10;5;2021;91
10;5;2021;92
10;5;2021;94
10;5;2021;95
10;5;2021;96
10;5;2021;97
10;5;2021;98
11;5;2021;151
11;5;2021;152
11;5;2021;153
11;5;2021;154
11;5;2021;156
11;5;2021;157
11;5;2021;158
12;5;2021;76
12;5;2021;77
12;5;2021;78
12;5;2021;79
12;5;2021;81
12;5;2021;82
14;5;2021;33
14;5;2021;34
15;5;2021;59
15;5;2021;60
15;5;2021;61
15;5;2021;62
16;5;2021;22
16;5;2021;38
17;5;2021;37
18;5;2021;32
18;5;2021;41
19;5;2021;12
19;5;2021;13
20;5;2021;52
20;5;2021;53
20;5;2021;56
20;5;2021;57
20;5;2021;58
21;5;2021;64
22;5;2021;21
23;5;2021;11
23;5;2021;14
23;5;2021;15
24;5;2021;48
24;5;2021;50
24;5;2021;51
24;5;2021;55
24;5;2021;63
25;5;2021;118
25;5;2021;124
25;5;2021;125
25;5;2021;126
25;5;2021;127
25;5;2021;129
25;5;2021;132
26;5;2021;105
26;5;2021;106
27;5;2021;36
27;5;2021;43
28;5;2021;90
28;5;2021;93
28;5;2021;101
29;5;2021;138
29;5;2021;139
29;5;2021;140
29;5;2021;143
29;5;2021;144
29;5;2021;148
30;5;2021;104
30;5;2021;110
30;5;2021;111
30;5;2021;112
31;5;2021;16
31;5;2021;42
32;5;2021;121
32;5;2021;122
32;5;2021;123
32;5;2021;128
32;5;2021;130
33;5;2021;165
33;5;2021;166
33;5;2021;167
33;5;2021;168
34;5;2021;65
34;5;2021;66
34;5;2021;67
35;5;2021;70
35;5;2021;71
35;5;2021;119
35;5;2021;120
35;5;2021;159
36;5;2021;135
36;5;2021;136
36;5;2021;137
36;5;2021;142
36;5;2021;155
37;5;2021;89
37;5;2021;99
37;5;2021;100
38;5;2021;107
38;5;2021;108
38;5;2021;109
39;5;2021;54
40;5;2021;35
41;5;2021;27
41;5;2021;31
41;5;2021;39
2;6;2021;9
2;6;2021;10
3;6;2021;23
3;6;2021;24
3;6;2021;25
3;6;2021;26
3;6;2021;44
4;6;2021;6
4;6;2021;17
6;6;2021;18
5;6;2021;1
5;6;2021;4
5;6;2021;5
5;6;2021;7
6;6;2021;19
6;6;2021;20
7;6;2021;72
7;6;2021;73
7;6;2021;74
7;6;2021;75
8;6;2021;134
8;6;2021;141
8;6;2021;145
8;6;2021;146
8;6;2021;147
18;6;2021;28
9;6;2021;29
9;6;2021;30
9;6;2021;40
10;6;2021;87
10;6;2021;88
10;6;2021;91
10;6;2021;92
10;6;2021;94
10;6;2021;95
10;6;2021;96
10;6;2021;97
10;6;2021;98
11;6;2021;151
11;6;2021;152
11;6;2021;153
11;6;2021;154
11;6;2021;156
11;6;2021;157
11;6;2021;158
12;6;2021;76
12;6;2021;77
12;6;2021;78
12;6;2021;79
12;6;2021;81
12;6;2021;82
14;6;2021;33
14;6;2021;34
15;6;2021;59
15;6;2021;60
15;6;2021;61
15;6;2021;62
16;6;2021;22
16;6;2021;38
17;6;2021;37
18;6;2021;32
18;6;2021;41
19;6;2021;12
19;6;2021;13
20;6;2021;52
20;6;2021;53
20;6;2021;56
20;6;2021;57
20;6;2021;58
21;6;2021;64
22;6;2021;21
23;6;2021;11
23;6;2021;14
23;6;2021;15
24;6;2021;48
24;6;2021;50
24;6;2021;51
24;6;2021;55
24;6;2021;63
25;6;2021;118
25;6;2021;124
25;6;2021;125
25;6;2021;126
25;6;2021;127
25;6;2021;129
25;6;2021;132
26;6;2021;105
26;6;2021;106
27;6;2021;36
27;6;2021;43
28;6;2021;90
28;6;2021;93
28;6;2021;101
29;6;2021;138
29;6;2021;139
29;6;2021;140
29;6;2021;143
29;6;2021;144
29;6;2021;148
30;6;2021;104
30;6;2021;110
30;6;2021;111
30;6;2021;112
31;6;2021;16
31;6;2021;42
32;6;2021;121
32;6;2021;122
32;6;2021;123
32;6;2021;128
32;6;2021;130
33;6;2021;165
33;6;2021;166
33;6;2021;167
33;6;2021;168
34;6;2021;65
34;6;2021;66
34;6;2021;67
35;6;2021;70
35;6;2021;71
35;6;2021;119
35;6;2021;120
35;6;2021;159
36;6;2021;135
36;6;2021;136
36;6;2021;137
36;6;2021;142
36;6;2021;155
37;6;2021;89
37;6;2021;99
37;6;2021;100
38;6;2021;107
38;6;2021;108
38;6;2021;109
39;6;2021;54
40;6;2021;35
41;6;2021;27
41;6;2021;31
41;6;2021;39
2;7;2021;9
2;7;2021;10
3;7;2021;23
3;7;2021;24
3;7;2021;25
3;7;2021;26
3;7;2021;44
4;7;2021;6
4;7;2021;17
6;7;2021;18
5;7;2021;1
5;7;2021;4
5;7;2021;5
5;7;2021;7
6;7;2021;19
6;7;2021;20
7;7;2021;72
7;7;2021;73
7;7;2021;74
7;7;2021;75
8;7;2021;134
8;7;2021;141
8;7;2021;145
8;7;2021;146
8;7;2021;147
18;7;2021;28
9;7;2021;29
9;7;2021;30
9;7;2021;40
10;7;2021;87
10;7;2021;88
10;7;2021;91
10;7;2021;92
10;7;2021;94
10;7;2021;95
10;7;2021;96
10;7;2021;97
10;7;2021;98
11;7;2021;151
11;7;2021;152
11;7;2021;153
11;7;2021;154
11;7;2021;156
11;7;2021;157
11;7;2021;158
12;7;2021;76
12;7;2021;77
12;7;2021;78
12;7;2021;79
12;7;2021;81
12;7;2021;82
14;7;2021;33
14;7;2021;34
15;7;2021;59
15;7;2021;60
15;7;2021;61
15;7;2021;62
16;7;2021;22
16;7;2021;38
17;7;2021;37
18;7;2021;32
18;7;2021;41
19;7;2021;12
19;7;2021;13
20;7;2021;52
20;7;2021;53
20;7;2021;56
20;7;2021;57
20;7;2021;58
21;7;2021;64
22;7;2021;21
23;7;2021;11
23;7;2021;14
23;7;2021;15
24;7;2021;48
24;7;2021;50
24;7;2021;51
24;7;2021;55
24;7;2021;63
25;7;2021;118
25;7;2021;124
25;7;2021;125
25;7;2021;126
25;7;2021;127
25;7;2021;129
25;7;2021;132
26;7;2021;105
26;7;2021;106
27;7;2021;36
27;7;2021;43
28;7;2021;90
28;7;2021;93
28;7;2021;101
29;7;2021;138
29;7;2021;139
29;7;2021;140
29;7;2021;143
29;7;2021;144
29;7;2021;148
30;7;2021;104
30;7;2021;110
30;7;2021;111
30;7;2021;112
31;7;2021;16
31;7;2021;42
32;7;2021;121
32;7;2021;122
32;7;2021;123
32;7;2021;128
32;7;2021;130
33;7;2021;165
33;7;2021;166
33;7;2021;167
33;7;2021;168
34;7;2021;65
34;7;2021;66
34;7;2021;67
35;7;2021;70
35;7;2021;71
35;7;2021;119
35;7;2021;120
35;7;2021;159
36;7;2021;135
36;7;2021;136
36;7;2021;137
36;7;2021;142
36;7;2021;155
37;7;2021;89
37;7;2021;99
37;7;2021;100
38;7;2021;107
38;7;2021;108
38;7;2021;109
39;7;2021;54
40;7;2021;35
41;7;2021;27
41;7;2021;31
41;7;2021;39
2;8;2021;9
2;8;2021;10
3;8;2021;23
3;8;2021;24
3;8;2021;25
3;8;2021;26
3;8;2021;44
4;8;2021;6
4;8;2021;17
6;8;2021;18
5;8;2021;1
5;8;2021;4
5;8;2021;5
5;8;2021;7
6;8;2021;19
6;8;2021;20
7;8;2021;72
7;8;2021;73
7;8;2021;74
7;8;2021;75
8;8;2021;134
8;8;2021;141
8;8;2021;145
8;8;2021;146
8;8;2021;147
18;8;2021;28
9;8;2021;29
9;8;2021;30
9;8;2021;40
10;8;2021;87
10;8;2021;88
10;8;2021;91
10;8;2021;92
10;8;2021;94
10;8;2021;95
10;8;2021;96
10;8;2021;97
10;8;2021;98
11;8;2021;151
11;8;2021;152
11;8;2021;153
11;8;2021;154
11;8;2021;156
11;8;2021;157
11;8;2021;158
12;8;2021;76
12;8;2021;77
12;8;2021;78
12;8;2021;79
12;8;2021;81
12;8;2021;82
14;8;2021;33
14;8;2021;34
15;8;2021;59
15;8;2021;60
15;8;2021;61
15;8;2021;62
16;8;2021;22
16;8;2021;38
17;8;2021;37
18;8;2021;32
18;8;2021;41
19;8;2021;12
19;8;2021;13
20;8;2021;52
20;8;2021;53
20;8;2021;56
20;8;2021;57
20;8;2021;58
21;8;2021;64
22;8;2021;21
23;8;2021;11
23;8;2021;14
23;8;2021;15
24;8;2021;48
24;8;2021;50
24;8;2021;51
24;8;2021;55
24;8;2021;63
25;8;2021;118
25;8;2021;124
25;8;2021;125
25;8;2021;126
25;8;2021;127
25;8;2021;129
25;8;2021;132
26;8;2021;105
26;8;2021;106
27;8;2021;36
27;8;2021;43
28;8;2021;90
28;8;2021;93
28;8;2021;101
29;8;2021;138
29;8;2021;139
29;8;2021;140
29;8;2021;143
29;8;2021;144
29;8;2021;148
30;8;2021;104
30;8;2021;110
30;8;2021;111
30;8;2021;112
31;8;2021;16
31;8;2021;42
32;8;2021;121
32;8;2021;122
32;8;2021;123
32;8;2021;128
32;8;2021;130
33;8;2021;165
33;8;2021;166
33;8;2021;167
33;8;2021;168
34;8;2021;65
34;8;2021;66
34;8;2021;67
35;8;2021;70
35;8;2021;71
35;8;2021;119
35;8;2021;120
35;8;2021;159
36;8;2021;135
36;8;2021;136
36;8;2021;137
36;8;2021;142
36;8;2021;155
37;8;2021;89
37;8;2021;99
37;8;2021;100
38;8;2021;107
38;8;2021;108
38;8;2021;109
39;8;2021;54
40;8;2021;35
41;8;2021;27
41;8;2021;31
41;8;2021;39
2;9;2021;9
2;9;2021;10
3;9;2021;23
3;9;2021;24
3;9;2021;25
3;9;2021;26
3;9;2021;44
4;9;2021;6
4;9;2021;17
6;9;2021;18
5;9;2021;1
5;9;2021;4
5;9;2021;5
5;9;2021;7
6;9;2021;19
6;9;2021;20
7;9;2021;72
7;9;2021;73
7;9;2021;74
7;9;2021;75
8;9;2021;134
8;9;2021;141
8;9;2021;145
8;9;2021;146
8;9;2021;147
18;9;2021;28
9;9;2021;29
9;9;2021;30
9;9;2021;40
10;9;2021;87
10;9;2021;88
10;9;2021;91
10;9;2021;92
10;9;2021;94
10;9;2021;95
10;9;2021;96
10;9;2021;97
10;9;2021;98
11;9;2021;151
11;9;2021;152
11;9;2021;153
11;9;2021;154
11;9;2021;156
11;9;2021;157
11;9;2021;158
12;9;2021;76
12;9;2021;77
12;9;2021;78
12;9;2021;79
12;9;2021;81
12;9;2021;82
14;9;2021;33
14;9;2021;34
15;9;2021;59
15;9;2021;60
15;9;2021;61
15;9;2021;62
16;9;2021;22
16;9;2021;38
17;9;2021;37
18;9;2021;32
18;9;2021;41
19;9;2021;12
19;9;2021;13
20;9;2021;52
20;9;2021;53
20;9;2021;56
20;9;2021;57
20;9;2021;58
21;9;2021;64
22;9;2021;21
23;9;2021;11
23;9;2021;14
23;9;2021;15
24;9;2021;48
24;9;2021;50
24;9;2021;51
24;9;2021;55
24;9;2021;63
25;9;2021;118
25;9;2021;124
25;9;2021;125
25;9;2021;126
25;9;2021;127
25;9;2021;129
25;9;2021;132
26;9;2021;105
26;9;2021;106
27;9;2021;36
27;9;2021;43
28;9;2021;90
28;9;2021;93
28;9;2021;101
29;9;2021;138
29;9;2021;139
29;9;2021;140
29;9;2021;143
29;9;2021;144
29;9;2021;148
30;9;2021;104
30;9;2021;110
30;9;2021;111
30;9;2021;112
31;9;2021;16
31;9;2021;42
32;9;2021;121
32;9;2021;122
32;9;2021;123
32;9;2021;128
32;9;2021;130
33;9;2021;165
33;9;2021;166
33;9;2021;167
33;9;2021;168
34;9;2021;65
34;9;2021;66
34;9;2021;67
35;9;2021;70
35;9;2021;71
35;9;2021;119
35;9;2021;120
35;9;2021;159
36;9;2021;135
36;9;2021;136
36;9;2021;137
36;9;2021;142
36;9;2021;155
37;9;2021;89
37;9;2021;99
37;9;2021;100
38;9;2021;107
38;9;2021;108
38;9;2021;109
39;9;2021;54
40;9;2021;35
41;9;2021;27
41;9;2021;31
41;9;2021;39
2;10;2021;9
2;10;2021;10
3;10;2021;23
3;10;2021;24
3;10;2021;25
3;10;2021;26
3;10;2021;44
4;10;2021;6
4;10;2021;17
6;10;2021;18
5;10;2021;1
5;10;2021;4
5;10;2021;5
5;10;2021;7
6;10;2021;19
6;10;2021;20
7;10;2021;72
7;10;2021;73
7;10;2021;74
7;10;2021;75
8;10;2021;134
8;10;2021;141
8;10;2021;145
8;10;2021;146
8;10;2021;147
18;10;2021;28
9;10;2021;29
9;10;2021;30
9;10;2021;40
10;10;2021;87
10;10;2021;88
10;10;2021;91
10;10;2021;92
10;10;2021;94
10;10;2021;95
10;10;2021;96
10;10;2021;97
10;10;2021;98
11;10;2021;151
11;10;2021;152
11;10;2021;153
11;10;2021;154
11;10;2021;156
11;10;2021;157
11;10;2021;158
12;10;2021;76
12;10;2021;77
12;10;2021;78
12;10;2021;79
12;10;2021;81
12;10;2021;82
14;10;2021;33
14;10;2021;34
15;10;2021;59
15;10;2021;60
15;10;2021;61
15;10;2021;62
16;10;2021;22
16;10;2021;38
17;10;2021;37
18;10;2021;32
18;10;2021;41
19;10;2021;12
19;10;2021;13
20;10;2021;52
20;10;2021;53
20;10;2021;56
20;10;2021;57
20;10;2021;58
21;10;2021;64
22;10;2021;21
23;10;2021;11
23;10;2021;14
23;10;2021;15
24;10;2021;48
24;10;2021;50
24;10;2021;51
24;10;2021;55
24;10;2021;63
25;10;2021;118
25;10;2021;124
25;10;2021;125
25;10;2021;126
25;10;2021;127
25;10;2021;129
25;10;2021;132
26;10;2021;105
26;10;2021;106
27;10;2021;36
27;10;2021;43
28;10;2021;90
28;10;2021;93
28;10;2021;101
29;10;2021;138
29;10;2021;139
29;10;2021;140
29;10;2021;143
29;10;2021;144
29;10;2021;148
30;10;2021;104
30;10;2021;110
30;10;2021;111
30;10;2021;112
31;10;2021;16
31;10;2021;42
32;10;2021;121
32;10;2021;122
32;10;2021;123
32;10;2021;128
32;10;2021;130
33;10;2021;165
33;10;2021;166
33;10;2021;167
33;10;2021;168
34;10;2021;65
34;10;2021;66
34;10;2021;67
35;10;2021;70
35;10;2021;71
35;10;2021;119
35;10;2021;120
35;10;2021;159
36;10;2021;135
36;10;2021;136
36;10;2021;137
36;10;2021;142
36;10;2021;155
37;10;2021;89
37;10;2021;99
37;10;2021;100
38;10;2021;107
38;10;2021;108
38;10;2021;109
39;10;2021;54
40;10;2021;35
41;10;2021;27
41;10;2021;31
41;10;2021;39
2;11;2021;9
2;11;2021;10
3;11;2021;23
3;11;2021;24
3;11;2021;25
3;11;2021;26
3;11;2021;44
4;11;2021;6
4;11;2021;17
6;11;2021;18
5;11;2021;1
5;11;2021;4
5;11;2021;5
5;11;2021;7
6;11;2021;19
6;11;2021;20
7;11;2021;72
7;11;2021;73
7;11;2021;74
7;11;2021;75
8;11;2021;134
8;11;2021;141
8;11;2021;145
8;11;2021;146
8;11;2021;147
18;11;2021;28
9;11;2021;29
9;11;2021;30
9;11;2021;40
10;11;2021;87
10;11;2021;88
10;11;2021;91
10;11;2021;92
10;11;2021;94
10;11;2021;95
10;11;2021;96
10;11;2021;97
10;11;2021;98
11;11;2021;151
11;11;2021;152
11;11;2021;153
11;11;2021;154
11;11;2021;156
11;11;2021;157
11;11;2021;158
12;11;2021;76
12;11;2021;77
12;11;2021;78
12;11;2021;79
12;11;2021;81
12;11;2021;82
14;11;2021;33
14;11;2021;34
15;11;2021;59
15;11;2021;60
15;11;2021;61
15;11;2021;62
16;11;2021;22
16;11;2021;38
17;11;2021;37
18;11;2021;32
18;11;2021;41
19;11;2021;12
19;11;2021;13
20;11;2021;52
20;11;2021;53
20;11;2021;56
20;11;2021;57
20;11;2021;58
21;11;2021;64
22;11;2021;21
23;11;2021;11
23;11;2021;14
23;11;2021;15
24;11;2021;48
24;11;2021;50
24;11;2021;51
24;11;2021;55
24;11;2021;63
25;11;2021;118
25;11;2021;124
25;11;2021;125
25;11;2021;126
25;11;2021;127
25;11;2021;129
25;11;2021;132
26;11;2021;105
26;11;2021;106
27;11;2021;36
27;11;2021;43
28;11;2021;90
28;11;2021;93
28;11;2021;101
29;11;2021;138
29;11;2021;139
29;11;2021;140
29;11;2021;143
29;11;2021;144
29;11;2021;148
30;11;2021;104
30;11;2021;110
30;11;2021;111
30;11;2021;112
31;11;2021;16
31;11;2021;42
32;11;2021;121
32;11;2021;122
32;11;2021;123
32;11;2021;128
32;11;2021;130
33;11;2021;165
33;11;2021;166
33;11;2021;167
33;11;2021;168
34;11;2021;65
34;11;2021;66
34;11;2021;67
35;11;2021;70
35;11;2021;71
35;11;2021;119
35;11;2021;120
35;11;2021;159
36;11;2021;135
36;11;2021;136
36;11;2021;137
36;11;2021;142
36;11;2021;155
37;11;2021;89
37;11;2021;99
37;11;2021;100
38;11;2021;107
38;11;2021;108
38;11;2021;109
39;11;2021;54
40;11;2021;35
41;11;2021;27
41;11;2021;31
41;11;2021;39
2;12;2021;9
2;12;2021;10
3;12;2021;23
3;12;2021;24
3;12;2021;25
3;12;2021;26
3;12;2021;44
4;12;2021;6
4;12;2021;17
6;12;2021;18
5;12;2021;1
5;12;2021;4
5;12;2021;5
5;12;2021;7
6;12;2021;19
6;12;2021;20
7;12;2021;72
7;12;2021;73
7;12;2021;74
7;12;2021;75
8;12;2021;134
8;12;2021;141
8;12;2021;145
8;12;2021;146
8;12;2021;147
18;12;2021;28
9;12;2021;29
9;12;2021;30
9;12;2021;40
10;12;2021;87
10;12;2021;88
10;12;2021;91
10;12;2021;92
10;12;2021;94
10;12;2021;95
10;12;2021;96
10;12;2021;97
10;12;2021;98
11;12;2021;151
11;12;2021;152
11;12;2021;153
11;12;2021;154
11;12;2021;156
11;12;2021;157
11;12;2021;158
12;12;2021;76
12;12;2021;77
12;12;2021;78
12;12;2021;79
12;12;2021;81
12;12;2021;82
14;12;2021;33
14;12;2021;34
15;12;2021;59
15;12;2021;60
15;12;2021;61
15;12;2021;62
16;12;2021;22
16;12;2021;38
17;12;2021;37
18;12;2021;32
18;12;2021;41
19;12;2021;12
19;12;2021;13
20;12;2021;52
20;12;2021;53
20;12;2021;56
20;12;2021;57
20;12;2021;58
21;12;2021;64
22;12;2021;21
23;12;2021;11
23;12;2021;14
23;12;2021;15
24;12;2021;48
24;12;2021;50
24;12;2021;51
24;12;2021;55
24;12;2021;63
25;12;2021;118
25;12;2021;124
25;12;2021;125
25;12;2021;126
25;12;2021;127
25;12;2021;129
25;12;2021;132
26;12;2021;105
26;12;2021;106
27;12;2021;36
27;12;2021;43
28;12;2021;90
28;12;2021;93
28;12;2021;101
29;12;2021;138
29;12;2021;139
29;12;2021;140
29;12;2021;143
29;12;2021;144
29;12;2021;148
30;12;2021;104
30;12;2021;110
30;12;2021;111
30;12;2021;112
31;12;2021;16
31;12;2021;42
32;12;2021;121
32;12;2021;122
32;12;2021;123
32;12;2021;128
32;12;2021;130
33;12;2021;165
33;12;2021;166
33;12;2021;167
33;12;2021;168
34;12;2021;65
34;12;2021;66
34;12;2021;67
35;12;2021;70
35;12;2021;71
35;12;2021;119
35;12;2021;120
35;12;2021;159
36;12;2021;135
36;12;2021;136
36;12;2021;137
36;12;2021;142
36;12;2021;155
37;12;2021;89
37;12;2021;99
37;12;2021;100
38;12;2021;107
38;12;2021;108
38;12;2021;109
39;12;2021;54
40;12;2021;35
41;12;2021;27
41;12;2021;31
41;12;2021;39
2;1;2022;9
2;1;2022;10
3;1;2022;23
3;1;2022;24
3;1;2022;25
3;1;2022;26
3;1;2022;44
4;1;2022;6
4;1;2022;17
6;1;2022;18
5;1;2022;1
5;1;2022;4
5;1;2022;5
5;1;2022;7
6;1;2022;19
6;1;2022;20
7;1;2022;72
7;1;2022;73
7;1;2022;74
7;1;2022;75
8;1;2022;134
8;1;2022;141
8;1;2022;145
8;1;2022;146
8;1;2022;147
18;1;2022;28
9;1;2022;29
9;1;2022;30
9;1;2022;40
10;1;2022;87
10;1;2022;88
10;1;2022;91
10;1;2022;92
10;1;2022;94
10;1;2022;95
10;1;2022;96
10;1;2022;97
10;1;2022;98
11;1;2022;151
11;1;2022;152
11;1;2022;153
11;1;2022;154
11;1;2022;156
11;1;2022;157
11;1;2022;158
12;1;2022;76
12;1;2022;77
12;1;2022;78
12;1;2022;79
12;1;2022;81
12;1;2022;82
14;1;2022;33
14;1;2022;34
15;1;2022;59
15;1;2022;60
15;1;2022;61
15;1;2022;62
16;1;2022;22
16;1;2022;38
17;1;2022;37
18;1;2022;32
18;1;2022;41
19;1;2022;12
19;1;2022;13
20;1;2022;52
20;1;2022;53
20;1;2022;56
20;1;2022;57
20;1;2022;58
21;1;2022;64
22;1;2022;21
23;1;2022;11
23;1;2022;14
23;1;2022;15
24;1;2022;48
24;1;2022;50
24;1;2022;51
24;1;2022;55
24;1;2022;63
25;1;2022;118
25;1;2022;124
25;1;2022;125
25;1;2022;126
25;1;2022;127
25;1;2022;129
25;1;2022;132
26;1;2022;105
26;1;2022;106
27;1;2022;36
27;1;2022;43
28;1;2022;90
28;1;2022;93
28;1;2022;101
29;1;2022;138
29;1;2022;139
29;1;2022;140
29;1;2022;143
29;1;2022;144
29;1;2022;148
30;1;2022;104
30;1;2022;110
30;1;2022;111
30;1;2022;112
31;1;2022;16
31;1;2022;42
32;1;2022;121
32;1;2022;122
32;1;2022;123
32;1;2022;128
32;1;2022;130
33;1;2022;165
33;1;2022;166
33;1;2022;167
33;1;2022;168
34;1;2022;65
34;1;2022;66
34;1;2022;67
35;1;2022;70
35;1;2022;71
35;1;2022;119
35;1;2022;120
35;1;2022;159
36;1;2022;135
36;1;2022;136
36;1;2022;137
36;1;2022;142
36;1;2022;155
37;1;2022;89
37;1;2022;99
37;1;2022;100
38;1;2022;107
38;1;2022;108
38;1;2022;109
39;1;2022;54
40;1;2022;35
41;1;2022;27
41;1;2022;31
41;1;2022;39
2;2;2022;9
2;2;2022;10
3;2;2022;23
3;2;2022;24
3;2;2022;25
3;2;2022;26
3;2;2022;44
4;2;2022;6
4;2;2022;17
6;2;2022;18
5;2;2022;1
5;2;2022;4
5;2;2022;5
5;2;2022;7
6;2;2022;19
6;2;2022;20
7;2;2022;72
7;2;2022;73
7;2;2022;74
7;2;2022;75
8;2;2022;134
8;2;2022;141
8;2;2022;145
8;2;2022;146
8;2;2022;147
18;2;2022;28
9;2;2022;29
9;2;2022;30
9;2;2022;40
10;2;2022;87
10;2;2022;88
10;2;2022;91
10;2;2022;92
10;2;2022;94
10;2;2022;95
10;2;2022;96
10;2;2022;97
10;2;2022;98
11;2;2022;151
11;2;2022;152
11;2;2022;153
11;2;2022;154
11;2;2022;156
11;2;2022;157
11;2;2022;158
12;2;2022;76
12;2;2022;77
12;2;2022;78
12;2;2022;79
12;2;2022;81
12;2;2022;82
14;2;2022;33
14;2;2022;34
15;2;2022;59
15;2;2022;60
15;2;2022;61
15;2;2022;62
16;2;2022;22
16;2;2022;38
17;2;2022;37
18;2;2022;32
18;2;2022;41
19;2;2022;12
19;2;2022;13
20;2;2022;52
20;2;2022;53
20;2;2022;56
20;2;2022;57
20;2;2022;58
21;2;2022;64
22;2;2022;21
23;2;2022;11
23;2;2022;14
23;2;2022;15
24;2;2022;48
24;2;2022;50
24;2;2022;51
24;2;2022;55
24;2;2022;63
25;2;2022;118
25;2;2022;124
25;2;2022;125
25;2;2022;126
25;2;2022;127
25;2;2022;129
25;2;2022;132
26;2;2022;105
26;2;2022;106
27;2;2022;36
27;2;2022;43
28;2;2022;90
28;2;2022;93
28;2;2022;101
29;2;2022;138
29;2;2022;139
29;2;2022;140
29;2;2022;143
29;2;2022;144
29;2;2022;148
30;2;2022;104
30;2;2022;110
30;2;2022;111
30;2;2022;112
31;2;2022;16
31;2;2022;42
32;2;2022;121
32;2;2022;122
32;2;2022;123
32;2;2022;128
32;2;2022;130
33;2;2022;165
33;2;2022;166
33;2;2022;167
33;2;2022;168
34;2;2022;65
34;2;2022;66
34;2;2022;67
35;2;2022;70
35;2;2022;71
35;2;2022;119
35;2;2022;120
35;2;2022;159
36;2;2022;135
36;2;2022;136
36;2;2022;137
36;2;2022;142
36;2;2022;155
37;2;2022;89
37;2;2022;99
37;2;2022;100
38;2;2022;107
38;2;2022;108
38;2;2022;109
39;2;2022;54
40;2;2022;35
41;2;2022;27
41;2;2022;31
41;2;2022;39
2;3;2022;9
2;3;2022;10
3;3;2022;23
3;3;2022;24
3;3;2022;25
3;3;2022;26
3;3;2022;44
4;3;2022;6
4;3;2022;17
6;3;2022;18
5;3;2022;1
5;3;2022;4
5;3;2022;5
5;3;2022;7
6;3;2022;19
6;3;2022;20
7;3;2022;72
7;3;2022;73
7;3;2022;74
7;3;2022;75
8;3;2022;134
8;3;2022;141
8;3;2022;145
8;3;2022;146
8;3;2022;147
18;3;2022;28
9;3;2022;29
9;3;2022;30
9;3;2022;40
10;3;2022;87
10;3;2022;88
10;3;2022;91
10;3;2022;92
10;3;2022;94
10;3;2022;95
10;3;2022;96
10;3;2022;97
10;3;2022;98
11;3;2022;151
11;3;2022;152
11;3;2022;153
11;3;2022;154
11;3;2022;156
11;3;2022;157
11;3;2022;158
12;3;2022;76
12;3;2022;77
12;3;2022;78
12;3;2022;79
12;3;2022;81
12;3;2022;82
14;3;2022;33
14;3;2022;34
15;3;2022;59
15;3;2022;60
15;3;2022;61
15;3;2022;62
16;3;2022;22
16;3;2022;38
17;3;2022;37
18;3;2022;32
18;3;2022;41
19;3;2022;12
19;3;2022;13
20;3;2022;52
20;3;2022;53
20;3;2022;56
20;3;2022;57
20;3;2022;58
21;3;2022;64
22;3;2022;21
23;3;2022;11
23;3;2022;14
23;3;2022;15
24;3;2022;48
24;3;2022;50
24;3;2022;51
24;3;2022;55
24;3;2022;63
25;3;2022;118
25;3;2022;124
25;3;2022;125
25;3;2022;126
25;3;2022;127
25;3;2022;129
25;3;2022;132
26;3;2022;105
26;3;2022;106
27;3;2022;36
27;3;2022;43
28;3;2022;90
28;3;2022;93
28;3;2022;101
29;3;2022;138
29;3;2022;139
29;3;2022;140
29;3;2022;143
29;3;2022;144
29;3;2022;148
30;3;2022;104
30;3;2022;110
30;3;2022;111
30;3;2022;112
31;3;2022;16
31;3;2022;42
32;3;2022;121
32;3;2022;122
32;3;2022;123
32;3;2022;128
32;3;2022;130
33;3;2022;165
33;3;2022;166
33;3;2022;167
33;3;2022;168
34;3;2022;65
34;3;2022;66
34;3;2022;67
35;3;2022;70
35;3;2022;71
35;3;2022;119
35;3;2022;120
35;3;2022;159
36;3;2022;135
36;3;2022;136
36;3;2022;137
36;3;2022;142
36;3;2022;155
37;3;2022;89
37;3;2022;99
37;3;2022;100
38;3;2022;107
38;3;2022;108
38;3;2022;109
39;3;2022;54
40;3;2022;35
41;3;2022;27
41;3;2022;31
41;3;2022;39
2;4;2022;9
2;4;2022;10
3;4;2022;23
3;4;2022;24
3;4;2022;25
3;4;2022;26
3;4;2022;44
4;4;2022;6
4;4;2022;17
6;4;2022;18
5;4;2022;1
5;4;2022;4
5;4;2022;5
5;4;2022;7
6;4;2022;19
6;4;2022;20
7;4;2022;72
7;4;2022;73
7;4;2022;74
7;4;2022;75
8;4;2022;134
8;4;2022;141
8;4;2022;145
8;4;2022;146
8;4;2022;147
18;4;2022;28
9;4;2022;29
9;4;2022;30
9;4;2022;40
10;4;2022;87
10;4;2022;88
10;4;2022;91
10;4;2022;92
10;4;2022;94
10;4;2022;95
10;4;2022;96
10;4;2022;97
10;4;2022;98
11;4;2022;151
11;4;2022;152
11;4;2022;153
11;4;2022;154
11;4;2022;156
11;4;2022;157
11;4;2022;158
12;4;2022;76
12;4;2022;77
12;4;2022;78
12;4;2022;79
12;4;2022;81
12;4;2022;82
14;4;2022;33
14;4;2022;34
15;4;2022;59
15;4;2022;60
15;4;2022;61
15;4;2022;62
16;4;2022;22
16;4;2022;38
17;4;2022;37
18;4;2022;32
18;4;2022;41
19;4;2022;12
19;4;2022;13
20;4;2022;52
20;4;2022;53
20;4;2022;56
20;4;2022;57
20;4;2022;58
21;4;2022;64
22;4;2022;21
23;4;2022;11
23;4;2022;14
23;4;2022;15
24;4;2022;48
24;4;2022;50
24;4;2022;51
24;4;2022;55
24;4;2022;63
25;4;2022;118
25;4;2022;124
25;4;2022;125
25;4;2022;126
25;4;2022;127
25;4;2022;129
25;4;2022;132
26;4;2022;105
26;4;2022;106
27;4;2022;36
27;4;2022;43
28;4;2022;90
28;4;2022;93
28;4;2022;101
29;4;2022;138
29;4;2022;139
29;4;2022;140
29;4;2022;143
29;4;2022;144
29;4;2022;148
30;4;2022;104
30;4;2022;110
30;4;2022;111
30;4;2022;112
31;4;2022;16
31;4;2022;42
32;4;2022;121
32;4;2022;122
32;4;2022;123
32;4;2022;128
32;4;2022;130
33;4;2022;165
33;4;2022;166
33;4;2022;167
33;4;2022;168
34;4;2022;65
34;4;2022;66
34;4;2022;67
35;4;2022;70
35;4;2022;71
35;4;2022;119
35;4;2022;120
35;4;2022;159
36;4;2022;135
36;4;2022;136
36;4;2022;137
36;4;2022;142
36;4;2022;155
37;4;2022;89
37;4;2022;99
37;4;2022;100
38;4;2022;107
38;4;2022;108
38;4;2022;109
39;4;2022;54
40;4;2022;35
41;4;2022;27
41;4;2022;31
41;4;2022;39
2;5;2022;9
2;5;2022;10
3;5;2022;23
3;5;2022;24
3;5;2022;25
3;5;2022;26
3;5;2022;44
4;5;2022;6
4;5;2022;17
6;5;2022;18
5;5;2022;1
5;5;2022;4
5;5;2022;5
5;5;2022;7
6;5;2022;19
6;5;2022;20
7;5;2022;72
7;5;2022;73
7;5;2022;74
7;5;2022;75
8;5;2022;134
8;5;2022;141
8;5;2022;145
8;5;2022;146
8;5;2022;147
18;5;2022;28
9;5;2022;29
9;5;2022;30
9;5;2022;40
10;5;2022;87
10;5;2022;88
10;5;2022;91
10;5;2022;92
10;5;2022;94
10;5;2022;95
10;5;2022;96
10;5;2022;97
10;5;2022;98
11;5;2022;151
11;5;2022;152
11;5;2022;153
11;5;2022;154
11;5;2022;156
11;5;2022;157
11;5;2022;158
12;5;2022;76
12;5;2022;77
12;5;2022;78
12;5;2022;79
12;5;2022;81
12;5;2022;82
14;5;2022;33
14;5;2022;34
15;5;2022;59
15;5;2022;60
15;5;2022;61
15;5;2022;62
16;5;2022;22
16;5;2022;38
17;5;2022;37
18;5;2022;32
18;5;2022;41
19;5;2022;12
19;5;2022;13
20;5;2022;52
20;5;2022;53
20;5;2022;56
20;5;2022;57
20;5;2022;58
21;5;2022;64
22;5;2022;21
23;5;2022;11
23;5;2022;14
23;5;2022;15
24;5;2022;48
24;5;2022;50
24;5;2022;51
24;5;2022;55
24;5;2022;63
25;5;2022;118
25;5;2022;124
25;5;2022;125
25;5;2022;126
25;5;2022;127
25;5;2022;129
25;5;2022;132
26;5;2022;105
26;5;2022;106
27;5;2022;36
27;5;2022;43
28;5;2022;90
28;5;2022;93
28;5;2022;101
29;5;2022;138
29;5;2022;139
29;5;2022;140
29;5;2022;143
29;5;2022;144
29;5;2022;148
30;5;2022;104
30;5;2022;110
30;5;2022;111
30;5;2022;112
31;5;2022;16
31;5;2022;42
32;5;2022;121
32;5;2022;122
32;5;2022;123
32;5;2022;128
32;5;2022;130
33;5;2022;165
33;5;2022;166
33;5;2022;167
33;5;2022;168
34;5;2022;65
34;5;2022;66
34;5;2022;67
35;5;2022;70
35;5;2022;71
35;5;2022;119
35;5;2022;120
35;5;2022;159
36;5;2022;135
36;5;2022;136
36;5;2022;137
36;5;2022;142
36;5;2022;155
37;5;2022;89
37;5;2022;99
37;5;2022;100
38;5;2022;107
38;5;2022;108
38;5;2022;109
39;5;2022;54
40;5;2022;35
41;5;2022;27
41;5;2022;31
41;5;2022;39
2;6;2022;9
2;6;2022;10
3;6;2022;23
3;6;2022;24
3;6;2022;25
3;6;2022;26
3;6;2022;44
4;6;2022;6
4;6;2022;17
6;6;2022;18
5;6;2022;1
5;6;2022;4
5;6;2022;5
5;6;2022;7
6;6;2022;19
6;6;2022;20
7;6;2022;72
7;6;2022;73
7;6;2022;74
7;6;2022;75
8;6;2022;134
8;6;2022;141
8;6;2022;145
8;6;2022;146
8;6;2022;147
18;6;2022;28
9;6;2022;29
9;6;2022;30
9;6;2022;40
10;6;2022;87
10;6;2022;88
10;6;2022;91
10;6;2022;92
10;6;2022;94
10;6;2022;95
10;6;2022;96
10;6;2022;97
10;6;2022;98
11;6;2022;151
11;6;2022;152
11;6;2022;153
11;6;2022;154
11;6;2022;156
11;6;2022;157
11;6;2022;158
12;6;2022;76
12;6;2022;77
12;6;2022;78
12;6;2022;79
12;6;2022;81
12;6;2022;82
14;6;2022;33
14;6;2022;34
15;6;2022;59
15;6;2022;60
15;6;2022;61
15;6;2022;62
16;6;2022;22
16;6;2022;38
17;6;2022;37
18;6;2022;32
18;6;2022;41
19;6;2022;12
19;6;2022;13
20;6;2022;52
20;6;2022;53
20;6;2022;56
20;6;2022;57
20;6;2022;58
21;6;2022;64
22;6;2022;21
23;6;2022;11
23;6;2022;14
23;6;2022;15
24;6;2022;48
24;6;2022;50
24;6;2022;51
24;6;2022;55
24;6;2022;63
25;6;2022;118
25;6;2022;124
25;6;2022;125
25;6;2022;126
25;6;2022;127
25;6;2022;129
25;6;2022;132
26;6;2022;105
26;6;2022;106
27;6;2022;36
27;6;2022;43
28;6;2022;90
28;6;2022;93
28;6;2022;101
29;6;2022;138
29;6;2022;139
29;6;2022;140
29;6;2022;143
29;6;2022;144
29;6;2022;148
30;6;2022;104
30;6;2022;110
30;6;2022;111
30;6;2022;112
31;6;2022;16
31;6;2022;42
32;6;2022;121
32;6;2022;122
32;6;2022;123
32;6;2022;128
32;6;2022;130
33;6;2022;165
33;6;2022;166
33;6;2022;167
33;6;2022;168
34;6;2022;65
34;6;2022;66
34;6;2022;67
35;6;2022;70
35;6;2022;71
35;6;2022;119
35;6;2022;120
35;6;2022;159
36;6;2022;135
36;6;2022;136
36;6;2022;137
36;6;2022;142
36;6;2022;155
37;6;2022;89
37;6;2022;99
37;6;2022;100
38;6;2022;107
38;6;2022;108
38;6;2022;109
39;6;2022;54
40;6;2022;35
41;6;2022;27
41;6;2022;31
41;6;2022;39
2;7;2022;9
2;7;2022;10
3;7;2022;23
3;7;2022;24
3;7;2022;25
3;7;2022;26
3;7;2022;44
4;7;2022;6
4;7;2022;17
6;7;2022;18
5;7;2022;1
5;7;2022;4
5;7;2022;5
5;7;2022;7
6;7;2022;19
6;7;2022;20
7;7;2022;72
7;7;2022;73
7;7;2022;74
7;7;2022;75
8;7;2022;134
8;7;2022;141
8;7;2022;145
8;7;2022;146
8;7;2022;147
18;7;2022;28
9;7;2022;29
9;7;2022;30
9;7;2022;40
10;7;2022;87
10;7;2022;88
10;7;2022;91
10;7;2022;92
10;7;2022;94
10;7;2022;95
10;7;2022;96
10;7;2022;97
10;7;2022;98
11;7;2022;151
11;7;2022;152
11;7;2022;153
11;7;2022;154
11;7;2022;156
11;7;2022;157
11;7;2022;158
12;7;2022;76
12;7;2022;77
12;7;2022;78
12;7;2022;79
12;7;2022;81
12;7;2022;82
14;7;2022;33
14;7;2022;34
15;7;2022;59
15;7;2022;60
15;7;2022;61
15;7;2022;62
16;7;2022;22
16;7;2022;38
17;7;2022;37
18;7;2022;32
18;7;2022;41
19;7;2022;12
19;7;2022;13
20;7;2022;52
20;7;2022;53
20;7;2022;56
20;7;2022;57
20;7;2022;58
21;7;2022;64
22;7;2022;21
23;7;2022;11
23;7;2022;14
23;7;2022;15
24;7;2022;48
24;7;2022;50
24;7;2022;51
24;7;2022;55
24;7;2022;63
25;7;2022;118
25;7;2022;124
25;7;2022;125
25;7;2022;126
25;7;2022;127
25;7;2022;129
25;7;2022;132
26;7;2022;105
26;7;2022;106
27;7;2022;36
27;7;2022;43
28;7;2022;90
28;7;2022;93
28;7;2022;101
29;7;2022;138
29;7;2022;139
29;7;2022;140
29;7;2022;143
29;7;2022;144
29;7;2022;148
30;7;2022;104
30;7;2022;110
30;7;2022;111
30;7;2022;112
31;7;2022;16
31;7;2022;42
32;7;2022;121
32;7;2022;122
32;7;2022;123
32;7;2022;128
32;7;2022;130
33;7;2022;165
33;7;2022;166
33;7;2022;167
33;7;2022;168
34;7;2022;65
34;7;2022;66
34;7;2022;67
35;7;2022;70
35;7;2022;71
35;7;2022;119
35;7;2022;120
35;7;2022;159
36;7;2022;135
36;7;2022;136
36;7;2022;137
36;7;2022;142
36;7;2022;155
37;7;2022;89
37;7;2022;99
37;7;2022;100
38;7;2022;107
38;7;2022;108
38;7;2022;109
39;7;2022;54
40;7;2022;35
41;7;2022;27
41;7;2022;31
41;7;2022;39
2;8;2022;9
2;8;2022;10
3;8;2022;23
3;8;2022;24
3;8;2022;25
3;8;2022;26
3;8;2022;44
4;8;2022;6
4;8;2022;17
6;8;2022;18
5;8;2022;1
5;8;2022;4
5;8;2022;5
5;8;2022;7
6;8;2022;19
6;8;2022;20
7;8;2022;72
7;8;2022;73
7;8;2022;74
7;8;2022;75
8;8;2022;134
8;8;2022;141
8;8;2022;145
8;8;2022;146
8;8;2022;147
18;8;2022;28
9;8;2022;29
9;8;2022;30
9;8;2022;40
10;8;2022;87
10;8;2022;88
10;8;2022;91
10;8;2022;92
10;8;2022;94
10;8;2022;95
10;8;2022;96
10;8;2022;97
10;8;2022;98
11;8;2022;151
11;8;2022;152
11;8;2022;153
11;8;2022;154
11;8;2022;156
11;8;2022;157
11;8;2022;158
12;8;2022;76
12;8;2022;77
12;8;2022;78
12;8;2022;79
12;8;2022;81
12;8;2022;82
14;8;2022;33
14;8;2022;34
15;8;2022;59
15;8;2022;60
15;8;2022;61
15;8;2022;62
16;8;2022;22
16;8;2022;38
17;8;2022;37
18;8;2022;32
18;8;2022;41
19;8;2022;12
19;8;2022;13
20;8;2022;52
20;8;2022;53
20;8;2022;56
20;8;2022;57
20;8;2022;58
21;8;2022;64
22;8;2022;21
23;8;2022;11
23;8;2022;14
23;8;2022;15
24;8;2022;48
24;8;2022;50
24;8;2022;51
24;8;2022;55
24;8;2022;63
25;8;2022;118
25;8;2022;124
25;8;2022;125
25;8;2022;126
25;8;2022;127
25;8;2022;129
25;8;2022;132
26;8;2022;105
26;8;2022;106
27;8;2022;36
27;8;2022;43
28;8;2022;90
28;8;2022;93
28;8;2022;101
29;8;2022;138
29;8;2022;139
29;8;2022;140
29;8;2022;143
29;8;2022;144
29;8;2022;148
30;8;2022;104
30;8;2022;110
30;8;2022;111
30;8;2022;112
31;8;2022;16
31;8;2022;42
32;8;2022;121
32;8;2022;122
32;8;2022;123
32;8;2022;128
32;8;2022;130
33;8;2022;165
33;8;2022;166
33;8;2022;167
33;8;2022;168
34;8;2022;65
34;8;2022;66
34;8;2022;67
35;8;2022;70
35;8;2022;71
35;8;2022;119
35;8;2022;120
35;8;2022;159
36;8;2022;135
36;8;2022;136
36;8;2022;137
36;8;2022;142
36;8;2022;155
37;8;2022;89
37;8;2022;99
37;8;2022;100
38;8;2022;107
38;8;2022;108
38;8;2022;109
39;8;2022;54
40;8;2022;35
41;8;2022;27
41;8;2022;31
41;8;2022;39
2;9;2022;9
2;9;2022;10
3;9;2022;23
3;9;2022;24
3;9;2022;25
3;9;2022;26
3;9;2022;44
4;9;2022;6
4;9;2022;17
6;9;2022;18
5;9;2022;1
5;9;2022;4
5;9;2022;5
5;9;2022;7
6;9;2022;19
6;9;2022;20
7;9;2022;72
7;9;2022;73
7;9;2022;74
7;9;2022;75
8;9;2022;134
8;9;2022;141
8;9;2022;145
8;9;2022;146
8;9;2022;147
18;9;2022;28
9;9;2022;29
9;9;2022;30
9;9;2022;40
10;9;2022;87
10;9;2022;88
10;9;2022;91
10;9;2022;92
10;9;2022;94
10;9;2022;95
10;9;2022;96
10;9;2022;97
10;9;2022;98
11;9;2022;151
11;9;2022;152
11;9;2022;153
11;9;2022;154
11;9;2022;156
11;9;2022;157
11;9;2022;158
12;9;2022;76
12;9;2022;77
12;9;2022;78
12;9;2022;79
12;9;2022;81
12;9;2022;82
14;9;2022;33
14;9;2022;34
15;9;2022;59
15;9;2022;60
15;9;2022;61
15;9;2022;62
16;9;2022;22
16;9;2022;38
17;9;2022;37
18;9;2022;32
18;9;2022;41
19;9;2022;12
19;9;2022;13
20;9;2022;52
20;9;2022;53
20;9;2022;56
20;9;2022;57
20;9;2022;58
21;9;2022;64
22;9;2022;21
23;9;2022;11
23;9;2022;14
23;9;2022;15
24;9;2022;48
24;9;2022;50
24;9;2022;51
24;9;2022;55
24;9;2022;63
25;9;2022;118
25;9;2022;124
25;9;2022;125
25;9;2022;126
25;9;2022;127
25;9;2022;129
25;9;2022;132
26;9;2022;105
26;9;2022;106
27;9;2022;36
27;9;2022;43
28;9;2022;90
28;9;2022;93
28;9;2022;101
29;9;2022;138
29;9;2022;139
29;9;2022;140
29;9;2022;143
29;9;2022;144
29;9;2022;148
30;9;2022;104
30;9;2022;110
30;9;2022;111
30;9;2022;112
31;9;2022;16
31;9;2022;42
32;9;2022;121
32;9;2022;122
32;9;2022;123
32;9;2022;128
32;9;2022;130
33;9;2022;165
33;9;2022;166
33;9;2022;167
33;9;2022;168
34;9;2022;65
34;9;2022;66
34;9;2022;67
35;9;2022;70
35;9;2022;71
35;9;2022;119
35;9;2022;120
35;9;2022;159
36;9;2022;135
36;9;2022;136
36;9;2022;137
36;9;2022;142
36;9;2022;155
37;9;2022;89
37;9;2022;99
37;9;2022;100
38;9;2022;107
38;9;2022;108
38;9;2022;109
39;9;2022;54
40;9;2022;35
41;9;2022;27
41;9;2022;31
41;9;2022;39
2;10;2022;9
2;10;2022;10
3;10;2022;23
3;10;2022;24
3;10;2022;25
3;10;2022;26
3;10;2022;44
4;10;2022;6
4;10;2022;17
6;10;2022;18
5;10;2022;1
5;10;2022;4
5;10;2022;5
5;10;2022;7
6;10;2022;19
6;10;2022;20
7;10;2022;72
7;10;2022;73
7;10;2022;74
7;10;2022;75
8;10;2022;134
8;10;2022;141
8;10;2022;145
8;10;2022;146
8;10;2022;147
18;10;2022;28
9;10;2022;29
9;10;2022;30
9;10;2022;40
10;10;2022;87
10;10;2022;88
10;10;2022;91
10;10;2022;92
10;10;2022;94
10;10;2022;95
10;10;2022;96
10;10;2022;97
10;10;2022;98
11;10;2022;151
11;10;2022;152
11;10;2022;153
11;10;2022;154
11;10;2022;156
11;10;2022;157
11;10;2022;158
12;10;2022;76
12;10;2022;77
12;10;2022;78
12;10;2022;79
12;10;2022;81
12;10;2022;82
14;10;2022;33
14;10;2022;34
15;10;2022;59
15;10;2022;60
15;10;2022;61
15;10;2022;62
16;10;2022;22
16;10;2022;38
17;10;2022;37
18;10;2022;32
18;10;2022;41
19;10;2022;12
19;10;2022;13
20;10;2022;52
20;10;2022;53
20;10;2022;56
20;10;2022;57
20;10;2022;58
21;10;2022;64
22;10;2022;21
23;10;2022;11
23;10;2022;14
23;10;2022;15
24;10;2022;48
24;10;2022;50
24;10;2022;51
24;10;2022;55
24;10;2022;63
25;10;2022;118
25;10;2022;124
25;10;2022;125
25;10;2022;126
25;10;2022;127
25;10;2022;129
25;10;2022;132
26;10;2022;105
26;10;2022;106
27;10;2022;36
27;10;2022;43
28;10;2022;90
28;10;2022;93
28;10;2022;101
29;10;2022;138
29;10;2022;139
29;10;2022;140
29;10;2022;143
29;10;2022;144
29;10;2022;148
30;10;2022;104
30;10;2022;110
30;10;2022;111
30;10;2022;112
31;10;2022;16
31;10;2022;42
32;10;2022;121
32;10;2022;122
32;10;2022;123
32;10;2022;128
32;10;2022;130
33;10;2022;165
33;10;2022;166
33;10;2022;167
33;10;2022;168
34;10;2022;65
34;10;2022;66
34;10;2022;67
35;10;2022;70
35;10;2022;71
35;10;2022;119
35;10;2022;120
35;10;2022;159
36;10;2022;135
36;10;2022;136
36;10;2022;137
36;10;2022;142
36;10;2022;155
37;10;2022;89
37;10;2022;99
37;10;2022;100
38;10;2022;107
38;10;2022;108
38;10;2022;109
39;10;2022;54
40;10;2022;35
41;10;2022;27
41;10;2022;31
41;10;2022;39
2;11;2022;9
2;11;2022;10
3;11;2022;23
3;11;2022;24
3;11;2022;25
3;11;2022;26
3;11;2022;44
4;11;2022;6
4;11;2022;17
6;11;2022;18
5;11;2022;1
5;11;2022;4
5;11;2022;5
5;11;2022;7
6;11;2022;19
6;11;2022;20
7;11;2022;72
7;11;2022;73
7;11;2022;74
7;11;2022;75
8;11;2022;134
8;11;2022;141
8;11;2022;145
8;11;2022;146
8;11;2022;147
18;11;2022;28
9;11;2022;29
9;11;2022;30
9;11;2022;40
10;11;2022;87
10;11;2022;88
10;11;2022;91
10;11;2022;92
10;11;2022;94
10;11;2022;95
10;11;2022;96
10;11;2022;97
10;11;2022;98
11;11;2022;151
11;11;2022;152
11;11;2022;153
11;11;2022;154
11;11;2022;156
11;11;2022;157
11;11;2022;158
12;11;2022;76
12;11;2022;77
12;11;2022;78
12;11;2022;79
12;11;2022;81
12;11;2022;82
14;11;2022;33
14;11;2022;34
15;11;2022;59
15;11;2022;60
15;11;2022;61
15;11;2022;62
16;11;2022;22
16;11;2022;38
17;11;2022;37
18;11;2022;32
18;11;2022;41
19;11;2022;12
19;11;2022;13
20;11;2022;52
20;11;2022;53
20;11;2022;56
20;11;2022;57
20;11;2022;58
21;11;2022;64
22;11;2022;21
23;11;2022;11
23;11;2022;14
23;11;2022;15
24;11;2022;48
24;11;2022;50
24;11;2022;51
24;11;2022;55
24;11;2022;63
25;11;2022;118
25;11;2022;124
25;11;2022;125
25;11;2022;126
25;11;2022;127
25;11;2022;129
25;11;2022;132
26;11;2022;105
26;11;2022;106
27;11;2022;36
27;11;2022;43
28;11;2022;90
28;11;2022;93
28;11;2022;101
29;11;2022;138
29;11;2022;139
29;11;2022;140
29;11;2022;143
29;11;2022;144
29;11;2022;148
30;11;2022;104
30;11;2022;110
30;11;2022;111
30;11;2022;112
31;11;2022;16
31;11;2022;42
32;11;2022;121
32;11;2022;122
32;11;2022;123
32;11;2022;128
32;11;2022;130
33;11;2022;165
33;11;2022;166
33;11;2022;167
33;11;2022;168
34;11;2022;65
34;11;2022;66
34;11;2022;67
35;11;2022;70
35;11;2022;71
35;11;2022;119
35;11;2022;120
35;11;2022;159
36;11;2022;135
36;11;2022;136
36;11;2022;137
36;11;2022;142
36;11;2022;155
37;11;2022;89
37;11;2022;99
37;11;2022;100
38;11;2022;107
38;11;2022;108
38;11;2022;109
39;11;2022;54
40;11;2022;35
41;11;2022;27
41;11;2022;31
41;11;2022;39
2;12;2022;9
2;12;2022;10
3;12;2022;23
3;12;2022;24
3;12;2022;25
3;12;2022;26
3;12;2022;44
4;12;2022;6
4;12;2022;17
6;12;2022;18
5;12;2022;1
5;12;2022;4
5;12;2022;5
5;12;2022;7
6;12;2022;19
6;12;2022;20
7;12;2022;72
7;12;2022;73
7;12;2022;74
7;12;2022;75
8;12;2022;134
8;12;2022;141
8;12;2022;145
8;12;2022;146
8;12;2022;147
18;12;2022;28
9;12;2022;29
9;12;2022;30
9;12;2022;40
10;12;2022;87
10;12;2022;88
10;12;2022;91
10;12;2022;92
10;12;2022;94
10;12;2022;95
10;12;2022;96
10;12;2022;97
10;12;2022;98
11;12;2022;151
11;12;2022;152
11;12;2022;153
11;12;2022;154
11;12;2022;156
11;12;2022;157
11;12;2022;158
12;12;2022;76
12;12;2022;77
12;12;2022;78
12;12;2022;79
12;12;2022;81
12;12;2022;82
14;12;2022;33
14;12;2022;34
15;12;2022;59
15;12;2022;60
15;12;2022;61
15;12;2022;62
16;12;2022;22
16;12;2022;38
17;12;2022;37
18;12;2022;32
18;12;2022;41
19;12;2022;12
19;12;2022;13
20;12;2022;52
20;12;2022;53
20;12;2022;56
20;12;2022;57
20;12;2022;58
21;12;2022;64
22;12;2022;21
23;12;2022;11
23;12;2022;14
23;12;2022;15
24;12;2022;48
24;12;2022;50
24;12;2022;51
24;12;2022;55
24;12;2022;63
25;12;2022;118
25;12;2022;124
25;12;2022;125
25;12;2022;126
25;12;2022;127
25;12;2022;129
25;12;2022;132
26;12;2022;105
26;12;2022;106
27;12;2022;36
27;12;2022;43
28;12;2022;90
28;12;2022;93
28;12;2022;101
29;12;2022;138
29;12;2022;139
29;12;2022;140
29;12;2022;143
29;12;2022;144
29;12;2022;148
30;12;2022;104
30;12;2022;110
30;12;2022;111
30;12;2022;112
31;12;2022;16
31;12;2022;42
32;12;2022;121
32;12;2022;122
32;12;2022;123
32;12;2022;128
32;12;2022;130
33;12;2022;165
33;12;2022;166
33;12;2022;167
33;12;2022;168
34;12;2022;65
34;12;2022;66
34;12;2022;67
35;12;2022;70
35;12;2022;71
35;12;2022;119
35;12;2022;120
35;12;2022;159
36;12;2022;135
36;12;2022;136
36;12;2022;137
36;12;2022;142
36;12;2022;155
37;12;2022;89
37;12;2022;99
37;12;2022;100
38;12;2022;107
38;12;2022;108
38;12;2022;109
39;12;2022;54
40;12;2022;35
41;12;2022;27
41;12;2022;31
41;12;2022;39
2;1;2023;9
2;1;2023;10
3;1;2023;23
3;1;2023;24
3;1;2023;25
3;1;2023;26
3;1;2023;44
4;1;2023;6
4;1;2023;17
6;1;2023;18
5;1;2023;1
5;1;2023;4
5;1;2023;5
5;1;2023;7
6;1;2023;19
6;1;2023;20
7;1;2023;72
7;1;2023;73
7;1;2023;74
7;1;2023;75
8;1;2023;134
8;1;2023;141
8;1;2023;145
8;1;2023;146
8;1;2023;147
18;1;2023;28
9;1;2023;29
9;1;2023;30
9;1;2023;40
10;1;2023;87
10;1;2023;88
10;1;2023;91
10;1;2023;92
10;1;2023;94
10;1;2023;95
10;1;2023;96
10;1;2023;97
10;1;2023;98
11;1;2023;151
11;1;2023;152
11;1;2023;153
11;1;2023;154
11;1;2023;156
11;1;2023;157
11;1;2023;158
12;1;2023;76
12;1;2023;77
12;1;2023;78
12;1;2023;79
12;1;2023;81
12;1;2023;82
14;1;2023;33
14;1;2023;34
15;1;2023;59
15;1;2023;60
15;1;2023;61
15;1;2023;62
16;1;2023;22
16;1;2023;38
17;1;2023;37
18;1;2023;32
18;1;2023;41
19;1;2023;12
19;1;2023;13
20;1;2023;52
20;1;2023;53
20;1;2023;56
20;1;2023;57
20;1;2023;58
21;1;2023;64
22;1;2023;21
23;1;2023;11
23;1;2023;14
23;1;2023;15
24;1;2023;48
24;1;2023;50
24;1;2023;51
24;1;2023;55
24;1;2023;63
25;1;2023;118
25;1;2023;124
25;1;2023;125
25;1;2023;126
25;1;2023;127
25;1;2023;129
25;1;2023;132
26;1;2023;105
26;1;2023;106
27;1;2023;36
27;1;2023;43
28;1;2023;90
28;1;2023;93
28;1;2023;101
29;1;2023;138
29;1;2023;139
29;1;2023;140
29;1;2023;143
29;1;2023;144
29;1;2023;148
30;1;2023;104
30;1;2023;110
30;1;2023;111
30;1;2023;112
31;1;2023;16
31;1;2023;42
32;1;2023;121
32;1;2023;122
32;1;2023;123
32;1;2023;128
32;1;2023;130
33;1;2023;165
33;1;2023;166
33;1;2023;167
33;1;2023;168
34;1;2023;65
34;1;2023;66
34;1;2023;67
35;1;2023;70
35;1;2023;71
35;1;2023;119
35;1;2023;120
35;1;2023;159
36;1;2023;135
36;1;2023;136
36;1;2023;137
36;1;2023;142
36;1;2023;155
37;1;2023;89
37;1;2023;99
37;1;2023;100
38;1;2023;107
38;1;2023;108
38;1;2023;109
39;1;2023;54
40;1;2023;35
41;1;2023;27
41;1;2023;31
41;1;2023;39
2;2;2023;9
2;2;2023;10
3;2;2023;23
3;2;2023;24
3;2;2023;25
3;2;2023;26
3;2;2023;44
4;2;2023;6
4;2;2023;17
6;2;2023;18
5;2;2023;1
5;2;2023;4
5;2;2023;5
5;2;2023;7
6;2;2023;19
6;2;2023;20
7;2;2023;72
7;2;2023;73
7;2;2023;74
7;2;2023;75
8;2;2023;134
8;2;2023;141
8;2;2023;145
8;2;2023;146
8;2;2023;147
18;2;2023;28
9;2;2023;29
9;2;2023;30
9;2;2023;40
10;2;2023;87
10;2;2023;88
10;2;2023;91
10;2;2023;92
10;2;2023;94
10;2;2023;95
10;2;2023;96
10;2;2023;97
10;2;2023;98
11;2;2023;151
11;2;2023;152
11;2;2023;153
11;2;2023;154
11;2;2023;156
11;2;2023;157
11;2;2023;158
12;2;2023;76
12;2;2023;77
12;2;2023;78
12;2;2023;79
12;2;2023;81
12;2;2023;82
14;2;2023;33
14;2;2023;34
15;2;2023;59
15;2;2023;60
15;2;2023;61
15;2;2023;62
16;2;2023;22
16;2;2023;38
17;2;2023;37
18;2;2023;32
18;2;2023;41
19;2;2023;12
19;2;2023;13
20;2;2023;52
20;2;2023;53
20;2;2023;56
20;2;2023;57
20;2;2023;58
21;2;2023;64
22;2;2023;21
23;2;2023;11
23;2;2023;14
23;2;2023;15
24;2;2023;48
24;2;2023;50
24;2;2023;51
24;2;2023;55
24;2;2023;63
25;2;2023;118
25;2;2023;124
25;2;2023;125
25;2;2023;126
25;2;2023;127
25;2;2023;129
25;2;2023;132
26;2;2023;105
26;2;2023;106
27;2;2023;36
27;2;2023;43
28;2;2023;90
28;2;2023;93
28;2;2023;101
29;2;2023;138
29;2;2023;139
29;2;2023;140
29;2;2023;143
29;2;2023;144
29;2;2023;148
30;2;2023;104
30;2;2023;110
30;2;2023;111
30;2;2023;112
31;2;2023;16
31;2;2023;42
32;2;2023;121
32;2;2023;122
32;2;2023;123
32;2;2023;128
32;2;2023;130
33;2;2023;165
33;2;2023;166
33;2;2023;167
33;2;2023;168
34;2;2023;65
34;2;2023;66
34;2;2023;67
35;2;2023;70
35;2;2023;71
35;2;2023;119
35;2;2023;120
35;2;2023;159
36;2;2023;135
36;2;2023;136
36;2;2023;137
36;2;2023;142
36;2;2023;155
37;2;2023;89
37;2;2023;99
37;2;2023;100
38;2;2023;107
38;2;2023;108
38;2;2023;109
39;2;2023;54
40;2;2023;35
41;2;2023;27
41;2;2023;31
41;2;2023;39
2;3;2023;9
2;3;2023;10
3;3;2023;23
3;3;2023;24
3;3;2023;25
3;3;2023;26
3;3;2023;44
4;3;2023;6
4;3;2023;17
6;3;2023;18
5;3;2023;1
5;3;2023;4
5;3;2023;5
5;3;2023;7
6;3;2023;19
6;3;2023;20
7;3;2023;72
7;3;2023;73
7;3;2023;74
7;3;2023;75
8;3;2023;134
8;3;2023;141
8;3;2023;145
8;3;2023;146
8;3;2023;147
18;3;2023;28
9;3;2023;29
9;3;2023;30
9;3;2023;40
10;3;2023;87
10;3;2023;88
10;3;2023;91
10;3;2023;92
10;3;2023;94
10;3;2023;95
10;3;2023;96
10;3;2023;97
10;3;2023;98
11;3;2023;151
11;3;2023;152
11;3;2023;153
11;3;2023;154
11;3;2023;156
11;3;2023;157
11;3;2023;158
12;3;2023;76
12;3;2023;77
12;3;2023;78
12;3;2023;79
12;3;2023;81
12;3;2023;82
14;3;2023;33
14;3;2023;34
15;3;2023;59
15;3;2023;60
15;3;2023;61
15;3;2023;62
16;3;2023;22
16;3;2023;38
17;3;2023;37
18;3;2023;32
18;3;2023;41
19;3;2023;12
19;3;2023;13
20;3;2023;52
20;3;2023;53
20;3;2023;56
20;3;2023;57
20;3;2023;58
21;3;2023;64
22;3;2023;21
23;3;2023;11
23;3;2023;14
23;3;2023;15
24;3;2023;48
24;3;2023;50
24;3;2023;51
24;3;2023;55
24;3;2023;63
25;3;2023;118
25;3;2023;124
25;3;2023;125
25;3;2023;126
25;3;2023;127
25;3;2023;129
25;3;2023;132
26;3;2023;105
26;3;2023;106
27;3;2023;36
27;3;2023;43
28;3;2023;90
28;3;2023;93
28;3;2023;101
29;3;2023;138
29;3;2023;139
29;3;2023;140
29;3;2023;143
29;3;2023;144
29;3;2023;148
30;3;2023;104
30;3;2023;110
30;3;2023;111
30;3;2023;112
31;3;2023;16
31;3;2023;42
32;3;2023;121
32;3;2023;122
32;3;2023;123
32;3;2023;128
32;3;2023;130
33;3;2023;165
33;3;2023;166
33;3;2023;167
33;3;2023;168
34;3;2023;65
34;3;2023;66
34;3;2023;67
35;3;2023;70
35;3;2023;71
35;3;2023;119
35;3;2023;120
35;3;2023;159
36;3;2023;135
36;3;2023;136
36;3;2023;137
36;3;2023;142
36;3;2023;155
37;3;2023;89
37;3;2023;99
37;3;2023;100
38;3;2023;107
38;3;2023;108
38;3;2023;109
39;3;2023;54
40;3;2023;35
41;3;2023;27
41;3;2023;31
41;3;2023;39
2;4;2023;9
2;4;2023;10
3;4;2023;23
3;4;2023;24
3;4;2023;25
3;4;2023;26
3;4;2023;44
4;4;2023;6
4;4;2023;17
6;4;2023;18
5;4;2023;1
5;4;2023;4
5;4;2023;5
5;4;2023;7
6;4;2023;19
6;4;2023;20
7;4;2023;72
7;4;2023;73
7;4;2023;74
7;4;2023;75
8;4;2023;134
8;4;2023;141
8;4;2023;145
8;4;2023;146
8;4;2023;147
18;4;2023;28
9;4;2023;29
9;4;2023;30
9;4;2023;40
10;4;2023;87
10;4;2023;88
10;4;2023;91
10;4;2023;92
10;4;2023;94
10;4;2023;95
10;4;2023;96
10;4;2023;97
10;4;2023;98
11;4;2023;151
11;4;2023;152
11;4;2023;153
11;4;2023;154
11;4;2023;156
11;4;2023;157
11;4;2023;158
12;4;2023;76
12;4;2023;77
12;4;2023;78
12;4;2023;79
12;4;2023;81
12;4;2023;82
14;4;2023;33
14;4;2023;34
15;4;2023;59
15;4;2023;60
15;4;2023;61
15;4;2023;62
16;4;2023;22
16;4;2023;38
17;4;2023;37
18;4;2023;32
18;4;2023;41
19;4;2023;12
19;4;2023;13
20;4;2023;52
20;4;2023;53
20;4;2023;56
20;4;2023;57
20;4;2023;58
21;4;2023;64
22;4;2023;21
23;4;2023;11
23;4;2023;14
23;4;2023;15
24;4;2023;48
24;4;2023;50
24;4;2023;51
24;4;2023;55
24;4;2023;63
25;4;2023;118
25;4;2023;124
25;4;2023;125
25;4;2023;126
25;4;2023;127
25;4;2023;129
25;4;2023;132
26;4;2023;105
26;4;2023;106
27;4;2023;36
27;4;2023;43
28;4;2023;90
28;4;2023;93
28;4;2023;101
29;4;2023;138
29;4;2023;139
29;4;2023;140
29;4;2023;143
29;4;2023;144
29;4;2023;148
30;4;2023;104
30;4;2023;110
30;4;2023;111
30;4;2023;112
31;4;2023;16
31;4;2023;42
32;4;2023;121
32;4;2023;122
32;4;2023;123
32;4;2023;128
32;4;2023;130
33;4;2023;165
33;4;2023;166
33;4;2023;167
33;4;2023;168
34;4;2023;65
34;4;2023;66
34;4;2023;67
35;4;2023;70
35;4;2023;71
35;4;2023;119
35;4;2023;120
35;4;2023;159
36;4;2023;135
36;4;2023;136
36;4;2023;137
36;4;2023;142
36;4;2023;155
37;4;2023;89
37;4;2023;99
37;4;2023;100
38;4;2023;107
38;4;2023;108
38;4;2023;109
39;4;2023;54
40;4;2023;35
41;4;2023;27
41;4;2023;31
41;4;2023;39
2;5;2023;9
2;5;2023;10
3;5;2023;23
3;5;2023;24
3;5;2023;25
3;5;2023;26
3;5;2023;44
4;5;2023;6
4;5;2023;17
6;5;2023;18
5;5;2023;1
5;5;2023;4
5;5;2023;5
5;5;2023;7
6;5;2023;19
6;5;2023;20
7;5;2023;72
7;5;2023;73
7;5;2023;74
7;5;2023;75
8;5;2023;134
8;5;2023;141
8;5;2023;145
8;5;2023;146
8;5;2023;147
18;5;2023;28
9;5;2023;29
9;5;2023;30
9;5;2023;40
10;5;2023;87
10;5;2023;88
10;5;2023;91
10;5;2023;92
10;5;2023;94
10;5;2023;95
10;5;2023;96
10;5;2023;97
10;5;2023;98
11;5;2023;151
11;5;2023;152
11;5;2023;153
11;5;2023;154
11;5;2023;156
11;5;2023;157
11;5;2023;158
12;5;2023;76
12;5;2023;77
12;5;2023;78
12;5;2023;79
12;5;2023;81
12;5;2023;82
14;5;2023;33
14;5;2023;34
15;5;2023;59
15;5;2023;60
15;5;2023;61
15;5;2023;62
16;5;2023;22
16;5;2023;38
17;5;2023;37
18;5;2023;32
18;5;2023;41
19;5;2023;12
19;5;2023;13
20;5;2023;52
20;5;2023;53
20;5;2023;56
20;5;2023;57
20;5;2023;58
21;5;2023;64
22;5;2023;21
23;5;2023;11
23;5;2023;14
23;5;2023;15
24;5;2023;48
24;5;2023;50
24;5;2023;51
24;5;2023;55
24;5;2023;63
25;5;2023;118
25;5;2023;124
25;5;2023;125
25;5;2023;126
25;5;2023;127
25;5;2023;129
25;5;2023;132
26;5;2023;105
26;5;2023;106
27;5;2023;36
27;5;2023;43
28;5;2023;90
28;5;2023;93
28;5;2023;101
29;5;2023;138
29;5;2023;139
29;5;2023;140
29;5;2023;143
29;5;2023;144
29;5;2023;148
30;5;2023;104
30;5;2023;110
30;5;2023;111
30;5;2023;112
31;5;2023;16
31;5;2023;42
32;5;2023;121
32;5;2023;122
32;5;2023;123
32;5;2023;128
32;5;2023;130
33;5;2023;165
33;5;2023;166
33;5;2023;167
33;5;2023;168
34;5;2023;65
34;5;2023;66
34;5;2023;67
35;5;2023;70
35;5;2023;71
35;5;2023;119
35;5;2023;120
35;5;2023;159
36;5;2023;135
36;5;2023;136
36;5;2023;137
36;5;2023;142
36;5;2023;155
37;5;2023;89
37;5;2023;99
37;5;2023;100
38;5;2023;107
38;5;2023;108
38;5;2023;109
39;5;2023;54
40;5;2023;35
41;5;2023;27
41;5;2023;31
41;5;2023;39
2;6;2023;9
2;6;2023;10
3;6;2023;23
3;6;2023;24
3;6;2023;25
3;6;2023;26
3;6;2023;44
4;6;2023;6
4;6;2023;17
6;6;2023;18
5;6;2023;1
5;6;2023;4
5;6;2023;5
5;6;2023;7
6;6;2023;19
6;6;2023;20
7;6;2023;72
7;6;2023;73
7;6;2023;74
7;6;2023;75
8;6;2023;134
8;6;2023;141
8;6;2023;145
8;6;2023;146
8;6;2023;147
18;6;2023;28
9;6;2023;29
9;6;2023;30
9;6;2023;40
10;6;2023;87
10;6;2023;88
10;6;2023;91
10;6;2023;92
10;6;2023;94
10;6;2023;95
10;6;2023;96
10;6;2023;97
10;6;2023;98
11;6;2023;151
11;6;2023;152
11;6;2023;153
11;6;2023;154
11;6;2023;156
11;6;2023;157
11;6;2023;158
12;6;2023;76
12;6;2023;77
12;6;2023;78
12;6;2023;79
12;6;2023;81
12;6;2023;82
14;6;2023;33
14;6;2023;34
15;6;2023;59
15;6;2023;60
15;6;2023;61
15;6;2023;62
16;6;2023;22
16;6;2023;38
17;6;2023;37
18;6;2023;32
18;6;2023;41
19;6;2023;12
19;6;2023;13
20;6;2023;52
20;6;2023;53
20;6;2023;56
20;6;2023;57
20;6;2023;58
21;6;2023;64
22;6;2023;21
23;6;2023;11
23;6;2023;14
23;6;2023;15
24;6;2023;48
24;6;2023;50
24;6;2023;51
24;6;2023;55
24;6;2023;63
25;6;2023;118
25;6;2023;124
25;6;2023;125
25;6;2023;126
25;6;2023;127
25;6;2023;129
25;6;2023;132
26;6;2023;105
26;6;2023;106
27;6;2023;36
27;6;2023;43
28;6;2023;90
28;6;2023;93
28;6;2023;101
29;6;2023;138
29;6;2023;139
29;6;2023;140
29;6;2023;143
29;6;2023;144
29;6;2023;148
30;6;2023;104
30;6;2023;110
30;6;2023;111
30;6;2023;112
31;6;2023;16
31;6;2023;42
32;6;2023;121
32;6;2023;122
32;6;2023;123
32;6;2023;128
32;6;2023;130
33;6;2023;165
33;6;2023;166
33;6;2023;167
33;6;2023;168
34;6;2023;65
34;6;2023;66
34;6;2023;67
35;6;2023;70
35;6;2023;71
35;6;2023;119
35;6;2023;120
35;6;2023;159
36;6;2023;135
36;6;2023;136
36;6;2023;137
36;6;2023;142
36;6;2023;155
37;6;2023;89
37;6;2023;99
37;6;2023;100
38;6;2023;107
38;6;2023;108
38;6;2023;109
39;6;2023;54
40;6;2023;35
41;6;2023;27
41;6;2023;31
41;6;2023;39
2;7;2023;9
2;7;2023;10
3;7;2023;23
3;7;2023;24
3;7;2023;25
3;7;2023;26
3;7;2023;44
4;7;2023;6
4;7;2023;17
6;7;2023;18
5;7;2023;1
5;7;2023;4
5;7;2023;5
5;7;2023;7
6;7;2023;19
6;7;2023;20
7;7;2023;72
7;7;2023;73
7;7;2023;74
7;7;2023;75
8;7;2023;134
8;7;2023;141
8;7;2023;145
8;7;2023;146
8;7;2023;147
18;7;2023;28
9;7;2023;29
9;7;2023;30
9;7;2023;40
10;7;2023;87
10;7;2023;88
10;7;2023;91
10;7;2023;92
10;7;2023;94
10;7;2023;95
10;7;2023;96
10;7;2023;97
10;7;2023;98
11;7;2023;151
11;7;2023;152
11;7;2023;153
11;7;2023;154
11;7;2023;156
11;7;2023;157
11;7;2023;158
12;7;2023;76
12;7;2023;77
12;7;2023;78
12;7;2023;79
12;7;2023;81
12;7;2023;82
14;7;2023;33
14;7;2023;34
15;7;2023;59
15;7;2023;60
15;7;2023;61
15;7;2023;62
16;7;2023;22
16;7;2023;38
17;7;2023;37
18;7;2023;32
18;7;2023;41
19;7;2023;12
19;7;2023;13
20;7;2023;52
20;7;2023;53
20;7;2023;56
20;7;2023;57
20;7;2023;58
21;7;2023;64
22;7;2023;21
23;7;2023;11
23;7;2023;14
23;7;2023;15
24;7;2023;48
24;7;2023;50
24;7;2023;51
24;7;2023;55
24;7;2023;63
25;7;2023;118
25;7;2023;124
25;7;2023;125
25;7;2023;126
25;7;2023;127
25;7;2023;129
25;7;2023;132
26;7;2023;105
26;7;2023;106
27;7;2023;36
27;7;2023;43
28;7;2023;90
28;7;2023;93
28;7;2023;101
29;7;2023;138
29;7;2023;139
29;7;2023;140
29;7;2023;143
29;7;2023;144
29;7;2023;148
30;7;2023;104
30;7;2023;110
30;7;2023;111
30;7;2023;112
31;7;2023;16
31;7;2023;42
32;7;2023;121
32;7;2023;122
32;7;2023;123
32;7;2023;128
32;7;2023;130
33;7;2023;165
33;7;2023;166
33;7;2023;167
33;7;2023;168
34;7;2023;65
34;7;2023;66
34;7;2023;67
35;7;2023;70
35;7;2023;71
35;7;2023;119
35;7;2023;120
35;7;2023;159
36;7;2023;135
36;7;2023;136
36;7;2023;137
36;7;2023;142
36;7;2023;155
37;7;2023;89
37;7;2023;99
37;7;2023;100
38;7;2023;107
38;7;2023;108
38;7;2023;109
39;7;2023;54
40;7;2023;35
41;7;2023;27
41;7;2023;31
41;7;2023;39
2;8;2023;9
2;8;2023;10
3;8;2023;23
3;8;2023;24
3;8;2023;25
3;8;2023;26
3;8;2023;44
4;8;2023;6
4;8;2023;17
6;8;2023;18
5;8;2023;1
5;8;2023;4
5;8;2023;5
5;8;2023;7
6;8;2023;19
6;8;2023;20
7;8;2023;72
7;8;2023;73
7;8;2023;74
7;8;2023;75
8;8;2023;134
8;8;2023;141
8;8;2023;145
8;8;2023;146
8;8;2023;147
18;8;2023;28
9;8;2023;29
9;8;2023;30
9;8;2023;40
10;8;2023;87
10;8;2023;88
10;8;2023;91
10;8;2023;92
10;8;2023;94
10;8;2023;95
10;8;2023;96
10;8;2023;97
10;8;2023;98
11;8;2023;151
11;8;2023;152
11;8;2023;153
11;8;2023;154
11;8;2023;156
11;8;2023;157
11;8;2023;158
12;8;2023;76
12;8;2023;77
12;8;2023;78
12;8;2023;79
12;8;2023;81
12;8;2023;82
14;8;2023;33
14;8;2023;34
15;8;2023;59
15;8;2023;60
15;8;2023;61
15;8;2023;62
16;8;2023;22
16;8;2023;38
17;8;2023;37
18;8;2023;32
18;8;2023;41
19;8;2023;12
19;8;2023;13
20;8;2023;52
20;8;2023;53
20;8;2023;56
20;8;2023;57
20;8;2023;58
21;8;2023;64
22;8;2023;21
23;8;2023;11
23;8;2023;14
23;8;2023;15
24;8;2023;48
24;8;2023;50
24;8;2023;51
24;8;2023;55
24;8;2023;63
25;8;2023;118
25;8;2023;124
25;8;2023;125
25;8;2023;126
25;8;2023;127
25;8;2023;129
25;8;2023;132
26;8;2023;105
26;8;2023;106
27;8;2023;36
27;8;2023;43
28;8;2023;90
28;8;2023;93
28;8;2023;101
29;8;2023;138
29;8;2023;139
29;8;2023;140
29;8;2023;143
29;8;2023;144
29;8;2023;148
30;8;2023;104
30;8;2023;110
30;8;2023;111
30;8;2023;112
31;8;2023;16
31;8;2023;42
32;8;2023;121
32;8;2023;122
32;8;2023;123
32;8;2023;128
32;8;2023;130
33;8;2023;165
33;8;2023;166
33;8;2023;167
33;8;2023;168
34;8;2023;65
34;8;2023;66
34;8;2023;67
35;8;2023;70
35;8;2023;71
35;8;2023;119
35;8;2023;120
35;8;2023;159
36;8;2023;135
36;8;2023;136
36;8;2023;137
36;8;2023;142
36;8;2023;155
37;8;2023;89
37;8;2023;99
37;8;2023;100
38;8;2023;107
38;8;2023;108
38;8;2023;109
39;8;2023;54
40;8;2023;35
41;8;2023;27
41;8;2023;31
41;8;2023;39
2;9;2023;9
2;9;2023;10
3;9;2023;23
3;9;2023;24
3;9;2023;25
3;9;2023;26
3;9;2023;44
4;9;2023;6
4;9;2023;17
6;9;2023;18
5;9;2023;1
5;9;2023;4
5;9;2023;5
5;9;2023;7
6;9;2023;19
6;9;2023;20
7;9;2023;72
7;9;2023;73
7;9;2023;74
7;9;2023;75
8;9;2023;134
8;9;2023;141
8;9;2023;145
8;9;2023;146
8;9;2023;147
18;9;2023;28
9;9;2023;29
9;9;2023;30
9;9;2023;40
10;9;2023;87
10;9;2023;88
10;9;2023;91
10;9;2023;92
10;9;2023;94
10;9;2023;95
10;9;2023;96
10;9;2023;97
10;9;2023;98
11;9;2023;151
11;9;2023;152
11;9;2023;153
11;9;2023;154
11;9;2023;156
11;9;2023;157
11;9;2023;158
12;9;2023;76
12;9;2023;77
12;9;2023;78
12;9;2023;79
12;9;2023;81
12;9;2023;82
14;9;2023;33
14;9;2023;34
15;9;2023;59
15;9;2023;60
15;9;2023;61
15;9;2023;62
16;9;2023;22
16;9;2023;38
17;9;2023;37
18;9;2023;32
18;9;2023;41
19;9;2023;12
19;9;2023;13
20;9;2023;52
20;9;2023;53
20;9;2023;56
20;9;2023;57
20;9;2023;58
21;9;2023;64
22;9;2023;21
23;9;2023;11
23;9;2023;14
23;9;2023;15
24;9;2023;48
24;9;2023;50
24;9;2023;51
24;9;2023;55
24;9;2023;63
25;9;2023;118
25;9;2023;124
25;9;2023;125
25;9;2023;126
25;9;2023;127
25;9;2023;129
25;9;2023;132
26;9;2023;105
26;9;2023;106
27;9;2023;36
27;9;2023;43
28;9;2023;90
28;9;2023;93
28;9;2023;101
29;9;2023;138
29;9;2023;139
29;9;2023;140
29;9;2023;143
29;9;2023;144
29;9;2023;148
30;9;2023;104
30;9;2023;110
30;9;2023;111
30;9;2023;112
31;9;2023;16
31;9;2023;42
32;9;2023;121
32;9;2023;122
32;9;2023;123
32;9;2023;128
32;9;2023;130
33;9;2023;165
33;9;2023;166
33;9;2023;167
33;9;2023;168
34;9;2023;65
34;9;2023;66
34;9;2023;67
35;9;2023;70
35;9;2023;71
35;9;2023;119
35;9;2023;120
35;9;2023;159
36;9;2023;135
36;9;2023;136
36;9;2023;137
36;9;2023;142
36;9;2023;155
37;9;2023;89
37;9;2023;99
37;9;2023;100
38;9;2023;107
38;9;2023;108
38;9;2023;109
39;9;2023;54
40;9;2023;35
41;9;2023;27
41;9;2023;31
41;9;2023;39
2;10;2023;9
2;10;2023;10
3;10;2023;23
3;10;2023;24
3;10;2023;25
3;10;2023;26
3;10;2023;44
4;10;2023;6
4;10;2023;17
6;10;2023;18
5;10;2023;1
5;10;2023;4
5;10;2023;5
5;10;2023;7
6;10;2023;19
6;10;2023;20
7;10;2023;72
7;10;2023;73
7;10;2023;74
7;10;2023;75
8;10;2023;134
8;10;2023;141
8;10;2023;145
8;10;2023;146
8;10;2023;147
18;10;2023;28
9;10;2023;29
9;10;2023;30
9;10;2023;40
10;10;2023;87
10;10;2023;88
10;10;2023;91
10;10;2023;92
10;10;2023;94
10;10;2023;95
10;10;2023;96
10;10;2023;97
10;10;2023;98
11;10;2023;151
11;10;2023;152
11;10;2023;153
11;10;2023;154
11;10;2023;156
11;10;2023;157
11;10;2023;158
12;10;2023;76
12;10;2023;77
12;10;2023;78
12;10;2023;79
12;10;2023;81
12;10;2023;82
14;10;2023;33
14;10;2023;34
15;10;2023;59
15;10;2023;60
15;10;2023;61
15;10;2023;62
16;10;2023;22
16;10;2023;38
17;10;2023;37
18;10;2023;32
18;10;2023;41
19;10;2023;12
19;10;2023;13
20;10;2023;52
20;10;2023;53
20;10;2023;56
20;10;2023;57
20;10;2023;58
21;10;2023;64
22;10;2023;21
23;10;2023;11
23;10;2023;14
23;10;2023;15
24;10;2023;48
24;10;2023;50
24;10;2023;51
24;10;2023;55
24;10;2023;63
25;10;2023;118
25;10;2023;124
25;10;2023;125
25;10;2023;126
25;10;2023;127
25;10;2023;129
25;10;2023;132
26;10;2023;105
26;10;2023;106
27;10;2023;36
27;10;2023;43
28;10;2023;90
28;10;2023;93
28;10;2023;101
29;10;2023;138
29;10;2023;139
29;10;2023;140
29;10;2023;143
29;10;2023;144
29;10;2023;148
30;10;2023;104
30;10;2023;110
30;10;2023;111
30;10;2023;112
31;10;2023;16
31;10;2023;42
32;10;2023;121
32;10;2023;122
32;10;2023;123
32;10;2023;128
32;10;2023;130
33;10;2023;165
33;10;2023;166
33;10;2023;167
33;10;2023;168
34;10;2023;65
34;10;2023;66
34;10;2023;67
35;10;2023;70
35;10;2023;71
35;10;2023;119
35;10;2023;120
35;10;2023;159
36;10;2023;135
36;10;2023;136
36;10;2023;137
36;10;2023;142
36;10;2023;155
37;10;2023;89
37;10;2023;99
37;10;2023;100
38;10;2023;107
38;10;2023;108
38;10;2023;109
39;10;2023;54
40;10;2023;35
41;10;2023;27
41;10;2023;31
41;10;2023;39
2;11;2023;9
2;11;2023;10
3;11;2023;23
3;11;2023;24
3;11;2023;25
3;11;2023;26
3;11;2023;44
4;11;2023;6
4;11;2023;17
6;11;2023;18
5;11;2023;1
5;11;2023;4
5;11;2023;5
5;11;2023;7
6;11;2023;19
6;11;2023;20
7;11;2023;72
7;11;2023;73
7;11;2023;74
7;11;2023;75
8;11;2023;134
8;11;2023;141
8;11;2023;145
8;11;2023;146
8;11;2023;147
18;11;2023;28
9;11;2023;29
9;11;2023;30
9;11;2023;40
10;11;2023;87
10;11;2023;88
10;11;2023;91
10;11;2023;92
10;11;2023;94
10;11;2023;95
10;11;2023;96
10;11;2023;97
10;11;2023;98
11;11;2023;151
11;11;2023;152
11;11;2023;153
11;11;2023;154
11;11;2023;156
11;11;2023;157
11;11;2023;158
12;11;2023;76
12;11;2023;77
12;11;2023;78
12;11;2023;79
12;11;2023;81
12;11;2023;82
14;11;2023;33
14;11;2023;34
15;11;2023;59
15;11;2023;60
15;11;2023;61
15;11;2023;62
16;11;2023;22
16;11;2023;38
17;11;2023;37
18;11;2023;32
18;11;2023;41
19;11;2023;12
19;11;2023;13
20;11;2023;52
20;11;2023;53
20;11;2023;56
20;11;2023;57
20;11;2023;58
21;11;2023;64
22;11;2023;21
23;11;2023;11
23;11;2023;14
23;11;2023;15
24;11;2023;48
24;11;2023;50
24;11;2023;51
24;11;2023;55
24;11;2023;63
25;11;2023;118
25;11;2023;124
25;11;2023;125
25;11;2023;126
25;11;2023;127
25;11;2023;129
25;11;2023;132
26;11;2023;105
26;11;2023;106
27;11;2023;36
27;11;2023;43
28;11;2023;90
28;11;2023;93
28;11;2023;101
29;11;2023;138
29;11;2023;139
29;11;2023;140
29;11;2023;143
29;11;2023;144
29;11;2023;148
30;11;2023;104
30;11;2023;110
30;11;2023;111
30;11;2023;112
31;11;2023;16
31;11;2023;42
32;11;2023;121
32;11;2023;122
32;11;2023;123
32;11;2023;128
32;11;2023;130
33;11;2023;165
33;11;2023;166
33;11;2023;167
33;11;2023;168
34;11;2023;65
34;11;2023;66
34;11;2023;67
35;11;2023;70
35;11;2023;71
35;11;2023;119
35;11;2023;120
35;11;2023;159
36;11;2023;135
36;11;2023;136
36;11;2023;137
36;11;2023;142
36;11;2023;155
37;11;2023;89
37;11;2023;99
37;11;2023;100
38;11;2023;107
38;11;2023;108
38;11;2023;109
39;11;2023;54
40;11;2023;35
41;11;2023;27
41;11;2023;31
41;11;2023;39
2;12;2023;9
2;12;2023;10
3;12;2023;23
3;12;2023;24
3;12;2023;25
3;12;2023;26
3;12;2023;44
4;12;2023;6
4;12;2023;17
6;12;2023;18
5;12;2023;1
5;12;2023;4
5;12;2023;5
5;12;2023;7
6;12;2023;19
6;12;2023;20
7;12;2023;72
7;12;2023;73
7;12;2023;74
7;12;2023;75
8;12;2023;134
8;12;2023;141
8;12;2023;145
8;12;2023;146
8;12;2023;147
18;12;2023;28
9;12;2023;29
9;12;2023;30
9;12;2023;40
10;12;2023;87
10;12;2023;88
10;12;2023;91
10;12;2023;92
10;12;2023;94
10;12;2023;95
10;12;2023;96
10;12;2023;97
10;12;2023;98
11;12;2023;151
11;12;2023;152
11;12;2023;153
11;12;2023;154
11;12;2023;156
11;12;2023;157
11;12;2023;158
12;12;2023;76
12;12;2023;77
12;12;2023;78
12;12;2023;79
12;12;2023;81
12;12;2023;82
14;12;2023;33
14;12;2023;34
15;12;2023;59
15;12;2023;60
15;12;2023;61
15;12;2023;62
16;12;2023;22
16;12;2023;38
17;12;2023;37
18;12;2023;32
18;12;2023;41
19;12;2023;12
19;12;2023;13
20;12;2023;52
20;12;2023;53
20;12;2023;56
20;12;2023;57
20;12;2023;58
21;12;2023;64
22;12;2023;21
23;12;2023;11
23;12;2023;14
23;12;2023;15
24;12;2023;48
24;12;2023;50
24;12;2023;51
24;12;2023;55
24;12;2023;63
25;12;2023;118
25;12;2023;124
25;12;2023;125
25;12;2023;126
25;12;2023;127
25;12;2023;129
25;12;2023;132
26;12;2023;105
26;12;2023;106
27;12;2023;36
27;12;2023;43
28;12;2023;90
28;12;2023;93
28;12;2023;101
29;12;2023;138
29;12;2023;139
29;12;2023;140
29;12;2023;143
29;12;2023;144
29;12;2023;148
30;12;2023;104
30;12;2023;110
30;12;2023;111
30;12;2023;112
31;12;2023;16
31;12;2023;42
32;12;2023;121
32;12;2023;122
32;12;2023;123
32;12;2023;128
32;12;2023;130
33;12;2023;165
33;12;2023;166
33;12;2023;167
33;12;2023;168
34;12;2023;65
34;12;2023;66
34;12;2023;67
35;12;2023;70
35;12;2023;71
35;12;2023;119
35;12;2023;120
35;12;2023;159
36;12;2023;135
36;12;2023;136
36;12;2023;137
36;12;2023;142
36;12;2023;155
37;12;2023;89
37;12;2023;99
37;12;2023;100
38;12;2023;107
38;12;2023;108
38;12;2023;109
39;12;2023;54
40;12;2023;35
41;12;2023;27
41;12;2023;31
41;12;2023;39
2;1;2024;9
2;1;2024;10
3;1;2024;23
3;1;2024;24
3;1;2024;25
3;1;2024;26
3;1;2024;44
4;1;2024;6
4;1;2024;17
6;1;2024;18
5;1;2024;1
5;1;2024;4
5;1;2024;5
5;1;2024;7
6;1;2024;19
6;1;2024;20
7;1;2024;72
7;1;2024;73
7;1;2024;74
7;1;2024;75
8;1;2024;134
8;1;2024;141
8;1;2024;145
8;1;2024;146
8;1;2024;147
18;1;2024;28
9;1;2024;29
9;1;2024;30
9;1;2024;40
10;1;2024;87
10;1;2024;88
10;1;2024;91
10;1;2024;92
10;1;2024;94
10;1;2024;95
10;1;2024;96
10;1;2024;97
10;1;2024;98
11;1;2024;151
11;1;2024;152
11;1;2024;153
11;1;2024;154
11;1;2024;156
11;1;2024;157
11;1;2024;158
12;1;2024;76
12;1;2024;77
12;1;2024;78
12;1;2024;79
12;1;2024;81
12;1;2024;82
14;1;2024;33
14;1;2024;34
15;1;2024;59
15;1;2024;60
15;1;2024;61
15;1;2024;62
16;1;2024;22
16;1;2024;38
17;1;2024;37
18;1;2024;32
18;1;2024;41
19;1;2024;12
19;1;2024;13
20;1;2024;52
20;1;2024;53
20;1;2024;56
20;1;2024;57
20;1;2024;58
21;1;2024;64
22;1;2024;21
23;1;2024;11
23;1;2024;14
23;1;2024;15
24;1;2024;48
24;1;2024;50
24;1;2024;51
24;1;2024;55
24;1;2024;63
25;1;2024;118
25;1;2024;124
25;1;2024;125
25;1;2024;126
25;1;2024;127
25;1;2024;129
25;1;2024;132
26;1;2024;105
26;1;2024;106
27;1;2024;36
27;1;2024;43
28;1;2024;90
28;1;2024;93
28;1;2024;101
29;1;2024;138
29;1;2024;139
29;1;2024;140
29;1;2024;143
29;1;2024;144
29;1;2024;148
30;1;2024;104
30;1;2024;110
30;1;2024;111
30;1;2024;112
31;1;2024;16
31;1;2024;42
32;1;2024;121
32;1;2024;122
32;1;2024;123
32;1;2024;128
32;1;2024;130
33;1;2024;165
33;1;2024;166
33;1;2024;167
33;1;2024;168
34;1;2024;65
34;1;2024;66
34;1;2024;67
35;1;2024;70
35;1;2024;71
35;1;2024;119
35;1;2024;120
35;1;2024;159
36;1;2024;135
36;1;2024;136
36;1;2024;137
36;1;2024;142
36;1;2024;155
37;1;2024;89
37;1;2024;99
37;1;2024;100
38;1;2024;107
38;1;2024;108
38;1;2024;109
39;1;2024;54
40;1;2024;35
41;1;2024;27
41;1;2024;31
41;1;2024;39
2;2;2024;9
2;2;2024;10
3;2;2024;23
3;2;2024;24
3;2;2024;25
3;2;2024;26
3;2;2024;44
4;2;2024;6
4;2;2024;17
6;2;2024;18
5;2;2024;1
5;2;2024;4
5;2;2024;5
5;2;2024;7
6;2;2024;19
6;2;2024;20
7;2;2024;72
7;2;2024;73
7;2;2024;74
7;2;2024;75
8;2;2024;134
8;2;2024;141
8;2;2024;145
8;2;2024;146
8;2;2024;147
18;2;2024;28
9;2;2024;29
9;2;2024;30
9;2;2024;40
10;2;2024;87
10;2;2024;88
10;2;2024;91
10;2;2024;92
10;2;2024;94
10;2;2024;95
10;2;2024;96
10;2;2024;97
10;2;2024;98
11;2;2024;151
11;2;2024;152
11;2;2024;153
11;2;2024;154
11;2;2024;156
11;2;2024;157
11;2;2024;158
12;2;2024;76
12;2;2024;77
12;2;2024;78
12;2;2024;79
12;2;2024;81
12;2;2024;82
14;2;2024;33
14;2;2024;34
15;2;2024;59
15;2;2024;60
15;2;2024;61
15;2;2024;62
16;2;2024;22
16;2;2024;38
17;2;2024;37
18;2;2024;32
18;2;2024;41
19;2;2024;12
19;2;2024;13
20;2;2024;52
20;2;2024;53
20;2;2024;56
20;2;2024;57
20;2;2024;58
21;2;2024;64
22;2;2024;21
23;2;2024;11
23;2;2024;14
23;2;2024;15
24;2;2024;48
24;2;2024;50
24;2;2024;51
24;2;2024;55
24;2;2024;63
25;2;2024;118
25;2;2024;124
25;2;2024;125
25;2;2024;126
25;2;2024;127
25;2;2024;129
25;2;2024;132
26;2;2024;105
26;2;2024;106
27;2;2024;36
27;2;2024;43
28;2;2024;90
28;2;2024;93
28;2;2024;101
29;2;2024;138
29;2;2024;139
29;2;2024;140
29;2;2024;143
29;2;2024;144
29;2;2024;148
30;2;2024;104
30;2;2024;110
30;2;2024;111
30;2;2024;112
31;2;2024;16
31;2;2024;42
32;2;2024;121
32;2;2024;122
32;2;2024;123
32;2;2024;128
32;2;2024;130
33;2;2024;165
33;2;2024;166
33;2;2024;167
33;2;2024;168
34;2;2024;65
34;2;2024;66
34;2;2024;67
35;2;2024;70
35;2;2024;71
35;2;2024;119
35;2;2024;120
35;2;2024;159
36;2;2024;135
36;2;2024;136
36;2;2024;137
36;2;2024;142
36;2;2024;155
37;2;2024;89
37;2;2024;99
37;2;2024;100
38;2;2024;107
38;2;2024;108
38;2;2024;109
39;2;2024;54
40;2;2024;35
41;2;2024;27
41;2;2024;31
41;2;2024;39
2;3;2024;9
2;3;2024;10
3;3;2024;23
3;3;2024;24
3;3;2024;25
3;3;2024;26
3;3;2024;44
4;3;2024;6
4;3;2024;17
6;3;2024;18
5;3;2024;1
5;3;2024;4
5;3;2024;5
5;3;2024;7
6;3;2024;19
6;3;2024;20
7;3;2024;72
7;3;2024;73
7;3;2024;74
7;3;2024;75
8;3;2024;134
8;3;2024;141
8;3;2024;145
8;3;2024;146
8;3;2024;147
18;3;2024;28
9;3;2024;29
9;3;2024;30
9;3;2024;40
10;3;2024;87
10;3;2024;88
10;3;2024;91
10;3;2024;92
10;3;2024;94
10;3;2024;95
10;3;2024;96
10;3;2024;97
10;3;2024;98
11;3;2024;151
11;3;2024;152
11;3;2024;153
11;3;2024;154
11;3;2024;156
11;3;2024;157
11;3;2024;158
12;3;2024;76
12;3;2024;77
12;3;2024;78
12;3;2024;79
12;3;2024;81
12;3;2024;82
14;3;2024;33
14;3;2024;34
15;3;2024;59
15;3;2024;60
15;3;2024;61
15;3;2024;62
16;3;2024;22
16;3;2024;38
17;3;2024;37
18;3;2024;32
18;3;2024;41
19;3;2024;12
19;3;2024;13
20;3;2024;52
20;3;2024;53
20;3;2024;56
20;3;2024;57
20;3;2024;58
21;3;2024;64
22;3;2024;21
23;3;2024;11
23;3;2024;14
23;3;2024;15
24;3;2024;48
24;3;2024;50
24;3;2024;51
24;3;2024;55
24;3;2024;63
25;3;2024;118
25;3;2024;124
25;3;2024;125
25;3;2024;126
25;3;2024;127
25;3;2024;129
25;3;2024;132
26;3;2024;105
26;3;2024;106
27;3;2024;36
27;3;2024;43
28;3;2024;90
28;3;2024;93
28;3;2024;101
29;3;2024;138
29;3;2024;139
29;3;2024;140
29;3;2024;143
29;3;2024;144
29;3;2024;148
30;3;2024;104
30;3;2024;110
30;3;2024;111
30;3;2024;112
31;3;2024;16
31;3;2024;42
32;3;2024;121
32;3;2024;122
32;3;2024;123
32;3;2024;128
32;3;2024;130
33;3;2024;165
33;3;2024;166
33;3;2024;167
33;3;2024;168
34;3;2024;65
34;3;2024;66
34;3;2024;67
35;3;2024;70
35;3;2024;71
35;3;2024;119
35;3;2024;120
35;3;2024;159
36;3;2024;135
36;3;2024;136
36;3;2024;137
36;3;2024;142
36;3;2024;155
37;3;2024;89
37;3;2024;99
37;3;2024;100
38;3;2024;107
38;3;2024;108
38;3;2024;109
39;3;2024;54
40;3;2024;35
41;3;2024;27
41;3;2024;31
41;3;2024;39
2;4;2024;9
2;4;2024;10
3;4;2024;23
3;4;2024;24
3;4;2024;25
3;4;2024;26
3;4;2024;44
4;4;2024;6
4;4;2024;17
6;4;2024;18
5;4;2024;1
5;4;2024;4
5;4;2024;5
5;4;2024;7
6;4;2024;19
6;4;2024;20
7;4;2024;72
7;4;2024;73
7;4;2024;74
7;4;2024;75
8;4;2024;134
8;4;2024;141
8;4;2024;145
8;4;2024;146
8;4;2024;147
18;4;2024;28
9;4;2024;29
9;4;2024;30
9;4;2024;40
10;4;2024;87
10;4;2024;88
10;4;2024;91
10;4;2024;92
10;4;2024;94
10;4;2024;95
10;4;2024;96
10;4;2024;97
10;4;2024;98
11;4;2024;151
11;4;2024;152
11;4;2024;153
11;4;2024;154
11;4;2024;156
11;4;2024;157
11;4;2024;158
12;4;2024;76
12;4;2024;77
12;4;2024;78
12;4;2024;79
12;4;2024;81
12;4;2024;82
14;4;2024;33
14;4;2024;34
15;4;2024;59
15;4;2024;60
15;4;2024;61
15;4;2024;62
16;4;2024;22
16;4;2024;38
17;4;2024;37
18;4;2024;32
18;4;2024;41
19;4;2024;12
19;4;2024;13
20;4;2024;52
20;4;2024;53
20;4;2024;56
20;4;2024;57
20;4;2024;58
21;4;2024;64
22;4;2024;21
23;4;2024;11
23;4;2024;14
23;4;2024;15
24;4;2024;48
24;4;2024;50
24;4;2024;51
24;4;2024;55
24;4;2024;63
25;4;2024;118
25;4;2024;124
25;4;2024;125
25;4;2024;126
25;4;2024;127
25;4;2024;129
25;4;2024;132
26;4;2024;105
26;4;2024;106
27;4;2024;36
27;4;2024;43
28;4;2024;90
28;4;2024;93
28;4;2024;101
29;4;2024;138
29;4;2024;139
29;4;2024;140
29;4;2024;143
29;4;2024;144
29;4;2024;148
30;4;2024;104
30;4;2024;110
30;4;2024;111
30;4;2024;112
31;4;2024;16
31;4;2024;42
32;4;2024;121
32;4;2024;122
32;4;2024;123
32;4;2024;128
32;4;2024;130
33;4;2024;165
33;4;2024;166
33;4;2024;167
33;4;2024;168
34;4;2024;65
34;4;2024;66
34;4;2024;67
35;4;2024;70
35;4;2024;71
35;4;2024;119
35;4;2024;120
35;4;2024;159
36;4;2024;135
36;4;2024;136
36;4;2024;137
36;4;2024;142
36;4;2024;155
37;4;2024;89
37;4;2024;99
37;4;2024;100
38;4;2024;107
38;4;2024;108
38;4;2024;109
39;4;2024;54
40;4;2024;35
41;4;2024;27
41;4;2024;31
41;4;2024;39
2;5;2024;9
2;5;2024;10
3;5;2024;23
3;5;2024;24
3;5;2024;25
3;5;2024;26
3;5;2024;44
4;5;2024;6
4;5;2024;17
6;5;2024;18
5;5;2024;1
5;5;2024;4
5;5;2024;5
5;5;2024;7
6;5;2024;19
6;5;2024;20
7;5;2024;72
7;5;2024;73
7;5;2024;74
7;5;2024;75
8;5;2024;134
8;5;2024;141
8;5;2024;145
8;5;2024;146
8;5;2024;147
18;5;2024;28
9;5;2024;29
9;5;2024;30
9;5;2024;40
10;5;2024;87
10;5;2024;88
10;5;2024;91
10;5;2024;92
10;5;2024;94
10;5;2024;95
10;5;2024;96
10;5;2024;97
10;5;2024;98
11;5;2024;151
11;5;2024;152
11;5;2024;153
11;5;2024;154
11;5;2024;156
11;5;2024;157
11;5;2024;158
12;5;2024;76
12;5;2024;77
12;5;2024;78
12;5;2024;79
12;5;2024;81
12;5;2024;82
14;5;2024;33
14;5;2024;34
15;5;2024;59
15;5;2024;60
15;5;2024;61
15;5;2024;62
16;5;2024;22
16;5;2024;38
17;5;2024;37
18;5;2024;32
18;5;2024;41
19;5;2024;12
19;5;2024;13
20;5;2024;52
20;5;2024;53
20;5;2024;56
20;5;2024;57
20;5;2024;58
21;5;2024;64
22;5;2024;21
23;5;2024;11
23;5;2024;14
23;5;2024;15
24;5;2024;48
24;5;2024;50
24;5;2024;51
24;5;2024;55
24;5;2024;63
25;5;2024;118
25;5;2024;124
25;5;2024;125
25;5;2024;126
25;5;2024;127
25;5;2024;129
25;5;2024;132
26;5;2024;105
26;5;2024;106
27;5;2024;36
27;5;2024;43
28;5;2024;90
28;5;2024;93
28;5;2024;101
29;5;2024;138
29;5;2024;139
29;5;2024;140
29;5;2024;143
29;5;2024;144
29;5;2024;148
30;5;2024;104
30;5;2024;110
30;5;2024;111
30;5;2024;112
31;5;2024;16
31;5;2024;42
32;5;2024;121
32;5;2024;122
32;5;2024;123
32;5;2024;128
32;5;2024;130
33;5;2024;165
33;5;2024;166
33;5;2024;167
33;5;2024;168
34;5;2024;65
34;5;2024;66
34;5;2024;67
35;5;2024;70
35;5;2024;71
35;5;2024;119
35;5;2024;120
35;5;2024;159
36;5;2024;135
36;5;2024;136
36;5;2024;137
36;5;2024;142
36;5;2024;155
37;5;2024;89
37;5;2024;99
37;5;2024;100
38;5;2024;107
38;5;2024;108
38;5;2024;109
39;5;2024;54
40;5;2024;35
41;5;2024;27
41;5;2024;31
41;5;2024;39
2;6;2024;9
2;6;2024;10
3;6;2024;23
3;6;2024;24
3;6;2024;25
3;6;2024;26
3;6;2024;44
4;6;2024;6
4;6;2024;17
6;6;2024;18
5;6;2024;1
5;6;2024;4
5;6;2024;5
5;6;2024;7
6;6;2024;19
6;6;2024;20
7;6;2024;72
7;6;2024;73
7;6;2024;74
7;6;2024;75
8;6;2024;134
8;6;2024;141
8;6;2024;145
8;6;2024;146
8;6;2024;147
18;6;2024;28
9;6;2024;29
9;6;2024;30
9;6;2024;40
10;6;2024;87
10;6;2024;88
10;6;2024;91
10;6;2024;92
10;6;2024;94
10;6;2024;95
10;6;2024;96
10;6;2024;97
10;6;2024;98
11;6;2024;151
11;6;2024;152
11;6;2024;153
11;6;2024;154
11;6;2024;156
11;6;2024;157
11;6;2024;158
12;6;2024;76
12;6;2024;77
12;6;2024;78
12;6;2024;79
12;6;2024;81
12;6;2024;82
14;6;2024;33
14;6;2024;34
15;6;2024;59
15;6;2024;60
15;6;2024;61
15;6;2024;62
16;6;2024;22
16;6;2024;38
17;6;2024;37
18;6;2024;32
18;6;2024;41
19;6;2024;12
19;6;2024;13
20;6;2024;52
20;6;2024;53
20;6;2024;56
20;6;2024;57
20;6;2024;58
21;6;2024;64
22;6;2024;21
23;6;2024;11
23;6;2024;14
23;6;2024;15
24;6;2024;48
24;6;2024;50
24;6;2024;51
24;6;2024;55
24;6;2024;63
25;6;2024;118
25;6;2024;124
25;6;2024;125
25;6;2024;126
25;6;2024;127
25;6;2024;129
25;6;2024;132
26;6;2024;105
26;6;2024;106
27;6;2024;36
27;6;2024;43
28;6;2024;90
28;6;2024;93
28;6;2024;101
29;6;2024;138
29;6;2024;139
29;6;2024;140
29;6;2024;143
29;6;2024;144
29;6;2024;148
30;6;2024;104
30;6;2024;110
30;6;2024;111
30;6;2024;112
31;6;2024;16
31;6;2024;42
32;6;2024;121
32;6;2024;122
32;6;2024;123
32;6;2024;128
32;6;2024;130
33;6;2024;165
33;6;2024;166
33;6;2024;167
33;6;2024;168
34;6;2024;65
34;6;2024;66
34;6;2024;67
35;6;2024;70
35;6;2024;71
35;6;2024;119
35;6;2024;120
35;6;2024;159
36;6;2024;135
36;6;2024;136
36;6;2024;137
36;6;2024;142
36;6;2024;155
37;6;2024;89
37;6;2024;99
37;6;2024;100
38;6;2024;107
38;6;2024;108
38;6;2024;109
39;6;2024;54
40;6;2024;35
41;6;2024;27
41;6;2024;31
41;6;2024;39
2;7;2024;9
2;7;2024;10
3;7;2024;23
3;7;2024;24
3;7;2024;25
3;7;2024;26
3;7;2024;44
4;7;2024;6
4;7;2024;17
6;7;2024;18
5;7;2024;1
5;7;2024;4
5;7;2024;5
5;7;2024;7
6;7;2024;19
6;7;2024;20
7;7;2024;72
7;7;2024;73
7;7;2024;74
7;7;2024;75
8;7;2024;134
8;7;2024;141
8;7;2024;145
8;7;2024;146
8;7;2024;147
18;7;2024;28
9;7;2024;29
9;7;2024;30
9;7;2024;40
10;7;2024;87
10;7;2024;88
10;7;2024;91
10;7;2024;92
10;7;2024;94
10;7;2024;95
10;7;2024;96
10;7;2024;97
10;7;2024;98
11;7;2024;151
11;7;2024;152
11;7;2024;153
11;7;2024;154
11;7;2024;156
11;7;2024;157
11;7;2024;158
12;7;2024;76
12;7;2024;77
12;7;2024;78
12;7;2024;79
12;7;2024;81
12;7;2024;82
14;7;2024;33
14;7;2024;34
15;7;2024;59
15;7;2024;60
15;7;2024;61
15;7;2024;62
16;7;2024;22
16;7;2024;38
17;7;2024;37
18;7;2024;32
18;7;2024;41
19;7;2024;12
19;7;2024;13
20;7;2024;52
20;7;2024;53
20;7;2024;56
20;7;2024;57
20;7;2024;58
21;7;2024;64
22;7;2024;21
23;7;2024;11
23;7;2024;14
23;7;2024;15
24;7;2024;48
24;7;2024;50
24;7;2024;51
24;7;2024;55
24;7;2024;63
25;7;2024;118
25;7;2024;124
25;7;2024;125
25;7;2024;126
25;7;2024;127
25;7;2024;129
25;7;2024;132
26;7;2024;105
26;7;2024;106
27;7;2024;36
27;7;2024;43
28;7;2024;90
28;7;2024;93
28;7;2024;101
29;7;2024;138
29;7;2024;139
29;7;2024;140
29;7;2024;143
29;7;2024;144
29;7;2024;148
30;7;2024;104
30;7;2024;110
30;7;2024;111
30;7;2024;112
31;7;2024;16
31;7;2024;42
32;7;2024;121
32;7;2024;122
32;7;2024;123
32;7;2024;128
32;7;2024;130
33;7;2024;165
33;7;2024;166
43;7;2024;167
33;7;2024;168
34;7;2024;65
34;7;2024;66
34;7;2024;67
35;7;2024;70
35;7;2024;71
35;7;2024;119
35;7;2024;120
35;7;2024;159
36;7;2024;135
36;7;2024;136
36;7;2024;137
36;7;2024;142
36;7;2024;155
37;7;2024;89
37;7;2024;99
37;7;2024;100
38;7;2024;107
38;7;2024;108
38;7;2024;109
39;7;2024;54
40;7;2024;35
41;7;2024;27
41;7;2024;31
41;7;2024;39
